2026-04-01 00:00:00 [HikariPool-1:connection-closer] DEBUG com.zaxxer.hikari.pool.PoolBase - HikariPool-1 - Closing connection com.mysql.cj.jdbc.ConnectionImpl@21c86d85: (connection has passed maxLifetime)
2026-04-01 00:00:00 [HikariPool-1:connection-adder] DEBUG com.zaxxer.hikari.pool.PoolBase - HikariPool-1 - Attempting to create/setup new connection (9a06ada5-6500-4753-b9ed-d0efe6e0f911)
2026-04-01 00:00:00 [HikariPool-1:connection-adder] DEBUG com.zaxxer.hikari.pool.PoolBase - HikariPool-1 - Established new connection (9a06ada5-6500-4753-b9ed-d0efe6e0f911)
2026-04-01 00:00:00 [HikariPool-1:connection-adder] DEBUG com.zaxxer.hikari.pool.HikariPool - HikariPool-1 - Added connection com.mysql.cj.jdbc.ConnectionImpl@7eec072e
2026-04-01 00:00:01 [HikariPool-1:housekeeper] DEBUG com.zaxxer.hikari.pool.HikariPool - HikariPool-1 - Pool stats (total=20/20, idle=20/20, active=0, waiting=0)
2026-04-01 00:00:01 [HikariPool-1:housekeeper] DEBUG com.zaxxer.hikari.pool.HikariPool - HikariPool-1 - Fill pool skipped, pool has sufficient level or currently being filled.
2026-04-01 00:00:06 [HikariPool-1:housekeeper] DEBUG com.zaxxer.hikari.pool.HikariPool - HikariPool-1 - keepalive: connection com.mysql.cj.jdbc.ConnectionImpl@425ac581 is alive
2026-04-01 00:00:12 [HikariPool-1:housekeeper] DEBUG com.zaxxer.hikari.pool.HikariPool - HikariPool-1 - keepalive: connection com.mysql.cj.jdbc.ConnectionImpl@745106c8 is alive
2026-04-01 00:00:12 [HikariPool-1:housekeeper] DEBUG com.zaxxer.hikari.pool.HikariPool - HikariPool-1 - keepalive: connection com.mysql.cj.jdbc.ConnectionImpl@43735ab5 is alive
2026-04-01 00:00:15 [HikariPool-1:housekeeper] DEBUG com.zaxxer.hikari.pool.HikariPool - HikariPool-1 - keepalive: connection com.mysql.cj.jdbc.ConnectionImpl@5449da4f is alive
2026-04-01 00:00:23 [HikariPool-1:housekeeper] DEBUG com.zaxxer.hikari.pool.HikariPool - HikariPool-1 - keepalive: connection com.mysql.cj.jdbc.ConnectionImpl@4e839cf is alive
2026-04-01 00:00:29 [HikariPool-1:housekeeper] DEBUG com.zaxxer.hikari.pool.HikariPool - HikariPool-1 - keepalive: connection com.mysql.cj.jdbc.ConnectionImpl@6a4bd977 is alive
2026-04-01 00:00:31 [HikariPool-1:housekeeper] DEBUG com.zaxxer.hikari.pool.HikariPool - HikariPool-1 - Pool stats (total=20/20, idle=20/20, active=0, waiting=0)
2026-04-01 00:00:31 [HikariPool-1:housekeeper] DEBUG com.zaxxer.hikari.pool.HikariPool - HikariPool-1 - Fill pool skipped, pool has sufficient level or currently being filled.
2026-04-01 00:00:36 [HikariPool-1:housekeeper] DEBUG com.zaxxer.hikari.pool.HikariPool - HikariPool-1 - keepalive: connection com.mysql.cj.jdbc.ConnectionImpl@6f938bbd is alive
2026-04-01 00:00:43 [HikariPool-1:housekeeper] DEBUG com.zaxxer.hikari.pool.HikariPool - HikariPool-1 - keepalive: connection com.mysql.cj.jdbc.ConnectionImpl@1268b7ef is alive
2026-04-01 00:00:45 [HikariPool-1:housekeeper] DEBUG com.zaxxer.hikari.pool.HikariPool - HikariPool-1 - keepalive: connection com.mysql.cj.jdbc.ConnectionImpl@79da14a is alive
2026-04-01 00:00:50 [HikariPool-1:housekeeper] DEBUG com.zaxxer.hikari.pool.HikariPool - HikariPool-1 - keepalive: connection com.mysql.cj.jdbc.ConnectionImpl@50cf965c is alive
2026-04-01 00:01:01 [HikariPool-1:housekeeper] DEBUG com.zaxxer.hikari.pool.HikariPool - HikariPool-1 - Pool stats (total=20/20, idle=20/20, active=0, waiting=0)
2026-04-01 00:01:01 [HikariPool-1:housekeeper] DEBUG com.zaxxer.hikari.pool.HikariPool - HikariPool-1 - Fill pool skipped, pool has sufficient level or currently being filled.
2026-04-01 00:01:02 [HikariPool-1:connection-closer] DEBUG com.zaxxer.hikari.pool.PoolBase - HikariPool-1 - Closing connection com.mysql.cj.jdbc.ConnectionImpl@2330d056: (connection has passed maxLifetime)
2026-04-01 00:01:02 [HikariPool-1:connection-adder] DEBUG com.zaxxer.hikari.pool.PoolBase - HikariPool-1 - Attempting to create/setup new connection (b3e1ab13-7ab2-4839-a51d-1c091789ff11)
2026-04-01 00:01:02 [HikariPool-1:connection-adder] DEBUG com.zaxxer.hikari.pool.PoolBase - HikariPool-1 - Established new connection (b3e1ab13-7ab2-4839-a51d-1c091789ff11)
2026-04-01 00:01:02 [HikariPool-1:connection-adder] DEBUG com.zaxxer.hikari.pool.HikariPool - HikariPool-1 - Added connection com.mysql.cj.jdbc.ConnectionImpl@21ad43c5
2026-04-01 00:01:07 [HikariPool-1:housekeeper] DEBUG com.zaxxer.hikari.pool.HikariPool - HikariPool-1 - keepalive: connection com.mysql.cj.jdbc.ConnectionImpl@6e4b3f78 is alive
2026-04-01 00:01:12 [HikariPool-1:housekeeper] DEBUG com.zaxxer.hikari.pool.HikariPool - HikariPool-1 - keepalive: connection com.mysql.cj.jdbc.ConnectionImpl@5f2cab59 is alive
2026-04-01 00:01:21 [HikariPool-1:housekeeper] DEBUG com.zaxxer.hikari.pool.HikariPool - HikariPool-1 - keepalive: connection com.mysql.cj.jdbc.ConnectionImpl@46a0ab71 is alive
2026-04-01 00:01:21 [HikariPool-1:housekeeper] DEBUG com.zaxxer.hikari.pool.HikariPool - HikariPool-1 - keepalive: connection com.mysql.cj.jdbc.ConnectionImpl@20cb8607 is alive
2026-04-01 00:01:27 [HikariPool-1:housekeeper] DEBUG com.zaxxer.hikari.pool.HikariPool - HikariPool-1 - keepalive: connection com.mysql.cj.jdbc.ConnectionImpl@1f95075d is alive
2026-04-01 00:01:29 [HikariPool-1:housekeeper] DEBUG com.zaxxer.hikari.pool.HikariPool - HikariPool-1 - keepalive: connection com.mysql.cj.jdbc.ConnectionImpl@697056d0 is alive
2026-04-01 00:01:31 [HikariPool-1:housekeeper] DEBUG com.zaxxer.hikari.pool.HikariPool - HikariPool-1 - Pool stats (total=20/20, idle=20/20, active=0, waiting=0)
2026-04-01 00:01:31 [HikariPool-1:housekeeper] DEBUG com.zaxxer.hikari.pool.HikariPool - HikariPool-1 - Fill pool skipped, pool has sufficient level or currently being filled.
2026-04-01 00:01:32 [HikariPool-1:housekeeper] DEBUG com.zaxxer.hikari.pool.HikariPool - HikariPool-1 - keepalive: connection com.mysql.cj.jdbc.ConnectionImpl@44bddc96 is alive
2026-04-01 00:01:43 [HikariPool-1:housekeeper] DEBUG com.zaxxer.hikari.pool.HikariPool - HikariPool-1 - keepalive: connection com.mysql.cj.jdbc.ConnectionImpl@7eec072e is alive
2026-04-01 00:01:49 [HikariPool-1:housekeeper] DEBUG com.zaxxer.hikari.pool.HikariPool - HikariPool-1 - keepalive: connection com.mysql.cj.jdbc.ConnectionImpl@367cfba is alive
2026-04-01 00:02:01 [HikariPool-1:housekeeper] DEBUG com.zaxxer.hikari.pool.HikariPool - HikariPool-1 - Pool stats (total=20/20, idle=20/20, active=0, waiting=0)
2026-04-01 00:02:01 [HikariPool-1:housekeeper] DEBUG com.zaxxer.hikari.pool.HikariPool - HikariPool-1 - Fill pool skipped, pool has sufficient level or currently being filled.
2026-04-01 00:02:04 [HikariPool-1:housekeeper] DEBUG com.zaxxer.hikari.pool.HikariPool - HikariPool-1 - keepalive: connection com.mysql.cj.jdbc.ConnectionImpl@425ac581 is alive
2026-04-01 00:02:05 [HikariPool-1:housekeeper] DEBUG com.zaxxer.hikari.pool.HikariPool - HikariPool-1 - keepalive: connection com.mysql.cj.jdbc.ConnectionImpl@4e839cf is alive
2026-04-01 00:02:07 [HikariPool-1:housekeeper] DEBUG com.zaxxer.hikari.pool.HikariPool - HikariPool-1 - keepalive: connection com.mysql.cj.jdbc.ConnectionImpl@745106c8 is alive
2026-04-01 00:02:11 [HikariPool-1:housekeeper] DEBUG com.zaxxer.hikari.pool.HikariPool - HikariPool-1 - keepalive: connection com.mysql.cj.jdbc.ConnectionImpl@6a4bd977 is alive
2026-04-01 00:02:11 [HikariPool-1:housekeeper] DEBUG com.zaxxer.hikari.pool.HikariPool - HikariPool-1 - keepalive: connection com.mysql.cj.jdbc.ConnectionImpl@43735ab5 is alive
2026-04-01 00:02:14 [HikariPool-1:housekeeper] DEBUG com.zaxxer.hikari.pool.HikariPool - HikariPool-1 - keepalive: connection com.mysql.cj.jdbc.ConnectionImpl@5449da4f is alive
2026-04-01 00:02:31 [HikariPool-1:housekeeper] DEBUG com.zaxxer.hikari.pool.HikariPool - HikariPool-1 - Pool stats (total=20/20, idle=20/20, active=0, waiting=0)
2026-04-01 00:02:31 [HikariPool-1:housekeeper] DEBUG com.zaxxer.hikari.pool.HikariPool - HikariPool-1 - Fill pool skipped, pool has sufficient level or currently being filled.
2026-04-01 00:02:32 [HikariPool-1:housekeeper] DEBUG com.zaxxer.hikari.pool.HikariPool - HikariPool-1 - keepalive: connection com.mysql.cj.jdbc.ConnectionImpl@6f938bbd is alive
2026-04-01 00:02:33 [HikariPool-1:housekeeper] DEBUG com.zaxxer.hikari.pool.HikariPool - HikariPool-1 - keepalive: connection com.mysql.cj.jdbc.ConnectionImpl@1268b7ef is alive
2026-04-01 00:02:44 [HikariPool-1:housekeeper] DEBUG com.zaxxer.hikari.pool.HikariPool - HikariPool-1 - keepalive: connection com.mysql.cj.jdbc.ConnectionImpl@79da14a is alive
2026-04-01 00:02:45 [HikariPool-1:housekeeper] DEBUG com.zaxxer.hikari.pool.HikariPool - HikariPool-1 - keepalive: connection com.mysql.cj.jdbc.ConnectionImpl@50cf965c is alive
2026-04-01 00:02:58 [HikariPool-1:housekeeper] DEBUG com.zaxxer.hikari.pool.HikariPool - HikariPool-1 - keepalive: connection com.mysql.cj.jdbc.ConnectionImpl@21ad43c5 is alive
2026-04-01 00:03:01 [HikariPool-1:housekeeper] DEBUG com.zaxxer.hikari.pool.HikariPool - HikariPool-1 - Pool stats (total=20/20, idle=20/20, active=0, waiting=0)
2026-04-01 00:03:01 [HikariPool-1:housekeeper] DEBUG com.zaxxer.hikari.pool.HikariPool - HikariPool-1 - Fill pool skipped, pool has sufficient level or currently being filled.
2026-04-01 00:03:01 [HikariPool-1:housekeeper] DEBUG com.zaxxer.hikari.pool.HikariPool - HikariPool-1 - keepalive: connection com.mysql.cj.jdbc.ConnectionImpl@20cb8607 is alive
2026-04-01 00:03:02 [HikariPool-1:housekeeper] DEBUG com.zaxxer.hikari.pool.HikariPool - HikariPool-1 - keepalive: connection com.mysql.cj.jdbc.ConnectionImpl@46a0ab71 is alive
2026-04-01 00:03:04 [HikariPool-1:housekeeper] DEBUG com.zaxxer.hikari.pool.HikariPool - HikariPool-1 - keepalive: connection com.mysql.cj.jdbc.ConnectionImpl@1f95075d is alive
2026-04-01 00:03:04 [HikariPool-1:housekeeper] DEBUG com.zaxxer.hikari.pool.HikariPool - HikariPool-1 - keepalive: connection com.mysql.cj.jdbc.ConnectionImpl@6e4b3f78 is alive
2026-04-01 00:03:05 [HikariPool-1:housekeeper] DEBUG com.zaxxer.hikari.pool.HikariPool - HikariPool-1 - keepalive: connection com.mysql.cj.jdbc.ConnectionImpl@5f2cab59 is alive
2026-04-01 00:03:06 [HikariPool-1:housekeeper] DEBUG com.zaxxer.hikari.pool.HikariPool - HikariPool-1 - keepalive: connection com.mysql.cj.jdbc.ConnectionImpl@697056d0 is alive
2026-04-01 00:03:26 [HikariPool-1:housekeeper] DEBUG com.zaxxer.hikari.pool.HikariPool - HikariPool-1 - keepalive: connection com.mysql.cj.jdbc.ConnectionImpl@7eec072e is alive
2026-04-01 00:03:29 [HikariPool-1:housekeeper] DEBUG com.zaxxer.hikari.pool.HikariPool - HikariPool-1 - keepalive: connection com.mysql.cj.jdbc.ConnectionImpl@44bddc96 is alive
2026-04-01 00:03:31 [HikariPool-1:housekeeper] DEBUG com.zaxxer.hikari.pool.HikariPool - HikariPool-1 - Pool stats (total=20/20, idle=20/20, active=0, waiting=0)
2026-04-01 00:03:31 [HikariPool-1:housekeeper] DEBUG com.zaxxer.hikari.pool.HikariPool - HikariPool-1 - Fill pool skipped, pool has sufficient level or currently being filled.
2026-04-01 00:03:44 [HikariPool-1:housekeeper] DEBUG com.zaxxer.hikari.pool.HikariPool - HikariPool-1 - keepalive: connection com.mysql.cj.jdbc.ConnectionImpl@367cfba is alive
2026-04-01 00:03:46 [HikariPool-1:housekeeper] DEBUG com.zaxxer.hikari.pool.HikariPool - HikariPool-1 - keepalive: connection com.mysql.cj.jdbc.ConnectionImpl@4e839cf is alive
2026-04-01 00:03:53 [HikariPool-1:housekeeper] DEBUG com.zaxxer.hikari.pool.HikariPool - HikariPool-1 - keepalive: connection com.mysql.cj.jdbc.ConnectionImpl@6a4bd977 is alive
2026-04-01 00:04:01 [HikariPool-1:housekeeper] DEBUG com.zaxxer.hikari.pool.HikariPool - HikariPool-1 - Pool stats (total=20/20, idle=20/20, active=0, waiting=0)
2026-04-01 00:04:01 [HikariPool-1:housekeeper] DEBUG com.zaxxer.hikari.pool.HikariPool - HikariPool-1 - Fill pool skipped, pool has sufficient level or currently being filled.
2026-04-01 00:04:01 [HikariPool-1:housekeeper] DEBUG com.zaxxer.hikari.pool.HikariPool - HikariPool-1 - keepalive: connection com.mysql.cj.jdbc.ConnectionImpl@745106c8 is alive
2026-04-01 00:04:02 [HikariPool-1:housekeeper] DEBUG com.zaxxer.hikari.pool.HikariPool - HikariPool-1 - keepalive: connection com.mysql.cj.jdbc.ConnectionImpl@425ac581 is alive
2026-04-01 00:04:10 [HikariPool-1:housekeeper] DEBUG com.zaxxer.hikari.pool.HikariPool - HikariPool-1 - keepalive: connection com.mysql.cj.jdbc.ConnectionImpl@43735ab5 is alive
2026-04-01 00:04:13 [HikariPool-1:housekeeper] DEBUG com.zaxxer.hikari.pool.HikariPool - HikariPool-1 - keepalive: connection com.mysql.cj.jdbc.ConnectionImpl@5449da4f is alive
2026-04-01 00:04:24 [HikariPool-1:housekeeper] DEBUG com.zaxxer.hikari.pool.HikariPool - HikariPool-1 - keepalive: connection com.mysql.cj.jdbc.ConnectionImpl@1268b7ef is alive
2026-04-01 00:04:28 [HikariPool-1:housekeeper] DEBUG com.zaxxer.hikari.pool.HikariPool - HikariPool-1 - keepalive: connection com.mysql.cj.jdbc.ConnectionImpl@6f938bbd is alive
2026-04-01 00:04:31 [HikariPool-1:housekeeper] DEBUG com.zaxxer.hikari.pool.HikariPool - HikariPool-1 - Pool stats (total=20/20, idle=20/20, active=0, waiting=0)
2026-04-01 00:04:31 [HikariPool-1:housekeeper] DEBUG com.zaxxer.hikari.pool.HikariPool - HikariPool-1 - Fill pool skipped, pool has sufficient level or currently being filled.
2026-04-01 00:04:40 [HikariPool-1:housekeeper] DEBUG com.zaxxer.hikari.pool.HikariPool - HikariPool-1 - keepalive: connection com.mysql.cj.jdbc.ConnectionImpl@1f95075d is alive
2026-04-01 00:04:41 [HikariPool-1:housekeeper] DEBUG com.zaxxer.hikari.pool.HikariPool - HikariPool-1 - keepalive: connection com.mysql.cj.jdbc.ConnectionImpl@20cb8607 is alive
2026-04-01 00:04:41 [HikariPool-1:housekeeper] DEBUG com.zaxxer.hikari.pool.HikariPool - HikariPool-1 - keepalive: connection com.mysql.cj.jdbc.ConnectionImpl@50cf965c is alive
2026-04-01 00:04:42 [HikariPool-1:housekeeper] DEBUG com.zaxxer.hikari.pool.HikariPool - HikariPool-1 - keepalive: connection com.mysql.cj.jdbc.ConnectionImpl@79da14a is alive
2026-04-01 00:04:43 [HikariPool-1:housekeeper] DEBUG com.zaxxer.hikari.pool.HikariPool - HikariPool-1 - keepalive: connection com.mysql.cj.jdbc.ConnectionImpl@697056d0 is alive
2026-04-01 00:04:43 [HikariPool-1:housekeeper] DEBUG com.zaxxer.hikari.pool.HikariPool - HikariPool-1 - keepalive: connection com.mysql.cj.jdbc.ConnectionImpl@46a0ab71 is alive
2026-04-01 00:04:54 [HikariPool-1:housekeeper] DEBUG com.zaxxer.hikari.pool.HikariPool - HikariPool-1 - keepalive: connection com.mysql.cj.jdbc.ConnectionImpl@21ad43c5 is alive
2026-04-01 00:04:59 [HikariPool-1:housekeeper] DEBUG com.zaxxer.hikari.pool.HikariPool - HikariPool-1 - keepalive: connection com.mysql.cj.jdbc.ConnectionImpl@5f2cab59 is alive
2026-04-01 00:05:01 [HikariPool-1:housekeeper] DEBUG com.zaxxer.hikari.pool.HikariPool - HikariPool-1 - Pool stats (total=20/20, idle=20/20, active=0, waiting=0)
2026-04-01 00:05:01 [HikariPool-1:housekeeper] DEBUG com.zaxxer.hikari.pool.HikariPool - HikariPool-1 - Fill pool skipped, pool has sufficient level or currently being filled.
2026-04-01 00:05:01 [HikariPool-1:housekeeper] DEBUG com.zaxxer.hikari.pool.HikariPool - HikariPool-1 - keepalive: connection com.mysql.cj.jdbc.ConnectionImpl@6e4b3f78 is alive
2026-04-01 00:05:09 [HikariPool-1:housekeeper] DEBUG com.zaxxer.hikari.pool.HikariPool - HikariPool-1 - keepalive: connection com.mysql.cj.jdbc.ConnectionImpl@7eec072e is alive
2026-04-01 00:05:26 [HikariPool-1:housekeeper] DEBUG com.zaxxer.hikari.pool.HikariPool - HikariPool-1 - keepalive: connection com.mysql.cj.jdbc.ConnectionImpl@44bddc96 is alive
2026-04-01 00:05:27 [HikariPool-1:housekeeper] DEBUG com.zaxxer.hikari.pool.HikariPool - HikariPool-1 - keepalive: connection com.mysql.cj.jdbc.ConnectionImpl@4e839cf is alive
2026-04-01 00:05:31 [HikariPool-1:housekeeper] DEBUG com.zaxxer.hikari.pool.HikariPool - HikariPool-1 - Pool stats (total=20/20, idle=20/20, active=0, waiting=0)
2026-04-01 00:05:31 [HikariPool-1:housekeeper] DEBUG com.zaxxer.hikari.pool.HikariPool - HikariPool-1 - Fill pool skipped, pool has sufficient level or currently being filled.
2026-04-01 00:05:34 [HikariPool-1:housekeeper] DEBUG com.zaxxer.hikari.pool.HikariPool - HikariPool-1 - keepalive: connection com.mysql.cj.jdbc.ConnectionImpl@6a4bd977 is alive
2026-04-01 00:05:38 [HikariPool-1:housekeeper] DEBUG com.zaxxer.hikari.pool.HikariPool - HikariPool-1 - keepalive: connection com.mysql.cj.jdbc.ConnectionImpl@367cfba is alive
2026-04-01 00:05:56 [HikariPool-1:housekeeper] DEBUG com.zaxxer.hikari.pool.HikariPool - HikariPool-1 - keepalive: connection com.mysql.cj.jdbc.ConnectionImpl@745106c8 is alive
2026-04-01 00:06:00 [HikariPool-1:housekeeper] DEBUG com.zaxxer.hikari.pool.HikariPool - HikariPool-1 - keepalive: connection com.mysql.cj.jdbc.ConnectionImpl@425ac581 is alive
2026-04-01 00:06:01 [HikariPool-1:housekeeper] DEBUG com.zaxxer.hikari.pool.HikariPool - HikariPool-1 - Pool stats (total=20/20, idle=20/20, active=0, waiting=0)
2026-04-01 00:06:01 [HikariPool-1:housekeeper] DEBUG com.zaxxer.hikari.pool.HikariPool - HikariPool-1 - Fill pool skipped, pool has sufficient level or currently being filled.
2026-04-01 00:06:08 [HikariPool-1:housekeeper] DEBUG com.zaxxer.hikari.pool.HikariPool - HikariPool-1 - keepalive: connection com.mysql.cj.jdbc.ConnectionImpl@43735ab5 is alive
2026-04-01 00:06:11 [HikariPool-1:housekeeper] DEBUG com.zaxxer.hikari.pool.HikariPool - HikariPool-1 - keepalive: connection com.mysql.cj.jdbc.ConnectionImpl@5449da4f is alive
2026-04-01 00:06:14 [HikariPool-1:housekeeper] DEBUG com.zaxxer.hikari.pool.HikariPool - HikariPool-1 - keepalive: connection com.mysql.cj.jdbc.ConnectionImpl@1268b7ef is alive
2026-04-01 00:06:17 [HikariPool-1:housekeeper] DEBUG com.zaxxer.hikari.pool.HikariPool - HikariPool-1 - keepalive: connection com.mysql.cj.jdbc.ConnectionImpl@1f95075d is alive
2026-04-01 00:06:20 [HikariPool-1:housekeeper] DEBUG com.zaxxer.hikari.pool.HikariPool - HikariPool-1 - keepalive: connection com.mysql.cj.jdbc.ConnectionImpl@20cb8607 is alive
2026-04-01 00:06:20 [HikariPool-1:housekeeper] DEBUG com.zaxxer.hikari.pool.HikariPool - HikariPool-1 - keepalive: connection com.mysql.cj.jdbc.ConnectionImpl@697056d0 is alive
2026-04-01 00:06:23 [HikariPool-1:housekeeper] DEBUG com.zaxxer.hikari.pool.HikariPool - HikariPool-1 - keepalive: connection com.mysql.cj.jdbc.ConnectionImpl@6f938bbd is alive
2026-04-01 00:06:25 [HikariPool-1:housekeeper] DEBUG com.zaxxer.hikari.pool.HikariPool - HikariPool-1 - keepalive: connection com.mysql.cj.jdbc.ConnectionImpl@46a0ab71 is alive
2026-04-01 00:06:31 [HikariPool-1:housekeeper] DEBUG com.zaxxer.hikari.pool.HikariPool - HikariPool-1 - Pool stats (total=20/20, idle=20/20, active=0, waiting=0)
2026-04-01 00:06:31 [HikariPool-1:housekeeper] DEBUG com.zaxxer.hikari.pool.HikariPool - HikariPool-1 - Fill pool skipped, pool has sufficient level or currently being filled.
2026-04-01 00:06:37 [HikariPool-1:housekeeper] DEBUG com.zaxxer.hikari.pool.HikariPool - HikariPool-1 - keepalive: connection com.mysql.cj.jdbc.ConnectionImpl@50cf965c is alive
2026-04-01 00:06:41 [HikariPool-1:housekeeper] DEBUG com.zaxxer.hikari.pool.HikariPool - HikariPool-1 - keepalive: connection com.mysql.cj.jdbc.ConnectionImpl@79da14a is alive
2026-04-01 00:06:50 [HikariPool-1:housekeeper] DEBUG com.zaxxer.hikari.pool.HikariPool - HikariPool-1 - keepalive: connection com.mysql.cj.jdbc.ConnectionImpl@21ad43c5 is alive
2026-04-01 00:06:52 [HikariPool-1:housekeeper] DEBUG com.zaxxer.hikari.pool.HikariPool - HikariPool-1 - keepalive: connection com.mysql.cj.jdbc.ConnectionImpl@5f2cab59 is alive
2026-04-01 00:06:52 [HikariPool-1:housekeeper] DEBUG com.zaxxer.hikari.pool.HikariPool - HikariPool-1 - keepalive: connection com.mysql.cj.jdbc.ConnectionImpl@7eec072e is alive
2026-04-01 00:06:59 [HikariPool-1:housekeeper] DEBUG com.zaxxer.hikari.pool.HikariPool - HikariPool-1 - keepalive: connection com.mysql.cj.jdbc.ConnectionImpl@6e4b3f78 is alive
2026-04-01 00:07:01 [HikariPool-1:housekeeper] DEBUG com.zaxxer.hikari.pool.HikariPool - HikariPool-1 - Pool stats (total=20/20, idle=20/20, active=0, waiting=0)
2026-04-01 00:07:01 [HikariPool-1:housekeeper] DEBUG com.zaxxer.hikari.pool.HikariPool - HikariPool-1 - Fill pool skipped, pool has sufficient level or currently being filled.
2026-04-01 00:07:08 [HikariPool-1:housekeeper] DEBUG com.zaxxer.hikari.pool.HikariPool - HikariPool-1 - keepalive: connection com.mysql.cj.jdbc.ConnectionImpl@4e839cf is alive
2026-04-01 00:07:16 [HikariPool-1:housekeeper] DEBUG com.zaxxer.hikari.pool.HikariPool - HikariPool-1 - keepalive: connection com.mysql.cj.jdbc.ConnectionImpl@6a4bd977 is alive
2026-04-01 00:07:24 [HikariPool-1:housekeeper] DEBUG com.zaxxer.hikari.pool.HikariPool - HikariPool-1 - keepalive: connection com.mysql.cj.jdbc.ConnectionImpl@44bddc96 is alive
2026-04-01 00:07:31 [HikariPool-1:housekeeper] DEBUG com.zaxxer.hikari.pool.HikariPool - HikariPool-1 - Pool stats (total=20/20, idle=20/20, active=0, waiting=0)
2026-04-01 00:07:31 [HikariPool-1:housekeeper] DEBUG com.zaxxer.hikari.pool.HikariPool - HikariPool-1 - Fill pool skipped, pool has sufficient level or currently being filled.
2026-04-01 00:07:32 [HikariPool-1:housekeeper] DEBUG com.zaxxer.hikari.pool.HikariPool - HikariPool-1 - keepalive: connection com.mysql.cj.jdbc.ConnectionImpl@367cfba is alive
2026-04-01 00:07:50 [HikariPool-1:housekeeper] DEBUG com.zaxxer.hikari.pool.HikariPool - HikariPool-1 - keepalive: connection com.mysql.cj.jdbc.ConnectionImpl@745106c8 is alive
2026-04-01 00:07:54 [HikariPool-1:housekeeper] DEBUG com.zaxxer.hikari.pool.HikariPool - HikariPool-1 - keepalive: connection com.mysql.cj.jdbc.ConnectionImpl@1f95075d is alive
2026-04-01 00:07:58 [HikariPool-1:housekeeper] DEBUG com.zaxxer.hikari.pool.HikariPool - HikariPool-1 - keepalive: connection com.mysql.cj.jdbc.ConnectionImpl@697056d0 is alive
2026-04-01 00:07:58 [HikariPool-1:housekeeper] DEBUG com.zaxxer.hikari.pool.HikariPool - HikariPool-1 - keepalive: connection com.mysql.cj.jdbc.ConnectionImpl@425ac581 is alive
2026-04-01 00:08:00 [HikariPool-1:housekeeper] DEBUG com.zaxxer.hikari.pool.HikariPool - HikariPool-1 - keepalive: connection com.mysql.cj.jdbc.ConnectionImpl@20cb8607 is alive
2026-04-01 00:08:01 [HikariPool-1:housekeeper] DEBUG com.zaxxer.hikari.pool.HikariPool - HikariPool-1 - Pool stats (total=20/20, idle=20/20, active=0, waiting=0)
2026-04-01 00:08:01 [HikariPool-1:housekeeper] DEBUG com.zaxxer.hikari.pool.HikariPool - HikariPool-1 - Fill pool skipped, pool has sufficient level or currently being filled.
2026-04-01 00:08:05 [HikariPool-1:housekeeper] DEBUG com.zaxxer.hikari.pool.HikariPool - HikariPool-1 - keepalive: connection com.mysql.cj.jdbc.ConnectionImpl@1268b7ef is alive
2026-04-01 00:08:06 [HikariPool-1:housekeeper] DEBUG com.zaxxer.hikari.pool.HikariPool - HikariPool-1 - keepalive: connection com.mysql.cj.jdbc.ConnectionImpl@46a0ab71 is alive
2026-04-01 00:08:07 [HikariPool-1:housekeeper] DEBUG com.zaxxer.hikari.pool.HikariPool - HikariPool-1 - keepalive: connection com.mysql.cj.jdbc.ConnectionImpl@43735ab5 is alive
2026-04-01 00:08:10 [HikariPool-1:housekeeper] DEBUG com.zaxxer.hikari.pool.HikariPool - HikariPool-1 - keepalive: connection com.mysql.cj.jdbc.ConnectionImpl@5449da4f is alive
2026-04-01 00:08:19 [HikariPool-1:housekeeper] DEBUG com.zaxxer.hikari.pool.HikariPool - HikariPool-1 - keepalive: connection com.mysql.cj.jdbc.ConnectionImpl@6f938bbd is alive
2026-04-01 00:08:31 [HikariPool-1:housekeeper] DEBUG com.zaxxer.hikari.pool.HikariPool - HikariPool-1 - Pool stats (total=20/20, idle=20/20, active=0, waiting=0)
2026-04-01 00:08:31 [HikariPool-1:housekeeper] DEBUG com.zaxxer.hikari.pool.HikariPool - HikariPool-1 - Fill pool skipped, pool has sufficient level or currently being filled.
2026-04-01 00:08:33 [HikariPool-1:housekeeper] DEBUG com.zaxxer.hikari.pool.HikariPool - HikariPool-1 - keepalive: connection com.mysql.cj.jdbc.ConnectionImpl@50cf965c is alive
2026-04-01 00:08:35 [HikariPool-1:housekeeper] DEBUG com.zaxxer.hikari.pool.HikariPool - HikariPool-1 - keepalive: connection com.mysql.cj.jdbc.ConnectionImpl@7eec072e is alive
2026-04-01 00:08:39 [HikariPool-1:housekeeper] DEBUG com.zaxxer.hikari.pool.HikariPool - HikariPool-1 - keepalive: connection com.mysql.cj.jdbc.ConnectionImpl@79da14a is alive
2026-04-01 00:08:46 [HikariPool-1:housekeeper] DEBUG com.zaxxer.hikari.pool.HikariPool - HikariPool-1 - keepalive: connection com.mysql.cj.jdbc.ConnectionImpl@5f2cab59 is alive
2026-04-01 00:08:46 [HikariPool-1:housekeeper] DEBUG com.zaxxer.hikari.pool.HikariPool - HikariPool-1 - keepalive: connection com.mysql.cj.jdbc.ConnectionImpl@21ad43c5 is alive
2026-04-01 00:08:49 [HikariPool-1:housekeeper] DEBUG com.zaxxer.hikari.pool.HikariPool - HikariPool-1 - keepalive: connection com.mysql.cj.jdbc.ConnectionImpl@4e839cf is alive
2026-04-01 00:08:56 [HikariPool-1:housekeeper] DEBUG com.zaxxer.hikari.pool.HikariPool - HikariPool-1 - keepalive: connection com.mysql.cj.jdbc.ConnectionImpl@6e4b3f78 is alive
2026-04-01 00:08:58 [HikariPool-1:housekeeper] DEBUG com.zaxxer.hikari.pool.HikariPool - HikariPool-1 - keepalive: connection com.mysql.cj.jdbc.ConnectionImpl@6a4bd977 is alive
2026-04-01 00:09:01 [HikariPool-1:housekeeper] DEBUG com.zaxxer.hikari.pool.HikariPool - HikariPool-1 - Pool stats (total=20/20, idle=20/20, active=0, waiting=0)
2026-04-01 00:09:01 [HikariPool-1:housekeeper] DEBUG com.zaxxer.hikari.pool.HikariPool - HikariPool-1 - Fill pool skipped, pool has sufficient level or currently being filled.
2026-04-01 00:09:21 [HikariPool-1:housekeeper] DEBUG com.zaxxer.hikari.pool.HikariPool - HikariPool-1 - keepalive: connection com.mysql.cj.jdbc.ConnectionImpl@44bddc96 is alive
2026-04-01 00:09:27 [HikariPool-1:housekeeper] DEBUG com.zaxxer.hikari.pool.HikariPool - HikariPool-1 - keepalive: connection com.mysql.cj.jdbc.ConnectionImpl@367cfba is alive
2026-04-01 00:09:31 [HikariPool-1:housekeeper] DEBUG com.zaxxer.hikari.pool.HikariPool - HikariPool-1 - Pool stats (total=20/20, idle=20/20, active=0, waiting=0)
2026-04-01 00:09:31 [HikariPool-1:housekeeper] DEBUG com.zaxxer.hikari.pool.HikariPool - HikariPool-1 - Fill pool skipped, pool has sufficient level or currently being filled.
2026-04-01 00:09:31 [HikariPool-1:housekeeper] DEBUG com.zaxxer.hikari.pool.HikariPool - HikariPool-1 - keepalive: connection com.mysql.cj.jdbc.ConnectionImpl@1f95075d is alive
2026-04-01 00:09:35 [HikariPool-1:housekeeper] DEBUG com.zaxxer.hikari.pool.HikariPool - HikariPool-1 - keepalive: connection com.mysql.cj.jdbc.ConnectionImpl@697056d0 is alive
2026-04-01 00:09:40 [HikariPool-1:housekeeper] DEBUG com.zaxxer.hikari.pool.HikariPool - HikariPool-1 - keepalive: connection com.mysql.cj.jdbc.ConnectionImpl@20cb8607 is alive
2026-04-01 00:09:45 [HikariPool-1:housekeeper] DEBUG com.zaxxer.hikari.pool.HikariPool - HikariPool-1 - keepalive: connection com.mysql.cj.jdbc.ConnectionImpl@745106c8 is alive
2026-04-01 00:09:47 [HikariPool-1:housekeeper] DEBUG com.zaxxer.hikari.pool.HikariPool - HikariPool-1 - keepalive: connection com.mysql.cj.jdbc.ConnectionImpl@46a0ab71 is alive
2026-04-01 00:09:55 [HikariPool-1:housekeeper] DEBUG com.zaxxer.hikari.pool.HikariPool - HikariPool-1 - keepalive: connection com.mysql.cj.jdbc.ConnectionImpl@1268b7ef is alive
2026-04-01 00:09:57 [HikariPool-1:housekeeper] DEBUG com.zaxxer.hikari.pool.HikariPool - HikariPool-1 - keepalive: connection com.mysql.cj.jdbc.ConnectionImpl@425ac581 is alive
2026-04-01 00:10:01 [HikariPool-1:housekeeper] DEBUG com.zaxxer.hikari.pool.HikariPool - HikariPool-1 - Pool stats (total=20/20, idle=20/20, active=0, waiting=0)
2026-04-01 00:10:01 [HikariPool-1:housekeeper] DEBUG com.zaxxer.hikari.pool.HikariPool - HikariPool-1 - Fill pool skipped, pool has sufficient level or currently being filled.
2026-04-01 00:10:06 [HikariPool-1:housekeeper] DEBUG com.zaxxer.hikari.pool.HikariPool - HikariPool-1 - keepalive: connection com.mysql.cj.jdbc.ConnectionImpl@43735ab5 is alive
2026-04-01 00:10:09 [HikariPool-1:housekeeper] DEBUG com.zaxxer.hikari.pool.HikariPool - HikariPool-1 - keepalive: connection com.mysql.cj.jdbc.ConnectionImpl@5449da4f is alive
2026-04-01 00:10:14 [HikariPool-1:housekeeper] DEBUG com.zaxxer.hikari.pool.HikariPool - HikariPool-1 - keepalive: connection com.mysql.cj.jdbc.ConnectionImpl@6f938bbd is alive
2026-04-01 00:10:19 [HikariPool-1:housekeeper] DEBUG com.zaxxer.hikari.pool.HikariPool - HikariPool-1 - keepalive: connection com.mysql.cj.jdbc.ConnectionImpl@7eec072e is alive
2026-04-01 00:10:28 [HikariPool-1:housekeeper] DEBUG com.zaxxer.hikari.pool.HikariPool - HikariPool-1 - keepalive: connection com.mysql.cj.jdbc.ConnectionImpl@50cf965c is alive
2026-04-01 00:10:30 [HikariPool-1:housekeeper] DEBUG com.zaxxer.hikari.pool.HikariPool - HikariPool-1 - keepalive: connection com.mysql.cj.jdbc.ConnectionImpl@4e839cf is alive
2026-04-01 00:10:31 [HikariPool-1:housekeeper] DEBUG com.zaxxer.hikari.pool.HikariPool - HikariPool-1 - Pool stats (total=20/20, idle=20/20, active=0, waiting=0)
2026-04-01 00:10:31 [HikariPool-1:housekeeper] DEBUG com.zaxxer.hikari.pool.HikariPool - HikariPool-1 - Fill pool skipped, pool has sufficient level or currently being filled.
2026-04-01 00:10:33 [HikariPool-1:connection-closer] DEBUG com.zaxxer.hikari.pool.PoolBase - HikariPool-1 - Closing connection com.mysql.cj.jdbc.ConnectionImpl@5f2cab59: (connection has passed maxLifetime)
2026-04-01 00:10:33 [HikariPool-1:connection-adder] DEBUG com.zaxxer.hikari.pool.PoolBase - HikariPool-1 - Attempting to create/setup new connection (3322e743-d77b-4eff-9399-465b96ee0c0e)
2026-04-01 00:10:33 [HikariPool-1:connection-adder] DEBUG com.zaxxer.hikari.pool.PoolBase - HikariPool-1 - Established new connection (3322e743-d77b-4eff-9399-465b96ee0c0e)
2026-04-01 00:10:33 [HikariPool-1:connection-adder] DEBUG com.zaxxer.hikari.pool.HikariPool - HikariPool-1 - Added connection com.mysql.cj.jdbc.ConnectionImpl@7ad546e4
2026-04-01 00:10:37 [HikariPool-1:housekeeper] DEBUG com.zaxxer.hikari.pool.HikariPool - HikariPool-1 - keepalive: connection com.mysql.cj.jdbc.ConnectionImpl@79da14a is alive
2026-04-01 00:10:40 [HikariPool-1:housekeeper] DEBUG com.zaxxer.hikari.pool.HikariPool - HikariPool-1 - keepalive: connection com.mysql.cj.jdbc.ConnectionImpl@6a4bd977 is alive
2026-04-01 00:10:42 [HikariPool-1:housekeeper] DEBUG com.zaxxer.hikari.pool.HikariPool - HikariPool-1 - keepalive: connection com.mysql.cj.jdbc.ConnectionImpl@21ad43c5 is alive
2026-04-01 00:10:53 [HikariPool-1:housekeeper] DEBUG com.zaxxer.hikari.pool.HikariPool - HikariPool-1 - keepalive: connection com.mysql.cj.jdbc.ConnectionImpl@6e4b3f78 is alive
2026-04-01 00:11:01 [HikariPool-1:housekeeper] DEBUG com.zaxxer.hikari.pool.HikariPool - HikariPool-1 - Pool stats (total=20/20, idle=20/20, active=0, waiting=0)
2026-04-01 00:11:01 [HikariPool-1:housekeeper] DEBUG com.zaxxer.hikari.pool.HikariPool - HikariPool-1 - Fill pool skipped, pool has sufficient level or currently being filled.
2026-04-01 00:11:08 [HikariPool-1:housekeeper] DEBUG com.zaxxer.hikari.pool.HikariPool - HikariPool-1 - keepalive: connection com.mysql.cj.jdbc.ConnectionImpl@1f95075d is alive
2026-04-01 00:11:12 [HikariPool-1:housekeeper] DEBUG com.zaxxer.hikari.pool.HikariPool - HikariPool-1 - keepalive: connection com.mysql.cj.jdbc.ConnectionImpl@697056d0 is alive
2026-04-01 00:11:18 [HikariPool-1:housekeeper] DEBUG com.zaxxer.hikari.pool.HikariPool - HikariPool-1 - keepalive: connection com.mysql.cj.jdbc.ConnectionImpl@44bddc96 is alive
2026-04-01 00:11:19 [HikariPool-1:housekeeper] DEBUG com.zaxxer.hikari.pool.HikariPool - HikariPool-1 - keepalive: connection com.mysql.cj.jdbc.ConnectionImpl@20cb8607 is alive
2026-04-01 00:11:21 [HikariPool-1:housekeeper] DEBUG com.zaxxer.hikari.pool.HikariPool - HikariPool-1 - keepalive: connection com.mysql.cj.jdbc.ConnectionImpl@367cfba is alive
2026-04-01 00:11:29 [HikariPool-1:housekeeper] DEBUG com.zaxxer.hikari.pool.HikariPool - HikariPool-1 - keepalive: connection com.mysql.cj.jdbc.ConnectionImpl@46a0ab71 is alive
2026-04-01 00:11:31 [HikariPool-1:housekeeper] DEBUG com.zaxxer.hikari.pool.HikariPool - HikariPool-1 - Pool stats (total=20/20, idle=20/20, active=0, waiting=0)
2026-04-01 00:11:31 [HikariPool-1:housekeeper] DEBUG com.zaxxer.hikari.pool.HikariPool - HikariPool-1 - Fill pool skipped, pool has sufficient level or currently being filled.
2026-04-01 00:11:39 [HikariPool-1:housekeeper] DEBUG com.zaxxer.hikari.pool.HikariPool - HikariPool-1 - keepalive: connection com.mysql.cj.jdbc.ConnectionImpl@745106c8 is alive
2026-04-01 00:11:46 [HikariPool-1:housekeeper] DEBUG com.zaxxer.hikari.pool.HikariPool - HikariPool-1 - keepalive: connection com.mysql.cj.jdbc.ConnectionImpl@1268b7ef is alive
2026-04-01 00:11:55 [HikariPool-1:housekeeper] DEBUG com.zaxxer.hikari.pool.HikariPool - HikariPool-1 - keepalive: connection com.mysql.cj.jdbc.ConnectionImpl@425ac581 is alive
2026-04-01 00:12:01 [HikariPool-1:housekeeper] DEBUG com.zaxxer.hikari.pool.HikariPool - HikariPool-1 - Pool stats (total=20/20, idle=20/20, active=0, waiting=0)
2026-04-01 00:12:01 [HikariPool-1:housekeeper] DEBUG com.zaxxer.hikari.pool.HikariPool - HikariPool-1 - Fill pool skipped, pool has sufficient level or currently being filled.
2026-04-01 00:12:02 [HikariPool-1:housekeeper] DEBUG com.zaxxer.hikari.pool.HikariPool - HikariPool-1 - keepalive: connection com.mysql.cj.jdbc.ConnectionImpl@7eec072e is alive
2026-04-01 00:12:05 [HikariPool-1:housekeeper] DEBUG com.zaxxer.hikari.pool.HikariPool - HikariPool-1 - keepalive: connection com.mysql.cj.jdbc.ConnectionImpl@43735ab5 is alive
2026-04-01 00:12:08 [HikariPool-1:housekeeper] DEBUG com.zaxxer.hikari.pool.HikariPool - HikariPool-1 - keepalive: connection com.mysql.cj.jdbc.ConnectionImpl@5449da4f is alive
2026-04-01 00:12:10 [HikariPool-1:housekeeper] DEBUG com.zaxxer.hikari.pool.HikariPool - HikariPool-1 - keepalive: connection com.mysql.cj.jdbc.ConnectionImpl@6f938bbd is alive
2026-04-01 00:12:11 [HikariPool-1:housekeeper] DEBUG com.zaxxer.hikari.pool.HikariPool - HikariPool-1 - keepalive: connection com.mysql.cj.jdbc.ConnectionImpl@4e839cf is alive
2026-04-01 00:12:22 [HikariPool-1:housekeeper] DEBUG com.zaxxer.hikari.pool.HikariPool - HikariPool-1 - keepalive: connection com.mysql.cj.jdbc.ConnectionImpl@6a4bd977 is alive
2026-04-01 00:12:24 [HikariPool-1:housekeeper] DEBUG com.zaxxer.hikari.pool.HikariPool - HikariPool-1 - keepalive: connection com.mysql.cj.jdbc.ConnectionImpl@50cf965c is alive
2026-04-01 00:12:31 [HikariPool-1:housekeeper] DEBUG com.zaxxer.hikari.pool.HikariPool - HikariPool-1 - Pool stats (total=20/20, idle=20/20, active=0, waiting=0)
2026-04-01 00:12:31 [HikariPool-1:housekeeper] DEBUG com.zaxxer.hikari.pool.HikariPool - HikariPool-1 - Fill pool skipped, pool has sufficient level or currently being filled.
2026-04-01 00:12:33 [HikariPool-1:housekeeper] DEBUG com.zaxxer.hikari.pool.HikariPool - HikariPool-1 - keepalive: connection com.mysql.cj.jdbc.ConnectionImpl@7ad546e4 is alive
2026-04-01 00:12:36 [HikariPool-1:housekeeper] DEBUG com.zaxxer.hikari.pool.HikariPool - HikariPool-1 - keepalive: connection com.mysql.cj.jdbc.ConnectionImpl@79da14a is alive
2026-04-01 00:12:38 [HikariPool-1:housekeeper] DEBUG com.zaxxer.hikari.pool.HikariPool - HikariPool-1 - keepalive: connection com.mysql.cj.jdbc.ConnectionImpl@21ad43c5 is alive
2026-04-01 00:12:45 [HikariPool-1:housekeeper] DEBUG com.zaxxer.hikari.pool.HikariPool - HikariPool-1 - keepalive: connection com.mysql.cj.jdbc.ConnectionImpl@1f95075d is alive
2026-04-01 00:12:49 [HikariPool-1:housekeeper] DEBUG com.zaxxer.hikari.pool.HikariPool - HikariPool-1 - keepalive: connection com.mysql.cj.jdbc.ConnectionImpl@697056d0 is alive
2026-04-01 00:12:50 [HikariPool-1:housekeeper] DEBUG com.zaxxer.hikari.pool.HikariPool - HikariPool-1 - keepalive: connection com.mysql.cj.jdbc.ConnectionImpl@6e4b3f78 is alive
2026-04-01 00:12:59 [HikariPool-1:housekeeper] DEBUG com.zaxxer.hikari.pool.HikariPool - HikariPool-1 - keepalive: connection com.mysql.cj.jdbc.ConnectionImpl@20cb8607 is alive
2026-04-01 00:13:01 [HikariPool-1:housekeeper] DEBUG com.zaxxer.hikari.pool.HikariPool - HikariPool-1 - Pool stats (total=20/20, idle=20/20, active=0, waiting=0)
2026-04-01 00:13:01 [HikariPool-1:housekeeper] DEBUG com.zaxxer.hikari.pool.HikariPool - HikariPool-1 - Fill pool skipped, pool has sufficient level or currently being filled.
2026-04-01 00:13:10 [HikariPool-1:housekeeper] DEBUG com.zaxxer.hikari.pool.HikariPool - HikariPool-1 - keepalive: connection com.mysql.cj.jdbc.ConnectionImpl@46a0ab71 is alive
2026-04-01 00:13:15 [HikariPool-1:housekeeper] DEBUG com.zaxxer.hikari.pool.HikariPool - HikariPool-1 - keepalive: connection com.mysql.cj.jdbc.ConnectionImpl@367cfba is alive
2026-04-01 00:13:16 [HikariPool-1:housekeeper] DEBUG com.zaxxer.hikari.pool.HikariPool - HikariPool-1 - keepalive: connection com.mysql.cj.jdbc.ConnectionImpl@44bddc96 is alive
2026-04-01 00:13:31 [HikariPool-1:housekeeper] DEBUG com.zaxxer.hikari.pool.HikariPool - HikariPool-1 - Pool stats (total=20/20, idle=20/20, active=0, waiting=0)
2026-04-01 00:13:31 [HikariPool-1:housekeeper] DEBUG com.zaxxer.hikari.pool.HikariPool - HikariPool-1 - Fill pool skipped, pool has sufficient level or currently being filled.
2026-04-01 00:13:34 [HikariPool-1:housekeeper] DEBUG com.zaxxer.hikari.pool.HikariPool - HikariPool-1 - keepalive: connection com.mysql.cj.jdbc.ConnectionImpl@745106c8 is alive
2026-04-01 00:13:36 [HikariPool-1:housekeeper] DEBUG com.zaxxer.hikari.pool.HikariPool - HikariPool-1 - keepalive: connection com.mysql.cj.jdbc.ConnectionImpl@1268b7ef is alive
2026-04-01 00:13:45 [HikariPool-1:housekeeper] DEBUG com.zaxxer.hikari.pool.HikariPool - HikariPool-1 - keepalive: connection com.mysql.cj.jdbc.ConnectionImpl@7eec072e is alive
2026-04-01 00:13:53 [HikariPool-1:housekeeper] DEBUG com.zaxxer.hikari.pool.HikariPool - HikariPool-1 - keepalive: connection com.mysql.cj.jdbc.ConnectionImpl@4e839cf is alive
2026-04-01 00:13:53 [HikariPool-1:housekeeper] DEBUG com.zaxxer.hikari.pool.HikariPool - HikariPool-1 - keepalive: connection com.mysql.cj.jdbc.ConnectionImpl@425ac581 is alive
2026-04-01 00:14:01 [HikariPool-1:housekeeper] DEBUG com.zaxxer.hikari.pool.HikariPool - HikariPool-1 - Pool stats (total=20/20, idle=20/20, active=0, waiting=0)
2026-04-01 00:14:01 [HikariPool-1:housekeeper] DEBUG com.zaxxer.hikari.pool.HikariPool - HikariPool-1 - Fill pool skipped, pool has sufficient level or currently being filled.
2026-04-01 00:14:03 [HikariPool-1:housekeeper] DEBUG com.zaxxer.hikari.pool.HikariPool - HikariPool-1 - keepalive: connection com.mysql.cj.jdbc.ConnectionImpl@6a4bd977 is alive
2026-04-01 00:14:04 [HikariPool-1:housekeeper] DEBUG com.zaxxer.hikari.pool.HikariPool - HikariPool-1 - keepalive: connection com.mysql.cj.jdbc.ConnectionImpl@43735ab5 is alive
2026-04-01 00:14:06 [HikariPool-1:housekeeper] DEBUG com.zaxxer.hikari.pool.HikariPool - HikariPool-1 - keepalive: connection com.mysql.cj.jdbc.ConnectionImpl@6f938bbd is alive
2026-04-01 00:14:07 [HikariPool-1:housekeeper] DEBUG com.zaxxer.hikari.pool.HikariPool - HikariPool-1 - keepalive: connection com.mysql.cj.jdbc.ConnectionImpl@5449da4f is alive
2026-04-01 00:14:20 [HikariPool-1:housekeeper] DEBUG com.zaxxer.hikari.pool.HikariPool - HikariPool-1 - keepalive: connection com.mysql.cj.jdbc.ConnectionImpl@50cf965c is alive
2026-04-01 00:14:22 [HikariPool-1:housekeeper] DEBUG com.zaxxer.hikari.pool.HikariPool - HikariPool-1 - keepalive: connection com.mysql.cj.jdbc.ConnectionImpl@1f95075d is alive
2026-04-01 00:14:27 [HikariPool-1:housekeeper] DEBUG com.zaxxer.hikari.pool.HikariPool - HikariPool-1 - keepalive: connection com.mysql.cj.jdbc.ConnectionImpl@697056d0 is alive
2026-04-01 00:14:31 [HikariPool-1:housekeeper] DEBUG com.zaxxer.hikari.pool.HikariPool - HikariPool-1 - Pool stats (total=20/20, idle=20/20, active=0, waiting=0)
2026-04-01 00:14:31 [HikariPool-1:housekeeper] DEBUG com.zaxxer.hikari.pool.HikariPool - HikariPool-1 - Fill pool skipped, pool has sufficient level or currently being filled.
2026-04-01 00:14:32 [HikariPool-1:housekeeper] DEBUG com.zaxxer.hikari.pool.HikariPool - HikariPool-1 - keepalive: connection com.mysql.cj.jdbc.ConnectionImpl@7ad546e4 is alive
2026-04-01 00:14:34 [HikariPool-1:housekeeper] DEBUG com.zaxxer.hikari.pool.HikariPool - HikariPool-1 - keepalive: connection com.mysql.cj.jdbc.ConnectionImpl@21ad43c5 is alive
2026-04-01 00:14:34 [HikariPool-1:housekeeper] DEBUG com.zaxxer.hikari.pool.HikariPool - HikariPool-1 - keepalive: connection com.mysql.cj.jdbc.ConnectionImpl@79da14a is alive
2026-04-01 00:14:38 [HikariPool-1:housekeeper] DEBUG com.zaxxer.hikari.pool.HikariPool - HikariPool-1 - keepalive: connection com.mysql.cj.jdbc.ConnectionImpl@20cb8607 is alive
2026-04-01 00:14:45 [HikariPool-1:connection-closer] DEBUG com.zaxxer.hikari.pool.PoolBase - HikariPool-1 - Closing connection com.mysql.cj.jdbc.ConnectionImpl@1268b7ef: (connection has passed maxLifetime)
2026-04-01 00:14:45 [HikariPool-1:connection-adder] DEBUG com.zaxxer.hikari.pool.PoolBase - HikariPool-1 - Attempting to create/setup new connection (7c194990-6967-486d-8b87-e376ec94417f)
2026-04-01 00:14:45 [HikariPool-1:connection-adder] DEBUG com.zaxxer.hikari.pool.PoolBase - HikariPool-1 - Established new connection (7c194990-6967-486d-8b87-e376ec94417f)
2026-04-01 00:14:45 [HikariPool-1:connection-adder] DEBUG com.zaxxer.hikari.pool.HikariPool - HikariPool-1 - Added connection com.mysql.cj.jdbc.ConnectionImpl@2bb0012c
2026-04-01 00:14:47 [HikariPool-1:housekeeper] DEBUG com.zaxxer.hikari.pool.HikariPool - HikariPool-1 - keepalive: connection com.mysql.cj.jdbc.ConnectionImpl@6e4b3f78 is alive
2026-04-01 00:14:51 [HikariPool-1:housekeeper] DEBUG com.zaxxer.hikari.pool.HikariPool - HikariPool-1 - keepalive: connection com.mysql.cj.jdbc.ConnectionImpl@46a0ab71 is alive
2026-04-01 00:15:01 [HikariPool-1:housekeeper] DEBUG com.zaxxer.hikari.pool.HikariPool - HikariPool-1 - Pool stats (total=20/20, idle=20/20, active=0, waiting=0)
2026-04-01 00:15:01 [HikariPool-1:housekeeper] DEBUG com.zaxxer.hikari.pool.HikariPool - HikariPool-1 - Fill pool skipped, pool has sufficient level or currently being filled.
2026-04-01 00:15:09 [HikariPool-1:housekeeper] DEBUG com.zaxxer.hikari.pool.HikariPool - HikariPool-1 - keepalive: connection com.mysql.cj.jdbc.ConnectionImpl@367cfba is alive
2026-04-01 00:15:13 [HikariPool-1:housekeeper] DEBUG com.zaxxer.hikari.pool.HikariPool - HikariPool-1 - keepalive: connection com.mysql.cj.jdbc.ConnectionImpl@44bddc96 is alive
2026-04-01 00:15:28 [HikariPool-1:housekeeper] DEBUG com.zaxxer.hikari.pool.HikariPool - HikariPool-1 - keepalive: connection com.mysql.cj.jdbc.ConnectionImpl@7eec072e is alive
2026-04-01 00:15:29 [HikariPool-1:housekeeper] DEBUG com.zaxxer.hikari.pool.HikariPool - HikariPool-1 - keepalive: connection com.mysql.cj.jdbc.ConnectionImpl@745106c8 is alive
2026-04-01 00:15:31 [HikariPool-1:housekeeper] DEBUG com.zaxxer.hikari.pool.HikariPool - HikariPool-1 - Pool stats (total=20/20, idle=20/20, active=0, waiting=0)
2026-04-01 00:15:31 [HikariPool-1:housekeeper] DEBUG com.zaxxer.hikari.pool.HikariPool - HikariPool-1 - Fill pool skipped, pool has sufficient level or currently being filled.
2026-04-01 00:15:34 [HikariPool-1:housekeeper] DEBUG com.zaxxer.hikari.pool.HikariPool - HikariPool-1 - keepalive: connection com.mysql.cj.jdbc.ConnectionImpl@4e839cf is alive
2026-04-01 00:15:45 [HikariPool-1:housekeeper] DEBUG com.zaxxer.hikari.pool.HikariPool - HikariPool-1 - keepalive: connection com.mysql.cj.jdbc.ConnectionImpl@6a4bd977 is alive
2026-04-01 00:15:49 [HikariPool-1:connection-closer] DEBUG com.zaxxer.hikari.pool.PoolBase - HikariPool-1 - Closing connection com.mysql.cj.jdbc.ConnectionImpl@46a0ab71: (connection has passed maxLifetime)
2026-04-01 00:15:49 [HikariPool-1:connection-adder] DEBUG com.zaxxer.hikari.pool.PoolBase - HikariPool-1 - Attempting to create/setup new connection (4c2d8196-de69-4ed7-8317-d3a7fdbc0f77)
2026-04-01 00:15:49 [HikariPool-1:connection-adder] DEBUG com.zaxxer.hikari.pool.PoolBase - HikariPool-1 - Established new connection (4c2d8196-de69-4ed7-8317-d3a7fdbc0f77)
2026-04-01 00:15:49 [HikariPool-1:connection-adder] DEBUG com.zaxxer.hikari.pool.HikariPool - HikariPool-1 - Added connection com.mysql.cj.jdbc.ConnectionImpl@4dea5d6a
2026-04-01 00:15:51 [HikariPool-1:housekeeper] DEBUG com.zaxxer.hikari.pool.HikariPool - HikariPool-1 - keepalive: connection com.mysql.cj.jdbc.ConnectionImpl@425ac581 is alive
2026-04-01 00:15:59 [HikariPool-1:housekeeper] DEBUG com.zaxxer.hikari.pool.HikariPool - HikariPool-1 - keepalive: connection com.mysql.cj.jdbc.ConnectionImpl@1f95075d is alive
2026-04-01 00:16:01 [HikariPool-1:housekeeper] DEBUG com.zaxxer.hikari.pool.HikariPool - HikariPool-1 - Pool stats (total=20/20, idle=20/20, active=0, waiting=0)
2026-04-01 00:16:01 [HikariPool-1:housekeeper] DEBUG com.zaxxer.hikari.pool.HikariPool - HikariPool-1 - Fill pool skipped, pool has sufficient level or currently being filled.
2026-04-01 00:16:01 [HikariPool-1:housekeeper] DEBUG com.zaxxer.hikari.pool.HikariPool - HikariPool-1 - keepalive: connection com.mysql.cj.jdbc.ConnectionImpl@6f938bbd is alive
2026-04-01 00:16:02 [HikariPool-1:housekeeper] DEBUG com.zaxxer.hikari.pool.HikariPool - HikariPool-1 - keepalive: connection com.mysql.cj.jdbc.ConnectionImpl@43735ab5 is alive
2026-04-01 00:16:04 [HikariPool-1:housekeeper] DEBUG com.zaxxer.hikari.pool.HikariPool - HikariPool-1 - keepalive: connection com.mysql.cj.jdbc.ConnectionImpl@697056d0 is alive
2026-04-01 00:16:06 [HikariPool-1:housekeeper] DEBUG com.zaxxer.hikari.pool.HikariPool - HikariPool-1 - keepalive: connection com.mysql.cj.jdbc.ConnectionImpl@5449da4f is alive
2026-04-01 00:16:15 [HikariPool-1:housekeeper] DEBUG com.zaxxer.hikari.pool.HikariPool - HikariPool-1 - keepalive: connection com.mysql.cj.jdbc.ConnectionImpl@50cf965c is alive
2026-04-01 00:16:18 [HikariPool-1:housekeeper] DEBUG com.zaxxer.hikari.pool.HikariPool - HikariPool-1 - keepalive: connection com.mysql.cj.jdbc.ConnectionImpl@20cb8607 is alive
2026-04-01 00:16:28 [HikariPool-1:housekeeper] DEBUG com.zaxxer.hikari.pool.HikariPool - HikariPool-1 - keepalive: connection com.mysql.cj.jdbc.ConnectionImpl@2bb0012c is alive
2026-04-01 00:16:30 [HikariPool-1:housekeeper] DEBUG com.zaxxer.hikari.pool.HikariPool - HikariPool-1 - keepalive: connection com.mysql.cj.jdbc.ConnectionImpl@21ad43c5 is alive
2026-04-01 00:16:31 [HikariPool-1:housekeeper] DEBUG com.zaxxer.hikari.pool.HikariPool - HikariPool-1 - Pool stats (total=20/20, idle=20/20, active=0, waiting=0)
2026-04-01 00:16:31 [HikariPool-1:housekeeper] DEBUG com.zaxxer.hikari.pool.HikariPool - HikariPool-1 - Fill pool skipped, pool has sufficient level or currently being filled.
2026-04-01 00:16:32 [HikariPool-1:housekeeper] DEBUG com.zaxxer.hikari.pool.HikariPool - HikariPool-1 - keepalive: connection com.mysql.cj.jdbc.ConnectionImpl@7ad546e4 is alive
2026-04-01 00:16:33 [HikariPool-1:housekeeper] DEBUG com.zaxxer.hikari.pool.HikariPool - HikariPool-1 - keepalive: connection com.mysql.cj.jdbc.ConnectionImpl@79da14a is alive
2026-04-01 00:16:44 [HikariPool-1:housekeeper] DEBUG com.zaxxer.hikari.pool.HikariPool - HikariPool-1 - keepalive: connection com.mysql.cj.jdbc.ConnectionImpl@6e4b3f78 is alive
2026-04-01 00:17:01 [HikariPool-1:housekeeper] DEBUG com.zaxxer.hikari.pool.HikariPool - HikariPool-1 - Pool stats (total=20/20, idle=20/20, active=0, waiting=0)
2026-04-01 00:17:01 [HikariPool-1:housekeeper] DEBUG com.zaxxer.hikari.pool.HikariPool - HikariPool-1 - Fill pool skipped, pool has sufficient level or currently being filled.
2026-04-01 00:17:04 [HikariPool-1:housekeeper] DEBUG com.zaxxer.hikari.pool.HikariPool - HikariPool-1 - keepalive: connection com.mysql.cj.jdbc.ConnectionImpl@367cfba is alive
2026-04-01 00:17:10 [HikariPool-1:connection-closer] DEBUG com.zaxxer.hikari.pool.PoolBase - HikariPool-1 - Closing connection com.mysql.cj.jdbc.ConnectionImpl@43735ab5: (connection has passed maxLifetime)
2026-04-01 00:17:10 [HikariPool-1:connection-adder] DEBUG com.zaxxer.hikari.pool.PoolBase - HikariPool-1 - Attempting to create/setup new connection (3ed48a28-6dcf-4e92-84db-0b09258c1550)
2026-04-01 00:17:10 [HikariPool-1:connection-adder] DEBUG com.zaxxer.hikari.pool.PoolBase - HikariPool-1 - Established new connection (3ed48a28-6dcf-4e92-84db-0b09258c1550)
2026-04-01 00:17:10 [HikariPool-1:connection-adder] DEBUG com.zaxxer.hikari.pool.HikariPool - HikariPool-1 - Added connection com.mysql.cj.jdbc.ConnectionImpl@26c7cde7
2026-04-01 00:17:10 [HikariPool-1:housekeeper] DEBUG com.zaxxer.hikari.pool.HikariPool - HikariPool-1 - keepalive: connection com.mysql.cj.jdbc.ConnectionImpl@44bddc96 is alive
2026-04-01 00:17:11 [HikariPool-1:housekeeper] DEBUG com.zaxxer.hikari.pool.HikariPool - HikariPool-1 - keepalive: connection com.mysql.cj.jdbc.ConnectionImpl@7eec072e is alive
2026-04-01 00:17:14 [HikariPool-1:connection-closer] DEBUG com.zaxxer.hikari.pool.PoolBase - HikariPool-1 - Closing connection com.mysql.cj.jdbc.ConnectionImpl@745106c8: (connection has passed maxLifetime)
2026-04-01 00:17:14 [HikariPool-1:connection-adder] DEBUG com.zaxxer.hikari.pool.PoolBase - HikariPool-1 - Attempting to create/setup new connection (d83d1720-61bd-428a-8736-0858c07bb83f)
2026-04-01 00:17:14 [HikariPool-1:connection-adder] DEBUG com.zaxxer.hikari.pool.PoolBase - HikariPool-1 - Established new connection (d83d1720-61bd-428a-8736-0858c07bb83f)
2026-04-01 00:17:14 [HikariPool-1:connection-adder] DEBUG com.zaxxer.hikari.pool.HikariPool - HikariPool-1 - Added connection com.mysql.cj.jdbc.ConnectionImpl@67fac7dc
2026-04-01 00:17:15 [HikariPool-1:housekeeper] DEBUG com.zaxxer.hikari.pool.HikariPool - HikariPool-1 - keepalive: connection com.mysql.cj.jdbc.ConnectionImpl@4e839cf is alive
2026-04-01 00:17:27 [HikariPool-1:housekeeper] DEBUG com.zaxxer.hikari.pool.HikariPool - HikariPool-1 - keepalive: connection com.mysql.cj.jdbc.ConnectionImpl@6a4bd977 is alive
2026-04-01 00:17:31 [HikariPool-1:housekeeper] DEBUG com.zaxxer.hikari.pool.HikariPool - HikariPool-1 - Pool stats (total=20/20, idle=20/20, active=0, waiting=0)
2026-04-01 00:17:31 [HikariPool-1:housekeeper] DEBUG com.zaxxer.hikari.pool.HikariPool - HikariPool-1 - Fill pool skipped, pool has sufficient level or currently being filled.
2026-04-01 00:17:32 [HikariPool-1:housekeeper] DEBUG com.zaxxer.hikari.pool.HikariPool - HikariPool-1 - keepalive: connection com.mysql.cj.jdbc.ConnectionImpl@4dea5d6a is alive
2026-04-01 00:17:33 [HikariPool-1:connection-closer] DEBUG com.zaxxer.hikari.pool.PoolBase - HikariPool-1 - Closing connection com.mysql.cj.jdbc.ConnectionImpl@697056d0: (connection has passed maxLifetime)
2026-04-01 00:17:33 [HikariPool-1:connection-adder] DEBUG com.zaxxer.hikari.pool.PoolBase - HikariPool-1 - Attempting to create/setup new connection (b0e70824-9e86-4813-bfc1-c6b5a0fc18cd)
2026-04-01 00:17:33 [HikariPool-1:connection-adder] DEBUG com.zaxxer.hikari.pool.PoolBase - HikariPool-1 - Established new connection (b0e70824-9e86-4813-bfc1-c6b5a0fc18cd)
2026-04-01 00:17:33 [HikariPool-1:connection-adder] DEBUG com.zaxxer.hikari.pool.HikariPool - HikariPool-1 - Added connection com.mysql.cj.jdbc.ConnectionImpl@6d2b35d6
2026-04-01 00:17:35 [HikariPool-1:housekeeper] DEBUG com.zaxxer.hikari.pool.HikariPool - HikariPool-1 - keepalive: connection com.mysql.cj.jdbc.ConnectionImpl@1f95075d is alive
2026-04-01 00:17:49 [HikariPool-1:housekeeper] DEBUG com.zaxxer.hikari.pool.HikariPool - HikariPool-1 - keepalive: connection com.mysql.cj.jdbc.ConnectionImpl@425ac581 is alive
2026-04-01 00:17:57 [HikariPool-1:housekeeper] DEBUG com.zaxxer.hikari.pool.HikariPool - HikariPool-1 - keepalive: connection com.mysql.cj.jdbc.ConnectionImpl@6f938bbd is alive
2026-04-01 00:17:58 [HikariPool-1:housekeeper] DEBUG com.zaxxer.hikari.pool.HikariPool - HikariPool-1 - keepalive: connection com.mysql.cj.jdbc.ConnectionImpl@20cb8607 is alive
2026-04-01 00:18:01 [HikariPool-1:housekeeper] DEBUG com.zaxxer.hikari.pool.HikariPool - HikariPool-1 - Pool stats (total=20/20, idle=20/20, active=0, waiting=0)
2026-04-01 00:18:01 [HikariPool-1:housekeeper] DEBUG com.zaxxer.hikari.pool.HikariPool - HikariPool-1 - Fill pool skipped, pool has sufficient level or currently being filled.
2026-04-01 00:18:04 [HikariPool-1:connection-closer] DEBUG com.zaxxer.hikari.pool.PoolBase - HikariPool-1 - Closing connection com.mysql.cj.jdbc.ConnectionImpl@44bddc96: (connection has passed maxLifetime)
2026-04-01 00:18:04 [HikariPool-1:connection-adder] DEBUG com.zaxxer.hikari.pool.PoolBase - HikariPool-1 - Attempting to create/setup new connection (b6ed12e5-b5f0-4102-b96c-7642ad0f628d)
2026-04-01 00:18:04 [HikariPool-1:connection-adder] DEBUG com.zaxxer.hikari.pool.PoolBase - HikariPool-1 - Established new connection (b6ed12e5-b5f0-4102-b96c-7642ad0f628d)
2026-04-01 00:18:04 [HikariPool-1:connection-adder] DEBUG com.zaxxer.hikari.pool.HikariPool - HikariPool-1 - Added connection com.mysql.cj.jdbc.ConnectionImpl@6c25a0e3
2026-04-01 00:18:05 [HikariPool-1:housekeeper] DEBUG com.zaxxer.hikari.pool.HikariPool - HikariPool-1 - keepalive: connection com.mysql.cj.jdbc.ConnectionImpl@5449da4f is alive
2026-04-01 00:18:11 [HikariPool-1:housekeeper] DEBUG com.zaxxer.hikari.pool.HikariPool - HikariPool-1 - keepalive: connection com.mysql.cj.jdbc.ConnectionImpl@50cf965c is alive
2026-04-01 00:18:11 [HikariPool-1:housekeeper] DEBUG com.zaxxer.hikari.pool.HikariPool - HikariPool-1 - keepalive: connection com.mysql.cj.jdbc.ConnectionImpl@2bb0012c is alive
2026-04-01 00:18:26 [HikariPool-1:housekeeper] DEBUG com.zaxxer.hikari.pool.HikariPool - HikariPool-1 - keepalive: connection com.mysql.cj.jdbc.ConnectionImpl@21ad43c5 is alive
2026-04-01 00:18:31 [HikariPool-1:housekeeper] DEBUG com.zaxxer.hikari.pool.HikariPool - HikariPool-1 - keepalive: connection com.mysql.cj.jdbc.ConnectionImpl@79da14a is alive
2026-04-01 00:18:31 [HikariPool-1:housekeeper] DEBUG com.zaxxer.hikari.pool.HikariPool - HikariPool-1 - keepalive: connection com.mysql.cj.jdbc.ConnectionImpl@7ad546e4 is alive
2026-04-01 00:18:31 [HikariPool-1:housekeeper] DEBUG com.zaxxer.hikari.pool.HikariPool - HikariPool-1 - Pool stats (total=20/20, idle=20/20, active=0, waiting=0)
2026-04-01 00:18:31 [HikariPool-1:housekeeper] DEBUG com.zaxxer.hikari.pool.HikariPool - HikariPool-1 - Fill pool skipped, pool has sufficient level or currently being filled.
2026-04-01 00:18:42 [HikariPool-1:housekeeper] DEBUG com.zaxxer.hikari.pool.HikariPool - HikariPool-1 - keepalive: connection com.mysql.cj.jdbc.ConnectionImpl@6e4b3f78 is alive
2026-04-01 00:18:54 [HikariPool-1:housekeeper] DEBUG com.zaxxer.hikari.pool.HikariPool - HikariPool-1 - keepalive: connection com.mysql.cj.jdbc.ConnectionImpl@7eec072e is alive
2026-04-01 00:18:56 [HikariPool-1:housekeeper] DEBUG com.zaxxer.hikari.pool.HikariPool - HikariPool-1 - keepalive: connection com.mysql.cj.jdbc.ConnectionImpl@67fac7dc is alive
2026-04-01 00:18:56 [HikariPool-1:housekeeper] DEBUG com.zaxxer.hikari.pool.HikariPool - HikariPool-1 - keepalive: connection com.mysql.cj.jdbc.ConnectionImpl@4e839cf is alive
2026-04-01 00:18:58 [HikariPool-1:housekeeper] DEBUG com.zaxxer.hikari.pool.HikariPool - HikariPool-1 - keepalive: connection com.mysql.cj.jdbc.ConnectionImpl@367cfba is alive
2026-04-01 00:19:01 [HikariPool-1:housekeeper] DEBUG com.zaxxer.hikari.pool.HikariPool - HikariPool-1 - Pool stats (total=20/20, idle=20/20, active=0, waiting=0)
2026-04-01 00:19:01 [HikariPool-1:housekeeper] DEBUG com.zaxxer.hikari.pool.HikariPool - HikariPool-1 - Fill pool skipped, pool has sufficient level or currently being filled.
2026-04-01 00:19:05 [HikariPool-1:housekeeper] DEBUG com.zaxxer.hikari.pool.HikariPool - HikariPool-1 - keepalive: connection com.mysql.cj.jdbc.ConnectionImpl@26c7cde7 is alive
2026-04-01 00:19:09 [HikariPool-1:housekeeper] DEBUG com.zaxxer.hikari.pool.HikariPool - HikariPool-1 - keepalive: connection com.mysql.cj.jdbc.ConnectionImpl@6a4bd977 is alive
2026-04-01 00:19:12 [HikariPool-1:housekeeper] DEBUG com.zaxxer.hikari.pool.HikariPool - HikariPool-1 - keepalive: connection com.mysql.cj.jdbc.ConnectionImpl@1f95075d is alive
2026-04-01 00:19:13 [HikariPool-1:connection-closer] DEBUG com.zaxxer.hikari.pool.PoolBase - HikariPool-1 - Closing connection com.mysql.cj.jdbc.ConnectionImpl@79da14a: (connection has passed maxLifetime)
2026-04-01 00:19:13 [HikariPool-1:connection-adder] DEBUG com.zaxxer.hikari.pool.PoolBase - HikariPool-1 - Attempting to create/setup new connection (6b278f34-8690-4dcb-a64f-2d94619c953e)
2026-04-01 00:19:13 [HikariPool-1:connection-adder] DEBUG com.zaxxer.hikari.pool.PoolBase - HikariPool-1 - Established new connection (6b278f34-8690-4dcb-a64f-2d94619c953e)
2026-04-01 00:19:13 [HikariPool-1:connection-adder] DEBUG com.zaxxer.hikari.pool.HikariPool - HikariPool-1 - Added connection com.mysql.cj.jdbc.ConnectionImpl@5da74afe
2026-04-01 00:19:14 [HikariPool-1:housekeeper] DEBUG com.zaxxer.hikari.pool.HikariPool - HikariPool-1 - keepalive: connection com.mysql.cj.jdbc.ConnectionImpl@6d2b35d6 is alive
2026-04-01 00:19:16 [HikariPool-1:housekeeper] DEBUG com.zaxxer.hikari.pool.HikariPool - HikariPool-1 - keepalive: connection com.mysql.cj.jdbc.ConnectionImpl@4dea5d6a is alive
2026-04-01 00:19:20 [HikariPool-1:connection-closer] DEBUG com.zaxxer.hikari.pool.PoolBase - HikariPool-1 - Closing connection com.mysql.cj.jdbc.ConnectionImpl@20cb8607: (connection has passed maxLifetime)
2026-04-01 00:19:20 [HikariPool-1:connection-adder] DEBUG com.zaxxer.hikari.pool.PoolBase - HikariPool-1 - Attempting to create/setup new connection (43fc7171-a0a6-4aeb-a8b0-75389e6ed5e4)
2026-04-01 00:19:20 [HikariPool-1:connection-adder] DEBUG com.zaxxer.hikari.pool.PoolBase - HikariPool-1 - Established new connection (43fc7171-a0a6-4aeb-a8b0-75389e6ed5e4)
2026-04-01 00:19:20 [HikariPool-1:connection-adder] DEBUG com.zaxxer.hikari.pool.HikariPool - HikariPool-1 - Added connection com.mysql.cj.jdbc.ConnectionImpl@409c7104
2026-04-01 00:19:27 [HikariPool-1:connection-closer] DEBUG com.zaxxer.hikari.pool.PoolBase - HikariPool-1 - Closing connection com.mysql.cj.jdbc.ConnectionImpl@5449da4f: (connection has passed maxLifetime)
2026-04-01 00:19:27 [HikariPool-1:connection-adder] DEBUG com.zaxxer.hikari.pool.PoolBase - HikariPool-1 - Attempting to create/setup new connection (1649fdbb-c088-4f31-8c77-a8c4355752c8)
2026-04-01 00:19:27 [HikariPool-1:connection-adder] DEBUG com.zaxxer.hikari.pool.PoolBase - HikariPool-1 - Established new connection (1649fdbb-c088-4f31-8c77-a8c4355752c8)
2026-04-01 00:19:27 [HikariPool-1:connection-adder] DEBUG com.zaxxer.hikari.pool.HikariPool - HikariPool-1 - Added connection com.mysql.cj.jdbc.ConnectionImpl@78907ac3
2026-04-01 00:19:31 [HikariPool-1:housekeeper] DEBUG com.zaxxer.hikari.pool.HikariPool - HikariPool-1 - Pool stats (total=20/20, idle=20/20, active=0, waiting=0)
2026-04-01 00:19:31 [HikariPool-1:housekeeper] DEBUG com.zaxxer.hikari.pool.HikariPool - HikariPool-1 - Fill pool skipped, pool has sufficient level or currently being filled.
2026-04-01 00:19:47 [HikariPool-1:housekeeper] DEBUG com.zaxxer.hikari.pool.HikariPool - HikariPool-1 - keepalive: connection com.mysql.cj.jdbc.ConnectionImpl@425ac581 is alive
2026-04-01 00:19:50 [HikariPool-1:housekeeper] DEBUG com.zaxxer.hikari.pool.HikariPool - HikariPool-1 - keepalive: connection com.mysql.cj.jdbc.ConnectionImpl@6c25a0e3 is alive
2026-04-01 00:19:53 [HikariPool-1:housekeeper] DEBUG com.zaxxer.hikari.pool.HikariPool - HikariPool-1 - keepalive: connection com.mysql.cj.jdbc.ConnectionImpl@6f938bbd is alive
2026-04-01 00:19:55 [HikariPool-1:housekeeper] DEBUG com.zaxxer.hikari.pool.HikariPool - HikariPool-1 - keepalive: connection com.mysql.cj.jdbc.ConnectionImpl@2bb0012c is alive
2026-04-01 00:20:01 [HikariPool-1:housekeeper] DEBUG com.zaxxer.hikari.pool.HikariPool - HikariPool-1 - Pool stats (total=20/20, idle=20/20, active=0, waiting=0)
2026-04-01 00:20:01 [HikariPool-1:housekeeper] DEBUG com.zaxxer.hikari.pool.HikariPool - HikariPool-1 - Fill pool skipped, pool has sufficient level or currently being filled.
2026-04-01 00:20:07 [HikariPool-1:housekeeper] DEBUG com.zaxxer.hikari.pool.HikariPool - HikariPool-1 - keepalive: connection com.mysql.cj.jdbc.ConnectionImpl@50cf965c is alive
2026-04-01 00:20:22 [HikariPool-1:housekeeper] DEBUG com.zaxxer.hikari.pool.HikariPool - HikariPool-1 - keepalive: connection com.mysql.cj.jdbc.ConnectionImpl@21ad43c5 is alive
2026-04-01 00:20:31 [HikariPool-1:housekeeper] DEBUG com.zaxxer.hikari.pool.HikariPool - HikariPool-1 - keepalive: connection com.mysql.cj.jdbc.ConnectionImpl@7ad546e4 is alive
2026-04-01 00:20:31 [HikariPool-1:housekeeper] DEBUG com.zaxxer.hikari.pool.HikariPool - HikariPool-1 - Pool stats (total=20/20, idle=20/20, active=0, waiting=0)
2026-04-01 00:20:31 [HikariPool-1:housekeeper] DEBUG com.zaxxer.hikari.pool.HikariPool - HikariPool-1 - Fill pool skipped, pool has sufficient level or currently being filled.
2026-04-01 00:20:37 [HikariPool-1:housekeeper] DEBUG com.zaxxer.hikari.pool.HikariPool - HikariPool-1 - keepalive: connection com.mysql.cj.jdbc.ConnectionImpl@7eec072e is alive
2026-04-01 00:20:37 [HikariPool-1:housekeeper] DEBUG com.zaxxer.hikari.pool.HikariPool - HikariPool-1 - keepalive: connection com.mysql.cj.jdbc.ConnectionImpl@4e839cf is alive
2026-04-01 00:20:37 [HikariPool-1:housekeeper] DEBUG com.zaxxer.hikari.pool.HikariPool - HikariPool-1 - keepalive: connection com.mysql.cj.jdbc.ConnectionImpl@67fac7dc is alive
2026-04-01 00:20:39 [HikariPool-1:housekeeper] DEBUG com.zaxxer.hikari.pool.HikariPool - HikariPool-1 - keepalive: connection com.mysql.cj.jdbc.ConnectionImpl@6e4b3f78 is alive
2026-04-01 00:20:41 [HikariPool-1:connection-closer] DEBUG com.zaxxer.hikari.pool.PoolBase - HikariPool-1 - Closing connection com.mysql.cj.jdbc.ConnectionImpl@4e839cf: (connection has passed maxLifetime)
2026-04-01 00:20:41 [HikariPool-1:connection-adder] DEBUG com.zaxxer.hikari.pool.PoolBase - HikariPool-1 - Attempting to create/setup new connection (fa3d6b37-8876-4685-ad5a-9699d77f6dfd)
2026-04-01 00:20:41 [HikariPool-1:connection-adder] DEBUG com.zaxxer.hikari.pool.PoolBase - HikariPool-1 - Established new connection (fa3d6b37-8876-4685-ad5a-9699d77f6dfd)
2026-04-01 00:20:41 [HikariPool-1:connection-adder] DEBUG com.zaxxer.hikari.pool.HikariPool - HikariPool-1 - Added connection com.mysql.cj.jdbc.ConnectionImpl@3f450c67
2026-04-01 00:20:49 [HikariPool-1:housekeeper] DEBUG com.zaxxer.hikari.pool.HikariPool - HikariPool-1 - keepalive: connection com.mysql.cj.jdbc.ConnectionImpl@1f95075d is alive
2026-04-01 00:20:51 [HikariPool-1:housekeeper] DEBUG com.zaxxer.hikari.pool.HikariPool - HikariPool-1 - keepalive: connection com.mysql.cj.jdbc.ConnectionImpl@6a4bd977 is alive
2026-04-01 00:20:52 [HikariPool-1:housekeeper] DEBUG com.zaxxer.hikari.pool.HikariPool - HikariPool-1 - keepalive: connection com.mysql.cj.jdbc.ConnectionImpl@367cfba is alive
2026-04-01 00:20:53 [HikariPool-1:housekeeper] DEBUG com.zaxxer.hikari.pool.HikariPool - HikariPool-1 - keepalive: connection com.mysql.cj.jdbc.ConnectionImpl@5da74afe is alive
2026-04-01 00:20:55 [HikariPool-1:housekeeper] DEBUG com.zaxxer.hikari.pool.HikariPool - HikariPool-1 - keepalive: connection com.mysql.cj.jdbc.ConnectionImpl@6d2b35d6 is alive
2026-04-01 00:20:57 [HikariPool-1:housekeeper] DEBUG com.zaxxer.hikari.pool.HikariPool - HikariPool-1 - keepalive: connection com.mysql.cj.jdbc.ConnectionImpl@409c7104 is alive
2026-04-01 00:20:59 [HikariPool-1:housekeeper] DEBUG com.zaxxer.hikari.pool.HikariPool - HikariPool-1 - keepalive: connection com.mysql.cj.jdbc.ConnectionImpl@26c7cde7 is alive
2026-04-01 00:21:00 [HikariPool-1:housekeeper] DEBUG com.zaxxer.hikari.pool.HikariPool - HikariPool-1 - keepalive: connection com.mysql.cj.jdbc.ConnectionImpl@4dea5d6a is alive
2026-04-01 00:21:01 [HikariPool-1:housekeeper] DEBUG com.zaxxer.hikari.pool.HikariPool - HikariPool-1 - Pool stats (total=20/20, idle=20/20, active=0, waiting=0)
2026-04-01 00:21:01 [HikariPool-1:housekeeper] DEBUG com.zaxxer.hikari.pool.HikariPool - HikariPool-1 - Fill pool skipped, pool has sufficient level or currently being filled.
2026-04-01 00:21:15 [HikariPool-1:housekeeper] DEBUG com.zaxxer.hikari.pool.HikariPool - HikariPool-1 - keepalive: connection com.mysql.cj.jdbc.ConnectionImpl@78907ac3 is alive
2026-04-01 00:21:31 [HikariPool-1:housekeeper] DEBUG com.zaxxer.hikari.pool.HikariPool - HikariPool-1 - Pool stats (total=20/20, idle=20/20, active=0, waiting=0)
2026-04-01 00:21:31 [HikariPool-1:housekeeper] DEBUG com.zaxxer.hikari.pool.HikariPool - HikariPool-1 - Fill pool skipped, pool has sufficient level or currently being filled.
2026-04-01 00:21:35 [HikariPool-1:housekeeper] DEBUG com.zaxxer.hikari.pool.HikariPool - HikariPool-1 - keepalive: connection com.mysql.cj.jdbc.ConnectionImpl@6c25a0e3 is alive
2026-04-01 00:21:38 [HikariPool-1:housekeeper] DEBUG com.zaxxer.hikari.pool.HikariPool - HikariPool-1 - keepalive: connection com.mysql.cj.jdbc.ConnectionImpl@2bb0012c is alive
2026-04-01 00:21:43 [HikariPool-1:connection-closer] DEBUG com.zaxxer.hikari.pool.PoolBase - HikariPool-1 - Closing connection com.mysql.cj.jdbc.ConnectionImpl@1f95075d: (connection has passed maxLifetime)
2026-04-01 00:21:43 [HikariPool-1:connection-adder] DEBUG com.zaxxer.hikari.pool.PoolBase - HikariPool-1 - Attempting to create/setup new connection (dfe8129b-1353-42b2-8439-59d032cfd736)
2026-04-01 00:21:43 [HikariPool-1:connection-adder] DEBUG com.zaxxer.hikari.pool.PoolBase - HikariPool-1 - Established new connection (dfe8129b-1353-42b2-8439-59d032cfd736)
2026-04-01 00:21:43 [HikariPool-1:connection-adder] DEBUG com.zaxxer.hikari.pool.HikariPool - HikariPool-1 - Added connection com.mysql.cj.jdbc.ConnectionImpl@7c55f2c
2026-04-01 00:21:46 [HikariPool-1:housekeeper] DEBUG com.zaxxer.hikari.pool.HikariPool - HikariPool-1 - keepalive: connection com.mysql.cj.jdbc.ConnectionImpl@425ac581 is alive
2026-04-01 00:21:48 [HikariPool-1:housekeeper] DEBUG com.zaxxer.hikari.pool.HikariPool - HikariPool-1 - keepalive: connection com.mysql.cj.jdbc.ConnectionImpl@6f938bbd is alive
2026-04-01 00:22:01 [HikariPool-1:housekeeper] DEBUG com.zaxxer.hikari.pool.HikariPool - HikariPool-1 - Pool stats (total=20/20, idle=20/20, active=0, waiting=0)
2026-04-01 00:22:01 [HikariPool-1:housekeeper] DEBUG com.zaxxer.hikari.pool.HikariPool - HikariPool-1 - Fill pool skipped, pool has sufficient level or currently being filled.
2026-04-01 00:22:03 [HikariPool-1:housekeeper] DEBUG com.zaxxer.hikari.pool.HikariPool - HikariPool-1 - keepalive: connection com.mysql.cj.jdbc.ConnectionImpl@50cf965c is alive
2026-04-01 00:22:04 [HikariPool-1:connection-closer] DEBUG com.zaxxer.hikari.pool.PoolBase - HikariPool-1 - Closing connection com.mysql.cj.jdbc.ConnectionImpl@6a4bd977: (connection has passed maxLifetime)
2026-04-01 00:22:04 [HikariPool-1:connection-adder] DEBUG com.zaxxer.hikari.pool.PoolBase - HikariPool-1 - Attempting to create/setup new connection (1a199af4-b3e6-4443-84d8-849cbaeb836d)
2026-04-01 00:22:04 [HikariPool-1:connection-adder] DEBUG com.zaxxer.hikari.pool.PoolBase - HikariPool-1 - Established new connection (1a199af4-b3e6-4443-84d8-849cbaeb836d)
2026-04-01 00:22:04 [HikariPool-1:connection-adder] DEBUG com.zaxxer.hikari.pool.HikariPool - HikariPool-1 - Added connection com.mysql.cj.jdbc.ConnectionImpl@5959228a
2026-04-01 00:22:18 [HikariPool-1:housekeeper] DEBUG com.zaxxer.hikari.pool.HikariPool - HikariPool-1 - keepalive: connection com.mysql.cj.jdbc.ConnectionImpl@21ad43c5 is alive
2026-04-01 00:22:19 [HikariPool-1:housekeeper] DEBUG com.zaxxer.hikari.pool.HikariPool - HikariPool-1 - keepalive: connection com.mysql.cj.jdbc.ConnectionImpl@67fac7dc is alive
2026-04-01 00:22:19 [HikariPool-1:connection-closer] DEBUG com.zaxxer.hikari.pool.PoolBase - HikariPool-1 - Closing connection com.mysql.cj.jdbc.ConnectionImpl@6f938bbd: (connection has passed maxLifetime)
2026-04-01 00:22:19 [HikariPool-1:connection-adder] DEBUG com.zaxxer.hikari.pool.PoolBase - HikariPool-1 - Attempting to create/setup new connection (b2050b09-6876-417d-ac79-78a27a2c3dd7)
2026-04-01 00:22:19 [HikariPool-1:connection-adder] DEBUG com.zaxxer.hikari.pool.PoolBase - HikariPool-1 - Established new connection (b2050b09-6876-417d-ac79-78a27a2c3dd7)
2026-04-01 00:22:19 [HikariPool-1:connection-adder] DEBUG com.zaxxer.hikari.pool.HikariPool - HikariPool-1 - Added connection com.mysql.cj.jdbc.ConnectionImpl@2bde5b68
2026-04-01 00:22:20 [HikariPool-1:housekeeper] DEBUG com.zaxxer.hikari.pool.HikariPool - HikariPool-1 - keepalive: connection com.mysql.cj.jdbc.ConnectionImpl@7eec072e is alive
2026-04-01 00:22:30 [HikariPool-1:housekeeper] DEBUG com.zaxxer.hikari.pool.HikariPool - HikariPool-1 - keepalive: connection com.mysql.cj.jdbc.ConnectionImpl@7ad546e4 is alive
2026-04-01 00:22:31 [HikariPool-1:housekeeper] DEBUG com.zaxxer.hikari.pool.HikariPool - HikariPool-1 - Pool stats (total=20/20, idle=20/20, active=0, waiting=0)
2026-04-01 00:22:31 [HikariPool-1:housekeeper] DEBUG com.zaxxer.hikari.pool.HikariPool - HikariPool-1 - Fill pool skipped, pool has sufficient level or currently being filled.
2026-04-01 00:22:33 [HikariPool-1:housekeeper] DEBUG com.zaxxer.hikari.pool.HikariPool - HikariPool-1 - keepalive: connection com.mysql.cj.jdbc.ConnectionImpl@5da74afe is alive
2026-04-01 00:22:34 [HikariPool-1:housekeeper] DEBUG com.zaxxer.hikari.pool.HikariPool - HikariPool-1 - keepalive: connection com.mysql.cj.jdbc.ConnectionImpl@409c7104 is alive
2026-04-01 00:22:36 [HikariPool-1:housekeeper] DEBUG com.zaxxer.hikari.pool.HikariPool - HikariPool-1 - keepalive: connection com.mysql.cj.jdbc.ConnectionImpl@6e4b3f78 is alive
2026-04-01 00:22:36 [HikariPool-1:housekeeper] DEBUG com.zaxxer.hikari.pool.HikariPool - HikariPool-1 - keepalive: connection com.mysql.cj.jdbc.ConnectionImpl@6d2b35d6 is alive
2026-04-01 00:22:40 [HikariPool-1:housekeeper] DEBUG com.zaxxer.hikari.pool.HikariPool - HikariPool-1 - keepalive: connection com.mysql.cj.jdbc.ConnectionImpl@3f450c67 is alive
2026-04-01 00:22:44 [HikariPool-1:housekeeper] DEBUG com.zaxxer.hikari.pool.HikariPool - HikariPool-1 - keepalive: connection com.mysql.cj.jdbc.ConnectionImpl@4dea5d6a is alive
2026-04-01 00:22:47 [HikariPool-1:housekeeper] DEBUG com.zaxxer.hikari.pool.HikariPool - HikariPool-1 - keepalive: connection com.mysql.cj.jdbc.ConnectionImpl@367cfba is alive
2026-04-01 00:22:54 [HikariPool-1:housekeeper] DEBUG com.zaxxer.hikari.pool.HikariPool - HikariPool-1 - keepalive: connection com.mysql.cj.jdbc.ConnectionImpl@26c7cde7 is alive
2026-04-01 00:23:01 [HikariPool-1:housekeeper] DEBUG com.zaxxer.hikari.pool.HikariPool - HikariPool-1 - Pool stats (total=20/20, idle=20/20, active=0, waiting=0)
2026-04-01 00:23:01 [HikariPool-1:housekeeper] DEBUG com.zaxxer.hikari.pool.HikariPool - HikariPool-1 - Fill pool skipped, pool has sufficient level or currently being filled.
2026-04-01 00:23:04 [HikariPool-1:housekeeper] DEBUG com.zaxxer.hikari.pool.HikariPool - HikariPool-1 - keepalive: connection com.mysql.cj.jdbc.ConnectionImpl@78907ac3 is alive
2026-04-01 00:23:08 [HikariPool-1:connection-closer] DEBUG com.zaxxer.hikari.pool.PoolBase - HikariPool-1 - Closing connection com.mysql.cj.jdbc.ConnectionImpl@7eec072e: (connection has passed maxLifetime)
2026-04-01 00:23:08 [HikariPool-1:connection-adder] DEBUG com.zaxxer.hikari.pool.PoolBase - HikariPool-1 - Attempting to create/setup new connection (d6d6ae8d-bfa1-4a10-a49f-82f79fe08c51)
2026-04-01 00:23:08 [HikariPool-1:connection-adder] DEBUG com.zaxxer.hikari.pool.PoolBase - HikariPool-1 - Established new connection (d6d6ae8d-bfa1-4a10-a49f-82f79fe08c51)
2026-04-01 00:23:08 [HikariPool-1:connection-adder] DEBUG com.zaxxer.hikari.pool.HikariPool - HikariPool-1 - Added connection com.mysql.cj.jdbc.ConnectionImpl@abe8a97
2026-04-01 00:23:21 [HikariPool-1:housekeeper] DEBUG com.zaxxer.hikari.pool.HikariPool - HikariPool-1 - keepalive: connection com.mysql.cj.jdbc.ConnectionImpl@2bb0012c is alive
2026-04-01 00:23:21 [HikariPool-1:housekeeper] DEBUG com.zaxxer.hikari.pool.HikariPool - HikariPool-1 - keepalive: connection com.mysql.cj.jdbc.ConnectionImpl@6c25a0e3 is alive
2026-04-01 00:23:30 [HikariPool-1:connection-closer] DEBUG com.zaxxer.hikari.pool.PoolBase - HikariPool-1 - Closing connection com.mysql.cj.jdbc.ConnectionImpl@367cfba: (connection has passed maxLifetime)
2026-04-01 00:23:30 [HikariPool-1:connection-adder] DEBUG com.zaxxer.hikari.pool.PoolBase - HikariPool-1 - Attempting to create/setup new connection (134c5a9f-f71b-444e-88db-eaab7b2fe58e)
2026-04-01 00:23:30 [HikariPool-1:connection-adder] DEBUG com.zaxxer.hikari.pool.PoolBase - HikariPool-1 - Established new connection (134c5a9f-f71b-444e-88db-eaab7b2fe58e)
2026-04-01 00:23:30 [HikariPool-1:connection-adder] DEBUG com.zaxxer.hikari.pool.HikariPool - HikariPool-1 - Added connection com.mysql.cj.jdbc.ConnectionImpl@4d3006e6
2026-04-01 00:23:31 [HikariPool-1:housekeeper] DEBUG com.zaxxer.hikari.pool.HikariPool - HikariPool-1 - Pool stats (total=20/20, idle=20/20, active=0, waiting=0)
2026-04-01 00:23:31 [HikariPool-1:housekeeper] DEBUG com.zaxxer.hikari.pool.HikariPool - HikariPool-1 - Fill pool skipped, pool has sufficient level or currently being filled.
2026-04-01 00:23:43 [HikariPool-1:housekeeper] DEBUG com.zaxxer.hikari.pool.HikariPool - HikariPool-1 - keepalive: connection com.mysql.cj.jdbc.ConnectionImpl@7c55f2c is alive
2026-04-01 00:23:44 [HikariPool-1:housekeeper] DEBUG com.zaxxer.hikari.pool.HikariPool - HikariPool-1 - keepalive: connection com.mysql.cj.jdbc.ConnectionImpl@425ac581 is alive
2026-04-01 00:23:56 [HikariPool-1:housekeeper] DEBUG com.zaxxer.hikari.pool.HikariPool - HikariPool-1 - keepalive: connection com.mysql.cj.jdbc.ConnectionImpl@5959228a is alive
2026-04-01 00:23:58 [HikariPool-1:housekeeper] DEBUG com.zaxxer.hikari.pool.HikariPool - HikariPool-1 - keepalive: connection com.mysql.cj.jdbc.ConnectionImpl@50cf965c is alive
2026-04-01 00:24:01 [HikariPool-1:housekeeper] DEBUG com.zaxxer.hikari.pool.HikariPool - HikariPool-1 - keepalive: connection com.mysql.cj.jdbc.ConnectionImpl@67fac7dc is alive
2026-04-01 00:24:01 [HikariPool-1:housekeeper] DEBUG com.zaxxer.hikari.pool.HikariPool - HikariPool-1 - Pool stats (total=20/20, idle=20/20, active=0, waiting=0)
2026-04-01 00:24:01 [HikariPool-1:housekeeper] DEBUG com.zaxxer.hikari.pool.HikariPool - HikariPool-1 - Fill pool skipped, pool has sufficient level or currently being filled.
2026-04-01 00:24:10 [HikariPool-1:housekeeper] DEBUG com.zaxxer.hikari.pool.HikariPool - HikariPool-1 - keepalive: connection com.mysql.cj.jdbc.ConnectionImpl@409c7104 is alive
2026-04-01 00:24:13 [HikariPool-1:housekeeper] DEBUG com.zaxxer.hikari.pool.HikariPool - HikariPool-1 - keepalive: connection com.mysql.cj.jdbc.ConnectionImpl@5da74afe is alive
2026-04-01 00:24:14 [HikariPool-1:housekeeper] DEBUG com.zaxxer.hikari.pool.HikariPool - HikariPool-1 - keepalive: connection com.mysql.cj.jdbc.ConnectionImpl@21ad43c5 is alive
2026-04-01 00:24:18 [HikariPool-1:housekeeper] DEBUG com.zaxxer.hikari.pool.HikariPool - HikariPool-1 - keepalive: connection com.mysql.cj.jdbc.ConnectionImpl@6d2b35d6 is alive
2026-04-01 00:24:18 [HikariPool-1:housekeeper] DEBUG com.zaxxer.hikari.pool.HikariPool - HikariPool-1 - keepalive: connection com.mysql.cj.jdbc.ConnectionImpl@2bde5b68 is alive
2026-04-01 00:24:27 [HikariPool-1:housekeeper] DEBUG com.zaxxer.hikari.pool.HikariPool - HikariPool-1 - keepalive: connection com.mysql.cj.jdbc.ConnectionImpl@4dea5d6a is alive
2026-04-01 00:24:30 [HikariPool-1:housekeeper] DEBUG com.zaxxer.hikari.pool.HikariPool - HikariPool-1 - keepalive: connection com.mysql.cj.jdbc.ConnectionImpl@7ad546e4 is alive
2026-04-01 00:24:31 [HikariPool-1:housekeeper] DEBUG com.zaxxer.hikari.pool.HikariPool - HikariPool-1 - Pool stats (total=20/20, idle=20/20, active=0, waiting=0)
2026-04-01 00:24:31 [HikariPool-1:housekeeper] DEBUG com.zaxxer.hikari.pool.HikariPool - HikariPool-1 - Fill pool skipped, pool has sufficient level or currently being filled.
2026-04-01 00:24:33 [HikariPool-1:housekeeper] DEBUG com.zaxxer.hikari.pool.HikariPool - HikariPool-1 - keepalive: connection com.mysql.cj.jdbc.ConnectionImpl@6e4b3f78 is alive
2026-04-01 00:24:38 [HikariPool-1:housekeeper] DEBUG com.zaxxer.hikari.pool.HikariPool - HikariPool-1 - keepalive: connection com.mysql.cj.jdbc.ConnectionImpl@3f450c67 is alive
2026-04-01 00:24:49 [HikariPool-1:housekeeper] DEBUG com.zaxxer.hikari.pool.HikariPool - HikariPool-1 - keepalive: connection com.mysql.cj.jdbc.ConnectionImpl@26c7cde7 is alive
2026-04-01 00:24:53 [HikariPool-1:housekeeper] DEBUG com.zaxxer.hikari.pool.HikariPool - HikariPool-1 - keepalive: connection com.mysql.cj.jdbc.ConnectionImpl@78907ac3 is alive
2026-04-01 00:24:59 [HikariPool-1:housekeeper] DEBUG com.zaxxer.hikari.pool.HikariPool - HikariPool-1 - keepalive: connection com.mysql.cj.jdbc.ConnectionImpl@abe8a97 is alive
2026-04-01 00:25:01 [HikariPool-1:connection-closer] DEBUG com.zaxxer.hikari.pool.PoolBase - HikariPool-1 - Closing connection com.mysql.cj.jdbc.ConnectionImpl@425ac581: (connection has passed maxLifetime)
2026-04-01 00:25:01 [HikariPool-1:connection-adder] DEBUG com.zaxxer.hikari.pool.PoolBase - HikariPool-1 - Attempting to create/setup new connection (25b45bdd-37b6-4412-ab78-d7f85ebee011)
2026-04-01 00:25:01 [HikariPool-1:connection-adder] DEBUG com.zaxxer.hikari.pool.PoolBase - HikariPool-1 - Established new connection (25b45bdd-37b6-4412-ab78-d7f85ebee011)
2026-04-01 00:25:01 [HikariPool-1:connection-adder] DEBUG com.zaxxer.hikari.pool.HikariPool - HikariPool-1 - Added connection com.mysql.cj.jdbc.ConnectionImpl@6a01f956
2026-04-01 00:25:01 [HikariPool-1:housekeeper] DEBUG com.zaxxer.hikari.pool.HikariPool - HikariPool-1 - Pool stats (total=20/20, idle=20/20, active=0, waiting=0)
2026-04-01 00:25:01 [HikariPool-1:housekeeper] DEBUG com.zaxxer.hikari.pool.HikariPool - HikariPool-1 - Fill pool skipped, pool has sufficient level or currently being filled.
2026-04-01 00:25:04 [HikariPool-1:housekeeper] DEBUG com.zaxxer.hikari.pool.HikariPool - HikariPool-1 - keepalive: connection com.mysql.cj.jdbc.ConnectionImpl@2bb0012c is alive
2026-04-01 00:25:06 [HikariPool-1:housekeeper] DEBUG com.zaxxer.hikari.pool.HikariPool - HikariPool-1 - keepalive: connection com.mysql.cj.jdbc.ConnectionImpl@6c25a0e3 is alive
2026-04-01 00:25:30 [HikariPool-1:housekeeper] DEBUG com.zaxxer.hikari.pool.HikariPool - HikariPool-1 - keepalive: connection com.mysql.cj.jdbc.ConnectionImpl@4d3006e6 is alive
2026-04-01 00:25:31 [HikariPool-1:housekeeper] DEBUG com.zaxxer.hikari.pool.HikariPool - HikariPool-1 - Pool stats (total=20/20, idle=20/20, active=0, waiting=0)
2026-04-01 00:25:31 [HikariPool-1:housekeeper] DEBUG com.zaxxer.hikari.pool.HikariPool - HikariPool-1 - Fill pool skipped, pool has sufficient level or currently being filled.
2026-04-01 00:25:42 [HikariPool-1:housekeeper] DEBUG com.zaxxer.hikari.pool.HikariPool - HikariPool-1 - keepalive: connection com.mysql.cj.jdbc.ConnectionImpl@7c55f2c is alive
2026-04-01 00:25:42 [HikariPool-1:housekeeper] DEBUG com.zaxxer.hikari.pool.HikariPool - HikariPool-1 - keepalive: connection com.mysql.cj.jdbc.ConnectionImpl@67fac7dc is alive
2026-04-01 00:25:47 [HikariPool-1:housekeeper] DEBUG com.zaxxer.hikari.pool.HikariPool - HikariPool-1 - keepalive: connection com.mysql.cj.jdbc.ConnectionImpl@409c7104 is alive
2026-04-01 00:25:48 [HikariPool-1:housekeeper] DEBUG com.zaxxer.hikari.pool.HikariPool - HikariPool-1 - keepalive: connection com.mysql.cj.jdbc.ConnectionImpl@5959228a is alive
2026-04-01 00:25:53 [HikariPool-1:housekeeper] DEBUG com.zaxxer.hikari.pool.HikariPool - HikariPool-1 - keepalive: connection com.mysql.cj.jdbc.ConnectionImpl@5da74afe is alive
2026-04-01 00:25:54 [HikariPool-1:housekeeper] DEBUG com.zaxxer.hikari.pool.HikariPool - HikariPool-1 - keepalive: connection com.mysql.cj.jdbc.ConnectionImpl@50cf965c is alive
2026-04-01 00:25:59 [HikariPool-1:housekeeper] DEBUG com.zaxxer.hikari.pool.HikariPool - HikariPool-1 - keepalive: connection com.mysql.cj.jdbc.ConnectionImpl@6d2b35d6 is alive
2026-04-01 00:26:01 [HikariPool-1:housekeeper] DEBUG com.zaxxer.hikari.pool.HikariPool - HikariPool-1 - Pool stats (total=20/20, idle=20/20, active=0, waiting=0)
2026-04-01 00:26:01 [HikariPool-1:housekeeper] DEBUG com.zaxxer.hikari.pool.HikariPool - HikariPool-1 - Fill pool skipped, pool has sufficient level or currently being filled.
2026-04-01 00:26:10 [HikariPool-1:housekeeper] DEBUG com.zaxxer.hikari.pool.HikariPool - HikariPool-1 - keepalive: connection com.mysql.cj.jdbc.ConnectionImpl@21ad43c5 is alive
2026-04-01 00:26:11 [HikariPool-1:housekeeper] DEBUG com.zaxxer.hikari.pool.HikariPool - HikariPool-1 - keepalive: connection com.mysql.cj.jdbc.ConnectionImpl@4dea5d6a is alive
2026-04-01 00:26:17 [HikariPool-1:housekeeper] DEBUG com.zaxxer.hikari.pool.HikariPool - HikariPool-1 - keepalive: connection com.mysql.cj.jdbc.ConnectionImpl@2bde5b68 is alive
2026-04-01 00:26:29 [HikariPool-1:housekeeper] DEBUG com.zaxxer.hikari.pool.HikariPool - HikariPool-1 - keepalive: connection com.mysql.cj.jdbc.ConnectionImpl@7ad546e4 is alive
2026-04-01 00:26:30 [HikariPool-1:housekeeper] DEBUG com.zaxxer.hikari.pool.HikariPool - HikariPool-1 - keepalive: connection com.mysql.cj.jdbc.ConnectionImpl@6e4b3f78 is alive
2026-04-01 00:26:31 [HikariPool-1:housekeeper] DEBUG com.zaxxer.hikari.pool.HikariPool - HikariPool-1 - Pool stats (total=20/20, idle=20/20, active=0, waiting=0)
2026-04-01 00:26:31 [HikariPool-1:housekeeper] DEBUG com.zaxxer.hikari.pool.HikariPool - HikariPool-1 - Fill pool skipped, pool has sufficient level or currently being filled.
2026-04-01 00:26:36 [HikariPool-1:housekeeper] DEBUG com.zaxxer.hikari.pool.HikariPool - HikariPool-1 - keepalive: connection com.mysql.cj.jdbc.ConnectionImpl@3f450c67 is alive
2026-04-01 00:26:40 [HikariPool-1:housekeeper] DEBUG com.zaxxer.hikari.pool.HikariPool - HikariPool-1 - keepalive: connection com.mysql.cj.jdbc.ConnectionImpl@6a01f956 is alive
2026-04-01 00:26:41 [HikariPool-1:housekeeper] DEBUG com.zaxxer.hikari.pool.HikariPool - HikariPool-1 - keepalive: connection com.mysql.cj.jdbc.ConnectionImpl@78907ac3 is alive
2026-04-01 00:26:41 [HikariPool-1:connection-closer] DEBUG com.zaxxer.hikari.pool.PoolBase - HikariPool-1 - Closing connection com.mysql.cj.jdbc.ConnectionImpl@21ad43c5: (connection has passed maxLifetime)
2026-04-01 00:26:41 [HikariPool-1:connection-adder] DEBUG com.zaxxer.hikari.pool.PoolBase - HikariPool-1 - Attempting to create/setup new connection (2ffbea2c-9788-4a6a-ab04-c4c94c3150d3)
2026-04-01 00:26:41 [HikariPool-1:connection-adder] DEBUG com.zaxxer.hikari.pool.PoolBase - HikariPool-1 - Established new connection (2ffbea2c-9788-4a6a-ab04-c4c94c3150d3)
2026-04-01 00:26:41 [HikariPool-1:connection-adder] DEBUG com.zaxxer.hikari.pool.HikariPool - HikariPool-1 - Added connection com.mysql.cj.jdbc.ConnectionImpl@3d12ec81
2026-04-01 00:26:44 [HikariPool-1:housekeeper] DEBUG com.zaxxer.hikari.pool.HikariPool - HikariPool-1 - keepalive: connection com.mysql.cj.jdbc.ConnectionImpl@26c7cde7 is alive
2026-04-01 00:26:47 [HikariPool-1:housekeeper] DEBUG com.zaxxer.hikari.pool.HikariPool - HikariPool-1 - keepalive: connection com.mysql.cj.jdbc.ConnectionImpl@2bb0012c is alive
2026-04-01 00:26:51 [HikariPool-1:housekeeper] DEBUG com.zaxxer.hikari.pool.HikariPool - HikariPool-1 - keepalive: connection com.mysql.cj.jdbc.ConnectionImpl@abe8a97 is alive
2026-04-01 00:26:51 [HikariPool-1:connection-closer] DEBUG com.zaxxer.hikari.pool.PoolBase - HikariPool-1 - Closing connection com.mysql.cj.jdbc.ConnectionImpl@50cf965c: (connection has passed maxLifetime)
2026-04-01 00:26:51 [HikariPool-1:connection-adder] DEBUG com.zaxxer.hikari.pool.PoolBase - HikariPool-1 - Attempting to create/setup new connection (2dcd85e6-6b81-413b-ba81-5e51fdbc447b)
2026-04-01 00:26:51 [HikariPool-1:connection-adder] DEBUG com.zaxxer.hikari.pool.PoolBase - HikariPool-1 - Established new connection (2dcd85e6-6b81-413b-ba81-5e51fdbc447b)
2026-04-01 00:26:51 [HikariPool-1:connection-adder] DEBUG com.zaxxer.hikari.pool.HikariPool - HikariPool-1 - Added connection com.mysql.cj.jdbc.ConnectionImpl@349e45c9
2026-04-01 00:26:52 [HikariPool-1:housekeeper] DEBUG com.zaxxer.hikari.pool.HikariPool - HikariPool-1 - keepalive: connection com.mysql.cj.jdbc.ConnectionImpl@6c25a0e3 is alive
2026-04-01 00:27:01 [HikariPool-1:housekeeper] DEBUG com.zaxxer.hikari.pool.HikariPool - HikariPool-1 - Pool stats (total=20/20, idle=20/20, active=0, waiting=0)
2026-04-01 00:27:01 [HikariPool-1:housekeeper] DEBUG com.zaxxer.hikari.pool.HikariPool - HikariPool-1 - Fill pool skipped, pool has sufficient level or currently being filled.
2026-04-01 00:27:23 [HikariPool-1:housekeeper] DEBUG com.zaxxer.hikari.pool.HikariPool - HikariPool-1 - keepalive: connection com.mysql.cj.jdbc.ConnectionImpl@409c7104 is alive
2026-04-01 00:27:24 [HikariPool-1:housekeeper] DEBUG com.zaxxer.hikari.pool.HikariPool - HikariPool-1 - keepalive: connection com.mysql.cj.jdbc.ConnectionImpl@67fac7dc is alive
2026-04-01 00:27:30 [HikariPool-1:connection-closer] DEBUG com.zaxxer.hikari.pool.PoolBase - HikariPool-1 - Closing connection com.mysql.cj.jdbc.ConnectionImpl@6e4b3f78: (connection has passed maxLifetime)
2026-04-01 00:27:30 [HikariPool-1:connection-adder] DEBUG com.zaxxer.hikari.pool.PoolBase - HikariPool-1 - Attempting to create/setup new connection (908345ba-c870-4dba-b708-6f486d251664)
2026-04-01 00:27:30 [HikariPool-1:connection-adder] DEBUG com.zaxxer.hikari.pool.PoolBase - HikariPool-1 - Established new connection (908345ba-c870-4dba-b708-6f486d251664)
2026-04-01 00:27:30 [HikariPool-1:connection-adder] DEBUG com.zaxxer.hikari.pool.HikariPool - HikariPool-1 - Added connection com.mysql.cj.jdbc.ConnectionImpl@6be4b302
2026-04-01 00:27:30 [HikariPool-1:housekeeper] DEBUG com.zaxxer.hikari.pool.HikariPool - HikariPool-1 - keepalive: connection com.mysql.cj.jdbc.ConnectionImpl@4d3006e6 is alive
2026-04-01 00:27:31 [HikariPool-1:housekeeper] DEBUG com.zaxxer.hikari.pool.HikariPool - HikariPool-1 - Pool stats (total=20/20, idle=20/20, active=0, waiting=0)
2026-04-01 00:27:31 [HikariPool-1:housekeeper] DEBUG com.zaxxer.hikari.pool.HikariPool - HikariPool-1 - Fill pool skipped, pool has sufficient level or currently being filled.
2026-04-01 00:27:33 [HikariPool-1:housekeeper] DEBUG com.zaxxer.hikari.pool.HikariPool - HikariPool-1 - keepalive: connection com.mysql.cj.jdbc.ConnectionImpl@5da74afe is alive
2026-04-01 00:27:40 [HikariPool-1:housekeeper] DEBUG com.zaxxer.hikari.pool.HikariPool - HikariPool-1 - keepalive: connection com.mysql.cj.jdbc.ConnectionImpl@6d2b35d6 is alive
2026-04-01 00:27:40 [HikariPool-1:housekeeper] DEBUG com.zaxxer.hikari.pool.HikariPool - HikariPool-1 - keepalive: connection com.mysql.cj.jdbc.ConnectionImpl@5959228a is alive
2026-04-01 00:27:41 [HikariPool-1:housekeeper] DEBUG com.zaxxer.hikari.pool.HikariPool - HikariPool-1 - keepalive: connection com.mysql.cj.jdbc.ConnectionImpl@7c55f2c is alive
2026-04-01 00:27:55 [HikariPool-1:housekeeper] DEBUG com.zaxxer.hikari.pool.HikariPool - HikariPool-1 - keepalive: connection com.mysql.cj.jdbc.ConnectionImpl@4dea5d6a is alive
2026-04-01 00:28:01 [HikariPool-1:housekeeper] DEBUG com.zaxxer.hikari.pool.HikariPool - HikariPool-1 - Pool stats (total=20/20, idle=20/20, active=0, waiting=0)
2026-04-01 00:28:01 [HikariPool-1:housekeeper] DEBUG com.zaxxer.hikari.pool.HikariPool - HikariPool-1 - Fill pool skipped, pool has sufficient level or currently being filled.
2026-04-01 00:28:16 [HikariPool-1:housekeeper] DEBUG com.zaxxer.hikari.pool.HikariPool - HikariPool-1 - keepalive: connection com.mysql.cj.jdbc.ConnectionImpl@2bde5b68 is alive
2026-04-01 00:28:19 [HikariPool-1:housekeeper] DEBUG com.zaxxer.hikari.pool.HikariPool - HikariPool-1 - keepalive: connection com.mysql.cj.jdbc.ConnectionImpl@6a01f956 is alive
2026-04-01 00:28:29 [HikariPool-1:housekeeper] DEBUG com.zaxxer.hikari.pool.HikariPool - HikariPool-1 - keepalive: connection com.mysql.cj.jdbc.ConnectionImpl@7ad546e4 is alive
2026-04-01 00:28:30 [HikariPool-1:housekeeper] DEBUG com.zaxxer.hikari.pool.HikariPool - HikariPool-1 - keepalive: connection com.mysql.cj.jdbc.ConnectionImpl@2bb0012c is alive
2026-04-01 00:28:30 [HikariPool-1:housekeeper] DEBUG com.zaxxer.hikari.pool.HikariPool - HikariPool-1 - keepalive: connection com.mysql.cj.jdbc.ConnectionImpl@78907ac3 is alive
2026-04-01 00:28:31 [HikariPool-1:housekeeper] DEBUG com.zaxxer.hikari.pool.HikariPool - HikariPool-1 - Pool stats (total=20/20, idle=20/20, active=0, waiting=0)
2026-04-01 00:28:31 [HikariPool-1:housekeeper] DEBUG com.zaxxer.hikari.pool.HikariPool - HikariPool-1 - Fill pool skipped, pool has sufficient level or currently being filled.
2026-04-01 00:28:35 [HikariPool-1:housekeeper] DEBUG com.zaxxer.hikari.pool.HikariPool - HikariPool-1 - keepalive: connection com.mysql.cj.jdbc.ConnectionImpl@3f450c67 is alive
2026-04-01 00:28:36 [HikariPool-1:housekeeper] DEBUG com.zaxxer.hikari.pool.HikariPool - HikariPool-1 - keepalive: connection com.mysql.cj.jdbc.ConnectionImpl@349e45c9 is alive
2026-04-01 00:28:37 [HikariPool-1:housekeeper] DEBUG com.zaxxer.hikari.pool.HikariPool - HikariPool-1 - keepalive: connection com.mysql.cj.jdbc.ConnectionImpl@6c25a0e3 is alive
2026-04-01 00:28:39 [HikariPool-1:housekeeper] DEBUG com.zaxxer.hikari.pool.HikariPool - HikariPool-1 - keepalive: connection com.mysql.cj.jdbc.ConnectionImpl@26c7cde7 is alive
2026-04-01 00:28:41 [HikariPool-1:housekeeper] DEBUG com.zaxxer.hikari.pool.HikariPool - HikariPool-1 - keepalive: connection com.mysql.cj.jdbc.ConnectionImpl@3d12ec81 is alive
2026-04-01 00:28:43 [HikariPool-1:housekeeper] DEBUG com.zaxxer.hikari.pool.HikariPool - HikariPool-1 - keepalive: connection com.mysql.cj.jdbc.ConnectionImpl@abe8a97 is alive
2026-04-01 00:29:00 [HikariPool-1:housekeeper] DEBUG com.zaxxer.hikari.pool.HikariPool - HikariPool-1 - keepalive: connection com.mysql.cj.jdbc.ConnectionImpl@409c7104 is alive
2026-04-01 00:29:01 [HikariPool-1:housekeeper] DEBUG com.zaxxer.hikari.pool.HikariPool - HikariPool-1 - Pool stats (total=20/20, idle=20/20, active=0, waiting=0)
2026-04-01 00:29:01 [HikariPool-1:housekeeper] DEBUG com.zaxxer.hikari.pool.HikariPool - HikariPool-1 - Fill pool skipped, pool has sufficient level or currently being filled.
2026-04-01 00:29:05 [HikariPool-1:housekeeper] DEBUG com.zaxxer.hikari.pool.HikariPool - HikariPool-1 - keepalive: connection com.mysql.cj.jdbc.ConnectionImpl@67fac7dc is alive
2026-04-01 00:29:12 [HikariPool-1:housekeeper] DEBUG com.zaxxer.hikari.pool.HikariPool - HikariPool-1 - keepalive: connection com.mysql.cj.jdbc.ConnectionImpl@6be4b302 is alive
2026-04-01 00:29:13 [HikariPool-1:housekeeper] DEBUG com.zaxxer.hikari.pool.HikariPool - HikariPool-1 - keepalive: connection com.mysql.cj.jdbc.ConnectionImpl@5da74afe is alive
2026-04-01 00:29:21 [HikariPool-1:housekeeper] DEBUG com.zaxxer.hikari.pool.HikariPool - HikariPool-1 - keepalive: connection com.mysql.cj.jdbc.ConnectionImpl@6d2b35d6 is alive
2026-04-01 00:29:29 [HikariPool-1:housekeeper] DEBUG com.zaxxer.hikari.pool.HikariPool - HikariPool-1 - keepalive: connection com.mysql.cj.jdbc.ConnectionImpl@4d3006e6 is alive
2026-04-01 00:29:31 [HikariPool-1:housekeeper] DEBUG com.zaxxer.hikari.pool.HikariPool - HikariPool-1 - Pool stats (total=20/20, idle=20/20, active=0, waiting=0)
2026-04-01 00:29:31 [HikariPool-1:housekeeper] DEBUG com.zaxxer.hikari.pool.HikariPool - HikariPool-1 - Fill pool skipped, pool has sufficient level or currently being filled.
2026-04-01 00:29:32 [HikariPool-1:housekeeper] DEBUG com.zaxxer.hikari.pool.HikariPool - HikariPool-1 - keepalive: connection com.mysql.cj.jdbc.ConnectionImpl@5959228a is alive
2026-04-01 00:29:39 [HikariPool-1:housekeeper] DEBUG com.zaxxer.hikari.pool.HikariPool - HikariPool-1 - keepalive: connection com.mysql.cj.jdbc.ConnectionImpl@4dea5d6a is alive
2026-04-01 00:29:41 [HikariPool-1:housekeeper] DEBUG com.zaxxer.hikari.pool.HikariPool - HikariPool-1 - keepalive: connection com.mysql.cj.jdbc.ConnectionImpl@7c55f2c is alive
2026-04-01 00:29:58 [HikariPool-1:housekeeper] DEBUG com.zaxxer.hikari.pool.HikariPool - HikariPool-1 - keepalive: connection com.mysql.cj.jdbc.ConnectionImpl@6a01f956 is alive
2026-04-01 00:30:01 [HikariPool-1:housekeeper] DEBUG com.zaxxer.hikari.pool.HikariPool - HikariPool-1 - Pool stats (total=20/20, idle=20/20, active=0, waiting=0)
2026-04-01 00:30:01 [HikariPool-1:housekeeper] DEBUG com.zaxxer.hikari.pool.HikariPool - HikariPool-1 - Fill pool skipped, pool has sufficient level or currently being filled.
2026-04-01 00:30:13 [HikariPool-1:housekeeper] DEBUG com.zaxxer.hikari.pool.HikariPool - HikariPool-1 - keepalive: connection com.mysql.cj.jdbc.ConnectionImpl@2bb0012c is alive
2026-04-01 00:30:15 [HikariPool-1:housekeeper] DEBUG com.zaxxer.hikari.pool.HikariPool - HikariPool-1 - keepalive: connection com.mysql.cj.jdbc.ConnectionImpl@2bde5b68 is alive
2026-04-01 00:30:18 [HikariPool-1:housekeeper] DEBUG com.zaxxer.hikari.pool.HikariPool - HikariPool-1 - keepalive: connection com.mysql.cj.jdbc.ConnectionImpl@78907ac3 is alive
2026-04-01 00:30:21 [HikariPool-1:housekeeper] DEBUG com.zaxxer.hikari.pool.HikariPool - HikariPool-1 - keepalive: connection com.mysql.cj.jdbc.ConnectionImpl@349e45c9 is alive
2026-04-01 00:30:23 [HikariPool-1:housekeeper] DEBUG com.zaxxer.hikari.pool.HikariPool - HikariPool-1 - keepalive: connection com.mysql.cj.jdbc.ConnectionImpl@6c25a0e3 is alive
2026-04-01 00:30:28 [HikariPool-1:housekeeper] DEBUG com.zaxxer.hikari.pool.HikariPool - HikariPool-1 - keepalive: connection com.mysql.cj.jdbc.ConnectionImpl@7ad546e4 is alive
2026-04-01 00:30:31 [HikariPool-1:housekeeper] DEBUG com.zaxxer.hikari.pool.HikariPool - HikariPool-1 - Pool stats (total=20/20, idle=20/20, active=0, waiting=0)
2026-04-01 00:30:31 [HikariPool-1:housekeeper] DEBUG com.zaxxer.hikari.pool.HikariPool - HikariPool-1 - Fill pool skipped, pool has sufficient level or currently being filled.
2026-04-01 00:30:33 [HikariPool-1:housekeeper] DEBUG com.zaxxer.hikari.pool.HikariPool - HikariPool-1 - keepalive: connection com.mysql.cj.jdbc.ConnectionImpl@3f450c67 is alive
2026-04-01 00:30:34 [HikariPool-1:housekeeper] DEBUG com.zaxxer.hikari.pool.HikariPool - HikariPool-1 - keepalive: connection com.mysql.cj.jdbc.ConnectionImpl@26c7cde7 is alive
2026-04-01 00:30:35 [HikariPool-1:housekeeper] DEBUG com.zaxxer.hikari.pool.HikariPool - HikariPool-1 - keepalive: connection com.mysql.cj.jdbc.ConnectionImpl@abe8a97 is alive
2026-04-01 00:30:37 [HikariPool-1:housekeeper] DEBUG com.zaxxer.hikari.pool.HikariPool - HikariPool-1 - keepalive: connection com.mysql.cj.jdbc.ConnectionImpl@409c7104 is alive
2026-04-01 00:30:41 [HikariPool-1:housekeeper] DEBUG com.zaxxer.hikari.pool.HikariPool - HikariPool-1 - keepalive: connection com.mysql.cj.jdbc.ConnectionImpl@3d12ec81 is alive
2026-04-01 00:30:47 [HikariPool-1:housekeeper] DEBUG com.zaxxer.hikari.pool.HikariPool - HikariPool-1 - keepalive: connection com.mysql.cj.jdbc.ConnectionImpl@67fac7dc is alive
2026-04-01 00:30:53 [HikariPool-1:housekeeper] DEBUG com.zaxxer.hikari.pool.HikariPool - HikariPool-1 - keepalive: connection com.mysql.cj.jdbc.ConnectionImpl@5da74afe is alive
2026-04-01 00:30:54 [HikariPool-1:housekeeper] DEBUG com.zaxxer.hikari.pool.HikariPool - HikariPool-1 - keepalive: connection com.mysql.cj.jdbc.ConnectionImpl@6be4b302 is alive
2026-04-01 00:31:01 [HikariPool-1:housekeeper] DEBUG com.zaxxer.hikari.pool.HikariPool - HikariPool-1 - Pool stats (total=20/20, idle=20/20, active=0, waiting=0)
2026-04-01 00:31:01 [HikariPool-1:housekeeper] DEBUG com.zaxxer.hikari.pool.HikariPool - HikariPool-1 - Fill pool skipped, pool has sufficient level or currently being filled.
2026-04-01 00:31:02 [HikariPool-1:housekeeper] DEBUG com.zaxxer.hikari.pool.HikariPool - HikariPool-1 - keepalive: connection com.mysql.cj.jdbc.ConnectionImpl@6d2b35d6 is alive
2026-04-01 00:31:22 [HikariPool-1:housekeeper] DEBUG com.zaxxer.hikari.pool.HikariPool - HikariPool-1 - keepalive: connection com.mysql.cj.jdbc.ConnectionImpl@4dea5d6a is alive
2026-04-01 00:31:24 [HikariPool-1:housekeeper] DEBUG com.zaxxer.hikari.pool.HikariPool - HikariPool-1 - keepalive: connection com.mysql.cj.jdbc.ConnectionImpl@5959228a is alive
2026-04-01 00:31:29 [HikariPool-1:housekeeper] DEBUG com.zaxxer.hikari.pool.HikariPool - HikariPool-1 - keepalive: connection com.mysql.cj.jdbc.ConnectionImpl@4d3006e6 is alive
2026-04-01 00:31:31 [HikariPool-1:housekeeper] DEBUG com.zaxxer.hikari.pool.HikariPool - HikariPool-1 - Pool stats (total=20/20, idle=20/20, active=0, waiting=0)
2026-04-01 00:31:31 [HikariPool-1:housekeeper] DEBUG com.zaxxer.hikari.pool.HikariPool - HikariPool-1 - Fill pool skipped, pool has sufficient level or currently being filled.
2026-04-01 00:31:37 [HikariPool-1:housekeeper] DEBUG com.zaxxer.hikari.pool.HikariPool - HikariPool-1 - keepalive: connection com.mysql.cj.jdbc.ConnectionImpl@6a01f956 is alive
2026-04-01 00:31:40 [HikariPool-1:housekeeper] DEBUG com.zaxxer.hikari.pool.HikariPool - HikariPool-1 - keepalive: connection com.mysql.cj.jdbc.ConnectionImpl@7c55f2c is alive
2026-04-01 00:31:56 [HikariPool-1:housekeeper] DEBUG com.zaxxer.hikari.pool.HikariPool - HikariPool-1 - keepalive: connection com.mysql.cj.jdbc.ConnectionImpl@2bb0012c is alive
2026-04-01 00:32:01 [HikariPool-1:housekeeper] DEBUG com.zaxxer.hikari.pool.HikariPool - HikariPool-1 - Pool stats (total=20/20, idle=20/20, active=0, waiting=0)
2026-04-01 00:32:01 [HikariPool-1:housekeeper] DEBUG com.zaxxer.hikari.pool.HikariPool - HikariPool-1 - Fill pool skipped, pool has sufficient level or currently being filled.
2026-04-01 00:32:06 [HikariPool-1:housekeeper] DEBUG com.zaxxer.hikari.pool.HikariPool - HikariPool-1 - keepalive: connection com.mysql.cj.jdbc.ConnectionImpl@349e45c9 is alive
2026-04-01 00:32:07 [HikariPool-1:housekeeper] DEBUG com.zaxxer.hikari.pool.HikariPool - HikariPool-1 - keepalive: connection com.mysql.cj.jdbc.ConnectionImpl@78907ac3 is alive
2026-04-01 00:32:09 [HikariPool-1:housekeeper] DEBUG com.zaxxer.hikari.pool.HikariPool - HikariPool-1 - keepalive: connection com.mysql.cj.jdbc.ConnectionImpl@6c25a0e3 is alive
2026-04-01 00:32:13 [HikariPool-1:housekeeper] DEBUG com.zaxxer.hikari.pool.HikariPool - HikariPool-1 - keepalive: connection com.mysql.cj.jdbc.ConnectionImpl@409c7104 is alive
2026-04-01 00:32:14 [HikariPool-1:housekeeper] DEBUG com.zaxxer.hikari.pool.HikariPool - HikariPool-1 - keepalive: connection com.mysql.cj.jdbc.ConnectionImpl@2bde5b68 is alive
2026-04-01 00:32:26 [HikariPool-1:housekeeper] DEBUG com.zaxxer.hikari.pool.HikariPool - HikariPool-1 - keepalive: connection com.mysql.cj.jdbc.ConnectionImpl@abe8a97 is alive
2026-04-01 00:32:28 [HikariPool-1:housekeeper] DEBUG com.zaxxer.hikari.pool.HikariPool - HikariPool-1 - keepalive: connection com.mysql.cj.jdbc.ConnectionImpl@7ad546e4 is alive
2026-04-01 00:32:28 [HikariPool-1:housekeeper] DEBUG com.zaxxer.hikari.pool.HikariPool - HikariPool-1 - keepalive: connection com.mysql.cj.jdbc.ConnectionImpl@26c7cde7 is alive
2026-04-01 00:32:28 [HikariPool-1:housekeeper] DEBUG com.zaxxer.hikari.pool.HikariPool - HikariPool-1 - keepalive: connection com.mysql.cj.jdbc.ConnectionImpl@67fac7dc is alive
2026-04-01 00:32:31 [HikariPool-1:housekeeper] DEBUG com.zaxxer.hikari.pool.HikariPool - HikariPool-1 - Pool stats (total=20/20, idle=20/20, active=0, waiting=0)
2026-04-01 00:32:31 [HikariPool-1:housekeeper] DEBUG com.zaxxer.hikari.pool.HikariPool - HikariPool-1 - Fill pool skipped, pool has sufficient level or currently being filled.
2026-04-01 00:32:32 [HikariPool-1:housekeeper] DEBUG com.zaxxer.hikari.pool.HikariPool - HikariPool-1 - keepalive: connection com.mysql.cj.jdbc.ConnectionImpl@3f450c67 is alive
2026-04-01 00:32:33 [HikariPool-1:housekeeper] DEBUG com.zaxxer.hikari.pool.HikariPool - HikariPool-1 - keepalive: connection com.mysql.cj.jdbc.ConnectionImpl@5da74afe is alive
2026-04-01 00:32:36 [HikariPool-1:housekeeper] DEBUG com.zaxxer.hikari.pool.HikariPool - HikariPool-1 - keepalive: connection com.mysql.cj.jdbc.ConnectionImpl@6be4b302 is alive
2026-04-01 00:32:40 [HikariPool-1:housekeeper] DEBUG com.zaxxer.hikari.pool.HikariPool - HikariPool-1 - keepalive: connection com.mysql.cj.jdbc.ConnectionImpl@3d12ec81 is alive
2026-04-01 00:32:43 [HikariPool-1:housekeeper] DEBUG com.zaxxer.hikari.pool.HikariPool - HikariPool-1 - keepalive: connection com.mysql.cj.jdbc.ConnectionImpl@6d2b35d6 is alive
2026-04-01 00:33:01 [HikariPool-1:housekeeper] DEBUG com.zaxxer.hikari.pool.HikariPool - HikariPool-1 - Pool stats (total=20/20, idle=20/20, active=0, waiting=0)
2026-04-01 00:33:01 [HikariPool-1:housekeeper] DEBUG com.zaxxer.hikari.pool.HikariPool - HikariPool-1 - Fill pool skipped, pool has sufficient level or currently being filled.
2026-04-01 00:33:06 [HikariPool-1:housekeeper] DEBUG com.zaxxer.hikari.pool.HikariPool - HikariPool-1 - keepalive: connection com.mysql.cj.jdbc.ConnectionImpl@4dea5d6a is alive
2026-04-01 00:33:16 [HikariPool-1:housekeeper] DEBUG com.zaxxer.hikari.pool.HikariPool - HikariPool-1 - keepalive: connection com.mysql.cj.jdbc.ConnectionImpl@6a01f956 is alive
2026-04-01 00:33:16 [HikariPool-1:housekeeper] DEBUG com.zaxxer.hikari.pool.HikariPool - HikariPool-1 - keepalive: connection com.mysql.cj.jdbc.ConnectionImpl@5959228a is alive
2026-04-01 00:33:28 [HikariPool-1:housekeeper] DEBUG com.zaxxer.hikari.pool.HikariPool - HikariPool-1 - keepalive: connection com.mysql.cj.jdbc.ConnectionImpl@4d3006e6 is alive
2026-04-01 00:33:31 [HikariPool-1:housekeeper] DEBUG com.zaxxer.hikari.pool.HikariPool - HikariPool-1 - Pool stats (total=20/20, idle=20/20, active=0, waiting=0)
2026-04-01 00:33:31 [HikariPool-1:housekeeper] DEBUG com.zaxxer.hikari.pool.HikariPool - HikariPool-1 - Fill pool skipped, pool has sufficient level or currently being filled.
2026-04-01 00:33:39 [HikariPool-1:housekeeper] DEBUG com.zaxxer.hikari.pool.HikariPool - HikariPool-1 - keepalive: connection com.mysql.cj.jdbc.ConnectionImpl@2bb0012c is alive
2026-04-01 00:33:40 [HikariPool-1:housekeeper] DEBUG com.zaxxer.hikari.pool.HikariPool - HikariPool-1 - keepalive: connection com.mysql.cj.jdbc.ConnectionImpl@7c55f2c is alive
2026-04-01 00:33:50 [HikariPool-1:housekeeper] DEBUG com.zaxxer.hikari.pool.HikariPool - HikariPool-1 - keepalive: connection com.mysql.cj.jdbc.ConnectionImpl@409c7104 is alive
2026-04-01 00:33:51 [HikariPool-1:housekeeper] DEBUG com.zaxxer.hikari.pool.HikariPool - HikariPool-1 - keepalive: connection com.mysql.cj.jdbc.ConnectionImpl@349e45c9 is alive
2026-04-01 00:33:54 [HikariPool-1:housekeeper] DEBUG com.zaxxer.hikari.pool.HikariPool - HikariPool-1 - keepalive: connection com.mysql.cj.jdbc.ConnectionImpl@6c25a0e3 is alive
2026-04-01 00:33:56 [HikariPool-1:housekeeper] DEBUG com.zaxxer.hikari.pool.HikariPool - HikariPool-1 - keepalive: connection com.mysql.cj.jdbc.ConnectionImpl@78907ac3 is alive
2026-04-01 00:34:01 [HikariPool-1:housekeeper] DEBUG com.zaxxer.hikari.pool.HikariPool - HikariPool-1 - Pool stats (total=20/20, idle=20/20, active=0, waiting=0)
2026-04-01 00:34:01 [HikariPool-1:housekeeper] DEBUG com.zaxxer.hikari.pool.HikariPool - HikariPool-1 - Fill pool skipped, pool has sufficient level or currently being filled.
2026-04-01 00:34:10 [HikariPool-1:housekeeper] DEBUG com.zaxxer.hikari.pool.HikariPool - HikariPool-1 - keepalive: connection com.mysql.cj.jdbc.ConnectionImpl@67fac7dc is alive
2026-04-01 00:34:13 [HikariPool-1:housekeeper] DEBUG com.zaxxer.hikari.pool.HikariPool - HikariPool-1 - keepalive: connection com.mysql.cj.jdbc.ConnectionImpl@2bde5b68 is alive
2026-04-01 00:34:13 [HikariPool-1:housekeeper] DEBUG com.zaxxer.hikari.pool.HikariPool - HikariPool-1 - keepalive: connection com.mysql.cj.jdbc.ConnectionImpl@5da74afe is alive
2026-04-01 00:34:18 [HikariPool-1:housekeeper] DEBUG com.zaxxer.hikari.pool.HikariPool - HikariPool-1 - keepalive: connection com.mysql.cj.jdbc.ConnectionImpl@abe8a97 is alive
2026-04-01 00:34:19 [HikariPool-1:housekeeper] DEBUG com.zaxxer.hikari.pool.HikariPool - HikariPool-1 - keepalive: connection com.mysql.cj.jdbc.ConnectionImpl@6be4b302 is alive
2026-04-01 00:34:23 [HikariPool-1:housekeeper] DEBUG com.zaxxer.hikari.pool.HikariPool - HikariPool-1 - keepalive: connection com.mysql.cj.jdbc.ConnectionImpl@26c7cde7 is alive
2026-04-01 00:34:24 [HikariPool-1:housekeeper] DEBUG com.zaxxer.hikari.pool.HikariPool - HikariPool-1 - keepalive: connection com.mysql.cj.jdbc.ConnectionImpl@6d2b35d6 is alive
2026-04-01 00:34:27 [HikariPool-1:housekeeper] DEBUG com.zaxxer.hikari.pool.HikariPool - HikariPool-1 - keepalive: connection com.mysql.cj.jdbc.ConnectionImpl@7ad546e4 is alive
2026-04-01 00:34:30 [HikariPool-1:housekeeper] DEBUG com.zaxxer.hikari.pool.HikariPool - HikariPool-1 - keepalive: connection com.mysql.cj.jdbc.ConnectionImpl@3f450c67 is alive
2026-04-01 00:34:31 [HikariPool-1:housekeeper] DEBUG com.zaxxer.hikari.pool.HikariPool - HikariPool-1 - Pool stats (total=20/20, idle=20/20, active=0, waiting=0)
2026-04-01 00:34:31 [HikariPool-1:housekeeper] DEBUG com.zaxxer.hikari.pool.HikariPool - HikariPool-1 - Fill pool skipped, pool has sufficient level or currently being filled.
2026-04-01 00:34:40 [HikariPool-1:housekeeper] DEBUG com.zaxxer.hikari.pool.HikariPool - HikariPool-1 - keepalive: connection com.mysql.cj.jdbc.ConnectionImpl@3d12ec81 is alive
2026-04-01 00:34:50 [HikariPool-1:housekeeper] DEBUG com.zaxxer.hikari.pool.HikariPool - HikariPool-1 - keepalive: connection com.mysql.cj.jdbc.ConnectionImpl@4dea5d6a is alive
2026-04-01 00:34:55 [HikariPool-1:housekeeper] DEBUG com.zaxxer.hikari.pool.HikariPool - HikariPool-1 - keepalive: connection com.mysql.cj.jdbc.ConnectionImpl@6a01f956 is alive
2026-04-01 00:35:01 [HikariPool-1:housekeeper] DEBUG com.zaxxer.hikari.pool.HikariPool - HikariPool-1 - Pool stats (total=20/20, idle=20/20, active=0, waiting=0)
2026-04-01 00:35:01 [HikariPool-1:housekeeper] DEBUG com.zaxxer.hikari.pool.HikariPool - HikariPool-1 - Fill pool skipped, pool has sufficient level or currently being filled.
2026-04-01 00:35:08 [HikariPool-1:housekeeper] DEBUG com.zaxxer.hikari.pool.HikariPool - HikariPool-1 - keepalive: connection com.mysql.cj.jdbc.ConnectionImpl@5959228a is alive
2026-04-01 00:35:22 [HikariPool-1:housekeeper] DEBUG com.zaxxer.hikari.pool.HikariPool - HikariPool-1 - keepalive: connection com.mysql.cj.jdbc.ConnectionImpl@2bb0012c is alive
2026-04-01 00:35:22 [HikariPool-1:connection-closer] DEBUG com.zaxxer.hikari.pool.PoolBase - HikariPool-1 - Closing connection com.mysql.cj.jdbc.ConnectionImpl@7ad546e4: (connection has passed maxLifetime)
2026-04-01 00:35:22 [HikariPool-1:connection-adder] DEBUG com.zaxxer.hikari.pool.PoolBase - HikariPool-1 - Attempting to create/setup new connection (a0a6d2b5-d53c-4702-8afb-a59bbcf938c5)
2026-04-01 00:35:22 [HikariPool-1:connection-adder] DEBUG com.zaxxer.hikari.pool.PoolBase - HikariPool-1 - Established new connection (a0a6d2b5-d53c-4702-8afb-a59bbcf938c5)
2026-04-01 00:35:22 [HikariPool-1:connection-adder] DEBUG com.zaxxer.hikari.pool.HikariPool - HikariPool-1 - Added connection com.mysql.cj.jdbc.ConnectionImpl@27c5ee09
2026-04-01 00:35:27 [HikariPool-1:housekeeper] DEBUG com.zaxxer.hikari.pool.HikariPool - HikariPool-1 - keepalive: connection com.mysql.cj.jdbc.ConnectionImpl@409c7104 is alive
2026-04-01 00:35:28 [HikariPool-1:housekeeper] DEBUG com.zaxxer.hikari.pool.HikariPool - HikariPool-1 - keepalive: connection com.mysql.cj.jdbc.ConnectionImpl@4d3006e6 is alive
2026-04-01 00:35:31 [HikariPool-1:housekeeper] DEBUG com.zaxxer.hikari.pool.HikariPool - HikariPool-1 - Pool stats (total=20/20, idle=20/20, active=0, waiting=0)
2026-04-01 00:35:31 [HikariPool-1:housekeeper] DEBUG com.zaxxer.hikari.pool.HikariPool - HikariPool-1 - Fill pool skipped, pool has sufficient level or currently being filled.
2026-04-01 00:35:35 [HikariPool-1:housekeeper] DEBUG com.zaxxer.hikari.pool.HikariPool - HikariPool-1 - keepalive: connection com.mysql.cj.jdbc.ConnectionImpl@349e45c9 is alive
2026-04-01 00:35:39 [HikariPool-1:housekeeper] DEBUG com.zaxxer.hikari.pool.HikariPool - HikariPool-1 - keepalive: connection com.mysql.cj.jdbc.ConnectionImpl@7c55f2c is alive
2026-04-01 00:35:40 [HikariPool-1:housekeeper] DEBUG com.zaxxer.hikari.pool.HikariPool - HikariPool-1 - keepalive: connection com.mysql.cj.jdbc.ConnectionImpl@6c25a0e3 is alive
2026-04-01 00:35:44 [HikariPool-1:housekeeper] DEBUG com.zaxxer.hikari.pool.HikariPool - HikariPool-1 - keepalive: connection com.mysql.cj.jdbc.ConnectionImpl@78907ac3 is alive
2026-04-01 00:35:52 [HikariPool-1:housekeeper] DEBUG com.zaxxer.hikari.pool.HikariPool - HikariPool-1 - keepalive: connection com.mysql.cj.jdbc.ConnectionImpl@67fac7dc is alive
2026-04-01 00:35:53 [HikariPool-1:housekeeper] DEBUG com.zaxxer.hikari.pool.HikariPool - HikariPool-1 - keepalive: connection com.mysql.cj.jdbc.ConnectionImpl@5da74afe is alive
2026-04-01 00:36:01 [HikariPool-1:housekeeper] DEBUG com.zaxxer.hikari.pool.HikariPool - HikariPool-1 - keepalive: connection com.mysql.cj.jdbc.ConnectionImpl@6be4b302 is alive
2026-04-01 00:36:01 [HikariPool-1:housekeeper] DEBUG com.zaxxer.hikari.pool.HikariPool - HikariPool-1 - Pool stats (total=20/20, idle=20/20, active=0, waiting=0)
2026-04-01 00:36:01 [HikariPool-1:housekeeper] DEBUG com.zaxxer.hikari.pool.HikariPool - HikariPool-1 - Fill pool skipped, pool has sufficient level or currently being filled.
2026-04-01 00:36:06 [HikariPool-1:housekeeper] DEBUG com.zaxxer.hikari.pool.HikariPool - HikariPool-1 - keepalive: connection com.mysql.cj.jdbc.ConnectionImpl@6d2b35d6 is alive
2026-04-01 00:36:10 [HikariPool-1:housekeeper] DEBUG com.zaxxer.hikari.pool.HikariPool - HikariPool-1 - keepalive: connection com.mysql.cj.jdbc.ConnectionImpl@abe8a97 is alive
2026-04-01 00:36:12 [HikariPool-1:housekeeper] DEBUG com.zaxxer.hikari.pool.HikariPool - HikariPool-1 - keepalive: connection com.mysql.cj.jdbc.ConnectionImpl@2bde5b68 is alive
2026-04-01 00:36:18 [HikariPool-1:housekeeper] DEBUG com.zaxxer.hikari.pool.HikariPool - HikariPool-1 - keepalive: connection com.mysql.cj.jdbc.ConnectionImpl@26c7cde7 is alive
2026-04-01 00:36:28 [HikariPool-1:housekeeper] DEBUG com.zaxxer.hikari.pool.HikariPool - HikariPool-1 - keepalive: connection com.mysql.cj.jdbc.ConnectionImpl@3f450c67 is alive
2026-04-01 00:36:31 [HikariPool-1:housekeeper] DEBUG com.zaxxer.hikari.pool.HikariPool - HikariPool-1 - Pool stats (total=20/20, idle=20/20, active=0, waiting=0)
2026-04-01 00:36:31 [HikariPool-1:housekeeper] DEBUG com.zaxxer.hikari.pool.HikariPool - HikariPool-1 - Fill pool skipped, pool has sufficient level or currently being filled.
2026-04-01 00:36:34 [HikariPool-1:housekeeper] DEBUG com.zaxxer.hikari.pool.HikariPool - HikariPool-1 - keepalive: connection com.mysql.cj.jdbc.ConnectionImpl@4dea5d6a is alive
2026-04-01 00:36:34 [HikariPool-1:housekeeper] DEBUG com.zaxxer.hikari.pool.HikariPool - HikariPool-1 - keepalive: connection com.mysql.cj.jdbc.ConnectionImpl@6a01f956 is alive
2026-04-01 00:36:40 [HikariPool-1:housekeeper] DEBUG com.zaxxer.hikari.pool.HikariPool - HikariPool-1 - keepalive: connection com.mysql.cj.jdbc.ConnectionImpl@3d12ec81 is alive
2026-04-01 00:37:00 [HikariPool-1:housekeeper] DEBUG com.zaxxer.hikari.pool.HikariPool - HikariPool-1 - keepalive: connection com.mysql.cj.jdbc.ConnectionImpl@27c5ee09 is alive
2026-04-01 00:37:00 [HikariPool-1:housekeeper] DEBUG com.zaxxer.hikari.pool.HikariPool - HikariPool-1 - keepalive: connection com.mysql.cj.jdbc.ConnectionImpl@5959228a is alive
2026-04-01 00:37:01 [HikariPool-1:housekeeper] DEBUG com.zaxxer.hikari.pool.HikariPool - HikariPool-1 - Pool stats (total=20/20, idle=20/20, active=0, waiting=0)
2026-04-01 00:37:01 [HikariPool-1:housekeeper] DEBUG com.zaxxer.hikari.pool.HikariPool - HikariPool-1 - Fill pool skipped, pool has sufficient level or currently being filled.
2026-04-01 00:37:03 [HikariPool-1:housekeeper] DEBUG com.zaxxer.hikari.pool.HikariPool - HikariPool-1 - keepalive: connection com.mysql.cj.jdbc.ConnectionImpl@409c7104 is alive
2026-04-01 00:37:05 [HikariPool-1:housekeeper] DEBUG com.zaxxer.hikari.pool.HikariPool - HikariPool-1 - keepalive: connection com.mysql.cj.jdbc.ConnectionImpl@2bb0012c is alive
2026-04-01 00:37:20 [HikariPool-1:housekeeper] DEBUG com.zaxxer.hikari.pool.HikariPool - HikariPool-1 - keepalive: connection com.mysql.cj.jdbc.ConnectionImpl@349e45c9 is alive
2026-04-01 00:37:20 [HikariPool-1:connection-closer] DEBUG com.zaxxer.hikari.pool.PoolBase - HikariPool-1 - Closing connection com.mysql.cj.jdbc.ConnectionImpl@2bb0012c: (connection has passed maxLifetime)
2026-04-01 00:37:20 [HikariPool-1:connection-adder] DEBUG com.zaxxer.hikari.pool.PoolBase - HikariPool-1 - Attempting to create/setup new connection (02d9b79c-554f-4f77-8db3-fcecc55df312)
2026-04-01 00:37:20 [HikariPool-1:connection-adder] DEBUG com.zaxxer.hikari.pool.PoolBase - HikariPool-1 - Established new connection (02d9b79c-554f-4f77-8db3-fcecc55df312)
2026-04-01 00:37:20 [HikariPool-1:connection-adder] DEBUG com.zaxxer.hikari.pool.HikariPool - HikariPool-1 - Added connection com.mysql.cj.jdbc.ConnectionImpl@6c60d58
2026-04-01 00:37:25 [HikariPool-1:housekeeper] DEBUG com.zaxxer.hikari.pool.HikariPool - HikariPool-1 - keepalive: connection com.mysql.cj.jdbc.ConnectionImpl@6c25a0e3 is alive
2026-04-01 00:37:28 [HikariPool-1:housekeeper] DEBUG com.zaxxer.hikari.pool.HikariPool - HikariPool-1 - keepalive: connection com.mysql.cj.jdbc.ConnectionImpl@4d3006e6 is alive
2026-04-01 00:37:31 [HikariPool-1:housekeeper] DEBUG com.zaxxer.hikari.pool.HikariPool - HikariPool-1 - Pool stats (total=20/20, idle=20/20, active=0, waiting=0)
2026-04-01 00:37:31 [HikariPool-1:housekeeper] DEBUG com.zaxxer.hikari.pool.HikariPool - HikariPool-1 - Fill pool skipped, pool has sufficient level or currently being filled.
2026-04-01 00:37:33 [HikariPool-1:housekeeper] DEBUG com.zaxxer.hikari.pool.HikariPool - HikariPool-1 - keepalive: connection com.mysql.cj.jdbc.ConnectionImpl@78907ac3 is alive
2026-04-01 00:37:33 [HikariPool-1:housekeeper] DEBUG com.zaxxer.hikari.pool.HikariPool - HikariPool-1 - keepalive: connection com.mysql.cj.jdbc.ConnectionImpl@5da74afe is alive
2026-04-01 00:37:33 [HikariPool-1:housekeeper] DEBUG com.zaxxer.hikari.pool.HikariPool - HikariPool-1 - keepalive: connection com.mysql.cj.jdbc.ConnectionImpl@67fac7dc is alive
2026-04-01 00:37:38 [HikariPool-1:housekeeper] DEBUG com.zaxxer.hikari.pool.HikariPool - HikariPool-1 - keepalive: connection com.mysql.cj.jdbc.ConnectionImpl@7c55f2c is alive
2026-04-01 00:37:43 [HikariPool-1:housekeeper] DEBUG com.zaxxer.hikari.pool.HikariPool - HikariPool-1 - keepalive: connection com.mysql.cj.jdbc.ConnectionImpl@6be4b302 is alive
2026-04-01 00:37:47 [HikariPool-1:housekeeper] DEBUG com.zaxxer.hikari.pool.HikariPool - HikariPool-1 - keepalive: connection com.mysql.cj.jdbc.ConnectionImpl@6d2b35d6 is alive
2026-04-01 00:38:01 [HikariPool-1:housekeeper] DEBUG com.zaxxer.hikari.pool.HikariPool - HikariPool-1 - Pool stats (total=20/20, idle=20/20, active=0, waiting=0)
2026-04-01 00:38:01 [HikariPool-1:housekeeper] DEBUG com.zaxxer.hikari.pool.HikariPool - HikariPool-1 - Fill pool skipped, pool has sufficient level or currently being filled.
2026-04-01 00:38:01 [HikariPool-1:housekeeper] DEBUG com.zaxxer.hikari.pool.HikariPool - HikariPool-1 - keepalive: connection com.mysql.cj.jdbc.ConnectionImpl@abe8a97 is alive
2026-04-01 00:38:11 [HikariPool-1:housekeeper] DEBUG com.zaxxer.hikari.pool.HikariPool - HikariPool-1 - keepalive: connection com.mysql.cj.jdbc.ConnectionImpl@2bde5b68 is alive
2026-04-01 00:38:13 [HikariPool-1:housekeeper] DEBUG com.zaxxer.hikari.pool.HikariPool - HikariPool-1 - keepalive: connection com.mysql.cj.jdbc.ConnectionImpl@26c7cde7 is alive
2026-04-01 00:38:13 [HikariPool-1:housekeeper] DEBUG com.zaxxer.hikari.pool.HikariPool - HikariPool-1 - keepalive: connection com.mysql.cj.jdbc.ConnectionImpl@6a01f956 is alive
2026-04-01 00:38:18 [HikariPool-1:housekeeper] DEBUG com.zaxxer.hikari.pool.HikariPool - HikariPool-1 - keepalive: connection com.mysql.cj.jdbc.ConnectionImpl@4dea5d6a is alive
2026-04-01 00:38:27 [HikariPool-1:housekeeper] DEBUG com.zaxxer.hikari.pool.HikariPool - HikariPool-1 - keepalive: connection com.mysql.cj.jdbc.ConnectionImpl@3f450c67 is alive
2026-04-01 00:38:31 [HikariPool-1:housekeeper] DEBUG com.zaxxer.hikari.pool.HikariPool - HikariPool-1 - Pool stats (total=20/20, idle=20/20, active=0, waiting=0)
2026-04-01 00:38:31 [HikariPool-1:housekeeper] DEBUG com.zaxxer.hikari.pool.HikariPool - HikariPool-1 - Fill pool skipped, pool has sufficient level or currently being filled.
2026-04-01 00:38:38 [HikariPool-1:housekeeper] DEBUG com.zaxxer.hikari.pool.HikariPool - HikariPool-1 - keepalive: connection com.mysql.cj.jdbc.ConnectionImpl@27c5ee09 is alive
2026-04-01 00:38:39 [HikariPool-1:housekeeper] DEBUG com.zaxxer.hikari.pool.HikariPool - HikariPool-1 - keepalive: connection com.mysql.cj.jdbc.ConnectionImpl@3d12ec81 is alive
2026-04-01 00:38:40 [HikariPool-1:housekeeper] DEBUG com.zaxxer.hikari.pool.HikariPool - HikariPool-1 - keepalive: connection com.mysql.cj.jdbc.ConnectionImpl@409c7104 is alive
2026-04-01 00:38:52 [HikariPool-1:housekeeper] DEBUG com.zaxxer.hikari.pool.HikariPool - HikariPool-1 - keepalive: connection com.mysql.cj.jdbc.ConnectionImpl@5959228a is alive
2026-04-01 00:39:01 [HikariPool-1:housekeeper] DEBUG com.zaxxer.hikari.pool.HikariPool - HikariPool-1 - Pool stats (total=20/20, idle=20/20, active=0, waiting=0)
2026-04-01 00:39:01 [HikariPool-1:housekeeper] DEBUG com.zaxxer.hikari.pool.HikariPool - HikariPool-1 - Fill pool skipped, pool has sufficient level or currently being filled.
2026-04-01 00:39:05 [HikariPool-1:housekeeper] DEBUG com.zaxxer.hikari.pool.HikariPool - HikariPool-1 - keepalive: connection com.mysql.cj.jdbc.ConnectionImpl@349e45c9 is alive
2026-04-01 00:39:11 [HikariPool-1:housekeeper] DEBUG com.zaxxer.hikari.pool.HikariPool - HikariPool-1 - keepalive: connection com.mysql.cj.jdbc.ConnectionImpl@6c25a0e3 is alive
2026-04-01 00:39:13 [HikariPool-1:housekeeper] DEBUG com.zaxxer.hikari.pool.HikariPool - HikariPool-1 - keepalive: connection com.mysql.cj.jdbc.ConnectionImpl@5da74afe is alive
2026-04-01 00:39:14 [HikariPool-1:housekeeper] DEBUG com.zaxxer.hikari.pool.HikariPool - HikariPool-1 - keepalive: connection com.mysql.cj.jdbc.ConnectionImpl@6c60d58 is alive
2026-04-01 00:39:15 [HikariPool-1:housekeeper] DEBUG com.zaxxer.hikari.pool.HikariPool - HikariPool-1 - keepalive: connection com.mysql.cj.jdbc.ConnectionImpl@67fac7dc is alive
2026-04-01 00:39:21 [HikariPool-1:housekeeper] DEBUG com.zaxxer.hikari.pool.HikariPool - HikariPool-1 - keepalive: connection com.mysql.cj.jdbc.ConnectionImpl@78907ac3 is alive
2026-04-01 00:39:25 [HikariPool-1:housekeeper] DEBUG com.zaxxer.hikari.pool.HikariPool - HikariPool-1 - keepalive: connection com.mysql.cj.jdbc.ConnectionImpl@6be4b302 is alive
2026-04-01 00:39:27 [HikariPool-1:housekeeper] DEBUG com.zaxxer.hikari.pool.HikariPool - HikariPool-1 - keepalive: connection com.mysql.cj.jdbc.ConnectionImpl@4d3006e6 is alive
2026-04-01 00:39:28 [HikariPool-1:housekeeper] DEBUG com.zaxxer.hikari.pool.HikariPool - HikariPool-1 - keepalive: connection com.mysql.cj.jdbc.ConnectionImpl@6d2b35d6 is alive
2026-04-01 08:56:26 [HikariPool-1:housekeeper] WARN  com.zaxxer.hikari.pool.HikariPool - HikariPool-1 - Thread starvation or clock leap detected (housekeeper delta=8h17m24s267ms115µs500ns).
2026-04-01 08:56:26 [HikariPool-1:housekeeper] DEBUG com.zaxxer.hikari.pool.HikariPool - HikariPool-1 - Pool stats (total=20/20, idle=20/20, active=0, waiting=0)
2026-04-01 08:56:26 [HikariPool-1:housekeeper] DEBUG com.zaxxer.hikari.pool.HikariPool - HikariPool-1 - Fill pool skipped, pool has sufficient level or currently being filled.
2026-04-01 08:56:26 [HikariPool-1:housekeeper] DEBUG com.zaxxer.hikari.pool.HikariPool - HikariPool-1 - keepalive: connection com.mysql.cj.jdbc.ConnectionImpl@7c55f2c is alive
2026-04-01 08:56:26 [HikariPool-1:housekeeper] DEBUG com.zaxxer.hikari.pool.HikariPool - HikariPool-1 - keepalive: connection com.mysql.cj.jdbc.ConnectionImpl@6a01f956 is alive
2026-04-01 08:56:26 [HikariPool-1:housekeeper] DEBUG com.zaxxer.hikari.pool.HikariPool - HikariPool-1 - keepalive: connection com.mysql.cj.jdbc.ConnectionImpl@abe8a97 is alive
2026-04-01 08:56:26 [HikariPool-1:housekeeper] DEBUG com.zaxxer.hikari.pool.HikariPool - HikariPool-1 - keepalive: connection com.mysql.cj.jdbc.ConnectionImpl@4dea5d6a is alive
2026-04-01 08:56:26 [HikariPool-1:housekeeper] DEBUG com.zaxxer.hikari.pool.HikariPool - HikariPool-1 - keepalive: connection com.mysql.cj.jdbc.ConnectionImpl@26c7cde7 is alive
2026-04-01 08:56:26 [HikariPool-1:housekeeper] DEBUG com.zaxxer.hikari.pool.HikariPool - HikariPool-1 - keepalive: connection com.mysql.cj.jdbc.ConnectionImpl@2bde5b68 is alive
2026-04-01 08:56:26 [HikariPool-1:housekeeper] DEBUG com.zaxxer.hikari.pool.HikariPool - HikariPool-1 - keepalive: connection com.mysql.cj.jdbc.ConnectionImpl@27c5ee09 is alive
2026-04-01 08:56:26 [HikariPool-1:housekeeper] DEBUG com.zaxxer.hikari.pool.HikariPool - HikariPool-1 - keepalive: connection com.mysql.cj.jdbc.ConnectionImpl@409c7104 is alive
2026-04-01 08:56:26 [HikariPool-1:housekeeper] DEBUG com.zaxxer.hikari.pool.HikariPool - HikariPool-1 - keepalive: connection com.mysql.cj.jdbc.ConnectionImpl@3f450c67 is alive
2026-04-01 08:56:26 [HikariPool-1:housekeeper] DEBUG com.zaxxer.hikari.pool.HikariPool - HikariPool-1 - keepalive: connection com.mysql.cj.jdbc.ConnectionImpl@3d12ec81 is alive
2026-04-01 08:56:26 [HikariPool-1:housekeeper] DEBUG com.zaxxer.hikari.pool.HikariPool - HikariPool-1 - keepalive: connection com.mysql.cj.jdbc.ConnectionImpl@5959228a is alive
2026-04-01 08:56:26 [HikariPool-1:housekeeper] DEBUG com.zaxxer.hikari.pool.HikariPool - HikariPool-1 - keepalive: connection com.mysql.cj.jdbc.ConnectionImpl@349e45c9 is alive
2026-04-01 08:56:26 [HikariPool-1:housekeeper] DEBUG com.zaxxer.hikari.pool.HikariPool - HikariPool-1 - keepalive: connection com.mysql.cj.jdbc.ConnectionImpl@5da74afe is alive
2026-04-01 08:56:26 [HikariPool-1:housekeeper] DEBUG com.zaxxer.hikari.pool.HikariPool - HikariPool-1 - keepalive: connection com.mysql.cj.jdbc.ConnectionImpl@67fac7dc is alive
2026-04-01 08:56:26 [HikariPool-1:housekeeper] DEBUG com.zaxxer.hikari.pool.HikariPool - HikariPool-1 - keepalive: connection com.mysql.cj.jdbc.ConnectionImpl@6c25a0e3 is alive
2026-04-01 08:56:26 [HikariPool-1:housekeeper] DEBUG com.zaxxer.hikari.pool.HikariPool - HikariPool-1 - keepalive: connection com.mysql.cj.jdbc.ConnectionImpl@6be4b302 is alive
2026-04-01 08:56:26 [HikariPool-1:housekeeper] DEBUG com.zaxxer.hikari.pool.HikariPool - HikariPool-1 - keepalive: connection com.mysql.cj.jdbc.ConnectionImpl@6c60d58 is alive
2026-04-01 08:56:26 [HikariPool-1:housekeeper] DEBUG com.zaxxer.hikari.pool.HikariPool - HikariPool-1 - keepalive: connection com.mysql.cj.jdbc.ConnectionImpl@6d2b35d6 is alive
2026-04-01 08:56:26 [HikariPool-1:housekeeper] DEBUG com.zaxxer.hikari.pool.HikariPool - HikariPool-1 - keepalive: connection com.mysql.cj.jdbc.ConnectionImpl@78907ac3 is alive
2026-04-01 08:56:26 [HikariPool-1:housekeeper] DEBUG com.zaxxer.hikari.pool.HikariPool - HikariPool-1 - keepalive: connection com.mysql.cj.jdbc.ConnectionImpl@4d3006e6 is alive
2026-04-01 08:56:26 [HikariPool-1:connection-closer] DEBUG com.zaxxer.hikari.pool.PoolBase - HikariPool-1 - Closing connection com.mysql.cj.jdbc.ConnectionImpl@67fac7dc: (connection has passed maxLifetime)
2026-04-01 08:56:26 [HikariPool-1:connection-closer] DEBUG com.zaxxer.hikari.pool.PoolBase - HikariPool-1 - Closing connection com.mysql.cj.jdbc.ConnectionImpl@78907ac3: (connection has passed maxLifetime)
2026-04-01 08:56:26 [HikariPool-1:connection-closer] DEBUG com.zaxxer.hikari.pool.PoolBase - HikariPool-1 - Closing connection com.mysql.cj.jdbc.ConnectionImpl@3f450c67: (connection has passed maxLifetime)
2026-04-01 08:56:26 [HikariPool-1:connection-closer] DEBUG com.zaxxer.hikari.pool.PoolBase - HikariPool-1 - Closing connection com.mysql.cj.jdbc.ConnectionImpl@26c7cde7: (connection has passed maxLifetime)
2026-04-01 08:56:26 [HikariPool-1:connection-closer] DEBUG com.zaxxer.hikari.pool.PoolBase - HikariPool-1 - Closing connection com.mysql.cj.jdbc.ConnectionImpl@5da74afe: (connection has passed maxLifetime)
2026-04-01 08:56:26 [HikariPool-1:connection-adder] DEBUG com.zaxxer.hikari.pool.PoolBase - HikariPool-1 - Attempting to create/setup new connection (172851bd-5fbd-4363-9f2c-c7178de9d5ed)
2026-04-01 08:56:26 [HikariPool-1:connection-closer] DEBUG com.zaxxer.hikari.pool.PoolBase - HikariPool-1 - Closing connection com.mysql.cj.jdbc.ConnectionImpl@4dea5d6a: (connection has passed maxLifetime)
2026-04-01 08:56:26 [HikariPool-1:connection-closer] DEBUG com.zaxxer.hikari.pool.PoolBase - HikariPool-1 - Closing connection com.mysql.cj.jdbc.ConnectionImpl@6c25a0e3: (connection has passed maxLifetime)
2026-04-01 08:56:26 [HikariPool-1:connection-closer] DEBUG com.zaxxer.hikari.pool.PoolBase - HikariPool-1 - Closing connection com.mysql.cj.jdbc.ConnectionImpl@6d2b35d6: (connection has passed maxLifetime)
2026-04-01 08:56:26 [HikariPool-1:connection-closer] DEBUG com.zaxxer.hikari.pool.PoolBase - HikariPool-1 - Closing connection com.mysql.cj.jdbc.ConnectionImpl@2bde5b68: (connection has passed maxLifetime)
2026-04-01 08:56:26 [HikariPool-1:connection-closer] DEBUG com.zaxxer.hikari.pool.PoolBase - HikariPool-1 - Closing connection com.mysql.cj.jdbc.ConnectionImpl@409c7104: (connection has passed maxLifetime)
2026-04-01 08:56:26 [HikariPool-1:connection-closer] DEBUG com.zaxxer.hikari.pool.PoolBase - HikariPool-1 - Closing connection com.mysql.cj.jdbc.ConnectionImpl@7c55f2c: (connection has passed maxLifetime)
2026-04-01 08:56:26 [HikariPool-1:connection-closer] DEBUG com.zaxxer.hikari.pool.PoolBase - HikariPool-1 - Closing connection com.mysql.cj.jdbc.ConnectionImpl@5959228a: (connection has passed maxLifetime)
2026-04-01 08:56:26 [HikariPool-1:connection-closer] DEBUG com.zaxxer.hikari.pool.PoolBase - HikariPool-1 - Closing connection com.mysql.cj.jdbc.ConnectionImpl@abe8a97: (connection has passed maxLifetime)
2026-04-01 08:56:26 [HikariPool-1:connection-closer] DEBUG com.zaxxer.hikari.pool.PoolBase - HikariPool-1 - Closing connection com.mysql.cj.jdbc.ConnectionImpl@4d3006e6: (connection has passed maxLifetime)
2026-04-01 08:56:26 [HikariPool-1:connection-closer] DEBUG com.zaxxer.hikari.pool.PoolBase - HikariPool-1 - Closing connection com.mysql.cj.jdbc.ConnectionImpl@3d12ec81: (connection has passed maxLifetime)
2026-04-01 08:56:26 [HikariPool-1:connection-closer] DEBUG com.zaxxer.hikari.pool.PoolBase - HikariPool-1 - Closing connection com.mysql.cj.jdbc.ConnectionImpl@6a01f956: (connection has passed maxLifetime)
2026-04-01 08:56:26 [HikariPool-1:connection-closer] DEBUG com.zaxxer.hikari.pool.PoolBase - HikariPool-1 - Closing connection com.mysql.cj.jdbc.ConnectionImpl@6be4b302: (connection has passed maxLifetime)
2026-04-01 08:56:26 [HikariPool-1:connection-closer] DEBUG com.zaxxer.hikari.pool.PoolBase - HikariPool-1 - Closing connection com.mysql.cj.jdbc.ConnectionImpl@349e45c9: (connection has passed maxLifetime)
2026-04-01 08:56:26 [HikariPool-1:connection-closer] DEBUG com.zaxxer.hikari.pool.PoolBase - HikariPool-1 - Closing connection com.mysql.cj.jdbc.ConnectionImpl@27c5ee09: (connection has passed maxLifetime)
2026-04-01 08:56:26 [HikariPool-1:connection-closer] DEBUG com.zaxxer.hikari.pool.PoolBase - HikariPool-1 - Closing connection com.mysql.cj.jdbc.ConnectionImpl@6c60d58: (connection has passed maxLifetime)
2026-04-01 08:56:26 [HikariPool-1:connection-adder] DEBUG com.zaxxer.hikari.pool.PoolBase - HikariPool-1 - Established new connection (172851bd-5fbd-4363-9f2c-c7178de9d5ed)
2026-04-01 08:56:26 [HikariPool-1:connection-adder] DEBUG com.zaxxer.hikari.pool.HikariPool - HikariPool-1 - Added connection com.mysql.cj.jdbc.ConnectionImpl@2b8b9c0b
2026-04-01 08:56:26 [HikariPool-1:connection-adder] DEBUG com.zaxxer.hikari.pool.PoolBase - HikariPool-1 - Attempting to create/setup new connection (e3ec55c4-a88a-4649-b0f4-540b7befeeda)
2026-04-01 08:56:26 [HikariPool-1:connection-adder] DEBUG com.zaxxer.hikari.pool.PoolBase - HikariPool-1 - Established new connection (e3ec55c4-a88a-4649-b0f4-540b7befeeda)
2026-04-01 08:56:26 [HikariPool-1:connection-adder] DEBUG com.zaxxer.hikari.pool.HikariPool - HikariPool-1 - Added connection com.mysql.cj.jdbc.ConnectionImpl@6ab69630
2026-04-01 08:56:26 [HikariPool-1:connection-adder] DEBUG com.zaxxer.hikari.pool.PoolBase - HikariPool-1 - Attempting to create/setup new connection (8f15a18b-f8d0-4930-97fe-9b1fbb254abd)
2026-04-01 08:56:26 [HikariPool-1:connection-adder] DEBUG com.zaxxer.hikari.pool.PoolBase - HikariPool-1 - Established new connection (8f15a18b-f8d0-4930-97fe-9b1fbb254abd)
2026-04-01 08:56:26 [HikariPool-1:connection-adder] DEBUG com.zaxxer.hikari.pool.HikariPool - HikariPool-1 - Added connection com.mysql.cj.jdbc.ConnectionImpl@5b16bd1c
2026-04-01 08:56:26 [HikariPool-1:connection-adder] DEBUG com.zaxxer.hikari.pool.PoolBase - HikariPool-1 - Attempting to create/setup new connection (8d80b1a2-78fd-40ef-8b6b-b51fec6492cc)
2026-04-01 08:56:26 [HikariPool-1:connection-adder] DEBUG com.zaxxer.hikari.pool.PoolBase - HikariPool-1 - Established new connection (8d80b1a2-78fd-40ef-8b6b-b51fec6492cc)
2026-04-01 08:56:26 [HikariPool-1:connection-adder] DEBUG com.zaxxer.hikari.pool.HikariPool - HikariPool-1 - Added connection com.mysql.cj.jdbc.ConnectionImpl@a99697f
2026-04-01 08:56:26 [HikariPool-1:connection-adder] DEBUG com.zaxxer.hikari.pool.PoolBase - HikariPool-1 - Attempting to create/setup new connection (c3f075d2-1ad9-4130-9481-521fa1b1ef86)
2026-04-01 08:56:26 [HikariPool-1:connection-adder] DEBUG com.zaxxer.hikari.pool.PoolBase - HikariPool-1 - Established new connection (c3f075d2-1ad9-4130-9481-521fa1b1ef86)
2026-04-01 08:56:26 [HikariPool-1:connection-adder] DEBUG com.zaxxer.hikari.pool.HikariPool - HikariPool-1 - Added connection com.mysql.cj.jdbc.ConnectionImpl@18c572e2
2026-04-01 08:56:26 [HikariPool-1:connection-adder] DEBUG com.zaxxer.hikari.pool.PoolBase - HikariPool-1 - Attempting to create/setup new connection (c42205f4-6699-4801-bafb-97b1c08c8e44)
2026-04-01 08:56:26 [HikariPool-1:connection-adder] DEBUG com.zaxxer.hikari.pool.PoolBase - HikariPool-1 - Established new connection (c42205f4-6699-4801-bafb-97b1c08c8e44)
2026-04-01 08:56:26 [HikariPool-1:connection-adder] DEBUG com.zaxxer.hikari.pool.HikariPool - HikariPool-1 - Added connection com.mysql.cj.jdbc.ConnectionImpl@ed71757
2026-04-01 08:56:26 [HikariPool-1:connection-adder] DEBUG com.zaxxer.hikari.pool.PoolBase - HikariPool-1 - Attempting to create/setup new connection (78c7a385-460d-4038-9115-3b6dd19bdfda)
2026-04-01 08:56:26 [HikariPool-1:connection-adder] DEBUG com.zaxxer.hikari.pool.PoolBase - HikariPool-1 - Established new connection (78c7a385-460d-4038-9115-3b6dd19bdfda)
2026-04-01 08:56:26 [HikariPool-1:connection-adder] DEBUG com.zaxxer.hikari.pool.HikariPool - HikariPool-1 - Added connection com.mysql.cj.jdbc.ConnectionImpl@654085b7
2026-04-01 08:56:26 [HikariPool-1:connection-adder] DEBUG com.zaxxer.hikari.pool.PoolBase - HikariPool-1 - Attempting to create/setup new connection (faeea6ec-52fc-416a-8806-8f36f119242f)
2026-04-01 08:56:26 [HikariPool-1:connection-adder] DEBUG com.zaxxer.hikari.pool.PoolBase - HikariPool-1 - Established new connection (faeea6ec-52fc-416a-8806-8f36f119242f)
2026-04-01 08:56:26 [HikariPool-1:connection-adder] DEBUG com.zaxxer.hikari.pool.HikariPool - HikariPool-1 - Added connection com.mysql.cj.jdbc.ConnectionImpl@3e5831f3
2026-04-01 08:56:26 [HikariPool-1:connection-adder] DEBUG com.zaxxer.hikari.pool.PoolBase - HikariPool-1 - Attempting to create/setup new connection (a3b95b18-916e-4673-b03a-58b0424ab73f)
2026-04-01 08:56:26 [HikariPool-1:connection-adder] DEBUG com.zaxxer.hikari.pool.PoolBase - HikariPool-1 - Established new connection (a3b95b18-916e-4673-b03a-58b0424ab73f)
2026-04-01 08:56:26 [HikariPool-1:connection-adder] DEBUG com.zaxxer.hikari.pool.HikariPool - HikariPool-1 - Added connection com.mysql.cj.jdbc.ConnectionImpl@45113cd
2026-04-01 08:56:26 [HikariPool-1:connection-adder] DEBUG com.zaxxer.hikari.pool.PoolBase - HikariPool-1 - Attempting to create/setup new connection (78c8a259-a1ef-4bf2-b61d-2709466907e0)
2026-04-01 08:56:26 [HikariPool-1:connection-adder] DEBUG com.zaxxer.hikari.pool.PoolBase - HikariPool-1 - Established new connection (78c8a259-a1ef-4bf2-b61d-2709466907e0)
2026-04-01 08:56:26 [HikariPool-1:connection-adder] DEBUG com.zaxxer.hikari.pool.HikariPool - HikariPool-1 - Added connection com.mysql.cj.jdbc.ConnectionImpl@6c7dd6d6
2026-04-01 08:56:26 [HikariPool-1:connection-adder] DEBUG com.zaxxer.hikari.pool.PoolBase - HikariPool-1 - Attempting to create/setup new connection (e13d4ef2-ae73-45f1-8560-3c7af6cb98d0)
2026-04-01 08:56:26 [HikariPool-1:connection-adder] DEBUG com.zaxxer.hikari.pool.PoolBase - HikariPool-1 - Established new connection (e13d4ef2-ae73-45f1-8560-3c7af6cb98d0)
2026-04-01 08:56:26 [HikariPool-1:connection-adder] DEBUG com.zaxxer.hikari.pool.HikariPool - HikariPool-1 - Added connection com.mysql.cj.jdbc.ConnectionImpl@6f937ed6
2026-04-01 08:56:26 [HikariPool-1:connection-adder] DEBUG com.zaxxer.hikari.pool.PoolBase - HikariPool-1 - Attempting to create/setup new connection (4e455eed-d077-4740-a506-e778599c3e0c)
2026-04-01 08:56:26 [HikariPool-1:connection-adder] DEBUG com.zaxxer.hikari.pool.PoolBase - HikariPool-1 - Established new connection (4e455eed-d077-4740-a506-e778599c3e0c)
2026-04-01 08:56:26 [HikariPool-1:connection-adder] DEBUG com.zaxxer.hikari.pool.HikariPool - HikariPool-1 - Added connection com.mysql.cj.jdbc.ConnectionImpl@53e65c4d
2026-04-01 08:56:26 [HikariPool-1:connection-adder] DEBUG com.zaxxer.hikari.pool.PoolBase - HikariPool-1 - Attempting to create/setup new connection (f91bdf6a-7989-4c86-b4e8-e0e74ccf238b)
2026-04-01 08:56:26 [HikariPool-1:connection-adder] DEBUG com.zaxxer.hikari.pool.PoolBase - HikariPool-1 - Established new connection (f91bdf6a-7989-4c86-b4e8-e0e74ccf238b)
2026-04-01 08:56:26 [HikariPool-1:connection-adder] DEBUG com.zaxxer.hikari.pool.HikariPool - HikariPool-1 - Added connection com.mysql.cj.jdbc.ConnectionImpl@42729d69
2026-04-01 08:56:26 [HikariPool-1:connection-adder] DEBUG com.zaxxer.hikari.pool.PoolBase - HikariPool-1 - Attempting to create/setup new connection (7752770e-a390-4778-ba51-4b3793100b4f)
2026-04-01 08:56:26 [HikariPool-1:connection-adder] DEBUG com.zaxxer.hikari.pool.PoolBase - HikariPool-1 - Established new connection (7752770e-a390-4778-ba51-4b3793100b4f)
2026-04-01 08:56:26 [HikariPool-1:connection-adder] DEBUG com.zaxxer.hikari.pool.HikariPool - HikariPool-1 - Added connection com.mysql.cj.jdbc.ConnectionImpl@dc862a8
2026-04-01 08:56:26 [HikariPool-1:connection-adder] DEBUG com.zaxxer.hikari.pool.PoolBase - HikariPool-1 - Attempting to create/setup new connection (5075cb10-0540-4304-87cb-baed86bcdb32)
2026-04-01 08:56:26 [HikariPool-1:connection-adder] DEBUG com.zaxxer.hikari.pool.PoolBase - HikariPool-1 - Established new connection (5075cb10-0540-4304-87cb-baed86bcdb32)
2026-04-01 08:56:26 [HikariPool-1:connection-adder] DEBUG com.zaxxer.hikari.pool.HikariPool - HikariPool-1 - Added connection com.mysql.cj.jdbc.ConnectionImpl@74ce9598
2026-04-01 08:56:26 [HikariPool-1:connection-adder] DEBUG com.zaxxer.hikari.pool.PoolBase - HikariPool-1 - Attempting to create/setup new connection (49f8b9f7-0b81-4772-8e2c-b5bfc83501d9)
2026-04-01 08:56:26 [HikariPool-1:connection-adder] DEBUG com.zaxxer.hikari.pool.PoolBase - HikariPool-1 - Established new connection (49f8b9f7-0b81-4772-8e2c-b5bfc83501d9)
2026-04-01 08:56:26 [HikariPool-1:connection-adder] DEBUG com.zaxxer.hikari.pool.HikariPool - HikariPool-1 - Added connection com.mysql.cj.jdbc.ConnectionImpl@3c8cc273
2026-04-01 08:56:26 [HikariPool-1:connection-adder] DEBUG com.zaxxer.hikari.pool.PoolBase - HikariPool-1 - Attempting to create/setup new connection (09c4bc4e-582d-4c66-8530-5e54fd63fec7)
2026-04-01 08:56:26 [HikariPool-1:connection-adder] DEBUG com.zaxxer.hikari.pool.PoolBase - HikariPool-1 - Established new connection (09c4bc4e-582d-4c66-8530-5e54fd63fec7)
2026-04-01 08:56:26 [HikariPool-1:connection-adder] DEBUG com.zaxxer.hikari.pool.HikariPool - HikariPool-1 - Added connection com.mysql.cj.jdbc.ConnectionImpl@10a867af
2026-04-01 08:56:26 [HikariPool-1:connection-adder] DEBUG com.zaxxer.hikari.pool.PoolBase - HikariPool-1 - Attempting to create/setup new connection (430b933e-2e15-43b9-ac27-6401a4ed6430)
2026-04-01 08:56:26 [HikariPool-1:connection-adder] DEBUG com.zaxxer.hikari.pool.PoolBase - HikariPool-1 - Established new connection (430b933e-2e15-43b9-ac27-6401a4ed6430)
2026-04-01 08:56:26 [HikariPool-1:connection-adder] DEBUG com.zaxxer.hikari.pool.HikariPool - HikariPool-1 - Added connection com.mysql.cj.jdbc.ConnectionImpl@4164d2be
2026-04-01 08:56:26 [HikariPool-1:connection-adder] DEBUG com.zaxxer.hikari.pool.PoolBase - HikariPool-1 - Attempting to create/setup new connection (204a9703-b8a6-4618-9255-13a15d2633f9)
2026-04-01 08:56:26 [HikariPool-1:connection-adder] DEBUG com.zaxxer.hikari.pool.PoolBase - HikariPool-1 - Established new connection (204a9703-b8a6-4618-9255-13a15d2633f9)
2026-04-01 08:56:26 [HikariPool-1:connection-adder] DEBUG com.zaxxer.hikari.pool.HikariPool - HikariPool-1 - Added connection com.mysql.cj.jdbc.ConnectionImpl@5039032c
2026-04-01 08:56:26 [HikariPool-1:connection-adder] DEBUG com.zaxxer.hikari.pool.PoolBase - HikariPool-1 - Attempting to create/setup new connection (aca8ef19-dcc9-4809-a7e9-0a2a5377317d)
2026-04-01 08:56:26 [HikariPool-1:connection-adder] DEBUG com.zaxxer.hikari.pool.PoolBase - HikariPool-1 - Established new connection (aca8ef19-dcc9-4809-a7e9-0a2a5377317d)
2026-04-01 08:56:26 [HikariPool-1:connection-adder] DEBUG com.zaxxer.hikari.pool.HikariPool - HikariPool-1 - Added connection com.mysql.cj.jdbc.ConnectionImpl@243a582d
2026-04-01 08:56:26 [HikariPool-1:connection-adder] DEBUG com.zaxxer.hikari.pool.HikariPool - HikariPool-1 - Connection not added, stats (total=20/20, idle=20/20, active=0, waiting=0)
2026-04-01 08:56:56 [HikariPool-1:housekeeper] DEBUG com.zaxxer.hikari.pool.HikariPool - HikariPool-1 - Pool stats (total=20/20, idle=20/20, active=0, waiting=0)
2026-04-01 08:56:56 [HikariPool-1:housekeeper] DEBUG com.zaxxer.hikari.pool.HikariPool - HikariPool-1 - Fill pool skipped, pool has sufficient level or currently being filled.
2026-04-01 08:57:26 [HikariPool-1:housekeeper] DEBUG com.zaxxer.hikari.pool.HikariPool - HikariPool-1 - Pool stats (total=20/20, idle=20/20, active=0, waiting=0)
2026-04-01 08:57:26 [HikariPool-1:housekeeper] DEBUG com.zaxxer.hikari.pool.HikariPool - HikariPool-1 - Fill pool skipped, pool has sufficient level or currently being filled.
2026-04-01 08:57:56 [HikariPool-1:housekeeper] DEBUG com.zaxxer.hikari.pool.HikariPool - HikariPool-1 - Pool stats (total=20/20, idle=20/20, active=0, waiting=0)
2026-04-01 08:57:56 [HikariPool-1:housekeeper] DEBUG com.zaxxer.hikari.pool.HikariPool - HikariPool-1 - Fill pool skipped, pool has sufficient level or currently being filled.
2026-04-01 08:58:02 [HikariPool-1:housekeeper] DEBUG com.zaxxer.hikari.pool.HikariPool - HikariPool-1 - keepalive: connection com.mysql.cj.jdbc.ConnectionImpl@654085b7 is alive
2026-04-01 08:58:03 [HikariPool-1:housekeeper] DEBUG com.zaxxer.hikari.pool.HikariPool - HikariPool-1 - keepalive: connection com.mysql.cj.jdbc.ConnectionImpl@5039032c is alive
2026-04-01 08:58:04 [HikariPool-1:housekeeper] DEBUG com.zaxxer.hikari.pool.HikariPool - HikariPool-1 - keepalive: connection com.mysql.cj.jdbc.ConnectionImpl@6c7dd6d6 is alive
2026-04-01 08:58:07 [HikariPool-1:housekeeper] DEBUG com.zaxxer.hikari.pool.HikariPool - HikariPool-1 - keepalive: connection com.mysql.cj.jdbc.ConnectionImpl@10a867af is alive
2026-04-01 08:58:07 [HikariPool-1:housekeeper] DEBUG com.zaxxer.hikari.pool.HikariPool - HikariPool-1 - keepalive: connection com.mysql.cj.jdbc.ConnectionImpl@53e65c4d is alive
2026-04-01 08:58:08 [HikariPool-1:housekeeper] DEBUG com.zaxxer.hikari.pool.HikariPool - HikariPool-1 - keepalive: connection com.mysql.cj.jdbc.ConnectionImpl@6f937ed6 is alive
2026-04-01 08:58:08 [HikariPool-1:housekeeper] DEBUG com.zaxxer.hikari.pool.HikariPool - HikariPool-1 - keepalive: connection com.mysql.cj.jdbc.ConnectionImpl@5b16bd1c is alive
2026-04-01 08:58:10 [HikariPool-1:housekeeper] DEBUG com.zaxxer.hikari.pool.HikariPool - HikariPool-1 - keepalive: connection com.mysql.cj.jdbc.ConnectionImpl@3e5831f3 is alive
2026-04-01 08:58:11 [HikariPool-1:housekeeper] DEBUG com.zaxxer.hikari.pool.HikariPool - HikariPool-1 - keepalive: connection com.mysql.cj.jdbc.ConnectionImpl@45113cd is alive
2026-04-01 08:58:13 [HikariPool-1:housekeeper] DEBUG com.zaxxer.hikari.pool.HikariPool - HikariPool-1 - keepalive: connection com.mysql.cj.jdbc.ConnectionImpl@74ce9598 is alive
2026-04-01 08:58:13 [HikariPool-1:housekeeper] DEBUG com.zaxxer.hikari.pool.HikariPool - HikariPool-1 - keepalive: connection com.mysql.cj.jdbc.ConnectionImpl@243a582d is alive
2026-04-01 08:58:13 [HikariPool-1:housekeeper] DEBUG com.zaxxer.hikari.pool.HikariPool - HikariPool-1 - keepalive: connection com.mysql.cj.jdbc.ConnectionImpl@18c572e2 is alive
2026-04-01 08:58:14 [HikariPool-1:housekeeper] DEBUG com.zaxxer.hikari.pool.HikariPool - HikariPool-1 - keepalive: connection com.mysql.cj.jdbc.ConnectionImpl@dc862a8 is alive
2026-04-01 08:58:15 [HikariPool-1:housekeeper] DEBUG com.zaxxer.hikari.pool.HikariPool - HikariPool-1 - keepalive: connection com.mysql.cj.jdbc.ConnectionImpl@3c8cc273 is alive
2026-04-01 08:58:17 [HikariPool-1:housekeeper] DEBUG com.zaxxer.hikari.pool.HikariPool - HikariPool-1 - keepalive: connection com.mysql.cj.jdbc.ConnectionImpl@ed71757 is alive
2026-04-01 08:58:20 [HikariPool-1:housekeeper] DEBUG com.zaxxer.hikari.pool.HikariPool - HikariPool-1 - keepalive: connection com.mysql.cj.jdbc.ConnectionImpl@2b8b9c0b is alive
2026-04-01 08:58:20 [HikariPool-1:housekeeper] DEBUG com.zaxxer.hikari.pool.HikariPool - HikariPool-1 - keepalive: connection com.mysql.cj.jdbc.ConnectionImpl@4164d2be is alive
2026-04-01 08:58:22 [HikariPool-1:housekeeper] DEBUG com.zaxxer.hikari.pool.HikariPool - HikariPool-1 - keepalive: connection com.mysql.cj.jdbc.ConnectionImpl@42729d69 is alive
2026-04-01 08:58:25 [HikariPool-1:housekeeper] DEBUG com.zaxxer.hikari.pool.HikariPool - HikariPool-1 - keepalive: connection com.mysql.cj.jdbc.ConnectionImpl@6ab69630 is alive
2026-04-01 08:58:25 [HikariPool-1:housekeeper] DEBUG com.zaxxer.hikari.pool.HikariPool - HikariPool-1 - keepalive: connection com.mysql.cj.jdbc.ConnectionImpl@a99697f is alive
2026-04-01 08:58:26 [HikariPool-1:housekeeper] DEBUG com.zaxxer.hikari.pool.HikariPool - HikariPool-1 - Pool stats (total=20/20, idle=20/20, active=0, waiting=0)
2026-04-01 08:58:26 [HikariPool-1:housekeeper] DEBUG com.zaxxer.hikari.pool.HikariPool - HikariPool-1 - Fill pool skipped, pool has sufficient level or currently being filled.
2026-04-01 08:58:56 [HikariPool-1:housekeeper] DEBUG com.zaxxer.hikari.pool.HikariPool - HikariPool-1 - Pool stats (total=20/20, idle=20/20, active=0, waiting=0)
2026-04-01 08:58:56 [HikariPool-1:housekeeper] DEBUG com.zaxxer.hikari.pool.HikariPool - HikariPool-1 - Fill pool skipped, pool has sufficient level or currently being filled.
2026-04-01 08:59:26 [HikariPool-1:housekeeper] DEBUG com.zaxxer.hikari.pool.HikariPool - HikariPool-1 - Pool stats (total=20/20, idle=20/20, active=0, waiting=0)
2026-04-01 08:59:26 [HikariPool-1:housekeeper] DEBUG com.zaxxer.hikari.pool.HikariPool - HikariPool-1 - Fill pool skipped, pool has sufficient level or currently being filled.
2026-04-01 08:59:39 [HikariPool-1:housekeeper] DEBUG com.zaxxer.hikari.pool.HikariPool - HikariPool-1 - keepalive: connection com.mysql.cj.jdbc.ConnectionImpl@654085b7 is alive
2026-04-01 08:59:40 [HikariPool-1:housekeeper] DEBUG com.zaxxer.hikari.pool.HikariPool - HikariPool-1 - keepalive: connection com.mysql.cj.jdbc.ConnectionImpl@5039032c is alive
2026-04-01 08:59:43 [HikariPool-1:housekeeper] DEBUG com.zaxxer.hikari.pool.HikariPool - HikariPool-1 - keepalive: connection com.mysql.cj.jdbc.ConnectionImpl@6c7dd6d6 is alive
2026-04-01 08:59:48 [HikariPool-1:housekeeper] DEBUG com.zaxxer.hikari.pool.HikariPool - HikariPool-1 - keepalive: connection com.mysql.cj.jdbc.ConnectionImpl@10a867af is alive
2026-04-01 08:59:49 [HikariPool-1:housekeeper] DEBUG com.zaxxer.hikari.pool.HikariPool - HikariPool-1 - keepalive: connection com.mysql.cj.jdbc.ConnectionImpl@53e65c4d is alive
2026-04-01 08:59:49 [HikariPool-1:housekeeper] DEBUG com.zaxxer.hikari.pool.HikariPool - HikariPool-1 - keepalive: connection com.mysql.cj.jdbc.ConnectionImpl@6f937ed6 is alive
2026-04-01 08:59:51 [HikariPool-1:housekeeper] DEBUG com.zaxxer.hikari.pool.HikariPool - HikariPool-1 - keepalive: connection com.mysql.cj.jdbc.ConnectionImpl@5b16bd1c is alive
2026-04-01 08:59:54 [HikariPool-1:housekeeper] DEBUG com.zaxxer.hikari.pool.HikariPool - HikariPool-1 - keepalive: connection com.mysql.cj.jdbc.ConnectionImpl@3e5831f3 is alive
2026-04-01 08:59:56 [HikariPool-1:housekeeper] DEBUG com.zaxxer.hikari.pool.HikariPool - HikariPool-1 - Pool stats (total=20/20, idle=20/20, active=0, waiting=0)
2026-04-01 08:59:56 [HikariPool-1:housekeeper] DEBUG com.zaxxer.hikari.pool.HikariPool - HikariPool-1 - Fill pool skipped, pool has sufficient level or currently being filled.
2026-04-01 08:59:56 [HikariPool-1:housekeeper] DEBUG com.zaxxer.hikari.pool.HikariPool - HikariPool-1 - keepalive: connection com.mysql.cj.jdbc.ConnectionImpl@45113cd is alive
2026-04-01 09:00:00 [HikariPool-1:housekeeper] DEBUG com.zaxxer.hikari.pool.HikariPool - HikariPool-1 - keepalive: connection com.mysql.cj.jdbc.ConnectionImpl@74ce9598 is alive
2026-04-01 09:00:00 [HikariPool-1:housekeeper] DEBUG com.zaxxer.hikari.pool.HikariPool - HikariPool-1 - keepalive: connection com.mysql.cj.jdbc.ConnectionImpl@243a582d is alive
2026-04-01 09:00:01 [HikariPool-1:housekeeper] DEBUG com.zaxxer.hikari.pool.HikariPool - HikariPool-1 - keepalive: connection com.mysql.cj.jdbc.ConnectionImpl@18c572e2 is alive
2026-04-01 09:00:02 [HikariPool-1:housekeeper] DEBUG com.zaxxer.hikari.pool.HikariPool - HikariPool-1 - keepalive: connection com.mysql.cj.jdbc.ConnectionImpl@dc862a8 is alive
2026-04-01 09:00:03 [HikariPool-1:housekeeper] DEBUG com.zaxxer.hikari.pool.HikariPool - HikariPool-1 - keepalive: connection com.mysql.cj.jdbc.ConnectionImpl@3c8cc273 is alive
2026-04-01 09:00:08 [HikariPool-1:housekeeper] DEBUG com.zaxxer.hikari.pool.HikariPool - HikariPool-1 - keepalive: connection com.mysql.cj.jdbc.ConnectionImpl@ed71757 is alive
2026-04-01 09:00:13 [HikariPool-1:housekeeper] DEBUG com.zaxxer.hikari.pool.HikariPool - HikariPool-1 - keepalive: connection com.mysql.cj.jdbc.ConnectionImpl@4164d2be is alive
2026-04-01 09:00:14 [HikariPool-1:housekeeper] DEBUG com.zaxxer.hikari.pool.HikariPool - HikariPool-1 - keepalive: connection com.mysql.cj.jdbc.ConnectionImpl@2b8b9c0b is alive
2026-04-01 09:00:17 [HikariPool-1:housekeeper] DEBUG com.zaxxer.hikari.pool.HikariPool - HikariPool-1 - keepalive: connection com.mysql.cj.jdbc.ConnectionImpl@42729d69 is alive
2026-04-01 09:00:24 [HikariPool-1:housekeeper] DEBUG com.zaxxer.hikari.pool.HikariPool - HikariPool-1 - keepalive: connection com.mysql.cj.jdbc.ConnectionImpl@6ab69630 is alive
2026-04-01 09:00:25 [HikariPool-1:housekeeper] DEBUG com.zaxxer.hikari.pool.HikariPool - HikariPool-1 - keepalive: connection com.mysql.cj.jdbc.ConnectionImpl@a99697f is alive
2026-04-01 09:00:26 [HikariPool-1:housekeeper] DEBUG com.zaxxer.hikari.pool.HikariPool - HikariPool-1 - Pool stats (total=20/20, idle=20/20, active=0, waiting=0)
2026-04-01 09:00:26 [HikariPool-1:housekeeper] DEBUG com.zaxxer.hikari.pool.HikariPool - HikariPool-1 - Fill pool skipped, pool has sufficient level or currently being filled.
2026-04-01 09:00:56 [HikariPool-1:housekeeper] DEBUG com.zaxxer.hikari.pool.HikariPool - HikariPool-1 - Pool stats (total=20/20, idle=20/20, active=0, waiting=0)
2026-04-01 09:00:56 [HikariPool-1:housekeeper] DEBUG com.zaxxer.hikari.pool.HikariPool - HikariPool-1 - Fill pool skipped, pool has sufficient level or currently being filled.
2026-04-01 09:01:15 [HikariPool-1:housekeeper] DEBUG com.zaxxer.hikari.pool.HikariPool - HikariPool-1 - keepalive: connection com.mysql.cj.jdbc.ConnectionImpl@654085b7 is alive
2026-04-01 09:01:16 [HikariPool-1:housekeeper] DEBUG com.zaxxer.hikari.pool.HikariPool - HikariPool-1 - keepalive: connection com.mysql.cj.jdbc.ConnectionImpl@5039032c is alive
2026-04-01 09:01:22 [HikariPool-1:housekeeper] DEBUG com.zaxxer.hikari.pool.HikariPool - HikariPool-1 - keepalive: connection com.mysql.cj.jdbc.ConnectionImpl@6c7dd6d6 is alive
2026-04-01 09:01:26 [HikariPool-1:housekeeper] DEBUG com.zaxxer.hikari.pool.HikariPool - HikariPool-1 - Pool stats (total=20/20, idle=20/20, active=0, waiting=0)
2026-04-01 09:01:26 [HikariPool-1:housekeeper] DEBUG com.zaxxer.hikari.pool.HikariPool - HikariPool-1 - Fill pool skipped, pool has sufficient level or currently being filled.
2026-04-01 09:01:28 [HikariPool-1:housekeeper] DEBUG com.zaxxer.hikari.pool.HikariPool - HikariPool-1 - keepalive: connection com.mysql.cj.jdbc.ConnectionImpl@10a867af is alive
2026-04-01 09:01:30 [HikariPool-1:housekeeper] DEBUG com.zaxxer.hikari.pool.HikariPool - HikariPool-1 - keepalive: connection com.mysql.cj.jdbc.ConnectionImpl@53e65c4d is alive
2026-04-01 09:01:31 [HikariPool-1:housekeeper] DEBUG com.zaxxer.hikari.pool.HikariPool - HikariPool-1 - keepalive: connection com.mysql.cj.jdbc.ConnectionImpl@6f937ed6 is alive
2026-04-01 09:01:34 [HikariPool-1:housekeeper] DEBUG com.zaxxer.hikari.pool.HikariPool - HikariPool-1 - keepalive: connection com.mysql.cj.jdbc.ConnectionImpl@5b16bd1c is alive
2026-04-01 09:01:38 [HikariPool-1:housekeeper] DEBUG com.zaxxer.hikari.pool.HikariPool - HikariPool-1 - keepalive: connection com.mysql.cj.jdbc.ConnectionImpl@3e5831f3 is alive
2026-04-01 09:01:41 [HikariPool-1:housekeeper] DEBUG com.zaxxer.hikari.pool.HikariPool - HikariPool-1 - keepalive: connection com.mysql.cj.jdbc.ConnectionImpl@45113cd is alive
2026-04-01 09:01:47 [HikariPool-1:housekeeper] DEBUG com.zaxxer.hikari.pool.HikariPool - HikariPool-1 - keepalive: connection com.mysql.cj.jdbc.ConnectionImpl@74ce9598 is alive
2026-04-01 09:01:47 [HikariPool-1:housekeeper] DEBUG com.zaxxer.hikari.pool.HikariPool - HikariPool-1 - keepalive: connection com.mysql.cj.jdbc.ConnectionImpl@243a582d is alive
2026-04-01 09:01:49 [HikariPool-1:housekeeper] DEBUG com.zaxxer.hikari.pool.HikariPool - HikariPool-1 - keepalive: connection com.mysql.cj.jdbc.ConnectionImpl@18c572e2 is alive
2026-04-01 09:01:50 [HikariPool-1:housekeeper] DEBUG com.zaxxer.hikari.pool.HikariPool - HikariPool-1 - keepalive: connection com.mysql.cj.jdbc.ConnectionImpl@dc862a8 is alive
2026-04-01 09:01:52 [HikariPool-1:housekeeper] DEBUG com.zaxxer.hikari.pool.HikariPool - HikariPool-1 - keepalive: connection com.mysql.cj.jdbc.ConnectionImpl@3c8cc273 is alive
2026-04-01 09:01:56 [HikariPool-1:housekeeper] DEBUG com.zaxxer.hikari.pool.HikariPool - HikariPool-1 - Pool stats (total=20/20, idle=20/20, active=0, waiting=0)
2026-04-01 09:01:56 [HikariPool-1:housekeeper] DEBUG com.zaxxer.hikari.pool.HikariPool - HikariPool-1 - Fill pool skipped, pool has sufficient level or currently being filled.
2026-04-01 09:02:00 [HikariPool-1:housekeeper] DEBUG com.zaxxer.hikari.pool.HikariPool - HikariPool-1 - keepalive: connection com.mysql.cj.jdbc.ConnectionImpl@ed71757 is alive
2026-04-01 09:02:07 [HikariPool-1:housekeeper] DEBUG com.zaxxer.hikari.pool.HikariPool - HikariPool-1 - keepalive: connection com.mysql.cj.jdbc.ConnectionImpl@4164d2be is alive
2026-04-01 09:02:08 [HikariPool-1:housekeeper] DEBUG com.zaxxer.hikari.pool.HikariPool - HikariPool-1 - keepalive: connection com.mysql.cj.jdbc.ConnectionImpl@2b8b9c0b is alive
2026-04-01 09:02:13 [HikariPool-1:housekeeper] DEBUG com.zaxxer.hikari.pool.HikariPool - HikariPool-1 - keepalive: connection com.mysql.cj.jdbc.ConnectionImpl@42729d69 is alive
2026-04-01 09:02:24 [HikariPool-1:housekeeper] DEBUG com.zaxxer.hikari.pool.HikariPool - HikariPool-1 - keepalive: connection com.mysql.cj.jdbc.ConnectionImpl@6ab69630 is alive
2026-04-01 09:02:25 [HikariPool-1:housekeeper] DEBUG com.zaxxer.hikari.pool.HikariPool - HikariPool-1 - keepalive: connection com.mysql.cj.jdbc.ConnectionImpl@a99697f is alive
2026-04-01 09:02:26 [HikariPool-1:housekeeper] DEBUG com.zaxxer.hikari.pool.HikariPool - HikariPool-1 - Pool stats (total=20/20, idle=20/20, active=0, waiting=0)
2026-04-01 09:02:26 [HikariPool-1:housekeeper] DEBUG com.zaxxer.hikari.pool.HikariPool - HikariPool-1 - Fill pool skipped, pool has sufficient level or currently being filled.
2026-04-01 09:02:51 [HikariPool-1:housekeeper] DEBUG com.zaxxer.hikari.pool.HikariPool - HikariPool-1 - keepalive: connection com.mysql.cj.jdbc.ConnectionImpl@654085b7 is alive
2026-04-01 09:02:53 [HikariPool-1:housekeeper] DEBUG com.zaxxer.hikari.pool.HikariPool - HikariPool-1 - keepalive: connection com.mysql.cj.jdbc.ConnectionImpl@5039032c is alive
2026-04-01 09:02:56 [HikariPool-1:housekeeper] DEBUG com.zaxxer.hikari.pool.HikariPool - HikariPool-1 - Pool stats (total=20/20, idle=20/20, active=0, waiting=0)
2026-04-01 09:02:56 [HikariPool-1:housekeeper] DEBUG com.zaxxer.hikari.pool.HikariPool - HikariPool-1 - Fill pool skipped, pool has sufficient level or currently being filled.
2026-04-01 09:03:00 [HikariPool-1:housekeeper] DEBUG com.zaxxer.hikari.pool.HikariPool - HikariPool-1 - keepalive: connection com.mysql.cj.jdbc.ConnectionImpl@6c7dd6d6 is alive
2026-04-01 09:03:09 [HikariPool-1:housekeeper] DEBUG com.zaxxer.hikari.pool.HikariPool - HikariPool-1 - keepalive: connection com.mysql.cj.jdbc.ConnectionImpl@10a867af is alive
2026-04-01 09:03:12 [HikariPool-1:housekeeper] DEBUG com.zaxxer.hikari.pool.HikariPool - HikariPool-1 - keepalive: connection com.mysql.cj.jdbc.ConnectionImpl@53e65c4d is alive
2026-04-01 09:03:13 [HikariPool-1:housekeeper] DEBUG com.zaxxer.hikari.pool.HikariPool - HikariPool-1 - keepalive: connection com.mysql.cj.jdbc.ConnectionImpl@6f937ed6 is alive
2026-04-01 09:03:17 [HikariPool-1:housekeeper] DEBUG com.zaxxer.hikari.pool.HikariPool - HikariPool-1 - keepalive: connection com.mysql.cj.jdbc.ConnectionImpl@5b16bd1c is alive
2026-04-01 09:03:22 [HikariPool-1:housekeeper] DEBUG com.zaxxer.hikari.pool.HikariPool - HikariPool-1 - keepalive: connection com.mysql.cj.jdbc.ConnectionImpl@3e5831f3 is alive
2026-04-01 09:03:26 [HikariPool-1:housekeeper] DEBUG com.zaxxer.hikari.pool.HikariPool - HikariPool-1 - Pool stats (total=20/20, idle=20/20, active=0, waiting=0)
2026-04-01 09:03:26 [HikariPool-1:housekeeper] DEBUG com.zaxxer.hikari.pool.HikariPool - HikariPool-1 - Fill pool skipped, pool has sufficient level or currently being filled.
2026-04-01 09:03:26 [HikariPool-1:housekeeper] DEBUG com.zaxxer.hikari.pool.HikariPool - HikariPool-1 - keepalive: connection com.mysql.cj.jdbc.ConnectionImpl@45113cd is alive
2026-04-01 09:03:34 [HikariPool-1:housekeeper] DEBUG com.zaxxer.hikari.pool.HikariPool - HikariPool-1 - keepalive: connection com.mysql.cj.jdbc.ConnectionImpl@74ce9598 is alive
2026-04-01 09:03:34 [HikariPool-1:housekeeper] DEBUG com.zaxxer.hikari.pool.HikariPool - HikariPool-1 - keepalive: connection com.mysql.cj.jdbc.ConnectionImpl@243a582d is alive
2026-04-01 09:03:37 [HikariPool-1:housekeeper] DEBUG com.zaxxer.hikari.pool.HikariPool - HikariPool-1 - keepalive: connection com.mysql.cj.jdbc.ConnectionImpl@18c572e2 is alive
2026-04-01 09:03:39 [HikariPool-1:housekeeper] DEBUG com.zaxxer.hikari.pool.HikariPool - HikariPool-1 - keepalive: connection com.mysql.cj.jdbc.ConnectionImpl@dc862a8 is alive
2026-04-01 09:03:41 [HikariPool-1:housekeeper] DEBUG com.zaxxer.hikari.pool.HikariPool - HikariPool-1 - keepalive: connection com.mysql.cj.jdbc.ConnectionImpl@3c8cc273 is alive
2026-04-01 09:03:51 [HikariPool-1:housekeeper] DEBUG com.zaxxer.hikari.pool.HikariPool - HikariPool-1 - keepalive: connection com.mysql.cj.jdbc.ConnectionImpl@ed71757 is alive
2026-04-01 09:03:56 [HikariPool-1:housekeeper] DEBUG com.zaxxer.hikari.pool.HikariPool - HikariPool-1 - Pool stats (total=20/20, idle=20/20, active=0, waiting=0)
2026-04-01 09:03:56 [HikariPool-1:housekeeper] DEBUG com.zaxxer.hikari.pool.HikariPool - HikariPool-1 - Fill pool skipped, pool has sufficient level or currently being filled.
2026-04-01 09:04:01 [HikariPool-1:housekeeper] DEBUG com.zaxxer.hikari.pool.HikariPool - HikariPool-1 - keepalive: connection com.mysql.cj.jdbc.ConnectionImpl@4164d2be is alive
2026-04-01 09:04:02 [HikariPool-1:housekeeper] DEBUG com.zaxxer.hikari.pool.HikariPool - HikariPool-1 - keepalive: connection com.mysql.cj.jdbc.ConnectionImpl@2b8b9c0b is alive
2026-04-01 09:04:09 [HikariPool-1:housekeeper] DEBUG com.zaxxer.hikari.pool.HikariPool - HikariPool-1 - keepalive: connection com.mysql.cj.jdbc.ConnectionImpl@42729d69 is alive
2026-04-01 09:04:23 [HikariPool-1:housekeeper] DEBUG com.zaxxer.hikari.pool.HikariPool - HikariPool-1 - keepalive: connection com.mysql.cj.jdbc.ConnectionImpl@6ab69630 is alive
2026-04-01 09:04:24 [HikariPool-1:housekeeper] DEBUG com.zaxxer.hikari.pool.HikariPool - HikariPool-1 - keepalive: connection com.mysql.cj.jdbc.ConnectionImpl@a99697f is alive
2026-04-01 09:04:26 [HikariPool-1:housekeeper] DEBUG com.zaxxer.hikari.pool.HikariPool - HikariPool-1 - Pool stats (total=20/20, idle=20/20, active=0, waiting=0)
2026-04-01 09:04:26 [HikariPool-1:housekeeper] DEBUG com.zaxxer.hikari.pool.HikariPool - HikariPool-1 - Fill pool skipped, pool has sufficient level or currently being filled.
2026-04-01 09:04:28 [HikariPool-1:housekeeper] DEBUG com.zaxxer.hikari.pool.HikariPool - HikariPool-1 - keepalive: connection com.mysql.cj.jdbc.ConnectionImpl@654085b7 is alive
2026-04-01 09:04:30 [HikariPool-1:housekeeper] DEBUG com.zaxxer.hikari.pool.HikariPool - HikariPool-1 - keepalive: connection com.mysql.cj.jdbc.ConnectionImpl@5039032c is alive
2026-04-01 09:04:39 [HikariPool-1:housekeeper] DEBUG com.zaxxer.hikari.pool.HikariPool - HikariPool-1 - keepalive: connection com.mysql.cj.jdbc.ConnectionImpl@6c7dd6d6 is alive
2026-04-01 09:04:50 [HikariPool-1:housekeeper] DEBUG com.zaxxer.hikari.pool.HikariPool - HikariPool-1 - keepalive: connection com.mysql.cj.jdbc.ConnectionImpl@10a867af is alive
2026-04-01 09:04:53 [HikariPool-1:housekeeper] DEBUG com.zaxxer.hikari.pool.HikariPool - HikariPool-1 - keepalive: connection com.mysql.cj.jdbc.ConnectionImpl@53e65c4d is alive
2026-04-01 09:04:55 [HikariPool-1:housekeeper] DEBUG com.zaxxer.hikari.pool.HikariPool - HikariPool-1 - keepalive: connection com.mysql.cj.jdbc.ConnectionImpl@6f937ed6 is alive
2026-04-01 09:04:56 [HikariPool-1:housekeeper] DEBUG com.zaxxer.hikari.pool.HikariPool - HikariPool-1 - Pool stats (total=20/20, idle=20/20, active=0, waiting=0)
2026-04-01 09:04:56 [HikariPool-1:housekeeper] DEBUG com.zaxxer.hikari.pool.HikariPool - HikariPool-1 - Fill pool skipped, pool has sufficient level or currently being filled.
2026-04-01 09:05:00 [HikariPool-1:housekeeper] DEBUG com.zaxxer.hikari.pool.HikariPool - HikariPool-1 - keepalive: connection com.mysql.cj.jdbc.ConnectionImpl@5b16bd1c is alive
2026-04-01 09:05:06 [HikariPool-1:housekeeper] DEBUG com.zaxxer.hikari.pool.HikariPool - HikariPool-1 - keepalive: connection com.mysql.cj.jdbc.ConnectionImpl@3e5831f3 is alive
2026-04-01 09:05:11 [HikariPool-1:housekeeper] DEBUG com.zaxxer.hikari.pool.HikariPool - HikariPool-1 - keepalive: connection com.mysql.cj.jdbc.ConnectionImpl@45113cd is alive
2026-04-01 09:05:21 [HikariPool-1:housekeeper] DEBUG com.zaxxer.hikari.pool.HikariPool - HikariPool-1 - keepalive: connection com.mysql.cj.jdbc.ConnectionImpl@74ce9598 is alive
2026-04-01 09:05:21 [HikariPool-1:housekeeper] DEBUG com.zaxxer.hikari.pool.HikariPool - HikariPool-1 - keepalive: connection com.mysql.cj.jdbc.ConnectionImpl@243a582d is alive
2026-04-01 09:05:24 [HikariPool-1:housekeeper] DEBUG com.zaxxer.hikari.pool.HikariPool - HikariPool-1 - keepalive: connection com.mysql.cj.jdbc.ConnectionImpl@18c572e2 is alive
2026-04-01 09:05:26 [HikariPool-1:housekeeper] DEBUG com.zaxxer.hikari.pool.HikariPool - HikariPool-1 - Pool stats (total=20/20, idle=20/20, active=0, waiting=0)
2026-04-01 09:05:26 [HikariPool-1:housekeeper] DEBUG com.zaxxer.hikari.pool.HikariPool - HikariPool-1 - Fill pool skipped, pool has sufficient level or currently being filled.
2026-04-01 09:05:27 [HikariPool-1:housekeeper] DEBUG com.zaxxer.hikari.pool.HikariPool - HikariPool-1 - keepalive: connection com.mysql.cj.jdbc.ConnectionImpl@dc862a8 is alive
2026-04-01 09:05:29 [HikariPool-1:housekeeper] DEBUG com.zaxxer.hikari.pool.HikariPool - HikariPool-1 - keepalive: connection com.mysql.cj.jdbc.ConnectionImpl@3c8cc273 is alive
2026-04-01 09:05:42 [HikariPool-1:housekeeper] DEBUG com.zaxxer.hikari.pool.HikariPool - HikariPool-1 - keepalive: connection com.mysql.cj.jdbc.ConnectionImpl@ed71757 is alive
2026-04-01 09:05:54 [HikariPool-1:housekeeper] DEBUG com.zaxxer.hikari.pool.HikariPool - HikariPool-1 - keepalive: connection com.mysql.cj.jdbc.ConnectionImpl@4164d2be is alive
2026-04-01 09:05:56 [HikariPool-1:housekeeper] DEBUG com.zaxxer.hikari.pool.HikariPool - HikariPool-1 - Pool stats (total=20/20, idle=20/20, active=0, waiting=0)
2026-04-01 09:05:56 [HikariPool-1:housekeeper] DEBUG com.zaxxer.hikari.pool.HikariPool - HikariPool-1 - Fill pool skipped, pool has sufficient level or currently being filled.
2026-04-01 09:05:57 [HikariPool-1:housekeeper] DEBUG com.zaxxer.hikari.pool.HikariPool - HikariPool-1 - keepalive: connection com.mysql.cj.jdbc.ConnectionImpl@2b8b9c0b is alive
2026-04-01 09:06:04 [HikariPool-1:housekeeper] DEBUG com.zaxxer.hikari.pool.HikariPool - HikariPool-1 - keepalive: connection com.mysql.cj.jdbc.ConnectionImpl@42729d69 is alive
2026-04-01 09:06:04 [HikariPool-1:housekeeper] DEBUG com.zaxxer.hikari.pool.HikariPool - HikariPool-1 - keepalive: connection com.mysql.cj.jdbc.ConnectionImpl@654085b7 is alive
2026-04-01 09:06:07 [HikariPool-1:housekeeper] DEBUG com.zaxxer.hikari.pool.HikariPool - HikariPool-1 - keepalive: connection com.mysql.cj.jdbc.ConnectionImpl@5039032c is alive
2026-04-01 09:06:17 [HikariPool-1:housekeeper] DEBUG com.zaxxer.hikari.pool.HikariPool - HikariPool-1 - keepalive: connection com.mysql.cj.jdbc.ConnectionImpl@6c7dd6d6 is alive
2026-04-01 09:06:22 [HikariPool-1:housekeeper] DEBUG com.zaxxer.hikari.pool.HikariPool - HikariPool-1 - keepalive: connection com.mysql.cj.jdbc.ConnectionImpl@6ab69630 is alive
2026-04-01 09:06:24 [HikariPool-1:housekeeper] DEBUG com.zaxxer.hikari.pool.HikariPool - HikariPool-1 - keepalive: connection com.mysql.cj.jdbc.ConnectionImpl@a99697f is alive
2026-04-01 09:06:26 [HikariPool-1:housekeeper] DEBUG com.zaxxer.hikari.pool.HikariPool - HikariPool-1 - Pool stats (total=20/20, idle=20/20, active=0, waiting=0)
2026-04-01 09:06:26 [HikariPool-1:housekeeper] DEBUG com.zaxxer.hikari.pool.HikariPool - HikariPool-1 - Fill pool skipped, pool has sufficient level or currently being filled.
2026-04-01 09:06:30 [HikariPool-1:housekeeper] DEBUG com.zaxxer.hikari.pool.HikariPool - HikariPool-1 - keepalive: connection com.mysql.cj.jdbc.ConnectionImpl@10a867af is alive
2026-04-01 09:06:35 [HikariPool-1:housekeeper] DEBUG com.zaxxer.hikari.pool.HikariPool - HikariPool-1 - keepalive: connection com.mysql.cj.jdbc.ConnectionImpl@53e65c4d is alive
2026-04-01 09:06:36 [HikariPool-1:housekeeper] DEBUG com.zaxxer.hikari.pool.HikariPool - HikariPool-1 - keepalive: connection com.mysql.cj.jdbc.ConnectionImpl@6f937ed6 is alive
2026-04-01 09:06:43 [HikariPool-1:housekeeper] DEBUG com.zaxxer.hikari.pool.HikariPool - HikariPool-1 - keepalive: connection com.mysql.cj.jdbc.ConnectionImpl@5b16bd1c is alive
2026-04-01 09:06:51 [HikariPool-1:housekeeper] DEBUG com.zaxxer.hikari.pool.HikariPool - HikariPool-1 - keepalive: connection com.mysql.cj.jdbc.ConnectionImpl@3e5831f3 is alive
2026-04-01 09:06:56 [HikariPool-1:housekeeper] DEBUG com.zaxxer.hikari.pool.HikariPool - HikariPool-1 - Pool stats (total=20/20, idle=20/20, active=0, waiting=0)
2026-04-01 09:06:56 [HikariPool-1:housekeeper] DEBUG com.zaxxer.hikari.pool.HikariPool - HikariPool-1 - Fill pool skipped, pool has sufficient level or currently being filled.
2026-04-01 09:06:56 [HikariPool-1:housekeeper] DEBUG com.zaxxer.hikari.pool.HikariPool - HikariPool-1 - keepalive: connection com.mysql.cj.jdbc.ConnectionImpl@45113cd is alive
2026-04-01 09:07:08 [HikariPool-1:housekeeper] DEBUG com.zaxxer.hikari.pool.HikariPool - HikariPool-1 - keepalive: connection com.mysql.cj.jdbc.ConnectionImpl@74ce9598 is alive
2026-04-01 09:07:08 [HikariPool-1:housekeeper] DEBUG com.zaxxer.hikari.pool.HikariPool - HikariPool-1 - keepalive: connection com.mysql.cj.jdbc.ConnectionImpl@243a582d is alive
2026-04-01 09:07:12 [HikariPool-1:housekeeper] DEBUG com.zaxxer.hikari.pool.HikariPool - HikariPool-1 - keepalive: connection com.mysql.cj.jdbc.ConnectionImpl@18c572e2 is alive
2026-04-01 09:07:15 [HikariPool-1:housekeeper] DEBUG com.zaxxer.hikari.pool.HikariPool - HikariPool-1 - keepalive: connection com.mysql.cj.jdbc.ConnectionImpl@dc862a8 is alive
2026-04-01 09:07:18 [HikariPool-1:housekeeper] DEBUG com.zaxxer.hikari.pool.HikariPool - HikariPool-1 - keepalive: connection com.mysql.cj.jdbc.ConnectionImpl@3c8cc273 is alive
2026-04-01 09:07:26 [HikariPool-1:housekeeper] DEBUG com.zaxxer.hikari.pool.HikariPool - HikariPool-1 - Pool stats (total=20/20, idle=20/20, active=0, waiting=0)
2026-04-01 09:07:26 [HikariPool-1:housekeeper] DEBUG com.zaxxer.hikari.pool.HikariPool - HikariPool-1 - Fill pool skipped, pool has sufficient level or currently being filled.
2026-04-01 09:07:33 [HikariPool-1:housekeeper] DEBUG com.zaxxer.hikari.pool.HikariPool - HikariPool-1 - keepalive: connection com.mysql.cj.jdbc.ConnectionImpl@ed71757 is alive
2026-04-01 09:07:41 [HikariPool-1:housekeeper] DEBUG com.zaxxer.hikari.pool.HikariPool - HikariPool-1 - keepalive: connection com.mysql.cj.jdbc.ConnectionImpl@654085b7 is alive
2026-04-01 09:07:44 [HikariPool-1:housekeeper] DEBUG com.zaxxer.hikari.pool.HikariPool - HikariPool-1 - keepalive: connection com.mysql.cj.jdbc.ConnectionImpl@5039032c is alive
2026-04-01 09:07:48 [HikariPool-1:housekeeper] DEBUG com.zaxxer.hikari.pool.HikariPool - HikariPool-1 - keepalive: connection com.mysql.cj.jdbc.ConnectionImpl@4164d2be is alive
2026-04-01 09:07:51 [HikariPool-1:housekeeper] DEBUG com.zaxxer.hikari.pool.HikariPool - HikariPool-1 - keepalive: connection com.mysql.cj.jdbc.ConnectionImpl@2b8b9c0b is alive
2026-04-01 09:07:56 [HikariPool-1:housekeeper] DEBUG com.zaxxer.hikari.pool.HikariPool - HikariPool-1 - Pool stats (total=20/20, idle=20/20, active=0, waiting=0)
2026-04-01 09:07:56 [HikariPool-1:housekeeper] DEBUG com.zaxxer.hikari.pool.HikariPool - HikariPool-1 - Fill pool skipped, pool has sufficient level or currently being filled.
2026-04-01 09:07:56 [HikariPool-1:housekeeper] DEBUG com.zaxxer.hikari.pool.HikariPool - HikariPool-1 - keepalive: connection com.mysql.cj.jdbc.ConnectionImpl@6c7dd6d6 is alive
2026-04-01 09:08:00 [HikariPool-1:housekeeper] DEBUG com.zaxxer.hikari.pool.HikariPool - HikariPool-1 - keepalive: connection com.mysql.cj.jdbc.ConnectionImpl@42729d69 is alive
2026-04-01 09:08:11 [HikariPool-1:housekeeper] DEBUG com.zaxxer.hikari.pool.HikariPool - HikariPool-1 - keepalive: connection com.mysql.cj.jdbc.ConnectionImpl@10a867af is alive
2026-04-01 09:08:16 [HikariPool-1:housekeeper] DEBUG com.zaxxer.hikari.pool.HikariPool - HikariPool-1 - keepalive: connection com.mysql.cj.jdbc.ConnectionImpl@53e65c4d is alive
2026-04-01 09:08:18 [HikariPool-1:housekeeper] DEBUG com.zaxxer.hikari.pool.HikariPool - HikariPool-1 - keepalive: connection com.mysql.cj.jdbc.ConnectionImpl@6f937ed6 is alive
2026-04-01 09:08:22 [HikariPool-1:housekeeper] DEBUG com.zaxxer.hikari.pool.HikariPool - HikariPool-1 - keepalive: connection com.mysql.cj.jdbc.ConnectionImpl@6ab69630 is alive
2026-04-01 09:08:24 [HikariPool-1:housekeeper] DEBUG com.zaxxer.hikari.pool.HikariPool - HikariPool-1 - keepalive: connection com.mysql.cj.jdbc.ConnectionImpl@a99697f is alive
2026-04-01 09:08:26 [HikariPool-1:housekeeper] DEBUG com.zaxxer.hikari.pool.HikariPool - HikariPool-1 - keepalive: connection com.mysql.cj.jdbc.ConnectionImpl@5b16bd1c is alive
2026-04-01 09:08:26 [HikariPool-1:housekeeper] DEBUG com.zaxxer.hikari.pool.HikariPool - HikariPool-1 - Pool stats (total=20/20, idle=20/20, active=0, waiting=0)
2026-04-01 09:08:26 [HikariPool-1:housekeeper] DEBUG com.zaxxer.hikari.pool.HikariPool - HikariPool-1 - Fill pool skipped, pool has sufficient level or currently being filled.
2026-04-01 09:08:35 [HikariPool-1:housekeeper] DEBUG com.zaxxer.hikari.pool.HikariPool - HikariPool-1 - keepalive: connection com.mysql.cj.jdbc.ConnectionImpl@3e5831f3 is alive
2026-04-01 09:08:41 [HikariPool-1:housekeeper] DEBUG com.zaxxer.hikari.pool.HikariPool - HikariPool-1 - keepalive: connection com.mysql.cj.jdbc.ConnectionImpl@45113cd is alive
2026-04-01 09:08:55 [HikariPool-1:housekeeper] DEBUG com.zaxxer.hikari.pool.HikariPool - HikariPool-1 - keepalive: connection com.mysql.cj.jdbc.ConnectionImpl@74ce9598 is alive
2026-04-01 09:08:55 [HikariPool-1:housekeeper] DEBUG com.zaxxer.hikari.pool.HikariPool - HikariPool-1 - keepalive: connection com.mysql.cj.jdbc.ConnectionImpl@243a582d is alive
2026-04-01 09:08:56 [HikariPool-1:housekeeper] DEBUG com.zaxxer.hikari.pool.HikariPool - HikariPool-1 - Pool stats (total=20/20, idle=20/20, active=0, waiting=0)
2026-04-01 09:08:56 [HikariPool-1:housekeeper] DEBUG com.zaxxer.hikari.pool.HikariPool - HikariPool-1 - Fill pool skipped, pool has sufficient level or currently being filled.
2026-04-01 09:09:00 [HikariPool-1:housekeeper] DEBUG com.zaxxer.hikari.pool.HikariPool - HikariPool-1 - keepalive: connection com.mysql.cj.jdbc.ConnectionImpl@18c572e2 is alive
2026-04-01 09:09:03 [HikariPool-1:housekeeper] DEBUG com.zaxxer.hikari.pool.HikariPool - HikariPool-1 - keepalive: connection com.mysql.cj.jdbc.ConnectionImpl@dc862a8 is alive
2026-04-01 09:09:07 [HikariPool-1:housekeeper] DEBUG com.zaxxer.hikari.pool.HikariPool - HikariPool-1 - keepalive: connection com.mysql.cj.jdbc.ConnectionImpl@3c8cc273 is alive
2026-04-01 09:09:17 [HikariPool-1:housekeeper] DEBUG com.zaxxer.hikari.pool.HikariPool - HikariPool-1 - keepalive: connection com.mysql.cj.jdbc.ConnectionImpl@654085b7 is alive
2026-04-01 09:09:20 [HikariPool-1:housekeeper] DEBUG com.zaxxer.hikari.pool.HikariPool - HikariPool-1 - keepalive: connection com.mysql.cj.jdbc.ConnectionImpl@5039032c is alive
2026-04-01 09:09:25 [HikariPool-1:housekeeper] DEBUG com.zaxxer.hikari.pool.HikariPool - HikariPool-1 - keepalive: connection com.mysql.cj.jdbc.ConnectionImpl@ed71757 is alive
2026-04-01 09:09:26 [HikariPool-1:housekeeper] DEBUG com.zaxxer.hikari.pool.HikariPool - HikariPool-1 - Pool stats (total=20/20, idle=20/20, active=0, waiting=0)
2026-04-01 09:09:26 [HikariPool-1:housekeeper] DEBUG com.zaxxer.hikari.pool.HikariPool - HikariPool-1 - Fill pool skipped, pool has sufficient level or currently being filled.
2026-04-01 09:09:35 [HikariPool-1:housekeeper] DEBUG com.zaxxer.hikari.pool.HikariPool - HikariPool-1 - keepalive: connection com.mysql.cj.jdbc.ConnectionImpl@6c7dd6d6 is alive
2026-04-01 09:09:41 [HikariPool-1:housekeeper] DEBUG com.zaxxer.hikari.pool.HikariPool - HikariPool-1 - keepalive: connection com.mysql.cj.jdbc.ConnectionImpl@4164d2be is alive
2026-04-01 09:09:45 [HikariPool-1:housekeeper] DEBUG com.zaxxer.hikari.pool.HikariPool - HikariPool-1 - keepalive: connection com.mysql.cj.jdbc.ConnectionImpl@2b8b9c0b is alive
2026-04-01 09:09:52 [HikariPool-1:housekeeper] DEBUG com.zaxxer.hikari.pool.HikariPool - HikariPool-1 - keepalive: connection com.mysql.cj.jdbc.ConnectionImpl@10a867af is alive
2026-04-01 09:09:56 [HikariPool-1:housekeeper] DEBUG com.zaxxer.hikari.pool.HikariPool - HikariPool-1 - keepalive: connection com.mysql.cj.jdbc.ConnectionImpl@42729d69 is alive
2026-04-01 09:09:56 [HikariPool-1:housekeeper] DEBUG com.zaxxer.hikari.pool.HikariPool - HikariPool-1 - Pool stats (total=20/20, idle=20/20, active=0, waiting=0)
2026-04-01 09:09:56 [HikariPool-1:housekeeper] DEBUG com.zaxxer.hikari.pool.HikariPool - HikariPool-1 - Fill pool skipped, pool has sufficient level or currently being filled.
2026-04-01 09:09:58 [HikariPool-1:housekeeper] DEBUG com.zaxxer.hikari.pool.HikariPool - HikariPool-1 - keepalive: connection com.mysql.cj.jdbc.ConnectionImpl@53e65c4d is alive
2026-04-01 09:10:00 [HikariPool-1:housekeeper] DEBUG com.zaxxer.hikari.pool.HikariPool - HikariPool-1 - keepalive: connection com.mysql.cj.jdbc.ConnectionImpl@6f937ed6 is alive
2026-04-01 09:10:08 [HikariPool-1:housekeeper] DEBUG com.zaxxer.hikari.pool.HikariPool - HikariPool-1 - keepalive: connection com.mysql.cj.jdbc.ConnectionImpl@5b16bd1c is alive
2026-04-01 09:10:19 [HikariPool-1:housekeeper] DEBUG com.zaxxer.hikari.pool.HikariPool - HikariPool-1 - keepalive: connection com.mysql.cj.jdbc.ConnectionImpl@3e5831f3 is alive
2026-04-01 09:10:21 [HikariPool-1:housekeeper] DEBUG com.zaxxer.hikari.pool.HikariPool - HikariPool-1 - keepalive: connection com.mysql.cj.jdbc.ConnectionImpl@6ab69630 is alive
2026-04-01 09:10:23 [HikariPool-1:housekeeper] DEBUG com.zaxxer.hikari.pool.HikariPool - HikariPool-1 - keepalive: connection com.mysql.cj.jdbc.ConnectionImpl@a99697f is alive
2026-04-01 09:10:26 [HikariPool-1:housekeeper] DEBUG com.zaxxer.hikari.pool.HikariPool - HikariPool-1 - Pool stats (total=20/20, idle=20/20, active=0, waiting=0)
2026-04-01 09:10:26 [HikariPool-1:housekeeper] DEBUG com.zaxxer.hikari.pool.HikariPool - HikariPool-1 - Fill pool skipped, pool has sufficient level or currently being filled.
2026-04-01 09:10:26 [HikariPool-1:housekeeper] DEBUG com.zaxxer.hikari.pool.HikariPool - HikariPool-1 - keepalive: connection com.mysql.cj.jdbc.ConnectionImpl@45113cd is alive
2026-04-01 09:10:42 [HikariPool-1:housekeeper] DEBUG com.zaxxer.hikari.pool.HikariPool - HikariPool-1 - keepalive: connection com.mysql.cj.jdbc.ConnectionImpl@74ce9598 is alive
2026-04-01 09:10:43 [HikariPool-1:housekeeper] DEBUG com.zaxxer.hikari.pool.HikariPool - HikariPool-1 - keepalive: connection com.mysql.cj.jdbc.ConnectionImpl@243a582d is alive
2026-04-01 09:10:47 [HikariPool-1:housekeeper] DEBUG com.zaxxer.hikari.pool.HikariPool - HikariPool-1 - keepalive: connection com.mysql.cj.jdbc.ConnectionImpl@18c572e2 is alive
2026-04-01 09:10:51 [HikariPool-1:housekeeper] DEBUG com.zaxxer.hikari.pool.HikariPool - HikariPool-1 - keepalive: connection com.mysql.cj.jdbc.ConnectionImpl@dc862a8 is alive
2026-04-01 09:10:54 [HikariPool-1:housekeeper] DEBUG com.zaxxer.hikari.pool.HikariPool - HikariPool-1 - keepalive: connection com.mysql.cj.jdbc.ConnectionImpl@654085b7 is alive
2026-04-01 09:10:55 [HikariPool-1:housekeeper] DEBUG com.zaxxer.hikari.pool.HikariPool - HikariPool-1 - keepalive: connection com.mysql.cj.jdbc.ConnectionImpl@3c8cc273 is alive
2026-04-01 09:10:56 [HikariPool-1:housekeeper] DEBUG com.zaxxer.hikari.pool.HikariPool - HikariPool-1 - Pool stats (total=20/20, idle=20/20, active=0, waiting=0)
2026-04-01 09:10:56 [HikariPool-1:housekeeper] DEBUG com.zaxxer.hikari.pool.HikariPool - HikariPool-1 - Fill pool skipped, pool has sufficient level or currently being filled.
2026-04-01 09:10:57 [HikariPool-1:housekeeper] DEBUG com.zaxxer.hikari.pool.HikariPool - HikariPool-1 - keepalive: connection com.mysql.cj.jdbc.ConnectionImpl@5039032c is alive
2026-04-01 09:11:13 [HikariPool-1:housekeeper] DEBUG com.zaxxer.hikari.pool.HikariPool - HikariPool-1 - keepalive: connection com.mysql.cj.jdbc.ConnectionImpl@6c7dd6d6 is alive
2026-04-01 09:11:16 [HikariPool-1:housekeeper] DEBUG com.zaxxer.hikari.pool.HikariPool - HikariPool-1 - keepalive: connection com.mysql.cj.jdbc.ConnectionImpl@ed71757 is alive
2026-04-01 09:11:26 [HikariPool-1:housekeeper] DEBUG com.zaxxer.hikari.pool.HikariPool - HikariPool-1 - Pool stats (total=20/20, idle=20/20, active=0, waiting=0)
2026-04-01 09:11:26 [HikariPool-1:housekeeper] DEBUG com.zaxxer.hikari.pool.HikariPool - HikariPool-1 - Fill pool skipped, pool has sufficient level or currently being filled.
2026-04-01 09:11:33 [HikariPool-1:housekeeper] DEBUG com.zaxxer.hikari.pool.HikariPool - HikariPool-1 - keepalive: connection com.mysql.cj.jdbc.ConnectionImpl@10a867af is alive
2026-04-01 09:11:35 [HikariPool-1:housekeeper] DEBUG com.zaxxer.hikari.pool.HikariPool - HikariPool-1 - keepalive: connection com.mysql.cj.jdbc.ConnectionImpl@4164d2be is alive
2026-04-01 09:11:39 [HikariPool-1:housekeeper] DEBUG com.zaxxer.hikari.pool.HikariPool - HikariPool-1 - keepalive: connection com.mysql.cj.jdbc.ConnectionImpl@2b8b9c0b is alive
2026-04-01 09:11:39 [HikariPool-1:housekeeper] DEBUG com.zaxxer.hikari.pool.HikariPool - HikariPool-1 - keepalive: connection com.mysql.cj.jdbc.ConnectionImpl@53e65c4d is alive
2026-04-01 09:11:42 [HikariPool-1:housekeeper] DEBUG com.zaxxer.hikari.pool.HikariPool - HikariPool-1 - keepalive: connection com.mysql.cj.jdbc.ConnectionImpl@6f937ed6 is alive
2026-04-01 09:11:51 [HikariPool-1:housekeeper] DEBUG com.zaxxer.hikari.pool.HikariPool - HikariPool-1 - keepalive: connection com.mysql.cj.jdbc.ConnectionImpl@42729d69 is alive
2026-04-01 09:11:51 [HikariPool-1:housekeeper] DEBUG com.zaxxer.hikari.pool.HikariPool - HikariPool-1 - keepalive: connection com.mysql.cj.jdbc.ConnectionImpl@5b16bd1c is alive
2026-04-01 09:11:56 [HikariPool-1:housekeeper] DEBUG com.zaxxer.hikari.pool.HikariPool - HikariPool-1 - Pool stats (total=20/20, idle=20/20, active=0, waiting=0)
2026-04-01 09:11:56 [HikariPool-1:housekeeper] DEBUG com.zaxxer.hikari.pool.HikariPool - HikariPool-1 - Fill pool skipped, pool has sufficient level or currently being filled.
2026-04-01 09:12:03 [HikariPool-1:housekeeper] DEBUG com.zaxxer.hikari.pool.HikariPool - HikariPool-1 - keepalive: connection com.mysql.cj.jdbc.ConnectionImpl@3e5831f3 is alive
2026-04-01 09:12:11 [HikariPool-1:housekeeper] DEBUG com.zaxxer.hikari.pool.HikariPool - HikariPool-1 - keepalive: connection com.mysql.cj.jdbc.ConnectionImpl@45113cd is alive
2026-04-01 09:12:20 [HikariPool-1:housekeeper] DEBUG com.zaxxer.hikari.pool.HikariPool - HikariPool-1 - keepalive: connection com.mysql.cj.jdbc.ConnectionImpl@6ab69630 is alive
2026-04-01 09:12:23 [HikariPool-1:housekeeper] DEBUG com.zaxxer.hikari.pool.HikariPool - HikariPool-1 - keepalive: connection com.mysql.cj.jdbc.ConnectionImpl@a99697f is alive
2026-04-01 09:12:26 [HikariPool-1:housekeeper] DEBUG com.zaxxer.hikari.pool.HikariPool - HikariPool-1 - Pool stats (total=20/20, idle=20/20, active=0, waiting=0)
2026-04-01 09:12:26 [HikariPool-1:housekeeper] DEBUG com.zaxxer.hikari.pool.HikariPool - HikariPool-1 - Fill pool skipped, pool has sufficient level or currently being filled.
2026-04-01 09:12:29 [HikariPool-1:housekeeper] DEBUG com.zaxxer.hikari.pool.HikariPool - HikariPool-1 - keepalive: connection com.mysql.cj.jdbc.ConnectionImpl@74ce9598 is alive
2026-04-01 09:12:30 [HikariPool-1:housekeeper] DEBUG com.zaxxer.hikari.pool.HikariPool - HikariPool-1 - keepalive: connection com.mysql.cj.jdbc.ConnectionImpl@243a582d is alive
2026-04-01 09:12:30 [HikariPool-1:housekeeper] DEBUG com.zaxxer.hikari.pool.HikariPool - HikariPool-1 - keepalive: connection com.mysql.cj.jdbc.ConnectionImpl@654085b7 is alive
2026-04-01 09:12:34 [HikariPool-1:housekeeper] DEBUG com.zaxxer.hikari.pool.HikariPool - HikariPool-1 - keepalive: connection com.mysql.cj.jdbc.ConnectionImpl@5039032c is alive
2026-04-01 09:12:35 [HikariPool-1:housekeeper] DEBUG com.zaxxer.hikari.pool.HikariPool - HikariPool-1 - keepalive: connection com.mysql.cj.jdbc.ConnectionImpl@18c572e2 is alive
2026-04-01 09:12:39 [HikariPool-1:housekeeper] DEBUG com.zaxxer.hikari.pool.HikariPool - HikariPool-1 - keepalive: connection com.mysql.cj.jdbc.ConnectionImpl@dc862a8 is alive
2026-04-01 09:12:44 [HikariPool-1:housekeeper] DEBUG com.zaxxer.hikari.pool.HikariPool - HikariPool-1 - keepalive: connection com.mysql.cj.jdbc.ConnectionImpl@3c8cc273 is alive
2026-04-01 09:12:52 [HikariPool-1:housekeeper] DEBUG com.zaxxer.hikari.pool.HikariPool - HikariPool-1 - keepalive: connection com.mysql.cj.jdbc.ConnectionImpl@6c7dd6d6 is alive
2026-04-01 09:12:56 [HikariPool-1:housekeeper] DEBUG com.zaxxer.hikari.pool.HikariPool - HikariPool-1 - Pool stats (total=20/20, idle=20/20, active=0, waiting=0)
2026-04-01 09:12:56 [HikariPool-1:housekeeper] DEBUG com.zaxxer.hikari.pool.HikariPool - HikariPool-1 - Fill pool skipped, pool has sufficient level or currently being filled.
2026-04-01 09:13:07 [HikariPool-1:housekeeper] DEBUG com.zaxxer.hikari.pool.HikariPool - HikariPool-1 - keepalive: connection com.mysql.cj.jdbc.ConnectionImpl@ed71757 is alive
2026-04-01 09:13:13 [HikariPool-1:housekeeper] DEBUG com.zaxxer.hikari.pool.HikariPool - HikariPool-1 - keepalive: connection com.mysql.cj.jdbc.ConnectionImpl@10a867af is alive
2026-04-01 09:13:21 [HikariPool-1:housekeeper] DEBUG com.zaxxer.hikari.pool.HikariPool - HikariPool-1 - keepalive: connection com.mysql.cj.jdbc.ConnectionImpl@53e65c4d is alive
2026-04-01 09:13:24 [HikariPool-1:housekeeper] DEBUG com.zaxxer.hikari.pool.HikariPool - HikariPool-1 - keepalive: connection com.mysql.cj.jdbc.ConnectionImpl@6f937ed6 is alive
2026-04-01 09:13:26 [HikariPool-1:housekeeper] DEBUG com.zaxxer.hikari.pool.HikariPool - HikariPool-1 - Pool stats (total=20/20, idle=20/20, active=0, waiting=0)
2026-04-01 09:13:26 [HikariPool-1:housekeeper] DEBUG com.zaxxer.hikari.pool.HikariPool - HikariPool-1 - Fill pool skipped, pool has sufficient level or currently being filled.
2026-04-01 09:13:28 [HikariPool-1:housekeeper] DEBUG com.zaxxer.hikari.pool.HikariPool - HikariPool-1 - keepalive: connection com.mysql.cj.jdbc.ConnectionImpl@4164d2be is alive
2026-04-01 09:13:33 [HikariPool-1:housekeeper] DEBUG com.zaxxer.hikari.pool.HikariPool - HikariPool-1 - keepalive: connection com.mysql.cj.jdbc.ConnectionImpl@2b8b9c0b is alive
2026-04-01 09:13:34 [HikariPool-1:housekeeper] DEBUG com.zaxxer.hikari.pool.HikariPool - HikariPool-1 - keepalive: connection com.mysql.cj.jdbc.ConnectionImpl@5b16bd1c is alive
2026-04-01 09:13:47 [HikariPool-1:housekeeper] DEBUG com.zaxxer.hikari.pool.HikariPool - HikariPool-1 - keepalive: connection com.mysql.cj.jdbc.ConnectionImpl@42729d69 is alive
2026-04-01 09:13:47 [HikariPool-1:housekeeper] DEBUG com.zaxxer.hikari.pool.HikariPool - HikariPool-1 - keepalive: connection com.mysql.cj.jdbc.ConnectionImpl@3e5831f3 is alive
2026-04-01 09:13:56 [HikariPool-1:housekeeper] DEBUG com.zaxxer.hikari.pool.HikariPool - HikariPool-1 - Pool stats (total=20/20, idle=20/20, active=0, waiting=0)
2026-04-01 09:13:56 [HikariPool-1:housekeeper] DEBUG com.zaxxer.hikari.pool.HikariPool - HikariPool-1 - Fill pool skipped, pool has sufficient level or currently being filled.
2026-04-01 09:13:56 [HikariPool-1:housekeeper] DEBUG com.zaxxer.hikari.pool.HikariPool - HikariPool-1 - keepalive: connection com.mysql.cj.jdbc.ConnectionImpl@45113cd is alive
2026-04-01 09:14:07 [HikariPool-1:housekeeper] DEBUG com.zaxxer.hikari.pool.HikariPool - HikariPool-1 - keepalive: connection com.mysql.cj.jdbc.ConnectionImpl@654085b7 is alive
2026-04-01 09:14:11 [HikariPool-1:housekeeper] DEBUG com.zaxxer.hikari.pool.HikariPool - HikariPool-1 - keepalive: connection com.mysql.cj.jdbc.ConnectionImpl@5039032c is alive
2026-04-01 09:14:16 [HikariPool-1:housekeeper] DEBUG com.zaxxer.hikari.pool.HikariPool - HikariPool-1 - keepalive: connection com.mysql.cj.jdbc.ConnectionImpl@74ce9598 is alive
2026-04-01 09:14:17 [HikariPool-1:housekeeper] DEBUG com.zaxxer.hikari.pool.HikariPool - HikariPool-1 - keepalive: connection com.mysql.cj.jdbc.ConnectionImpl@243a582d is alive
2026-04-01 09:14:20 [HikariPool-1:housekeeper] DEBUG com.zaxxer.hikari.pool.HikariPool - HikariPool-1 - keepalive: connection com.mysql.cj.jdbc.ConnectionImpl@6ab69630 is alive
2026-04-01 09:14:23 [HikariPool-1:housekeeper] DEBUG com.zaxxer.hikari.pool.HikariPool - HikariPool-1 - keepalive: connection com.mysql.cj.jdbc.ConnectionImpl@a99697f is alive
2026-04-01 09:14:23 [HikariPool-1:housekeeper] DEBUG com.zaxxer.hikari.pool.HikariPool - HikariPool-1 - keepalive: connection com.mysql.cj.jdbc.ConnectionImpl@18c572e2 is alive
2026-04-01 09:14:26 [HikariPool-1:housekeeper] DEBUG com.zaxxer.hikari.pool.HikariPool - HikariPool-1 - Pool stats (total=20/20, idle=20/20, active=0, waiting=0)
2026-04-01 09:14:26 [HikariPool-1:housekeeper] DEBUG com.zaxxer.hikari.pool.HikariPool - HikariPool-1 - Fill pool skipped, pool has sufficient level or currently being filled.
2026-04-01 09:14:27 [HikariPool-1:housekeeper] DEBUG com.zaxxer.hikari.pool.HikariPool - HikariPool-1 - keepalive: connection com.mysql.cj.jdbc.ConnectionImpl@dc862a8 is alive
2026-04-01 09:14:30 [HikariPool-1:housekeeper] DEBUG com.zaxxer.hikari.pool.HikariPool - HikariPool-1 - keepalive: connection com.mysql.cj.jdbc.ConnectionImpl@6c7dd6d6 is alive
2026-04-01 09:14:33 [HikariPool-1:housekeeper] DEBUG com.zaxxer.hikari.pool.HikariPool - HikariPool-1 - keepalive: connection com.mysql.cj.jdbc.ConnectionImpl@3c8cc273 is alive
2026-04-01 09:14:54 [HikariPool-1:housekeeper] DEBUG com.zaxxer.hikari.pool.HikariPool - HikariPool-1 - keepalive: connection com.mysql.cj.jdbc.ConnectionImpl@10a867af is alive
2026-04-01 09:14:56 [HikariPool-1:housekeeper] DEBUG com.zaxxer.hikari.pool.HikariPool - HikariPool-1 - Pool stats (total=20/20, idle=20/20, active=0, waiting=0)
2026-04-01 09:14:56 [HikariPool-1:housekeeper] DEBUG com.zaxxer.hikari.pool.HikariPool - HikariPool-1 - Fill pool skipped, pool has sufficient level or currently being filled.
2026-04-01 09:14:59 [HikariPool-1:housekeeper] DEBUG com.zaxxer.hikari.pool.HikariPool - HikariPool-1 - keepalive: connection com.mysql.cj.jdbc.ConnectionImpl@ed71757 is alive
2026-04-01 09:15:02 [HikariPool-1:housekeeper] DEBUG com.zaxxer.hikari.pool.HikariPool - HikariPool-1 - keepalive: connection com.mysql.cj.jdbc.ConnectionImpl@53e65c4d is alive
2026-04-01 09:15:05 [HikariPool-1:housekeeper] DEBUG com.zaxxer.hikari.pool.HikariPool - HikariPool-1 - keepalive: connection com.mysql.cj.jdbc.ConnectionImpl@6f937ed6 is alive
2026-04-01 09:15:17 [HikariPool-1:housekeeper] DEBUG com.zaxxer.hikari.pool.HikariPool - HikariPool-1 - keepalive: connection com.mysql.cj.jdbc.ConnectionImpl@5b16bd1c is alive
2026-04-01 09:15:22 [HikariPool-1:housekeeper] DEBUG com.zaxxer.hikari.pool.HikariPool - HikariPool-1 - keepalive: connection com.mysql.cj.jdbc.ConnectionImpl@4164d2be is alive
2026-04-01 09:15:26 [HikariPool-1:housekeeper] DEBUG com.zaxxer.hikari.pool.HikariPool - HikariPool-1 - Pool stats (total=20/20, idle=20/20, active=0, waiting=0)
2026-04-01 09:15:26 [HikariPool-1:housekeeper] DEBUG com.zaxxer.hikari.pool.HikariPool - HikariPool-1 - Fill pool skipped, pool has sufficient level or currently being filled.
2026-04-01 09:15:27 [HikariPool-1:housekeeper] DEBUG com.zaxxer.hikari.pool.HikariPool - HikariPool-1 - keepalive: connection com.mysql.cj.jdbc.ConnectionImpl@2b8b9c0b is alive
2026-04-01 09:15:31 [HikariPool-1:housekeeper] DEBUG com.zaxxer.hikari.pool.HikariPool - HikariPool-1 - keepalive: connection com.mysql.cj.jdbc.ConnectionImpl@3e5831f3 is alive
2026-04-01 09:15:41 [HikariPool-1:housekeeper] DEBUG com.zaxxer.hikari.pool.HikariPool - HikariPool-1 - keepalive: connection com.mysql.cj.jdbc.ConnectionImpl@45113cd is alive
2026-04-01 09:15:42 [HikariPool-1:housekeeper] DEBUG com.zaxxer.hikari.pool.HikariPool - HikariPool-1 - keepalive: connection com.mysql.cj.jdbc.ConnectionImpl@42729d69 is alive
2026-04-01 09:15:43 [HikariPool-1:housekeeper] DEBUG com.zaxxer.hikari.pool.HikariPool - HikariPool-1 - keepalive: connection com.mysql.cj.jdbc.ConnectionImpl@654085b7 is alive
2026-04-01 09:15:47 [HikariPool-1:housekeeper] DEBUG com.zaxxer.hikari.pool.HikariPool - HikariPool-1 - keepalive: connection com.mysql.cj.jdbc.ConnectionImpl@5039032c is alive
2026-04-01 09:15:56 [HikariPool-1:housekeeper] DEBUG com.zaxxer.hikari.pool.HikariPool - HikariPool-1 - Pool stats (total=20/20, idle=20/20, active=0, waiting=0)
2026-04-01 09:15:56 [HikariPool-1:housekeeper] DEBUG com.zaxxer.hikari.pool.HikariPool - HikariPool-1 - Fill pool skipped, pool has sufficient level or currently being filled.
2026-04-01 09:16:03 [HikariPool-1:housekeeper] DEBUG com.zaxxer.hikari.pool.HikariPool - HikariPool-1 - keepalive: connection com.mysql.cj.jdbc.ConnectionImpl@74ce9598 is alive
2026-04-01 09:16:04 [HikariPool-1:housekeeper] DEBUG com.zaxxer.hikari.pool.HikariPool - HikariPool-1 - keepalive: connection com.mysql.cj.jdbc.ConnectionImpl@243a582d is alive
2026-04-01 09:16:09 [HikariPool-1:housekeeper] DEBUG com.zaxxer.hikari.pool.HikariPool - HikariPool-1 - keepalive: connection com.mysql.cj.jdbc.ConnectionImpl@6c7dd6d6 is alive
2026-04-01 09:16:11 [HikariPool-1:housekeeper] DEBUG com.zaxxer.hikari.pool.HikariPool - HikariPool-1 - keepalive: connection com.mysql.cj.jdbc.ConnectionImpl@18c572e2 is alive
2026-04-01 09:16:15 [HikariPool-1:housekeeper] DEBUG com.zaxxer.hikari.pool.HikariPool - HikariPool-1 - keepalive: connection com.mysql.cj.jdbc.ConnectionImpl@dc862a8 is alive
2026-04-01 09:16:19 [HikariPool-1:housekeeper] DEBUG com.zaxxer.hikari.pool.HikariPool - HikariPool-1 - keepalive: connection com.mysql.cj.jdbc.ConnectionImpl@6ab69630 is alive
2026-04-01 09:16:21 [HikariPool-1:housekeeper] DEBUG com.zaxxer.hikari.pool.HikariPool - HikariPool-1 - keepalive: connection com.mysql.cj.jdbc.ConnectionImpl@3c8cc273 is alive
2026-04-01 09:16:22 [HikariPool-1:housekeeper] DEBUG com.zaxxer.hikari.pool.HikariPool - HikariPool-1 - keepalive: connection com.mysql.cj.jdbc.ConnectionImpl@a99697f is alive
2026-04-01 09:16:26 [HikariPool-1:housekeeper] DEBUG com.zaxxer.hikari.pool.HikariPool - HikariPool-1 - Pool stats (total=20/20, idle=20/20, active=0, waiting=0)
2026-04-01 09:16:26 [HikariPool-1:housekeeper] DEBUG com.zaxxer.hikari.pool.HikariPool - HikariPool-1 - Fill pool skipped, pool has sufficient level or currently being filled.
2026-04-01 09:16:35 [HikariPool-1:housekeeper] DEBUG com.zaxxer.hikari.pool.HikariPool - HikariPool-1 - keepalive: connection com.mysql.cj.jdbc.ConnectionImpl@10a867af is alive
2026-04-01 09:16:43 [HikariPool-1:housekeeper] DEBUG com.zaxxer.hikari.pool.HikariPool - HikariPool-1 - keepalive: connection com.mysql.cj.jdbc.ConnectionImpl@53e65c4d is alive
2026-04-01 09:16:47 [HikariPool-1:housekeeper] DEBUG com.zaxxer.hikari.pool.HikariPool - HikariPool-1 - keepalive: connection com.mysql.cj.jdbc.ConnectionImpl@6f937ed6 is alive
2026-04-01 09:16:50 [HikariPool-1:housekeeper] DEBUG com.zaxxer.hikari.pool.HikariPool - HikariPool-1 - keepalive: connection com.mysql.cj.jdbc.ConnectionImpl@ed71757 is alive
2026-04-01 09:16:56 [HikariPool-1:housekeeper] DEBUG com.zaxxer.hikari.pool.HikariPool - HikariPool-1 - Pool stats (total=20/20, idle=20/20, active=0, waiting=0)
2026-04-01 09:16:56 [HikariPool-1:housekeeper] DEBUG com.zaxxer.hikari.pool.HikariPool - HikariPool-1 - Fill pool skipped, pool has sufficient level or currently being filled.
2026-04-01 09:17:00 [HikariPool-1:housekeeper] DEBUG com.zaxxer.hikari.pool.HikariPool - HikariPool-1 - keepalive: connection com.mysql.cj.jdbc.ConnectionImpl@5b16bd1c is alive
2026-04-01 09:17:15 [HikariPool-1:housekeeper] DEBUG com.zaxxer.hikari.pool.HikariPool - HikariPool-1 - keepalive: connection com.mysql.cj.jdbc.ConnectionImpl@3e5831f3 is alive
2026-04-01 09:17:16 [HikariPool-1:housekeeper] DEBUG com.zaxxer.hikari.pool.HikariPool - HikariPool-1 - keepalive: connection com.mysql.cj.jdbc.ConnectionImpl@4164d2be is alive
2026-04-01 09:17:19 [HikariPool-1:housekeeper] DEBUG com.zaxxer.hikari.pool.HikariPool - HikariPool-1 - keepalive: connection com.mysql.cj.jdbc.ConnectionImpl@654085b7 is alive
2026-04-01 09:17:22 [HikariPool-1:housekeeper] DEBUG com.zaxxer.hikari.pool.HikariPool - HikariPool-1 - keepalive: connection com.mysql.cj.jdbc.ConnectionImpl@2b8b9c0b is alive
2026-04-01 09:17:24 [HikariPool-1:housekeeper] DEBUG com.zaxxer.hikari.pool.HikariPool - HikariPool-1 - keepalive: connection com.mysql.cj.jdbc.ConnectionImpl@5039032c is alive
2026-04-01 09:17:26 [HikariPool-1:housekeeper] DEBUG com.zaxxer.hikari.pool.HikariPool - HikariPool-1 - Pool stats (total=20/20, idle=20/20, active=0, waiting=0)
2026-04-01 09:17:26 [HikariPool-1:housekeeper] DEBUG com.zaxxer.hikari.pool.HikariPool - HikariPool-1 - Fill pool skipped, pool has sufficient level or currently being filled.
2026-04-01 09:17:26 [HikariPool-1:housekeeper] DEBUG com.zaxxer.hikari.pool.HikariPool - HikariPool-1 - keepalive: connection com.mysql.cj.jdbc.ConnectionImpl@45113cd is alive
2026-04-01 09:17:38 [HikariPool-1:housekeeper] DEBUG com.zaxxer.hikari.pool.HikariPool - HikariPool-1 - keepalive: connection com.mysql.cj.jdbc.ConnectionImpl@42729d69 is alive
2026-04-01 09:17:48 [HikariPool-1:housekeeper] DEBUG com.zaxxer.hikari.pool.HikariPool - HikariPool-1 - keepalive: connection com.mysql.cj.jdbc.ConnectionImpl@6c7dd6d6 is alive
2026-04-01 09:17:50 [HikariPool-1:housekeeper] DEBUG com.zaxxer.hikari.pool.HikariPool - HikariPool-1 - keepalive: connection com.mysql.cj.jdbc.ConnectionImpl@74ce9598 is alive
2026-04-01 09:17:51 [HikariPool-1:housekeeper] DEBUG com.zaxxer.hikari.pool.HikariPool - HikariPool-1 - keepalive: connection com.mysql.cj.jdbc.ConnectionImpl@243a582d is alive
2026-04-01 09:17:56 [HikariPool-1:housekeeper] DEBUG com.zaxxer.hikari.pool.HikariPool - HikariPool-1 - Pool stats (total=20/20, idle=20/20, active=0, waiting=0)
2026-04-01 09:17:56 [HikariPool-1:housekeeper] DEBUG com.zaxxer.hikari.pool.HikariPool - HikariPool-1 - Fill pool skipped, pool has sufficient level or currently being filled.
2026-04-01 09:17:58 [HikariPool-1:housekeeper] DEBUG com.zaxxer.hikari.pool.HikariPool - HikariPool-1 - keepalive: connection com.mysql.cj.jdbc.ConnectionImpl@18c572e2 is alive
2026-04-01 09:18:03 [HikariPool-1:housekeeper] DEBUG com.zaxxer.hikari.pool.HikariPool - HikariPool-1 - keepalive: connection com.mysql.cj.jdbc.ConnectionImpl@dc862a8 is alive
2026-04-01 09:18:10 [HikariPool-1:housekeeper] DEBUG com.zaxxer.hikari.pool.HikariPool - HikariPool-1 - keepalive: connection com.mysql.cj.jdbc.ConnectionImpl@3c8cc273 is alive
2026-04-01 09:18:15 [HikariPool-1:housekeeper] DEBUG com.zaxxer.hikari.pool.HikariPool - HikariPool-1 - keepalive: connection com.mysql.cj.jdbc.ConnectionImpl@10a867af is alive
2026-04-01 09:18:18 [HikariPool-1:housekeeper] DEBUG com.zaxxer.hikari.pool.HikariPool - HikariPool-1 - keepalive: connection com.mysql.cj.jdbc.ConnectionImpl@6ab69630 is alive
2026-04-01 09:18:22 [HikariPool-1:housekeeper] DEBUG com.zaxxer.hikari.pool.HikariPool - HikariPool-1 - keepalive: connection com.mysql.cj.jdbc.ConnectionImpl@a99697f is alive
2026-04-01 09:18:25 [HikariPool-1:housekeeper] DEBUG com.zaxxer.hikari.pool.HikariPool - HikariPool-1 - keepalive: connection com.mysql.cj.jdbc.ConnectionImpl@53e65c4d is alive
2026-04-01 09:18:26 [HikariPool-1:housekeeper] DEBUG com.zaxxer.hikari.pool.HikariPool - HikariPool-1 - Pool stats (total=20/20, idle=20/20, active=0, waiting=0)
2026-04-01 09:18:26 [HikariPool-1:housekeeper] DEBUG com.zaxxer.hikari.pool.HikariPool - HikariPool-1 - Fill pool skipped, pool has sufficient level or currently being filled.
2026-04-01 09:18:29 [HikariPool-1:housekeeper] DEBUG com.zaxxer.hikari.pool.HikariPool - HikariPool-1 - keepalive: connection com.mysql.cj.jdbc.ConnectionImpl@6f937ed6 is alive
2026-04-01 09:18:41 [HikariPool-1:housekeeper] DEBUG com.zaxxer.hikari.pool.HikariPool - HikariPool-1 - keepalive: connection com.mysql.cj.jdbc.ConnectionImpl@ed71757 is alive
2026-04-01 09:18:43 [HikariPool-1:housekeeper] DEBUG com.zaxxer.hikari.pool.HikariPool - HikariPool-1 - keepalive: connection com.mysql.cj.jdbc.ConnectionImpl@5b16bd1c is alive
2026-04-01 09:18:56 [HikariPool-1:housekeeper] DEBUG com.zaxxer.hikari.pool.HikariPool - HikariPool-1 - keepalive: connection com.mysql.cj.jdbc.ConnectionImpl@654085b7 is alive
2026-04-01 09:18:56 [HikariPool-1:housekeeper] DEBUG com.zaxxer.hikari.pool.HikariPool - HikariPool-1 - Pool stats (total=20/20, idle=20/20, active=0, waiting=0)
2026-04-01 09:18:56 [HikariPool-1:housekeeper] DEBUG com.zaxxer.hikari.pool.HikariPool - HikariPool-1 - Fill pool skipped, pool has sufficient level or currently being filled.
2026-04-01 09:19:00 [HikariPool-1:housekeeper] DEBUG com.zaxxer.hikari.pool.HikariPool - HikariPool-1 - keepalive: connection com.mysql.cj.jdbc.ConnectionImpl@3e5831f3 is alive
2026-04-01 09:19:01 [HikariPool-1:housekeeper] DEBUG com.zaxxer.hikari.pool.HikariPool - HikariPool-1 - keepalive: connection com.mysql.cj.jdbc.ConnectionImpl@5039032c is alive
2026-04-01 09:19:09 [HikariPool-1:housekeeper] DEBUG com.zaxxer.hikari.pool.HikariPool - HikariPool-1 - keepalive: connection com.mysql.cj.jdbc.ConnectionImpl@4164d2be is alive
2026-04-01 09:19:11 [HikariPool-1:housekeeper] DEBUG com.zaxxer.hikari.pool.HikariPool - HikariPool-1 - keepalive: connection com.mysql.cj.jdbc.ConnectionImpl@45113cd is alive
2026-04-01 09:19:16 [HikariPool-1:housekeeper] DEBUG com.zaxxer.hikari.pool.HikariPool - HikariPool-1 - keepalive: connection com.mysql.cj.jdbc.ConnectionImpl@2b8b9c0b is alive
2026-04-01 09:19:19 [HikariPool-1:connection-closer] DEBUG com.zaxxer.hikari.pool.PoolBase - HikariPool-1 - Closing connection com.mysql.cj.jdbc.ConnectionImpl@6ab69630: (connection has passed maxLifetime)
2026-04-01 09:19:19 [HikariPool-1:connection-adder] DEBUG com.zaxxer.hikari.pool.PoolBase - HikariPool-1 - Attempting to create/setup new connection (08ec6b0d-0869-4a84-ab6b-6524fe1faed3)
2026-04-01 09:19:19 [HikariPool-1:connection-adder] DEBUG com.zaxxer.hikari.pool.PoolBase - HikariPool-1 - Established new connection (08ec6b0d-0869-4a84-ab6b-6524fe1faed3)
2026-04-01 09:19:19 [HikariPool-1:connection-adder] DEBUG com.zaxxer.hikari.pool.HikariPool - HikariPool-1 - Added connection com.mysql.cj.jdbc.ConnectionImpl@25709854
2026-04-01 09:19:26 [HikariPool-1:housekeeper] DEBUG com.zaxxer.hikari.pool.HikariPool - HikariPool-1 - Pool stats (total=20/20, idle=20/20, active=0, waiting=0)
2026-04-01 09:19:26 [HikariPool-1:housekeeper] DEBUG com.zaxxer.hikari.pool.HikariPool - HikariPool-1 - Fill pool skipped, pool has sufficient level or currently being filled.
2026-04-01 09:19:26 [HikariPool-1:housekeeper] DEBUG com.zaxxer.hikari.pool.HikariPool - HikariPool-1 - keepalive: connection com.mysql.cj.jdbc.ConnectionImpl@6c7dd6d6 is alive
2026-04-01 09:19:34 [HikariPool-1:housekeeper] DEBUG com.zaxxer.hikari.pool.HikariPool - HikariPool-1 - keepalive: connection com.mysql.cj.jdbc.ConnectionImpl@42729d69 is alive
2026-04-01 09:19:37 [HikariPool-1:housekeeper] DEBUG com.zaxxer.hikari.pool.HikariPool - HikariPool-1 - keepalive: connection com.mysql.cj.jdbc.ConnectionImpl@74ce9598 is alive
2026-04-01 09:19:38 [HikariPool-1:housekeeper] DEBUG com.zaxxer.hikari.pool.HikariPool - HikariPool-1 - keepalive: connection com.mysql.cj.jdbc.ConnectionImpl@243a582d is alive
2026-04-01 09:19:40 [HikariPool-1:connection-closer] DEBUG com.zaxxer.hikari.pool.PoolBase - HikariPool-1 - Closing connection com.mysql.cj.jdbc.ConnectionImpl@74ce9598: (connection has passed maxLifetime)
2026-04-01 09:19:40 [HikariPool-1:connection-adder] DEBUG com.zaxxer.hikari.pool.PoolBase - HikariPool-1 - Attempting to create/setup new connection (e0b4bbfe-fff0-49da-80bc-6b72612b2b93)
2026-04-01 09:19:40 [HikariPool-1:connection-adder] DEBUG com.zaxxer.hikari.pool.PoolBase - HikariPool-1 - Established new connection (e0b4bbfe-fff0-49da-80bc-6b72612b2b93)
2026-04-01 09:19:40 [HikariPool-1:connection-adder] DEBUG com.zaxxer.hikari.pool.HikariPool - HikariPool-1 - Added connection com.mysql.cj.jdbc.ConnectionImpl@d67aaf
2026-04-01 09:19:44 [HikariPool-1:connection-closer] DEBUG com.zaxxer.hikari.pool.PoolBase - HikariPool-1 - Closing connection com.mysql.cj.jdbc.ConnectionImpl@a99697f: (connection has passed maxLifetime)
2026-04-01 09:19:44 [HikariPool-1:connection-adder] DEBUG com.zaxxer.hikari.pool.PoolBase - HikariPool-1 - Attempting to create/setup new connection (73c971bf-11d0-4605-a28f-328053f5f9c6)
2026-04-01 09:19:44 [HikariPool-1:connection-adder] DEBUG com.zaxxer.hikari.pool.PoolBase - HikariPool-1 - Established new connection (73c971bf-11d0-4605-a28f-328053f5f9c6)
2026-04-01 09:19:44 [HikariPool-1:connection-adder] DEBUG com.zaxxer.hikari.pool.HikariPool - HikariPool-1 - Added connection com.mysql.cj.jdbc.ConnectionImpl@41eb7094
2026-04-01 09:19:46 [HikariPool-1:housekeeper] DEBUG com.zaxxer.hikari.pool.HikariPool - HikariPool-1 - keepalive: connection com.mysql.cj.jdbc.ConnectionImpl@18c572e2 is alive
2026-04-01 09:19:48 [HikariPool-1:connection-closer] DEBUG com.zaxxer.hikari.pool.PoolBase - HikariPool-1 - Closing connection com.mysql.cj.jdbc.ConnectionImpl@3e5831f3: (connection has passed maxLifetime)
2026-04-01 09:19:48 [HikariPool-1:connection-adder] DEBUG com.zaxxer.hikari.pool.PoolBase - HikariPool-1 - Attempting to create/setup new connection (dcaf07a6-05b1-4a61-964d-f56300774d61)
2026-04-01 09:19:48 [HikariPool-1:connection-adder] DEBUG com.zaxxer.hikari.pool.PoolBase - HikariPool-1 - Established new connection (dcaf07a6-05b1-4a61-964d-f56300774d61)
2026-04-01 09:19:48 [HikariPool-1:connection-adder] DEBUG com.zaxxer.hikari.pool.HikariPool - HikariPool-1 - Added connection com.mysql.cj.jdbc.ConnectionImpl@70e0b50e
2026-04-01 09:19:51 [HikariPool-1:housekeeper] DEBUG com.zaxxer.hikari.pool.HikariPool - HikariPool-1 - keepalive: connection com.mysql.cj.jdbc.ConnectionImpl@dc862a8 is alive
2026-04-01 09:19:56 [HikariPool-1:housekeeper] DEBUG com.zaxxer.hikari.pool.HikariPool - HikariPool-1 - Pool stats (total=20/20, idle=20/20, active=0, waiting=0)
2026-04-01 09:19:56 [HikariPool-1:housekeeper] DEBUG com.zaxxer.hikari.pool.HikariPool - HikariPool-1 - Fill pool skipped, pool has sufficient level or currently being filled.
2026-04-01 09:19:56 [HikariPool-1:housekeeper] DEBUG com.zaxxer.hikari.pool.HikariPool - HikariPool-1 - keepalive: connection com.mysql.cj.jdbc.ConnectionImpl@10a867af is alive
2026-04-01 09:19:59 [HikariPool-1:housekeeper] DEBUG com.zaxxer.hikari.pool.HikariPool - HikariPool-1 - keepalive: connection com.mysql.cj.jdbc.ConnectionImpl@3c8cc273 is alive
2026-04-01 09:19:59 [HikariPool-1:connection-closer] DEBUG com.zaxxer.hikari.pool.PoolBase - HikariPool-1 - Closing connection com.mysql.cj.jdbc.ConnectionImpl@4164d2be: (connection has passed maxLifetime)
2026-04-01 09:19:59 [HikariPool-1:connection-adder] DEBUG com.zaxxer.hikari.pool.PoolBase - HikariPool-1 - Attempting to create/setup new connection (a8c46c90-f562-449d-a9fc-755a49eca760)
2026-04-01 09:19:59 [HikariPool-1:connection-adder] DEBUG com.zaxxer.hikari.pool.PoolBase - HikariPool-1 - Established new connection (a8c46c90-f562-449d-a9fc-755a49eca760)
2026-04-01 09:19:59 [HikariPool-1:connection-adder] DEBUG com.zaxxer.hikari.pool.HikariPool - HikariPool-1 - Added connection com.mysql.cj.jdbc.ConnectionImpl@77a5233d
2026-04-01 09:20:00 [HikariPool-1:connection-closer] DEBUG com.zaxxer.hikari.pool.PoolBase - HikariPool-1 - Closing connection com.mysql.cj.jdbc.ConnectionImpl@ed71757: (connection has passed maxLifetime)
2026-04-01 09:20:00 [HikariPool-1:connection-adder] DEBUG com.zaxxer.hikari.pool.PoolBase - HikariPool-1 - Attempting to create/setup new connection (189a813b-053f-4a94-9e32-c1c5737e609b)
2026-04-01 09:20:00 [HikariPool-1:connection-adder] DEBUG com.zaxxer.hikari.pool.PoolBase - HikariPool-1 - Established new connection (189a813b-053f-4a94-9e32-c1c5737e609b)
2026-04-01 09:20:00 [HikariPool-1:connection-adder] DEBUG com.zaxxer.hikari.pool.HikariPool - HikariPool-1 - Added connection com.mysql.cj.jdbc.ConnectionImpl@36982906
2026-04-01 09:20:02 [HikariPool-1:connection-closer] DEBUG com.zaxxer.hikari.pool.PoolBase - HikariPool-1 - Closing connection com.mysql.cj.jdbc.ConnectionImpl@3c8cc273: (connection has passed maxLifetime)
2026-04-01 09:20:02 [HikariPool-1:connection-adder] DEBUG com.zaxxer.hikari.pool.PoolBase - HikariPool-1 - Attempting to create/setup new connection (e8a30750-3496-4de0-a5a7-83cca78b95c7)
2026-04-01 09:20:02 [HikariPool-1:connection-adder] DEBUG com.zaxxer.hikari.pool.PoolBase - HikariPool-1 - Established new connection (e8a30750-3496-4de0-a5a7-83cca78b95c7)
2026-04-01 09:20:02 [HikariPool-1:connection-adder] DEBUG com.zaxxer.hikari.pool.HikariPool - HikariPool-1 - Added connection com.mysql.cj.jdbc.ConnectionImpl@76478b8
2026-04-01 09:20:06 [HikariPool-1:housekeeper] DEBUG com.zaxxer.hikari.pool.HikariPool - HikariPool-1 - keepalive: connection com.mysql.cj.jdbc.ConnectionImpl@53e65c4d is alive
2026-04-01 09:20:11 [HikariPool-1:housekeeper] DEBUG com.zaxxer.hikari.pool.HikariPool - HikariPool-1 - keepalive: connection com.mysql.cj.jdbc.ConnectionImpl@6f937ed6 is alive
2026-04-01 09:20:26 [HikariPool-1:housekeeper] DEBUG com.zaxxer.hikari.pool.HikariPool - HikariPool-1 - keepalive: connection com.mysql.cj.jdbc.ConnectionImpl@5b16bd1c is alive
2026-04-01 09:20:26 [HikariPool-1:housekeeper] DEBUG com.zaxxer.hikari.pool.HikariPool - HikariPool-1 - Pool stats (total=20/20, idle=20/20, active=0, waiting=0)
2026-04-01 09:20:26 [HikariPool-1:housekeeper] DEBUG com.zaxxer.hikari.pool.HikariPool - HikariPool-1 - Fill pool skipped, pool has sufficient level or currently being filled.
2026-04-01 09:20:29 [HikariPool-1:connection-closer] DEBUG com.zaxxer.hikari.pool.PoolBase - HikariPool-1 - Closing connection com.mysql.cj.jdbc.ConnectionImpl@5039032c: (connection has passed maxLifetime)
2026-04-01 09:20:29 [HikariPool-1:connection-adder] DEBUG com.zaxxer.hikari.pool.PoolBase - HikariPool-1 - Attempting to create/setup new connection (58ebe59f-a2c9-4734-9c68-7a8c88495ca9)
2026-04-01 09:20:29 [HikariPool-1:connection-adder] DEBUG com.zaxxer.hikari.pool.PoolBase - HikariPool-1 - Established new connection (58ebe59f-a2c9-4734-9c68-7a8c88495ca9)
2026-04-01 09:20:29 [HikariPool-1:connection-adder] DEBUG com.zaxxer.hikari.pool.HikariPool - HikariPool-1 - Added connection com.mysql.cj.jdbc.ConnectionImpl@7e1f3243
2026-04-01 09:20:32 [HikariPool-1:housekeeper] DEBUG com.zaxxer.hikari.pool.HikariPool - HikariPool-1 - keepalive: connection com.mysql.cj.jdbc.ConnectionImpl@654085b7 is alive
2026-04-01 09:20:56 [HikariPool-1:housekeeper] DEBUG com.zaxxer.hikari.pool.HikariPool - HikariPool-1 - Pool stats (total=20/20, idle=20/20, active=0, waiting=0)
2026-04-01 09:20:56 [HikariPool-1:housekeeper] DEBUG com.zaxxer.hikari.pool.HikariPool - HikariPool-1 - Fill pool skipped, pool has sufficient level or currently being filled.
2026-04-01 09:20:56 [HikariPool-1:housekeeper] DEBUG com.zaxxer.hikari.pool.HikariPool - HikariPool-1 - keepalive: connection com.mysql.cj.jdbc.ConnectionImpl@45113cd is alive
2026-04-01 09:20:57 [HikariPool-1:housekeeper] DEBUG com.zaxxer.hikari.pool.HikariPool - HikariPool-1 - keepalive: connection com.mysql.cj.jdbc.ConnectionImpl@25709854 is alive
2026-04-01 09:21:05 [HikariPool-1:housekeeper] DEBUG com.zaxxer.hikari.pool.HikariPool - HikariPool-1 - keepalive: connection com.mysql.cj.jdbc.ConnectionImpl@6c7dd6d6 is alive
2026-04-01 09:21:10 [HikariPool-1:housekeeper] DEBUG com.zaxxer.hikari.pool.HikariPool - HikariPool-1 - keepalive: connection com.mysql.cj.jdbc.ConnectionImpl@2b8b9c0b is alive
2026-04-01 09:21:25 [HikariPool-1:housekeeper] DEBUG com.zaxxer.hikari.pool.HikariPool - HikariPool-1 - keepalive: connection com.mysql.cj.jdbc.ConnectionImpl@243a582d is alive
2026-04-01 09:21:26 [HikariPool-1:housekeeper] DEBUG com.zaxxer.hikari.pool.HikariPool - HikariPool-1 - Pool stats (total=20/20, idle=20/20, active=0, waiting=0)
2026-04-01 09:21:26 [HikariPool-1:housekeeper] DEBUG com.zaxxer.hikari.pool.HikariPool - HikariPool-1 - Fill pool skipped, pool has sufficient level or currently being filled.
2026-04-01 09:21:29 [HikariPool-1:housekeeper] DEBUG com.zaxxer.hikari.pool.HikariPool - HikariPool-1 - keepalive: connection com.mysql.cj.jdbc.ConnectionImpl@42729d69 is alive
2026-04-01 09:21:33 [HikariPool-1:housekeeper] DEBUG com.zaxxer.hikari.pool.HikariPool - HikariPool-1 - keepalive: connection com.mysql.cj.jdbc.ConnectionImpl@70e0b50e is alive
2026-04-01 09:21:34 [HikariPool-1:housekeeper] DEBUG com.zaxxer.hikari.pool.HikariPool - HikariPool-1 - keepalive: connection com.mysql.cj.jdbc.ConnectionImpl@18c572e2 is alive
2026-04-01 09:21:37 [HikariPool-1:housekeeper] DEBUG com.zaxxer.hikari.pool.HikariPool - HikariPool-1 - keepalive: connection com.mysql.cj.jdbc.ConnectionImpl@d67aaf is alive
2026-04-01 09:21:37 [HikariPool-1:housekeeper] DEBUG com.zaxxer.hikari.pool.HikariPool - HikariPool-1 - keepalive: connection com.mysql.cj.jdbc.ConnectionImpl@10a867af is alive
2026-04-01 09:21:37 [HikariPool-1:housekeeper] DEBUG com.zaxxer.hikari.pool.HikariPool - HikariPool-1 - keepalive: connection com.mysql.cj.jdbc.ConnectionImpl@41eb7094 is alive
2026-04-01 09:21:40 [HikariPool-1:housekeeper] DEBUG com.zaxxer.hikari.pool.HikariPool - HikariPool-1 - keepalive: connection com.mysql.cj.jdbc.ConnectionImpl@dc862a8 is alive
2026-04-01 09:21:46 [HikariPool-1:connection-closer] DEBUG com.zaxxer.hikari.pool.PoolBase - HikariPool-1 - Closing connection com.mysql.cj.jdbc.ConnectionImpl@2b8b9c0b: (connection has passed maxLifetime)
2026-04-01 09:21:46 [HikariPool-1:connection-adder] DEBUG com.zaxxer.hikari.pool.PoolBase - HikariPool-1 - Attempting to create/setup new connection (c38ec405-5f06-4c2b-b3d8-4b2c510297c3)
2026-04-01 09:21:46 [HikariPool-1:connection-adder] DEBUG com.zaxxer.hikari.pool.PoolBase - HikariPool-1 - Established new connection (c38ec405-5f06-4c2b-b3d8-4b2c510297c3)
2026-04-01 09:21:46 [HikariPool-1:connection-adder] DEBUG com.zaxxer.hikari.pool.HikariPool - HikariPool-1 - Added connection com.mysql.cj.jdbc.ConnectionImpl@3fa48625
2026-04-01 09:21:48 [HikariPool-1:housekeeper] DEBUG com.zaxxer.hikari.pool.HikariPool - HikariPool-1 - keepalive: connection com.mysql.cj.jdbc.ConnectionImpl@53e65c4d is alive
2026-04-01 09:21:50 [HikariPool-1:housekeeper] DEBUG com.zaxxer.hikari.pool.HikariPool - HikariPool-1 - keepalive: connection com.mysql.cj.jdbc.ConnectionImpl@77a5233d is alive
2026-04-01 09:21:52 [HikariPool-1:housekeeper] DEBUG com.zaxxer.hikari.pool.HikariPool - HikariPool-1 - keepalive: connection com.mysql.cj.jdbc.ConnectionImpl@6f937ed6 is alive
2026-04-01 09:21:55 [HikariPool-1:housekeeper] DEBUG com.zaxxer.hikari.pool.HikariPool - HikariPool-1 - keepalive: connection com.mysql.cj.jdbc.ConnectionImpl@76478b8 is alive
2026-04-01 09:21:56 [HikariPool-1:housekeeper] DEBUG com.zaxxer.hikari.pool.HikariPool - HikariPool-1 - Pool stats (total=20/20, idle=20/20, active=0, waiting=0)
2026-04-01 09:21:56 [HikariPool-1:housekeeper] DEBUG com.zaxxer.hikari.pool.HikariPool - HikariPool-1 - Fill pool skipped, pool has sufficient level or currently being filled.
2026-04-01 09:21:57 [HikariPool-1:housekeeper] DEBUG com.zaxxer.hikari.pool.HikariPool - HikariPool-1 - keepalive: connection com.mysql.cj.jdbc.ConnectionImpl@36982906 is alive
2026-04-01 09:22:00 [HikariPool-1:connection-closer] DEBUG com.zaxxer.hikari.pool.PoolBase - HikariPool-1 - Closing connection com.mysql.cj.jdbc.ConnectionImpl@5b16bd1c: (connection has passed maxLifetime)
2026-04-01 09:22:00 [HikariPool-1:connection-adder] DEBUG com.zaxxer.hikari.pool.PoolBase - HikariPool-1 - Attempting to create/setup new connection (d85f5cd1-0053-4b22-8a07-e6115385d392)
2026-04-01 09:22:00 [HikariPool-1:connection-adder] DEBUG com.zaxxer.hikari.pool.PoolBase - HikariPool-1 - Established new connection (d85f5cd1-0053-4b22-8a07-e6115385d392)
2026-04-01 09:22:00 [HikariPool-1:connection-adder] DEBUG com.zaxxer.hikari.pool.HikariPool - HikariPool-1 - Added connection com.mysql.cj.jdbc.ConnectionImpl@60a7146d
2026-04-01 09:22:09 [HikariPool-1:connection-closer] DEBUG com.zaxxer.hikari.pool.PoolBase - HikariPool-1 - Closing connection com.mysql.cj.jdbc.ConnectionImpl@53e65c4d: (connection has passed maxLifetime)
2026-04-01 09:22:09 [HikariPool-1:connection-adder] DEBUG com.zaxxer.hikari.pool.PoolBase - HikariPool-1 - Attempting to create/setup new connection (15d30866-a6e9-416e-9281-d045b59aca64)
2026-04-01 09:22:09 [HikariPool-1:connection-adder] DEBUG com.zaxxer.hikari.pool.PoolBase - HikariPool-1 - Established new connection (15d30866-a6e9-416e-9281-d045b59aca64)
2026-04-01 09:22:09 [HikariPool-1:connection-adder] DEBUG com.zaxxer.hikari.pool.HikariPool - HikariPool-1 - Added connection com.mysql.cj.jdbc.ConnectionImpl@1b4d2d3f
2026-04-01 09:22:09 [HikariPool-1:housekeeper] DEBUG com.zaxxer.hikari.pool.HikariPool - HikariPool-1 - keepalive: connection com.mysql.cj.jdbc.ConnectionImpl@654085b7 is alive
2026-04-01 09:22:12 [HikariPool-1:housekeeper] DEBUG com.zaxxer.hikari.pool.HikariPool - HikariPool-1 - keepalive: connection com.mysql.cj.jdbc.ConnectionImpl@7e1f3243 is alive
2026-04-01 09:22:26 [HikariPool-1:housekeeper] DEBUG com.zaxxer.hikari.pool.HikariPool - HikariPool-1 - Pool stats (total=20/20, idle=20/20, active=0, waiting=0)
2026-04-01 09:22:26 [HikariPool-1:housekeeper] DEBUG com.zaxxer.hikari.pool.HikariPool - HikariPool-1 - Fill pool skipped, pool has sufficient level or currently being filled.
2026-04-01 09:22:36 [HikariPool-1:housekeeper] DEBUG com.zaxxer.hikari.pool.HikariPool - HikariPool-1 - keepalive: connection com.mysql.cj.jdbc.ConnectionImpl@25709854 is alive
2026-04-01 09:22:38 [HikariPool-1:connection-closer] DEBUG com.zaxxer.hikari.pool.PoolBase - HikariPool-1 - Closing connection com.mysql.cj.jdbc.ConnectionImpl@6c7dd6d6: (connection has passed maxLifetime)
2026-04-01 09:22:38 [HikariPool-1:connection-adder] DEBUG com.zaxxer.hikari.pool.PoolBase - HikariPool-1 - Attempting to create/setup new connection (b6e04e1c-cfd5-4027-a85c-ebeee36f87f5)
2026-04-01 09:22:38 [HikariPool-1:connection-adder] DEBUG com.zaxxer.hikari.pool.PoolBase - HikariPool-1 - Established new connection (b6e04e1c-cfd5-4027-a85c-ebeee36f87f5)
2026-04-01 09:22:38 [HikariPool-1:connection-adder] DEBUG com.zaxxer.hikari.pool.HikariPool - HikariPool-1 - Added connection com.mysql.cj.jdbc.ConnectionImpl@59e04260
2026-04-01 09:22:41 [HikariPool-1:housekeeper] DEBUG com.zaxxer.hikari.pool.HikariPool - HikariPool-1 - keepalive: connection com.mysql.cj.jdbc.ConnectionImpl@45113cd is alive
2026-04-01 09:22:44 [HikariPool-1:connection-closer] DEBUG com.zaxxer.hikari.pool.PoolBase - HikariPool-1 - Closing connection com.mysql.cj.jdbc.ConnectionImpl@243a582d: (connection has passed maxLifetime)
2026-04-01 09:22:44 [HikariPool-1:connection-adder] DEBUG com.zaxxer.hikari.pool.PoolBase - HikariPool-1 - Attempting to create/setup new connection (0ea33b3b-8dcc-4b8a-bffc-1b79f3db5a7b)
2026-04-01 09:22:44 [HikariPool-1:connection-adder] DEBUG com.zaxxer.hikari.pool.PoolBase - HikariPool-1 - Established new connection (0ea33b3b-8dcc-4b8a-bffc-1b79f3db5a7b)
2026-04-01 09:22:44 [HikariPool-1:connection-adder] DEBUG com.zaxxer.hikari.pool.HikariPool - HikariPool-1 - Added connection com.mysql.cj.jdbc.ConnectionImpl@5c8a0375
2026-04-01 09:22:56 [HikariPool-1:connection-closer] DEBUG com.zaxxer.hikari.pool.PoolBase - HikariPool-1 - Closing connection com.mysql.cj.jdbc.ConnectionImpl@dc862a8: (connection has passed maxLifetime)
2026-04-01 09:22:56 [HikariPool-1:connection-adder] DEBUG com.zaxxer.hikari.pool.PoolBase - HikariPool-1 - Attempting to create/setup new connection (4a813dad-a65c-4207-a2e2-426280f00a3a)
2026-04-01 09:22:56 [HikariPool-1:connection-adder] DEBUG com.zaxxer.hikari.pool.PoolBase - HikariPool-1 - Established new connection (4a813dad-a65c-4207-a2e2-426280f00a3a)
2026-04-01 09:22:56 [HikariPool-1:connection-adder] DEBUG com.zaxxer.hikari.pool.HikariPool - HikariPool-1 - Added connection com.mysql.cj.jdbc.ConnectionImpl@10222500
2026-04-01 09:22:56 [HikariPool-1:housekeeper] DEBUG com.zaxxer.hikari.pool.HikariPool - HikariPool-1 - Pool stats (total=20/20, idle=20/20, active=0, waiting=0)
2026-04-01 09:22:56 [HikariPool-1:housekeeper] DEBUG com.zaxxer.hikari.pool.HikariPool - HikariPool-1 - Fill pool skipped, pool has sufficient level or currently being filled.
2026-04-01 09:23:17 [HikariPool-1:housekeeper] DEBUG com.zaxxer.hikari.pool.HikariPool - HikariPool-1 - keepalive: connection com.mysql.cj.jdbc.ConnectionImpl@10a867af is alive
2026-04-01 09:23:18 [HikariPool-1:housekeeper] DEBUG com.zaxxer.hikari.pool.HikariPool - HikariPool-1 - keepalive: connection com.mysql.cj.jdbc.ConnectionImpl@70e0b50e is alive
2026-04-01 09:23:21 [HikariPool-1:housekeeper] DEBUG com.zaxxer.hikari.pool.HikariPool - HikariPool-1 - keepalive: connection com.mysql.cj.jdbc.ConnectionImpl@18c572e2 is alive
2026-04-01 09:23:25 [HikariPool-1:housekeeper] DEBUG com.zaxxer.hikari.pool.HikariPool - HikariPool-1 - keepalive: connection com.mysql.cj.jdbc.ConnectionImpl@42729d69 is alive
2026-04-01 09:23:26 [HikariPool-1:housekeeper] DEBUG com.zaxxer.hikari.pool.HikariPool - HikariPool-1 - Pool stats (total=20/20, idle=20/20, active=0, waiting=0)
2026-04-01 09:23:26 [HikariPool-1:housekeeper] DEBUG com.zaxxer.hikari.pool.HikariPool - HikariPool-1 - Fill pool skipped, pool has sufficient level or currently being filled.
2026-04-01 09:23:30 [HikariPool-1:housekeeper] DEBUG com.zaxxer.hikari.pool.HikariPool - HikariPool-1 - keepalive: connection com.mysql.cj.jdbc.ConnectionImpl@41eb7094 is alive
2026-04-01 09:23:33 [HikariPool-1:housekeeper] DEBUG com.zaxxer.hikari.pool.HikariPool - HikariPool-1 - keepalive: connection com.mysql.cj.jdbc.ConnectionImpl@d67aaf is alive
2026-04-01 09:23:34 [HikariPool-1:housekeeper] DEBUG com.zaxxer.hikari.pool.HikariPool - HikariPool-1 - keepalive: connection com.mysql.cj.jdbc.ConnectionImpl@6f937ed6 is alive
2026-04-01 09:23:39 [HikariPool-1:housekeeper] DEBUG com.zaxxer.hikari.pool.HikariPool - HikariPool-1 - keepalive: connection com.mysql.cj.jdbc.ConnectionImpl@60a7146d is alive
2026-04-01 09:23:41 [HikariPool-1:housekeeper] DEBUG com.zaxxer.hikari.pool.HikariPool - HikariPool-1 - keepalive: connection com.mysql.cj.jdbc.ConnectionImpl@3fa48625 is alive
2026-04-01 09:23:41 [HikariPool-1:connection-closer] DEBUG com.zaxxer.hikari.pool.PoolBase - HikariPool-1 - Closing connection com.mysql.cj.jdbc.ConnectionImpl@45113cd: (connection has passed maxLifetime)
2026-04-01 09:23:41 [HikariPool-1:connection-adder] DEBUG com.zaxxer.hikari.pool.PoolBase - HikariPool-1 - Attempting to create/setup new connection (b1ac2537-fdec-407c-be8f-745ea18d18a6)
2026-04-01 09:23:41 [HikariPool-1:connection-adder] DEBUG com.zaxxer.hikari.pool.PoolBase - HikariPool-1 - Established new connection (b1ac2537-fdec-407c-be8f-745ea18d18a6)
2026-04-01 09:23:41 [HikariPool-1:connection-adder] DEBUG com.zaxxer.hikari.pool.HikariPool - HikariPool-1 - Added connection com.mysql.cj.jdbc.ConnectionImpl@7a69763d
2026-04-01 09:23:41 [HikariPool-1:housekeeper] DEBUG com.zaxxer.hikari.pool.HikariPool - HikariPool-1 - keepalive: connection com.mysql.cj.jdbc.ConnectionImpl@77a5233d is alive
2026-04-01 09:23:45 [HikariPool-1:housekeeper] DEBUG com.zaxxer.hikari.pool.HikariPool - HikariPool-1 - keepalive: connection com.mysql.cj.jdbc.ConnectionImpl@654085b7 is alive
2026-04-01 09:23:46 [HikariPool-1:connection-closer] DEBUG com.zaxxer.hikari.pool.PoolBase - HikariPool-1 - Closing connection com.mysql.cj.jdbc.ConnectionImpl@654085b7: (connection has passed maxLifetime)
2026-04-01 09:23:46 [HikariPool-1:connection-adder] DEBUG com.zaxxer.hikari.pool.PoolBase - HikariPool-1 - Attempting to create/setup new connection (6081f516-9cd8-4ec3-9161-3d4f7664093e)
2026-04-01 09:23:46 [HikariPool-1:connection-adder] DEBUG com.zaxxer.hikari.pool.PoolBase - HikariPool-1 - Established new connection (6081f516-9cd8-4ec3-9161-3d4f7664093e)
2026-04-01 09:23:46 [HikariPool-1:connection-adder] DEBUG com.zaxxer.hikari.pool.HikariPool - HikariPool-1 - Added connection com.mysql.cj.jdbc.ConnectionImpl@3b547c06
2026-04-01 09:23:48 [HikariPool-1:housekeeper] DEBUG com.zaxxer.hikari.pool.HikariPool - HikariPool-1 - keepalive: connection com.mysql.cj.jdbc.ConnectionImpl@76478b8 is alive
2026-04-01 09:23:51 [HikariPool-1:housekeeper] DEBUG com.zaxxer.hikari.pool.HikariPool - HikariPool-1 - keepalive: connection com.mysql.cj.jdbc.ConnectionImpl@1b4d2d3f is alive
2026-04-01 09:23:55 [HikariPool-1:housekeeper] DEBUG com.zaxxer.hikari.pool.HikariPool - HikariPool-1 - keepalive: connection com.mysql.cj.jdbc.ConnectionImpl@36982906 is alive
2026-04-01 09:23:55 [HikariPool-1:housekeeper] DEBUG com.zaxxer.hikari.pool.HikariPool - HikariPool-1 - keepalive: connection com.mysql.cj.jdbc.ConnectionImpl@7e1f3243 is alive
2026-04-01 09:23:55 [HikariPool-1:connection-closer] DEBUG com.zaxxer.hikari.pool.PoolBase - HikariPool-1 - Closing connection com.mysql.cj.jdbc.ConnectionImpl@10a867af: (connection has passed maxLifetime)
2026-04-01 09:23:55 [HikariPool-1:connection-adder] DEBUG com.zaxxer.hikari.pool.PoolBase - HikariPool-1 - Attempting to create/setup new connection (8a2266b4-2d74-4831-96cc-c2c259db3c96)
2026-04-01 09:23:55 [HikariPool-1:connection-adder] DEBUG com.zaxxer.hikari.pool.PoolBase - HikariPool-1 - Established new connection (8a2266b4-2d74-4831-96cc-c2c259db3c96)
2026-04-01 09:23:55 [HikariPool-1:connection-adder] DEBUG com.zaxxer.hikari.pool.HikariPool - HikariPool-1 - Added connection com.mysql.cj.jdbc.ConnectionImpl@4f4dea63
2026-04-01 09:23:56 [HikariPool-1:housekeeper] DEBUG com.zaxxer.hikari.pool.HikariPool - HikariPool-1 - Pool stats (total=20/20, idle=20/20, active=0, waiting=0)
2026-04-01 09:23:56 [HikariPool-1:housekeeper] DEBUG com.zaxxer.hikari.pool.HikariPool - HikariPool-1 - Fill pool skipped, pool has sufficient level or currently being filled.
2026-04-01 09:24:01 [HikariPool-1:connection-closer] DEBUG com.zaxxer.hikari.pool.PoolBase - HikariPool-1 - Closing connection com.mysql.cj.jdbc.ConnectionImpl@42729d69: (connection has passed maxLifetime)
2026-04-01 09:24:01 [HikariPool-1:connection-adder] DEBUG com.zaxxer.hikari.pool.PoolBase - HikariPool-1 - Attempting to create/setup new connection (9916dcc6-08ce-4cfc-a61a-17c001c7bdc0)
2026-04-01 09:24:01 [HikariPool-1:connection-adder] DEBUG com.zaxxer.hikari.pool.PoolBase - HikariPool-1 - Established new connection (9916dcc6-08ce-4cfc-a61a-17c001c7bdc0)
2026-04-01 09:24:01 [HikariPool-1:connection-adder] DEBUG com.zaxxer.hikari.pool.HikariPool - HikariPool-1 - Added connection com.mysql.cj.jdbc.ConnectionImpl@3fa12a49
2026-04-01 09:24:14 [HikariPool-1:housekeeper] DEBUG com.zaxxer.hikari.pool.HikariPool - HikariPool-1 - keepalive: connection com.mysql.cj.jdbc.ConnectionImpl@25709854 is alive
2026-04-01 09:24:24 [HikariPool-1:connection-closer] DEBUG com.zaxxer.hikari.pool.PoolBase - HikariPool-1 - Closing connection com.mysql.cj.jdbc.ConnectionImpl@18c572e2: (connection has passed maxLifetime)
2026-04-01 09:24:24 [HikariPool-1:connection-adder] DEBUG com.zaxxer.hikari.pool.PoolBase - HikariPool-1 - Attempting to create/setup new connection (7b4f34c2-edc9-45a3-b762-f539f97345d8)
2026-04-01 09:24:24 [HikariPool-1:connection-adder] DEBUG com.zaxxer.hikari.pool.PoolBase - HikariPool-1 - Established new connection (7b4f34c2-edc9-45a3-b762-f539f97345d8)
2026-04-01 09:24:24 [HikariPool-1:connection-adder] DEBUG com.zaxxer.hikari.pool.HikariPool - HikariPool-1 - Added connection com.mysql.cj.jdbc.ConnectionImpl@2ec40b5b
2026-04-01 09:24:26 [HikariPool-1:housekeeper] DEBUG com.zaxxer.hikari.pool.HikariPool - HikariPool-1 - Pool stats (total=20/20, idle=20/20, active=0, waiting=0)
2026-04-01 09:24:26 [HikariPool-1:housekeeper] DEBUG com.zaxxer.hikari.pool.HikariPool - HikariPool-1 - Fill pool skipped, pool has sufficient level or currently being filled.
2026-04-01 09:24:30 [HikariPool-1:housekeeper] DEBUG com.zaxxer.hikari.pool.HikariPool - HikariPool-1 - keepalive: connection com.mysql.cj.jdbc.ConnectionImpl@59e04260 is alive
2026-04-01 09:24:34 [HikariPool-1:housekeeper] DEBUG com.zaxxer.hikari.pool.HikariPool - HikariPool-1 - keepalive: connection com.mysql.cj.jdbc.ConnectionImpl@5c8a0375 is alive
2026-04-01 09:24:42 [HikariPool-1:housekeeper] DEBUG com.zaxxer.hikari.pool.HikariPool - HikariPool-1 - keepalive: connection com.mysql.cj.jdbc.ConnectionImpl@10222500 is alive
2026-04-01 09:24:56 [HikariPool-1:housekeeper] DEBUG com.zaxxer.hikari.pool.HikariPool - HikariPool-1 - Pool stats (total=20/20, idle=20/20, active=0, waiting=0)
2026-04-01 09:24:56 [HikariPool-1:housekeeper] DEBUG com.zaxxer.hikari.pool.HikariPool - HikariPool-1 - Fill pool skipped, pool has sufficient level or currently being filled.
2026-04-01 09:24:57 [HikariPool-1:connection-closer] DEBUG com.zaxxer.hikari.pool.PoolBase - HikariPool-1 - Closing connection com.mysql.cj.jdbc.ConnectionImpl@6f937ed6: (connection has passed maxLifetime)
2026-04-01 09:24:57 [HikariPool-1:connection-adder] DEBUG com.zaxxer.hikari.pool.PoolBase - HikariPool-1 - Attempting to create/setup new connection (96384a61-d8ef-4a88-a8d7-b0d1d62d3001)
2026-04-01 09:24:57 [HikariPool-1:connection-adder] DEBUG com.zaxxer.hikari.pool.PoolBase - HikariPool-1 - Established new connection (96384a61-d8ef-4a88-a8d7-b0d1d62d3001)
2026-04-01 09:24:57 [HikariPool-1:connection-adder] DEBUG com.zaxxer.hikari.pool.HikariPool - HikariPool-1 - Added connection com.mysql.cj.jdbc.ConnectionImpl@28754fc9
2026-04-01 09:25:02 [HikariPool-1:housekeeper] DEBUG com.zaxxer.hikari.pool.HikariPool - HikariPool-1 - keepalive: connection com.mysql.cj.jdbc.ConnectionImpl@70e0b50e is alive
2026-04-01 09:25:19 [HikariPool-1:housekeeper] DEBUG com.zaxxer.hikari.pool.HikariPool - HikariPool-1 - keepalive: connection com.mysql.cj.jdbc.ConnectionImpl@60a7146d is alive
2026-04-01 09:25:23 [HikariPool-1:housekeeper] DEBUG com.zaxxer.hikari.pool.HikariPool - HikariPool-1 - keepalive: connection com.mysql.cj.jdbc.ConnectionImpl@41eb7094 is alive
2026-04-01 09:25:26 [HikariPool-1:housekeeper] DEBUG com.zaxxer.hikari.pool.HikariPool - HikariPool-1 - Pool stats (total=20/20, idle=20/20, active=0, waiting=0)
2026-04-01 09:25:26 [HikariPool-1:housekeeper] DEBUG com.zaxxer.hikari.pool.HikariPool - HikariPool-1 - Fill pool skipped, pool has sufficient level or currently being filled.
2026-04-01 09:25:29 [HikariPool-1:housekeeper] DEBUG com.zaxxer.hikari.pool.HikariPool - HikariPool-1 - keepalive: connection com.mysql.cj.jdbc.ConnectionImpl@d67aaf is alive
2026-04-01 09:25:30 [HikariPool-1:housekeeper] DEBUG com.zaxxer.hikari.pool.HikariPool - HikariPool-1 - keepalive: connection com.mysql.cj.jdbc.ConnectionImpl@7a69763d is alive
2026-04-01 09:25:32 [HikariPool-1:housekeeper] DEBUG com.zaxxer.hikari.pool.HikariPool - HikariPool-1 - keepalive: connection com.mysql.cj.jdbc.ConnectionImpl@77a5233d is alive
2026-04-01 09:25:33 [HikariPool-1:housekeeper] DEBUG com.zaxxer.hikari.pool.HikariPool - HikariPool-1 - keepalive: connection com.mysql.cj.jdbc.ConnectionImpl@1b4d2d3f is alive
2026-04-01 09:25:35 [HikariPool-1:housekeeper] DEBUG com.zaxxer.hikari.pool.HikariPool - HikariPool-1 - keepalive: connection com.mysql.cj.jdbc.ConnectionImpl@3fa48625 is alive
2026-04-01 09:25:36 [HikariPool-1:housekeeper] DEBUG com.zaxxer.hikari.pool.HikariPool - HikariPool-1 - keepalive: connection com.mysql.cj.jdbc.ConnectionImpl@3b547c06 is alive
2026-04-01 09:25:38 [HikariPool-1:housekeeper] DEBUG com.zaxxer.hikari.pool.HikariPool - HikariPool-1 - keepalive: connection com.mysql.cj.jdbc.ConnectionImpl@7e1f3243 is alive
2026-04-01 09:25:40 [HikariPool-1:housekeeper] DEBUG com.zaxxer.hikari.pool.HikariPool - HikariPool-1 - keepalive: connection com.mysql.cj.jdbc.ConnectionImpl@4f4dea63 is alive
2026-04-01 09:25:41 [HikariPool-1:housekeeper] DEBUG com.zaxxer.hikari.pool.HikariPool - HikariPool-1 - keepalive: connection com.mysql.cj.jdbc.ConnectionImpl@76478b8 is alive
2026-04-01 09:25:52 [HikariPool-1:housekeeper] DEBUG com.zaxxer.hikari.pool.HikariPool - HikariPool-1 - keepalive: connection com.mysql.cj.jdbc.ConnectionImpl@36982906 is alive
2026-04-01 09:25:53 [HikariPool-1:housekeeper] DEBUG com.zaxxer.hikari.pool.HikariPool - HikariPool-1 - keepalive: connection com.mysql.cj.jdbc.ConnectionImpl@25709854 is alive
2026-04-01 09:25:55 [HikariPool-1:housekeeper] DEBUG com.zaxxer.hikari.pool.HikariPool - HikariPool-1 - keepalive: connection com.mysql.cj.jdbc.ConnectionImpl@3fa12a49 is alive
2026-04-01 09:25:56 [HikariPool-1:housekeeper] DEBUG com.zaxxer.hikari.pool.HikariPool - HikariPool-1 - Pool stats (total=20/20, idle=20/20, active=0, waiting=0)
2026-04-01 09:25:56 [HikariPool-1:housekeeper] DEBUG com.zaxxer.hikari.pool.HikariPool - HikariPool-1 - Fill pool skipped, pool has sufficient level or currently being filled.
2026-04-01 09:26:22 [HikariPool-1:housekeeper] DEBUG com.zaxxer.hikari.pool.HikariPool - HikariPool-1 - keepalive: connection com.mysql.cj.jdbc.ConnectionImpl@59e04260 is alive
2026-04-01 09:26:23 [HikariPool-1:housekeeper] DEBUG com.zaxxer.hikari.pool.HikariPool - HikariPool-1 - keepalive: connection com.mysql.cj.jdbc.ConnectionImpl@2ec40b5b is alive
2026-04-01 09:26:24 [HikariPool-1:housekeeper] DEBUG com.zaxxer.hikari.pool.HikariPool - HikariPool-1 - keepalive: connection com.mysql.cj.jdbc.ConnectionImpl@5c8a0375 is alive
2026-04-01 09:26:26 [HikariPool-1:housekeeper] DEBUG com.zaxxer.hikari.pool.HikariPool - HikariPool-1 - Pool stats (total=20/20, idle=20/20, active=0, waiting=0)
2026-04-01 09:26:26 [HikariPool-1:housekeeper] DEBUG com.zaxxer.hikari.pool.HikariPool - HikariPool-1 - Fill pool skipped, pool has sufficient level or currently being filled.
2026-04-01 09:26:29 [HikariPool-1:housekeeper] DEBUG com.zaxxer.hikari.pool.HikariPool - HikariPool-1 - keepalive: connection com.mysql.cj.jdbc.ConnectionImpl@10222500 is alive
2026-04-01 09:26:36 [HikariPool-1:housekeeper] DEBUG com.zaxxer.hikari.pool.HikariPool - HikariPool-1 - keepalive: connection com.mysql.cj.jdbc.ConnectionImpl@28754fc9 is alive
2026-04-01 09:26:47 [HikariPool-1:housekeeper] DEBUG com.zaxxer.hikari.pool.HikariPool - HikariPool-1 - keepalive: connection com.mysql.cj.jdbc.ConnectionImpl@70e0b50e is alive
2026-04-01 09:26:56 [HikariPool-1:housekeeper] DEBUG com.zaxxer.hikari.pool.HikariPool - HikariPool-1 - Pool stats (total=20/20, idle=20/20, active=0, waiting=0)
2026-04-01 09:26:56 [HikariPool-1:housekeeper] DEBUG com.zaxxer.hikari.pool.HikariPool - HikariPool-1 - Fill pool skipped, pool has sufficient level or currently being filled.
2026-04-01 09:26:58 [HikariPool-1:housekeeper] DEBUG com.zaxxer.hikari.pool.HikariPool - HikariPool-1 - keepalive: connection com.mysql.cj.jdbc.ConnectionImpl@60a7146d is alive
2026-04-01 09:27:15 [HikariPool-1:housekeeper] DEBUG com.zaxxer.hikari.pool.HikariPool - HikariPool-1 - keepalive: connection com.mysql.cj.jdbc.ConnectionImpl@1b4d2d3f is alive
2026-04-01 09:27:15 [HikariPool-1:housekeeper] DEBUG com.zaxxer.hikari.pool.HikariPool - HikariPool-1 - keepalive: connection com.mysql.cj.jdbc.ConnectionImpl@41eb7094 is alive
2026-04-01 09:27:19 [HikariPool-1:housekeeper] DEBUG com.zaxxer.hikari.pool.HikariPool - HikariPool-1 - keepalive: connection com.mysql.cj.jdbc.ConnectionImpl@7a69763d is alive
2026-04-01 09:27:21 [HikariPool-1:housekeeper] DEBUG com.zaxxer.hikari.pool.HikariPool - HikariPool-1 - keepalive: connection com.mysql.cj.jdbc.ConnectionImpl@7e1f3243 is alive
2026-04-01 09:27:23 [HikariPool-1:housekeeper] DEBUG com.zaxxer.hikari.pool.HikariPool - HikariPool-1 - keepalive: connection com.mysql.cj.jdbc.ConnectionImpl@77a5233d is alive
2026-04-01 09:27:24 [HikariPool-1:housekeeper] DEBUG com.zaxxer.hikari.pool.HikariPool - HikariPool-1 - keepalive: connection com.mysql.cj.jdbc.ConnectionImpl@4f4dea63 is alive
2026-04-01 09:27:26 [HikariPool-1:housekeeper] DEBUG com.zaxxer.hikari.pool.HikariPool - HikariPool-1 - keepalive: connection com.mysql.cj.jdbc.ConnectionImpl@d67aaf is alive
2026-04-01 09:27:26 [HikariPool-1:housekeeper] DEBUG com.zaxxer.hikari.pool.HikariPool - HikariPool-1 - Pool stats (total=20/20, idle=20/20, active=0, waiting=0)
2026-04-01 09:27:26 [HikariPool-1:housekeeper] DEBUG com.zaxxer.hikari.pool.HikariPool - HikariPool-1 - Fill pool skipped, pool has sufficient level or currently being filled.
2026-04-01 09:27:27 [HikariPool-1:housekeeper] DEBUG com.zaxxer.hikari.pool.HikariPool - HikariPool-1 - keepalive: connection com.mysql.cj.jdbc.ConnectionImpl@3b547c06 is alive
2026-04-01 09:27:30 [HikariPool-1:housekeeper] DEBUG com.zaxxer.hikari.pool.HikariPool - HikariPool-1 - keepalive: connection com.mysql.cj.jdbc.ConnectionImpl@3fa48625 is alive
2026-04-01 09:27:31 [HikariPool-1:housekeeper] DEBUG com.zaxxer.hikari.pool.HikariPool - HikariPool-1 - keepalive: connection com.mysql.cj.jdbc.ConnectionImpl@25709854 is alive
2026-04-01 09:27:34 [HikariPool-1:housekeeper] DEBUG com.zaxxer.hikari.pool.HikariPool - HikariPool-1 - keepalive: connection com.mysql.cj.jdbc.ConnectionImpl@76478b8 is alive
2026-04-01 09:27:50 [HikariPool-1:housekeeper] DEBUG com.zaxxer.hikari.pool.HikariPool - HikariPool-1 - keepalive: connection com.mysql.cj.jdbc.ConnectionImpl@36982906 is alive
2026-04-01 09:27:50 [HikariPool-1:housekeeper] DEBUG com.zaxxer.hikari.pool.HikariPool - HikariPool-1 - keepalive: connection com.mysql.cj.jdbc.ConnectionImpl@3fa12a49 is alive
2026-04-01 09:27:56 [HikariPool-1:housekeeper] DEBUG com.zaxxer.hikari.pool.HikariPool - HikariPool-1 - Pool stats (total=20/20, idle=20/20, active=0, waiting=0)
2026-04-01 09:27:56 [HikariPool-1:housekeeper] DEBUG com.zaxxer.hikari.pool.HikariPool - HikariPool-1 - Fill pool skipped, pool has sufficient level or currently being filled.
2026-04-01 09:28:14 [HikariPool-1:housekeeper] DEBUG com.zaxxer.hikari.pool.HikariPool - HikariPool-1 - keepalive: connection com.mysql.cj.jdbc.ConnectionImpl@5c8a0375 is alive
2026-04-01 09:28:15 [HikariPool-1:housekeeper] DEBUG com.zaxxer.hikari.pool.HikariPool - HikariPool-1 - keepalive: connection com.mysql.cj.jdbc.ConnectionImpl@59e04260 is alive
2026-04-01 09:28:15 [HikariPool-1:housekeeper] DEBUG com.zaxxer.hikari.pool.HikariPool - HikariPool-1 - keepalive: connection com.mysql.cj.jdbc.ConnectionImpl@10222500 is alive
2026-04-01 09:28:16 [HikariPool-1:housekeeper] DEBUG com.zaxxer.hikari.pool.HikariPool - HikariPool-1 - keepalive: connection com.mysql.cj.jdbc.ConnectionImpl@28754fc9 is alive
2026-04-01 09:28:22 [HikariPool-1:housekeeper] DEBUG com.zaxxer.hikari.pool.HikariPool - HikariPool-1 - keepalive: connection com.mysql.cj.jdbc.ConnectionImpl@2ec40b5b is alive
2026-04-01 09:28:26 [HikariPool-1:housekeeper] DEBUG com.zaxxer.hikari.pool.HikariPool - HikariPool-1 - Pool stats (total=20/20, idle=20/20, active=0, waiting=0)
2026-04-01 09:28:26 [HikariPool-1:housekeeper] DEBUG com.zaxxer.hikari.pool.HikariPool - HikariPool-1 - Fill pool skipped, pool has sufficient level or currently being filled.
2026-04-01 09:28:31 [HikariPool-1:housekeeper] DEBUG com.zaxxer.hikari.pool.HikariPool - HikariPool-1 - keepalive: connection com.mysql.cj.jdbc.ConnectionImpl@70e0b50e is alive
2026-04-01 09:28:37 [HikariPool-1:housekeeper] DEBUG com.zaxxer.hikari.pool.HikariPool - HikariPool-1 - keepalive: connection com.mysql.cj.jdbc.ConnectionImpl@60a7146d is alive
2026-04-01 09:28:56 [HikariPool-1:housekeeper] DEBUG com.zaxxer.hikari.pool.HikariPool - HikariPool-1 - Pool stats (total=20/20, idle=20/20, active=0, waiting=0)
2026-04-01 09:28:56 [HikariPool-1:housekeeper] DEBUG com.zaxxer.hikari.pool.HikariPool - HikariPool-1 - Fill pool skipped, pool has sufficient level or currently being filled.
2026-04-01 09:28:57 [HikariPool-1:housekeeper] DEBUG com.zaxxer.hikari.pool.HikariPool - HikariPool-1 - keepalive: connection com.mysql.cj.jdbc.ConnectionImpl@1b4d2d3f is alive
2026-04-01 09:29:04 [HikariPool-1:housekeeper] DEBUG com.zaxxer.hikari.pool.HikariPool - HikariPool-1 - keepalive: connection com.mysql.cj.jdbc.ConnectionImpl@7e1f3243 is alive
2026-04-01 09:29:08 [HikariPool-1:housekeeper] DEBUG com.zaxxer.hikari.pool.HikariPool - HikariPool-1 - keepalive: connection com.mysql.cj.jdbc.ConnectionImpl@7a69763d is alive
2026-04-01 09:29:08 [HikariPool-1:housekeeper] DEBUG com.zaxxer.hikari.pool.HikariPool - HikariPool-1 - keepalive: connection com.mysql.cj.jdbc.ConnectionImpl@41eb7094 is alive
2026-04-01 09:29:08 [HikariPool-1:housekeeper] DEBUG com.zaxxer.hikari.pool.HikariPool - HikariPool-1 - keepalive: connection com.mysql.cj.jdbc.ConnectionImpl@4f4dea63 is alive
2026-04-01 09:29:10 [HikariPool-1:housekeeper] DEBUG com.zaxxer.hikari.pool.HikariPool - HikariPool-1 - keepalive: connection com.mysql.cj.jdbc.ConnectionImpl@25709854 is alive
2026-04-01 09:29:14 [HikariPool-1:housekeeper] DEBUG com.zaxxer.hikari.pool.HikariPool - HikariPool-1 - keepalive: connection com.mysql.cj.jdbc.ConnectionImpl@77a5233d is alive
2026-04-01 09:29:18 [HikariPool-1:housekeeper] DEBUG com.zaxxer.hikari.pool.HikariPool - HikariPool-1 - keepalive: connection com.mysql.cj.jdbc.ConnectionImpl@3b547c06 is alive
2026-04-01 09:29:22 [HikariPool-1:housekeeper] DEBUG com.zaxxer.hikari.pool.HikariPool - HikariPool-1 - keepalive: connection com.mysql.cj.jdbc.ConnectionImpl@d67aaf is alive
2026-04-01 09:29:24 [HikariPool-1:housekeeper] DEBUG com.zaxxer.hikari.pool.HikariPool - HikariPool-1 - keepalive: connection com.mysql.cj.jdbc.ConnectionImpl@3fa48625 is alive
2026-04-01 09:29:26 [HikariPool-1:housekeeper] DEBUG com.zaxxer.hikari.pool.HikariPool - HikariPool-1 - Pool stats (total=20/20, idle=20/20, active=0, waiting=0)
2026-04-01 09:29:26 [HikariPool-1:housekeeper] DEBUG com.zaxxer.hikari.pool.HikariPool - HikariPool-1 - Fill pool skipped, pool has sufficient level or currently being filled.
2026-04-01 09:29:27 [HikariPool-1:housekeeper] DEBUG com.zaxxer.hikari.pool.HikariPool - HikariPool-1 - keepalive: connection com.mysql.cj.jdbc.ConnectionImpl@76478b8 is alive
2026-04-01 09:29:44 [HikariPool-1:housekeeper] DEBUG com.zaxxer.hikari.pool.HikariPool - HikariPool-1 - keepalive: connection com.mysql.cj.jdbc.ConnectionImpl@3fa12a49 is alive
2026-04-01 09:29:47 [HikariPool-1:housekeeper] DEBUG com.zaxxer.hikari.pool.HikariPool - HikariPool-1 - keepalive: connection com.mysql.cj.jdbc.ConnectionImpl@36982906 is alive
2026-04-01 09:29:56 [HikariPool-1:housekeeper] DEBUG com.zaxxer.hikari.pool.HikariPool - HikariPool-1 - keepalive: connection com.mysql.cj.jdbc.ConnectionImpl@28754fc9 is alive
2026-04-01 09:29:56 [HikariPool-1:housekeeper] DEBUG com.zaxxer.hikari.pool.HikariPool - HikariPool-1 - Pool stats (total=20/20, idle=20/20, active=0, waiting=0)
2026-04-01 09:29:56 [HikariPool-1:housekeeper] DEBUG com.zaxxer.hikari.pool.HikariPool - HikariPool-1 - Fill pool skipped, pool has sufficient level or currently being filled.
2026-04-01 09:30:01 [HikariPool-1:housekeeper] DEBUG com.zaxxer.hikari.pool.HikariPool - HikariPool-1 - keepalive: connection com.mysql.cj.jdbc.ConnectionImpl@10222500 is alive
2026-04-01 09:30:05 [HikariPool-1:housekeeper] DEBUG com.zaxxer.hikari.pool.HikariPool - HikariPool-1 - keepalive: connection com.mysql.cj.jdbc.ConnectionImpl@5c8a0375 is alive
2026-04-01 09:30:07 [HikariPool-1:housekeeper] DEBUG com.zaxxer.hikari.pool.HikariPool - HikariPool-1 - keepalive: connection com.mysql.cj.jdbc.ConnectionImpl@59e04260 is alive
2026-04-01 09:30:16 [HikariPool-1:housekeeper] DEBUG com.zaxxer.hikari.pool.HikariPool - HikariPool-1 - keepalive: connection com.mysql.cj.jdbc.ConnectionImpl@60a7146d is alive
2026-04-01 09:30:16 [HikariPool-1:housekeeper] DEBUG com.zaxxer.hikari.pool.HikariPool - HikariPool-1 - keepalive: connection com.mysql.cj.jdbc.ConnectionImpl@70e0b50e is alive
2026-04-01 09:30:20 [HikariPool-1:housekeeper] DEBUG com.zaxxer.hikari.pool.HikariPool - HikariPool-1 - keepalive: connection com.mysql.cj.jdbc.ConnectionImpl@2ec40b5b is alive
2026-04-01 09:30:26 [HikariPool-1:housekeeper] DEBUG com.zaxxer.hikari.pool.HikariPool - HikariPool-1 - Pool stats (total=20/20, idle=20/20, active=0, waiting=0)
2026-04-01 09:30:26 [HikariPool-1:housekeeper] DEBUG com.zaxxer.hikari.pool.HikariPool - HikariPool-1 - Fill pool skipped, pool has sufficient level or currently being filled.
2026-04-01 09:30:39 [HikariPool-1:housekeeper] DEBUG com.zaxxer.hikari.pool.HikariPool - HikariPool-1 - keepalive: connection com.mysql.cj.jdbc.ConnectionImpl@1b4d2d3f is alive
2026-04-01 09:30:47 [HikariPool-1:housekeeper] DEBUG com.zaxxer.hikari.pool.HikariPool - HikariPool-1 - keepalive: connection com.mysql.cj.jdbc.ConnectionImpl@7e1f3243 is alive
2026-04-01 09:30:48 [HikariPool-1:housekeeper] DEBUG com.zaxxer.hikari.pool.HikariPool - HikariPool-1 - keepalive: connection com.mysql.cj.jdbc.ConnectionImpl@25709854 is alive
2026-04-01 09:30:53 [HikariPool-1:housekeeper] DEBUG com.zaxxer.hikari.pool.HikariPool - HikariPool-1 - keepalive: connection com.mysql.cj.jdbc.ConnectionImpl@4f4dea63 is alive
2026-04-01 09:30:56 [HikariPool-1:housekeeper] DEBUG com.zaxxer.hikari.pool.HikariPool - HikariPool-1 - Pool stats (total=20/20, idle=20/20, active=0, waiting=0)
2026-04-01 09:30:56 [HikariPool-1:housekeeper] DEBUG com.zaxxer.hikari.pool.HikariPool - HikariPool-1 - Fill pool skipped, pool has sufficient level or currently being filled.
2026-04-01 09:30:57 [HikariPool-1:housekeeper] DEBUG com.zaxxer.hikari.pool.HikariPool - HikariPool-1 - keepalive: connection com.mysql.cj.jdbc.ConnectionImpl@7a69763d is alive
2026-04-01 09:31:01 [HikariPool-1:housekeeper] DEBUG com.zaxxer.hikari.pool.HikariPool - HikariPool-1 - keepalive: connection com.mysql.cj.jdbc.ConnectionImpl@41eb7094 is alive
2026-04-01 09:31:06 [HikariPool-1:housekeeper] DEBUG com.zaxxer.hikari.pool.HikariPool - HikariPool-1 - keepalive: connection com.mysql.cj.jdbc.ConnectionImpl@77a5233d is alive
2026-04-01 09:31:09 [HikariPool-1:housekeeper] DEBUG com.zaxxer.hikari.pool.HikariPool - HikariPool-1 - keepalive: connection com.mysql.cj.jdbc.ConnectionImpl@3b547c06 is alive
2026-04-01 09:31:18 [HikariPool-1:housekeeper] DEBUG com.zaxxer.hikari.pool.HikariPool - HikariPool-1 - keepalive: connection com.mysql.cj.jdbc.ConnectionImpl@d67aaf is alive
2026-04-01 09:31:19 [HikariPool-1:housekeeper] DEBUG com.zaxxer.hikari.pool.HikariPool - HikariPool-1 - keepalive: connection com.mysql.cj.jdbc.ConnectionImpl@3fa48625 is alive
2026-04-01 09:31:20 [HikariPool-1:housekeeper] DEBUG com.zaxxer.hikari.pool.HikariPool - HikariPool-1 - keepalive: connection com.mysql.cj.jdbc.ConnectionImpl@76478b8 is alive
2026-04-01 09:31:26 [HikariPool-1:housekeeper] DEBUG com.zaxxer.hikari.pool.HikariPool - HikariPool-1 - Pool stats (total=20/20, idle=20/20, active=0, waiting=0)
2026-04-01 09:31:26 [HikariPool-1:housekeeper] DEBUG com.zaxxer.hikari.pool.HikariPool - HikariPool-1 - Fill pool skipped, pool has sufficient level or currently being filled.
2026-04-01 09:31:36 [HikariPool-1:housekeeper] DEBUG com.zaxxer.hikari.pool.HikariPool - HikariPool-1 - keepalive: connection com.mysql.cj.jdbc.ConnectionImpl@28754fc9 is alive
2026-04-01 09:31:38 [HikariPool-1:housekeeper] DEBUG com.zaxxer.hikari.pool.HikariPool - HikariPool-1 - keepalive: connection com.mysql.cj.jdbc.ConnectionImpl@3fa12a49 is alive
2026-04-01 09:31:44 [HikariPool-1:housekeeper] DEBUG com.zaxxer.hikari.pool.HikariPool - HikariPool-1 - keepalive: connection com.mysql.cj.jdbc.ConnectionImpl@36982906 is alive
2026-04-01 09:31:47 [HikariPool-1:housekeeper] DEBUG com.zaxxer.hikari.pool.HikariPool - HikariPool-1 - keepalive: connection com.mysql.cj.jdbc.ConnectionImpl@10222500 is alive
2026-04-01 09:31:55 [HikariPool-1:housekeeper] DEBUG com.zaxxer.hikari.pool.HikariPool - HikariPool-1 - keepalive: connection com.mysql.cj.jdbc.ConnectionImpl@60a7146d is alive
2026-04-01 09:31:55 [HikariPool-1:housekeeper] DEBUG com.zaxxer.hikari.pool.HikariPool - HikariPool-1 - keepalive: connection com.mysql.cj.jdbc.ConnectionImpl@5c8a0375 is alive
2026-04-01 09:31:56 [HikariPool-1:housekeeper] DEBUG com.zaxxer.hikari.pool.HikariPool - HikariPool-1 - Pool stats (total=20/20, idle=20/20, active=0, waiting=0)
2026-04-01 09:31:56 [HikariPool-1:housekeeper] DEBUG com.zaxxer.hikari.pool.HikariPool - HikariPool-1 - Fill pool skipped, pool has sufficient level or currently being filled.
2026-04-01 09:31:59 [HikariPool-1:housekeeper] DEBUG com.zaxxer.hikari.pool.HikariPool - HikariPool-1 - keepalive: connection com.mysql.cj.jdbc.ConnectionImpl@59e04260 is alive
2026-04-01 09:32:00 [HikariPool-1:housekeeper] DEBUG com.zaxxer.hikari.pool.HikariPool - HikariPool-1 - keepalive: connection com.mysql.cj.jdbc.ConnectionImpl@70e0b50e is alive
2026-04-01 09:32:19 [HikariPool-1:housekeeper] DEBUG com.zaxxer.hikari.pool.HikariPool - HikariPool-1 - keepalive: connection com.mysql.cj.jdbc.ConnectionImpl@2ec40b5b is alive
2026-04-01 09:32:22 [HikariPool-1:housekeeper] DEBUG com.zaxxer.hikari.pool.HikariPool - HikariPool-1 - keepalive: connection com.mysql.cj.jdbc.ConnectionImpl@1b4d2d3f is alive
2026-04-01 09:32:26 [HikariPool-1:housekeeper] DEBUG com.zaxxer.hikari.pool.HikariPool - HikariPool-1 - Pool stats (total=20/20, idle=20/20, active=0, waiting=0)
2026-04-01 09:32:26 [HikariPool-1:housekeeper] DEBUG com.zaxxer.hikari.pool.HikariPool - HikariPool-1 - Fill pool skipped, pool has sufficient level or currently being filled.
2026-04-01 09:32:27 [HikariPool-1:housekeeper] DEBUG com.zaxxer.hikari.pool.HikariPool - HikariPool-1 - keepalive: connection com.mysql.cj.jdbc.ConnectionImpl@25709854 is alive
2026-04-01 09:32:31 [HikariPool-1:housekeeper] DEBUG com.zaxxer.hikari.pool.HikariPool - HikariPool-1 - keepalive: connection com.mysql.cj.jdbc.ConnectionImpl@7e1f3243 is alive
2026-04-01 09:32:37 [HikariPool-1:housekeeper] DEBUG com.zaxxer.hikari.pool.HikariPool - HikariPool-1 - keepalive: connection com.mysql.cj.jdbc.ConnectionImpl@4f4dea63 is alive
2026-04-01 09:32:46 [HikariPool-1:housekeeper] DEBUG com.zaxxer.hikari.pool.HikariPool - HikariPool-1 - keepalive: connection com.mysql.cj.jdbc.ConnectionImpl@7a69763d is alive
2026-04-01 09:32:54 [HikariPool-1:housekeeper] DEBUG com.zaxxer.hikari.pool.HikariPool - HikariPool-1 - keepalive: connection com.mysql.cj.jdbc.ConnectionImpl@41eb7094 is alive
2026-04-01 09:32:56 [HikariPool-1:housekeeper] DEBUG com.zaxxer.hikari.pool.HikariPool - HikariPool-1 - Pool stats (total=20/20, idle=20/20, active=0, waiting=0)
2026-04-01 09:32:56 [HikariPool-1:housekeeper] DEBUG com.zaxxer.hikari.pool.HikariPool - HikariPool-1 - Fill pool skipped, pool has sufficient level or currently being filled.
2026-04-01 09:32:57 [HikariPool-1:housekeeper] DEBUG com.zaxxer.hikari.pool.HikariPool - HikariPool-1 - keepalive: connection com.mysql.cj.jdbc.ConnectionImpl@77a5233d is alive
2026-04-01 09:32:59 [HikariPool-1:housekeeper] DEBUG com.zaxxer.hikari.pool.HikariPool - HikariPool-1 - keepalive: connection com.mysql.cj.jdbc.ConnectionImpl@3b547c06 is alive
2026-04-01 09:33:13 [HikariPool-1:housekeeper] DEBUG com.zaxxer.hikari.pool.HikariPool - HikariPool-1 - keepalive: connection com.mysql.cj.jdbc.ConnectionImpl@76478b8 is alive
2026-04-01 09:33:13 [HikariPool-1:housekeeper] DEBUG com.zaxxer.hikari.pool.HikariPool - HikariPool-1 - keepalive: connection com.mysql.cj.jdbc.ConnectionImpl@3fa48625 is alive
2026-04-01 09:33:15 [HikariPool-1:housekeeper] DEBUG com.zaxxer.hikari.pool.HikariPool - HikariPool-1 - keepalive: connection com.mysql.cj.jdbc.ConnectionImpl@d67aaf is alive
2026-04-01 09:33:16 [HikariPool-1:housekeeper] DEBUG com.zaxxer.hikari.pool.HikariPool - HikariPool-1 - keepalive: connection com.mysql.cj.jdbc.ConnectionImpl@28754fc9 is alive
2026-04-01 09:33:26 [HikariPool-1:housekeeper] DEBUG com.zaxxer.hikari.pool.HikariPool - HikariPool-1 - Pool stats (total=20/20, idle=20/20, active=0, waiting=0)
2026-04-01 09:33:26 [HikariPool-1:housekeeper] DEBUG com.zaxxer.hikari.pool.HikariPool - HikariPool-1 - Fill pool skipped, pool has sufficient level or currently being filled.
2026-04-01 09:33:32 [HikariPool-1:housekeeper] DEBUG com.zaxxer.hikari.pool.HikariPool - HikariPool-1 - keepalive: connection com.mysql.cj.jdbc.ConnectionImpl@3fa12a49 is alive
2026-04-01 09:33:34 [HikariPool-1:housekeeper] DEBUG com.zaxxer.hikari.pool.HikariPool - HikariPool-1 - keepalive: connection com.mysql.cj.jdbc.ConnectionImpl@60a7146d is alive
2026-04-01 09:33:34 [HikariPool-1:housekeeper] DEBUG com.zaxxer.hikari.pool.HikariPool - HikariPool-1 - keepalive: connection com.mysql.cj.jdbc.ConnectionImpl@10222500 is alive
2026-04-01 09:33:42 [HikariPool-1:housekeeper] DEBUG com.zaxxer.hikari.pool.HikariPool - HikariPool-1 - keepalive: connection com.mysql.cj.jdbc.ConnectionImpl@36982906 is alive
2026-04-01 09:33:45 [HikariPool-1:housekeeper] DEBUG com.zaxxer.hikari.pool.HikariPool - HikariPool-1 - keepalive: connection com.mysql.cj.jdbc.ConnectionImpl@5c8a0375 is alive
2026-04-01 09:33:45 [HikariPool-1:housekeeper] DEBUG com.zaxxer.hikari.pool.HikariPool - HikariPool-1 - keepalive: connection com.mysql.cj.jdbc.ConnectionImpl@70e0b50e is alive
2026-04-01 09:33:51 [HikariPool-1:housekeeper] DEBUG com.zaxxer.hikari.pool.HikariPool - HikariPool-1 - keepalive: connection com.mysql.cj.jdbc.ConnectionImpl@59e04260 is alive
2026-04-01 09:33:56 [HikariPool-1:housekeeper] DEBUG com.zaxxer.hikari.pool.HikariPool - HikariPool-1 - Pool stats (total=20/20, idle=20/20, active=0, waiting=0)
2026-04-01 09:33:56 [HikariPool-1:housekeeper] DEBUG com.zaxxer.hikari.pool.HikariPool - HikariPool-1 - Fill pool skipped, pool has sufficient level or currently being filled.
2026-04-01 09:34:04 [HikariPool-1:housekeeper] DEBUG com.zaxxer.hikari.pool.HikariPool - HikariPool-1 - keepalive: connection com.mysql.cj.jdbc.ConnectionImpl@1b4d2d3f is alive
2026-04-01 09:34:05 [HikariPool-1:housekeeper] DEBUG com.zaxxer.hikari.pool.HikariPool - HikariPool-1 - keepalive: connection com.mysql.cj.jdbc.ConnectionImpl@25709854 is alive
2026-04-01 09:34:14 [HikariPool-1:housekeeper] DEBUG com.zaxxer.hikari.pool.HikariPool - HikariPool-1 - keepalive: connection com.mysql.cj.jdbc.ConnectionImpl@7e1f3243 is alive
2026-04-01 09:34:17 [HikariPool-1:housekeeper] DEBUG com.zaxxer.hikari.pool.HikariPool - HikariPool-1 - keepalive: connection com.mysql.cj.jdbc.ConnectionImpl@2ec40b5b is alive
2026-04-01 09:34:21 [HikariPool-1:housekeeper] DEBUG com.zaxxer.hikari.pool.HikariPool - HikariPool-1 - keepalive: connection com.mysql.cj.jdbc.ConnectionImpl@4f4dea63 is alive
2026-04-01 09:34:26 [HikariPool-1:housekeeper] DEBUG com.zaxxer.hikari.pool.HikariPool - HikariPool-1 - Pool stats (total=20/20, idle=20/20, active=0, waiting=0)
2026-04-01 09:34:26 [HikariPool-1:housekeeper] DEBUG com.zaxxer.hikari.pool.HikariPool - HikariPool-1 - Fill pool skipped, pool has sufficient level or currently being filled.
2026-04-01 09:34:35 [HikariPool-1:housekeeper] DEBUG com.zaxxer.hikari.pool.HikariPool - HikariPool-1 - keepalive: connection com.mysql.cj.jdbc.ConnectionImpl@7a69763d is alive
2026-04-01 09:34:47 [HikariPool-1:housekeeper] DEBUG com.zaxxer.hikari.pool.HikariPool - HikariPool-1 - keepalive: connection com.mysql.cj.jdbc.ConnectionImpl@41eb7094 is alive
2026-04-01 09:34:48 [HikariPool-1:housekeeper] DEBUG com.zaxxer.hikari.pool.HikariPool - HikariPool-1 - keepalive: connection com.mysql.cj.jdbc.ConnectionImpl@77a5233d is alive
2026-04-01 09:34:50 [HikariPool-1:housekeeper] DEBUG com.zaxxer.hikari.pool.HikariPool - HikariPool-1 - keepalive: connection com.mysql.cj.jdbc.ConnectionImpl@3b547c06 is alive
2026-04-01 09:34:55 [HikariPool-1:housekeeper] DEBUG com.zaxxer.hikari.pool.HikariPool - HikariPool-1 - keepalive: connection com.mysql.cj.jdbc.ConnectionImpl@28754fc9 is alive
2026-04-01 09:34:56 [HikariPool-1:housekeeper] DEBUG com.zaxxer.hikari.pool.HikariPool - HikariPool-1 - Pool stats (total=20/20, idle=20/20, active=0, waiting=0)
2026-04-01 09:34:56 [HikariPool-1:housekeeper] DEBUG com.zaxxer.hikari.pool.HikariPool - HikariPool-1 - Fill pool skipped, pool has sufficient level or currently being filled.
2026-04-01 09:35:06 [HikariPool-1:housekeeper] DEBUG com.zaxxer.hikari.pool.HikariPool - HikariPool-1 - keepalive: connection com.mysql.cj.jdbc.ConnectionImpl@76478b8 is alive
2026-04-01 09:35:07 [HikariPool-1:housekeeper] DEBUG com.zaxxer.hikari.pool.HikariPool - HikariPool-1 - keepalive: connection com.mysql.cj.jdbc.ConnectionImpl@3fa48625 is alive
2026-04-01 09:35:11 [HikariPool-1:housekeeper] DEBUG com.zaxxer.hikari.pool.HikariPool - HikariPool-1 - keepalive: connection com.mysql.cj.jdbc.ConnectionImpl@d67aaf is alive
2026-04-01 09:35:13 [HikariPool-1:housekeeper] DEBUG com.zaxxer.hikari.pool.HikariPool - HikariPool-1 - keepalive: connection com.mysql.cj.jdbc.ConnectionImpl@60a7146d is alive
2026-04-01 09:35:20 [HikariPool-1:housekeeper] DEBUG com.zaxxer.hikari.pool.HikariPool - HikariPool-1 - keepalive: connection com.mysql.cj.jdbc.ConnectionImpl@10222500 is alive
2026-04-01 09:35:26 [HikariPool-1:housekeeper] DEBUG com.zaxxer.hikari.pool.HikariPool - HikariPool-1 - Pool stats (total=20/20, idle=20/20, active=0, waiting=0)
2026-04-01 09:35:26 [HikariPool-1:housekeeper] DEBUG com.zaxxer.hikari.pool.HikariPool - HikariPool-1 - Fill pool skipped, pool has sufficient level or currently being filled.
2026-04-01 09:35:27 [HikariPool-1:housekeeper] DEBUG com.zaxxer.hikari.pool.HikariPool - HikariPool-1 - keepalive: connection com.mysql.cj.jdbc.ConnectionImpl@3fa12a49 is alive
2026-04-01 09:35:30 [HikariPool-1:housekeeper] DEBUG com.zaxxer.hikari.pool.HikariPool - HikariPool-1 - keepalive: connection com.mysql.cj.jdbc.ConnectionImpl@70e0b50e is alive
2026-04-01 09:35:35 [HikariPool-1:housekeeper] DEBUG com.zaxxer.hikari.pool.HikariPool - HikariPool-1 - keepalive: connection com.mysql.cj.jdbc.ConnectionImpl@5c8a0375 is alive
2026-04-01 09:35:39 [HikariPool-1:housekeeper] DEBUG com.zaxxer.hikari.pool.HikariPool - HikariPool-1 - keepalive: connection com.mysql.cj.jdbc.ConnectionImpl@36982906 is alive
2026-04-01 09:35:43 [HikariPool-1:housekeeper] DEBUG com.zaxxer.hikari.pool.HikariPool - HikariPool-1 - keepalive: connection com.mysql.cj.jdbc.ConnectionImpl@59e04260 is alive
2026-04-01 09:35:44 [HikariPool-1:housekeeper] DEBUG com.zaxxer.hikari.pool.HikariPool - HikariPool-1 - keepalive: connection com.mysql.cj.jdbc.ConnectionImpl@25709854 is alive
2026-04-01 09:35:46 [HikariPool-1:housekeeper] DEBUG com.zaxxer.hikari.pool.HikariPool - HikariPool-1 - keepalive: connection com.mysql.cj.jdbc.ConnectionImpl@1b4d2d3f is alive
2026-04-01 09:35:56 [HikariPool-1:housekeeper] DEBUG com.zaxxer.hikari.pool.HikariPool - HikariPool-1 - Pool stats (total=20/20, idle=20/20, active=0, waiting=0)
2026-04-01 09:35:56 [HikariPool-1:housekeeper] DEBUG com.zaxxer.hikari.pool.HikariPool - HikariPool-1 - Fill pool skipped, pool has sufficient level or currently being filled.
2026-04-01 09:35:57 [HikariPool-1:housekeeper] DEBUG com.zaxxer.hikari.pool.HikariPool - HikariPool-1 - keepalive: connection com.mysql.cj.jdbc.ConnectionImpl@7e1f3243 is alive
2026-04-01 09:36:06 [HikariPool-1:housekeeper] DEBUG com.zaxxer.hikari.pool.HikariPool - HikariPool-1 - keepalive: connection com.mysql.cj.jdbc.ConnectionImpl@4f4dea63 is alive
2026-04-01 09:36:16 [HikariPool-1:housekeeper] DEBUG com.zaxxer.hikari.pool.HikariPool - HikariPool-1 - keepalive: connection com.mysql.cj.jdbc.ConnectionImpl@2ec40b5b is alive
2026-04-01 09:36:23 [HikariPool-1:housekeeper] DEBUG com.zaxxer.hikari.pool.HikariPool - HikariPool-1 - keepalive: connection com.mysql.cj.jdbc.ConnectionImpl@7a69763d is alive
2026-04-01 09:36:26 [HikariPool-1:housekeeper] DEBUG com.zaxxer.hikari.pool.HikariPool - HikariPool-1 - Pool stats (total=20/20, idle=20/20, active=0, waiting=0)
2026-04-01 09:36:26 [HikariPool-1:housekeeper] DEBUG com.zaxxer.hikari.pool.HikariPool - HikariPool-1 - Fill pool skipped, pool has sufficient level or currently being filled.
2026-04-01 09:36:35 [HikariPool-1:housekeeper] DEBUG com.zaxxer.hikari.pool.HikariPool - HikariPool-1 - keepalive: connection com.mysql.cj.jdbc.ConnectionImpl@28754fc9 is alive
2026-04-01 09:36:39 [HikariPool-1:housekeeper] DEBUG com.zaxxer.hikari.pool.HikariPool - HikariPool-1 - keepalive: connection com.mysql.cj.jdbc.ConnectionImpl@77a5233d is alive
2026-04-01 09:36:39 [HikariPool-1:housekeeper] DEBUG com.zaxxer.hikari.pool.HikariPool - HikariPool-1 - keepalive: connection com.mysql.cj.jdbc.ConnectionImpl@41eb7094 is alive
2026-04-01 09:36:41 [HikariPool-1:housekeeper] DEBUG com.zaxxer.hikari.pool.HikariPool - HikariPool-1 - keepalive: connection com.mysql.cj.jdbc.ConnectionImpl@3b547c06 is alive
2026-04-01 09:36:52 [HikariPool-1:housekeeper] DEBUG com.zaxxer.hikari.pool.HikariPool - HikariPool-1 - keepalive: connection com.mysql.cj.jdbc.ConnectionImpl@60a7146d is alive
2026-04-01 09:36:56 [HikariPool-1:housekeeper] DEBUG com.zaxxer.hikari.pool.HikariPool - HikariPool-1 - Pool stats (total=20/20, idle=20/20, active=0, waiting=0)
2026-04-01 09:36:56 [HikariPool-1:housekeeper] DEBUG com.zaxxer.hikari.pool.HikariPool - HikariPool-1 - Fill pool skipped, pool has sufficient level or currently being filled.
2026-04-01 09:36:58 [HikariPool-1:housekeeper] DEBUG com.zaxxer.hikari.pool.HikariPool - HikariPool-1 - keepalive: connection com.mysql.cj.jdbc.ConnectionImpl@76478b8 is alive
2026-04-01 09:37:02 [HikariPool-1:housekeeper] DEBUG com.zaxxer.hikari.pool.HikariPool - HikariPool-1 - keepalive: connection com.mysql.cj.jdbc.ConnectionImpl@3fa48625 is alive
2026-04-01 09:37:06 [HikariPool-1:housekeeper] DEBUG com.zaxxer.hikari.pool.HikariPool - HikariPool-1 - keepalive: connection com.mysql.cj.jdbc.ConnectionImpl@10222500 is alive
2026-04-01 09:37:07 [HikariPool-1:housekeeper] DEBUG com.zaxxer.hikari.pool.HikariPool - HikariPool-1 - keepalive: connection com.mysql.cj.jdbc.ConnectionImpl@d67aaf is alive
2026-04-01 09:37:14 [HikariPool-1:housekeeper] DEBUG com.zaxxer.hikari.pool.HikariPool - HikariPool-1 - keepalive: connection com.mysql.cj.jdbc.ConnectionImpl@70e0b50e is alive
2026-04-01 09:37:21 [HikariPool-1:housekeeper] DEBUG com.zaxxer.hikari.pool.HikariPool - HikariPool-1 - keepalive: connection com.mysql.cj.jdbc.ConnectionImpl@3fa12a49 is alive
2026-04-01 09:37:22 [HikariPool-1:housekeeper] DEBUG com.zaxxer.hikari.pool.HikariPool - HikariPool-1 - keepalive: connection com.mysql.cj.jdbc.ConnectionImpl@25709854 is alive
2026-04-01 09:37:25 [HikariPool-1:housekeeper] DEBUG com.zaxxer.hikari.pool.HikariPool - HikariPool-1 - keepalive: connection com.mysql.cj.jdbc.ConnectionImpl@5c8a0375 is alive
2026-04-01 09:37:26 [HikariPool-1:housekeeper] DEBUG com.zaxxer.hikari.pool.HikariPool - HikariPool-1 - Pool stats (total=20/20, idle=20/20, active=0, waiting=0)
2026-04-01 09:37:26 [HikariPool-1:housekeeper] DEBUG com.zaxxer.hikari.pool.HikariPool - HikariPool-1 - Fill pool skipped, pool has sufficient level or currently being filled.
2026-04-01 09:37:28 [HikariPool-1:housekeeper] DEBUG com.zaxxer.hikari.pool.HikariPool - HikariPool-1 - keepalive: connection com.mysql.cj.jdbc.ConnectionImpl@1b4d2d3f is alive
2026-04-01 09:37:36 [HikariPool-1:housekeeper] DEBUG com.zaxxer.hikari.pool.HikariPool - HikariPool-1 - keepalive: connection com.mysql.cj.jdbc.ConnectionImpl@59e04260 is alive
2026-04-01 09:37:36 [HikariPool-1:housekeeper] DEBUG com.zaxxer.hikari.pool.HikariPool - HikariPool-1 - keepalive: connection com.mysql.cj.jdbc.ConnectionImpl@36982906 is alive
2026-04-01 09:37:40 [HikariPool-1:housekeeper] DEBUG com.zaxxer.hikari.pool.HikariPool - HikariPool-1 - keepalive: connection com.mysql.cj.jdbc.ConnectionImpl@7e1f3243 is alive
2026-04-01 09:37:50 [HikariPool-1:housekeeper] DEBUG com.zaxxer.hikari.pool.HikariPool - HikariPool-1 - keepalive: connection com.mysql.cj.jdbc.ConnectionImpl@4f4dea63 is alive
2026-04-01 09:37:56 [HikariPool-1:housekeeper] DEBUG com.zaxxer.hikari.pool.HikariPool - HikariPool-1 - Pool stats (total=20/20, idle=20/20, active=0, waiting=0)
2026-04-01 09:37:56 [HikariPool-1:housekeeper] DEBUG com.zaxxer.hikari.pool.HikariPool - HikariPool-1 - Fill pool skipped, pool has sufficient level or currently being filled.
2026-04-01 09:38:12 [HikariPool-1:housekeeper] DEBUG com.zaxxer.hikari.pool.HikariPool - HikariPool-1 - keepalive: connection com.mysql.cj.jdbc.ConnectionImpl@7a69763d is alive
2026-04-01 09:38:14 [HikariPool-1:housekeeper] DEBUG com.zaxxer.hikari.pool.HikariPool - HikariPool-1 - keepalive: connection com.mysql.cj.jdbc.ConnectionImpl@2ec40b5b is alive
2026-04-01 09:38:15 [HikariPool-1:housekeeper] DEBUG com.zaxxer.hikari.pool.HikariPool - HikariPool-1 - keepalive: connection com.mysql.cj.jdbc.ConnectionImpl@28754fc9 is alive
2026-04-01 09:38:26 [HikariPool-1:housekeeper] DEBUG com.zaxxer.hikari.pool.HikariPool - HikariPool-1 - Pool stats (total=20/20, idle=20/20, active=0, waiting=0)
2026-04-01 09:38:26 [HikariPool-1:housekeeper] DEBUG com.zaxxer.hikari.pool.HikariPool - HikariPool-1 - Fill pool skipped, pool has sufficient level or currently being filled.
2026-04-01 09:38:30 [HikariPool-1:housekeeper] DEBUG com.zaxxer.hikari.pool.HikariPool - HikariPool-1 - keepalive: connection com.mysql.cj.jdbc.ConnectionImpl@77a5233d is alive
2026-04-01 09:38:31 [HikariPool-1:housekeeper] DEBUG com.zaxxer.hikari.pool.HikariPool - HikariPool-1 - keepalive: connection com.mysql.cj.jdbc.ConnectionImpl@60a7146d is alive
2026-04-01 09:38:32 [HikariPool-1:housekeeper] DEBUG com.zaxxer.hikari.pool.HikariPool - HikariPool-1 - keepalive: connection com.mysql.cj.jdbc.ConnectionImpl@3b547c06 is alive
2026-04-01 09:38:32 [HikariPool-1:housekeeper] DEBUG com.zaxxer.hikari.pool.HikariPool - HikariPool-1 - keepalive: connection com.mysql.cj.jdbc.ConnectionImpl@41eb7094 is alive
2026-04-01 09:38:51 [HikariPool-1:housekeeper] DEBUG com.zaxxer.hikari.pool.HikariPool - HikariPool-1 - keepalive: connection com.mysql.cj.jdbc.ConnectionImpl@76478b8 is alive
2026-04-01 09:38:53 [HikariPool-1:housekeeper] DEBUG com.zaxxer.hikari.pool.HikariPool - HikariPool-1 - keepalive: connection com.mysql.cj.jdbc.ConnectionImpl@10222500 is alive
2026-04-01 09:38:56 [HikariPool-1:housekeeper] DEBUG com.zaxxer.hikari.pool.HikariPool - HikariPool-1 - Pool stats (total=20/20, idle=20/20, active=0, waiting=0)
2026-04-01 09:38:56 [HikariPool-1:housekeeper] DEBUG com.zaxxer.hikari.pool.HikariPool - HikariPool-1 - Fill pool skipped, pool has sufficient level or currently being filled.
2026-04-01 09:38:56 [HikariPool-1:housekeeper] DEBUG com.zaxxer.hikari.pool.HikariPool - HikariPool-1 - keepalive: connection com.mysql.cj.jdbc.ConnectionImpl@3fa48625 is alive
2026-04-01 09:38:59 [HikariPool-1:housekeeper] DEBUG com.zaxxer.hikari.pool.HikariPool - HikariPool-1 - keepalive: connection com.mysql.cj.jdbc.ConnectionImpl@70e0b50e is alive
2026-04-01 09:39:01 [HikariPool-1:housekeeper] DEBUG com.zaxxer.hikari.pool.HikariPool - HikariPool-1 - keepalive: connection com.mysql.cj.jdbc.ConnectionImpl@25709854 is alive
2026-04-01 09:39:04 [HikariPool-1:housekeeper] DEBUG com.zaxxer.hikari.pool.HikariPool - HikariPool-1 - keepalive: connection com.mysql.cj.jdbc.ConnectionImpl@d67aaf is alive
2026-04-01 09:39:10 [HikariPool-1:housekeeper] DEBUG com.zaxxer.hikari.pool.HikariPool - HikariPool-1 - keepalive: connection com.mysql.cj.jdbc.ConnectionImpl@1b4d2d3f is alive
2026-04-01 09:39:15 [HikariPool-1:housekeeper] DEBUG com.zaxxer.hikari.pool.HikariPool - HikariPool-1 - keepalive: connection com.mysql.cj.jdbc.ConnectionImpl@3fa12a49 is alive
2026-04-01 09:39:15 [HikariPool-1:housekeeper] DEBUG com.zaxxer.hikari.pool.HikariPool - HikariPool-1 - keepalive: connection com.mysql.cj.jdbc.ConnectionImpl@5c8a0375 is alive
2026-04-01 09:39:23 [HikariPool-1:housekeeper] DEBUG com.zaxxer.hikari.pool.HikariPool - HikariPool-1 - keepalive: connection com.mysql.cj.jdbc.ConnectionImpl@7e1f3243 is alive
2026-04-01 09:39:26 [HikariPool-1:housekeeper] DEBUG com.zaxxer.hikari.pool.HikariPool - HikariPool-1 - Pool stats (total=20/20, idle=20/20, active=0, waiting=0)
2026-04-01 09:39:26 [HikariPool-1:housekeeper] DEBUG com.zaxxer.hikari.pool.HikariPool - HikariPool-1 - Fill pool skipped, pool has sufficient level or currently being filled.
2026-04-01 09:39:28 [HikariPool-1:housekeeper] DEBUG com.zaxxer.hikari.pool.HikariPool - HikariPool-1 - keepalive: connection com.mysql.cj.jdbc.ConnectionImpl@59e04260 is alive
2026-04-01 09:39:34 [HikariPool-1:housekeeper] DEBUG com.zaxxer.hikari.pool.HikariPool - HikariPool-1 - keepalive: connection com.mysql.cj.jdbc.ConnectionImpl@36982906 is alive
2026-04-01 09:39:34 [HikariPool-1:housekeeper] DEBUG com.zaxxer.hikari.pool.HikariPool - HikariPool-1 - keepalive: connection com.mysql.cj.jdbc.ConnectionImpl@4f4dea63 is alive
2026-04-01 09:39:55 [HikariPool-1:housekeeper] DEBUG com.zaxxer.hikari.pool.HikariPool - HikariPool-1 - keepalive: connection com.mysql.cj.jdbc.ConnectionImpl@28754fc9 is alive
2026-04-01 09:39:56 [HikariPool-1:housekeeper] DEBUG com.zaxxer.hikari.pool.HikariPool - HikariPool-1 - Pool stats (total=20/20, idle=20/20, active=0, waiting=0)
2026-04-01 09:39:56 [HikariPool-1:housekeeper] DEBUG com.zaxxer.hikari.pool.HikariPool - HikariPool-1 - Fill pool skipped, pool has sufficient level or currently being filled.
2026-04-01 09:40:01 [HikariPool-1:housekeeper] DEBUG com.zaxxer.hikari.pool.HikariPool - HikariPool-1 - keepalive: connection com.mysql.cj.jdbc.ConnectionImpl@7a69763d is alive
2026-04-01 09:40:10 [HikariPool-1:housekeeper] DEBUG com.zaxxer.hikari.pool.HikariPool - HikariPool-1 - keepalive: connection com.mysql.cj.jdbc.ConnectionImpl@60a7146d is alive
2026-04-01 09:40:13 [HikariPool-1:housekeeper] DEBUG com.zaxxer.hikari.pool.HikariPool - HikariPool-1 - keepalive: connection com.mysql.cj.jdbc.ConnectionImpl@2ec40b5b is alive
2026-04-01 09:40:21 [HikariPool-1:housekeeper] DEBUG com.zaxxer.hikari.pool.HikariPool - HikariPool-1 - keepalive: connection com.mysql.cj.jdbc.ConnectionImpl@77a5233d is alive
2026-04-01 09:40:22 [HikariPool-1:housekeeper] DEBUG com.zaxxer.hikari.pool.HikariPool - HikariPool-1 - keepalive: connection com.mysql.cj.jdbc.ConnectionImpl@3b547c06 is alive
2026-04-01 09:40:25 [HikariPool-1:housekeeper] DEBUG com.zaxxer.hikari.pool.HikariPool - HikariPool-1 - keepalive: connection com.mysql.cj.jdbc.ConnectionImpl@41eb7094 is alive
2026-04-01 09:40:26 [HikariPool-1:housekeeper] DEBUG com.zaxxer.hikari.pool.HikariPool - HikariPool-1 - Pool stats (total=20/20, idle=20/20, active=0, waiting=0)
2026-04-01 09:40:26 [HikariPool-1:housekeeper] DEBUG com.zaxxer.hikari.pool.HikariPool - HikariPool-1 - Fill pool skipped, pool has sufficient level or currently being filled.
2026-04-01 09:40:39 [HikariPool-1:housekeeper] DEBUG com.zaxxer.hikari.pool.HikariPool - HikariPool-1 - keepalive: connection com.mysql.cj.jdbc.ConnectionImpl@10222500 is alive
2026-04-01 09:40:39 [HikariPool-1:housekeeper] DEBUG com.zaxxer.hikari.pool.HikariPool - HikariPool-1 - keepalive: connection com.mysql.cj.jdbc.ConnectionImpl@25709854 is alive
2026-04-01 09:40:43 [HikariPool-1:housekeeper] DEBUG com.zaxxer.hikari.pool.HikariPool - HikariPool-1 - keepalive: connection com.mysql.cj.jdbc.ConnectionImpl@70e0b50e is alive
2026-04-01 09:40:44 [HikariPool-1:housekeeper] DEBUG com.zaxxer.hikari.pool.HikariPool - HikariPool-1 - keepalive: connection com.mysql.cj.jdbc.ConnectionImpl@76478b8 is alive
2026-04-01 09:40:51 [HikariPool-1:housekeeper] DEBUG com.zaxxer.hikari.pool.HikariPool - HikariPool-1 - keepalive: connection com.mysql.cj.jdbc.ConnectionImpl@3fa48625 is alive
2026-04-01 09:40:53 [HikariPool-1:housekeeper] DEBUG com.zaxxer.hikari.pool.HikariPool - HikariPool-1 - keepalive: connection com.mysql.cj.jdbc.ConnectionImpl@1b4d2d3f is alive
2026-04-01 09:40:56 [HikariPool-1:housekeeper] DEBUG com.zaxxer.hikari.pool.HikariPool - HikariPool-1 - Pool stats (total=20/20, idle=20/20, active=0, waiting=0)
2026-04-01 09:40:56 [HikariPool-1:housekeeper] DEBUG com.zaxxer.hikari.pool.HikariPool - HikariPool-1 - Fill pool skipped, pool has sufficient level or currently being filled.
2026-04-01 09:41:00 [HikariPool-1:housekeeper] DEBUG com.zaxxer.hikari.pool.HikariPool - HikariPool-1 - keepalive: connection com.mysql.cj.jdbc.ConnectionImpl@d67aaf is alive
2026-04-01 09:41:05 [HikariPool-1:housekeeper] DEBUG com.zaxxer.hikari.pool.HikariPool - HikariPool-1 - keepalive: connection com.mysql.cj.jdbc.ConnectionImpl@5c8a0375 is alive
2026-04-01 09:41:06 [HikariPool-1:housekeeper] DEBUG com.zaxxer.hikari.pool.HikariPool - HikariPool-1 - keepalive: connection com.mysql.cj.jdbc.ConnectionImpl@7e1f3243 is alive
2026-04-01 09:41:09 [HikariPool-1:housekeeper] DEBUG com.zaxxer.hikari.pool.HikariPool - HikariPool-1 - keepalive: connection com.mysql.cj.jdbc.ConnectionImpl@3fa12a49 is alive
2026-04-01 09:41:18 [HikariPool-1:housekeeper] DEBUG com.zaxxer.hikari.pool.HikariPool - HikariPool-1 - keepalive: connection com.mysql.cj.jdbc.ConnectionImpl@4f4dea63 is alive
2026-04-01 09:41:20 [HikariPool-1:housekeeper] DEBUG com.zaxxer.hikari.pool.HikariPool - HikariPool-1 - keepalive: connection com.mysql.cj.jdbc.ConnectionImpl@59e04260 is alive
2026-04-01 09:41:26 [HikariPool-1:housekeeper] DEBUG com.zaxxer.hikari.pool.HikariPool - HikariPool-1 - Pool stats (total=20/20, idle=20/20, active=0, waiting=0)
2026-04-01 09:41:26 [HikariPool-1:housekeeper] DEBUG com.zaxxer.hikari.pool.HikariPool - HikariPool-1 - Fill pool skipped, pool has sufficient level or currently being filled.
2026-04-01 09:41:31 [HikariPool-1:housekeeper] DEBUG com.zaxxer.hikari.pool.HikariPool - HikariPool-1 - keepalive: connection com.mysql.cj.jdbc.ConnectionImpl@36982906 is alive
2026-04-01 09:41:35 [HikariPool-1:housekeeper] DEBUG com.zaxxer.hikari.pool.HikariPool - HikariPool-1 - keepalive: connection com.mysql.cj.jdbc.ConnectionImpl@28754fc9 is alive
2026-04-01 09:41:49 [HikariPool-1:housekeeper] DEBUG com.zaxxer.hikari.pool.HikariPool - HikariPool-1 - keepalive: connection com.mysql.cj.jdbc.ConnectionImpl@60a7146d is alive
2026-04-01 09:41:50 [HikariPool-1:housekeeper] DEBUG com.zaxxer.hikari.pool.HikariPool - HikariPool-1 - keepalive: connection com.mysql.cj.jdbc.ConnectionImpl@7a69763d is alive
2026-04-01 09:41:56 [HikariPool-1:housekeeper] DEBUG com.zaxxer.hikari.pool.HikariPool - HikariPool-1 - Pool stats (total=20/20, idle=20/20, active=0, waiting=0)
2026-04-01 09:41:56 [HikariPool-1:housekeeper] DEBUG com.zaxxer.hikari.pool.HikariPool - HikariPool-1 - Fill pool skipped, pool has sufficient level or currently being filled.
2026-04-01 09:42:11 [HikariPool-1:housekeeper] DEBUG com.zaxxer.hikari.pool.HikariPool - HikariPool-1 - keepalive: connection com.mysql.cj.jdbc.ConnectionImpl@2ec40b5b is alive
2026-04-01 09:42:12 [HikariPool-1:housekeeper] DEBUG com.zaxxer.hikari.pool.HikariPool - HikariPool-1 - keepalive: connection com.mysql.cj.jdbc.ConnectionImpl@77a5233d is alive
2026-04-01 09:42:13 [HikariPool-1:housekeeper] DEBUG com.zaxxer.hikari.pool.HikariPool - HikariPool-1 - keepalive: connection com.mysql.cj.jdbc.ConnectionImpl@3b547c06 is alive
2026-04-01 09:42:18 [HikariPool-1:housekeeper] DEBUG com.zaxxer.hikari.pool.HikariPool - HikariPool-1 - keepalive: connection com.mysql.cj.jdbc.ConnectionImpl@41eb7094 is alive
2026-04-01 09:42:18 [HikariPool-1:housekeeper] DEBUG com.zaxxer.hikari.pool.HikariPool - HikariPool-1 - keepalive: connection com.mysql.cj.jdbc.ConnectionImpl@25709854 is alive
2026-04-01 09:42:25 [HikariPool-1:housekeeper] DEBUG com.zaxxer.hikari.pool.HikariPool - HikariPool-1 - keepalive: connection com.mysql.cj.jdbc.ConnectionImpl@10222500 is alive
2026-04-01 09:42:26 [HikariPool-1:housekeeper] DEBUG com.zaxxer.hikari.pool.HikariPool - HikariPool-1 - Pool stats (total=20/20, idle=20/20, active=0, waiting=0)
2026-04-01 09:42:26 [HikariPool-1:housekeeper] DEBUG com.zaxxer.hikari.pool.HikariPool - HikariPool-1 - Fill pool skipped, pool has sufficient level or currently being filled.
2026-04-01 09:42:28 [HikariPool-1:housekeeper] DEBUG com.zaxxer.hikari.pool.HikariPool - HikariPool-1 - keepalive: connection com.mysql.cj.jdbc.ConnectionImpl@70e0b50e is alive
2026-04-01 09:42:35 [HikariPool-1:housekeeper] DEBUG com.zaxxer.hikari.pool.HikariPool - HikariPool-1 - keepalive: connection com.mysql.cj.jdbc.ConnectionImpl@1b4d2d3f is alive
2026-04-01 09:42:37 [HikariPool-1:housekeeper] DEBUG com.zaxxer.hikari.pool.HikariPool - HikariPool-1 - keepalive: connection com.mysql.cj.jdbc.ConnectionImpl@76478b8 is alive
2026-04-01 09:42:45 [HikariPool-1:housekeeper] DEBUG com.zaxxer.hikari.pool.HikariPool - HikariPool-1 - keepalive: connection com.mysql.cj.jdbc.ConnectionImpl@3fa48625 is alive
2026-04-01 09:42:49 [HikariPool-1:housekeeper] DEBUG com.zaxxer.hikari.pool.HikariPool - HikariPool-1 - keepalive: connection com.mysql.cj.jdbc.ConnectionImpl@7e1f3243 is alive
2026-04-01 09:42:55 [HikariPool-1:housekeeper] DEBUG com.zaxxer.hikari.pool.HikariPool - HikariPool-1 - keepalive: connection com.mysql.cj.jdbc.ConnectionImpl@5c8a0375 is alive
2026-04-01 09:42:56 [HikariPool-1:housekeeper] DEBUG com.zaxxer.hikari.pool.HikariPool - HikariPool-1 - keepalive: connection com.mysql.cj.jdbc.ConnectionImpl@d67aaf is alive
2026-04-01 09:42:56 [HikariPool-1:housekeeper] DEBUG com.zaxxer.hikari.pool.HikariPool - HikariPool-1 - Pool stats (total=20/20, idle=20/20, active=0, waiting=0)
2026-04-01 09:42:56 [HikariPool-1:housekeeper] DEBUG com.zaxxer.hikari.pool.HikariPool - HikariPool-1 - Fill pool skipped, pool has sufficient level or currently being filled.
2026-04-01 09:43:03 [HikariPool-1:housekeeper] DEBUG com.zaxxer.hikari.pool.HikariPool - HikariPool-1 - keepalive: connection com.mysql.cj.jdbc.ConnectionImpl@4f4dea63 is alive
2026-04-01 09:43:04 [HikariPool-1:housekeeper] DEBUG com.zaxxer.hikari.pool.HikariPool - HikariPool-1 - keepalive: connection com.mysql.cj.jdbc.ConnectionImpl@3fa12a49 is alive
2026-04-01 09:43:12 [HikariPool-1:housekeeper] DEBUG com.zaxxer.hikari.pool.HikariPool - HikariPool-1 - keepalive: connection com.mysql.cj.jdbc.ConnectionImpl@59e04260 is alive
2026-04-01 09:43:14 [HikariPool-1:housekeeper] DEBUG com.zaxxer.hikari.pool.HikariPool - HikariPool-1 - keepalive: connection com.mysql.cj.jdbc.ConnectionImpl@28754fc9 is alive
2026-04-01 09:43:26 [HikariPool-1:housekeeper] DEBUG com.zaxxer.hikari.pool.HikariPool - HikariPool-1 - Pool stats (total=20/20, idle=20/20, active=0, waiting=0)
2026-04-01 09:43:26 [HikariPool-1:housekeeper] DEBUG com.zaxxer.hikari.pool.HikariPool - HikariPool-1 - Fill pool skipped, pool has sufficient level or currently being filled.
2026-04-01 09:43:28 [HikariPool-1:housekeeper] DEBUG com.zaxxer.hikari.pool.HikariPool - HikariPool-1 - keepalive: connection com.mysql.cj.jdbc.ConnectionImpl@60a7146d is alive
2026-04-01 09:43:28 [HikariPool-1:housekeeper] DEBUG com.zaxxer.hikari.pool.HikariPool - HikariPool-1 - keepalive: connection com.mysql.cj.jdbc.ConnectionImpl@36982906 is alive
2026-04-01 09:43:39 [HikariPool-1:housekeeper] DEBUG com.zaxxer.hikari.pool.HikariPool - HikariPool-1 - keepalive: connection com.mysql.cj.jdbc.ConnectionImpl@7a69763d is alive
2026-04-01 09:43:55 [HikariPool-1:connection-closer] DEBUG com.zaxxer.hikari.pool.PoolBase - HikariPool-1 - Closing connection com.mysql.cj.jdbc.ConnectionImpl@25709854: (connection has passed maxLifetime)
2026-04-01 09:43:55 [HikariPool-1:connection-adder] DEBUG com.zaxxer.hikari.pool.PoolBase - HikariPool-1 - Attempting to create/setup new connection (ce853a43-1fae-4e86-a450-d636c2f9f416)
2026-04-01 09:43:55 [HikariPool-1:connection-adder] DEBUG com.zaxxer.hikari.pool.PoolBase - HikariPool-1 - Established new connection (ce853a43-1fae-4e86-a450-d636c2f9f416)
2026-04-01 09:43:55 [HikariPool-1:connection-adder] DEBUG com.zaxxer.hikari.pool.HikariPool - HikariPool-1 - Added connection com.mysql.cj.jdbc.ConnectionImpl@cff5ca2
2026-04-01 09:43:56 [HikariPool-1:housekeeper] DEBUG com.zaxxer.hikari.pool.HikariPool - HikariPool-1 - Pool stats (total=20/20, idle=20/20, active=0, waiting=0)
2026-04-01 09:43:56 [HikariPool-1:housekeeper] DEBUG com.zaxxer.hikari.pool.HikariPool - HikariPool-1 - Fill pool skipped, pool has sufficient level or currently being filled.
2026-04-01 09:44:03 [HikariPool-1:housekeeper] DEBUG com.zaxxer.hikari.pool.HikariPool - HikariPool-1 - keepalive: connection com.mysql.cj.jdbc.ConnectionImpl@77a5233d is alive
2026-04-01 09:44:04 [HikariPool-1:housekeeper] DEBUG com.zaxxer.hikari.pool.HikariPool - HikariPool-1 - keepalive: connection com.mysql.cj.jdbc.ConnectionImpl@3b547c06 is alive
2026-04-01 09:44:10 [HikariPool-1:housekeeper] DEBUG com.zaxxer.hikari.pool.HikariPool - HikariPool-1 - keepalive: connection com.mysql.cj.jdbc.ConnectionImpl@2ec40b5b is alive
2026-04-01 09:44:11 [HikariPool-1:housekeeper] DEBUG com.zaxxer.hikari.pool.HikariPool - HikariPool-1 - keepalive: connection com.mysql.cj.jdbc.ConnectionImpl@41eb7094 is alive
2026-04-01 09:44:12 [HikariPool-1:housekeeper] DEBUG com.zaxxer.hikari.pool.HikariPool - HikariPool-1 - keepalive: connection com.mysql.cj.jdbc.ConnectionImpl@10222500 is alive
2026-04-01 09:44:12 [HikariPool-1:housekeeper] DEBUG com.zaxxer.hikari.pool.HikariPool - HikariPool-1 - keepalive: connection com.mysql.cj.jdbc.ConnectionImpl@70e0b50e is alive
2026-04-01 09:44:17 [HikariPool-1:housekeeper] DEBUG com.zaxxer.hikari.pool.HikariPool - HikariPool-1 - keepalive: connection com.mysql.cj.jdbc.ConnectionImpl@1b4d2d3f is alive
2026-04-01 09:44:24 [HikariPool-1:connection-closer] DEBUG com.zaxxer.hikari.pool.PoolBase - HikariPool-1 - Closing connection com.mysql.cj.jdbc.ConnectionImpl@41eb7094: (connection has passed maxLifetime)
2026-04-01 09:44:24 [HikariPool-1:connection-adder] DEBUG com.zaxxer.hikari.pool.PoolBase - HikariPool-1 - Attempting to create/setup new connection (45819393-3eea-4071-a1d1-45c60d366052)
2026-04-01 09:44:24 [HikariPool-1:connection-adder] DEBUG com.zaxxer.hikari.pool.PoolBase - HikariPool-1 - Established new connection (45819393-3eea-4071-a1d1-45c60d366052)
2026-04-01 09:44:24 [HikariPool-1:connection-adder] DEBUG com.zaxxer.hikari.pool.HikariPool - HikariPool-1 - Added connection com.mysql.cj.jdbc.ConnectionImpl@323307a4
2026-04-01 09:44:26 [HikariPool-1:housekeeper] DEBUG com.zaxxer.hikari.pool.HikariPool - HikariPool-1 - Pool stats (total=20/20, idle=20/20, active=0, waiting=0)
2026-04-01 09:44:26 [HikariPool-1:housekeeper] DEBUG com.zaxxer.hikari.pool.HikariPool - HikariPool-1 - Fill pool skipped, pool has sufficient level or currently being filled.
2026-04-01 09:44:30 [HikariPool-1:housekeeper] DEBUG com.zaxxer.hikari.pool.HikariPool - HikariPool-1 - keepalive: connection com.mysql.cj.jdbc.ConnectionImpl@76478b8 is alive
2026-04-01 09:44:32 [HikariPool-1:housekeeper] DEBUG com.zaxxer.hikari.pool.HikariPool - HikariPool-1 - keepalive: connection com.mysql.cj.jdbc.ConnectionImpl@7e1f3243 is alive
2026-04-01 09:44:40 [HikariPool-1:housekeeper] DEBUG com.zaxxer.hikari.pool.HikariPool - HikariPool-1 - keepalive: connection com.mysql.cj.jdbc.ConnectionImpl@3fa48625 is alive
2026-04-01 09:44:46 [HikariPool-1:housekeeper] DEBUG com.zaxxer.hikari.pool.HikariPool - HikariPool-1 - keepalive: connection com.mysql.cj.jdbc.ConnectionImpl@5c8a0375 is alive
2026-04-01 09:44:47 [HikariPool-1:housekeeper] DEBUG com.zaxxer.hikari.pool.HikariPool - HikariPool-1 - keepalive: connection com.mysql.cj.jdbc.ConnectionImpl@4f4dea63 is alive
2026-04-01 09:44:53 [HikariPool-1:housekeeper] DEBUG com.zaxxer.hikari.pool.HikariPool - HikariPool-1 - keepalive: connection com.mysql.cj.jdbc.ConnectionImpl@d67aaf is alive
2026-04-01 09:44:54 [HikariPool-1:housekeeper] DEBUG com.zaxxer.hikari.pool.HikariPool - HikariPool-1 - keepalive: connection com.mysql.cj.jdbc.ConnectionImpl@28754fc9 is alive
2026-04-01 09:44:56 [HikariPool-1:housekeeper] DEBUG com.zaxxer.hikari.pool.HikariPool - HikariPool-1 - Pool stats (total=20/20, idle=20/20, active=0, waiting=0)
2026-04-01 09:44:56 [HikariPool-1:housekeeper] DEBUG com.zaxxer.hikari.pool.HikariPool - HikariPool-1 - Fill pool skipped, pool has sufficient level or currently being filled.
2026-04-01 09:44:58 [HikariPool-1:housekeeper] DEBUG com.zaxxer.hikari.pool.HikariPool - HikariPool-1 - keepalive: connection com.mysql.cj.jdbc.ConnectionImpl@3fa12a49 is alive
2026-04-01 09:45:04 [HikariPool-1:housekeeper] DEBUG com.zaxxer.hikari.pool.HikariPool - HikariPool-1 - keepalive: connection com.mysql.cj.jdbc.ConnectionImpl@59e04260 is alive
2026-04-01 09:45:06 [HikariPool-1:connection-closer] DEBUG com.zaxxer.hikari.pool.PoolBase - HikariPool-1 - Closing connection com.mysql.cj.jdbc.ConnectionImpl@36982906: (connection has passed maxLifetime)
2026-04-01 09:45:06 [HikariPool-1:connection-adder] DEBUG com.zaxxer.hikari.pool.PoolBase - HikariPool-1 - Attempting to create/setup new connection (d5191289-21bf-4416-976a-9949b56c0358)
2026-04-01 09:45:06 [HikariPool-1:connection-adder] DEBUG com.zaxxer.hikari.pool.PoolBase - HikariPool-1 - Established new connection (d5191289-21bf-4416-976a-9949b56c0358)
2026-04-01 09:45:06 [HikariPool-1:connection-adder] DEBUG com.zaxxer.hikari.pool.HikariPool - HikariPool-1 - Added connection com.mysql.cj.jdbc.ConnectionImpl@20d7749c
2026-04-01 09:45:07 [HikariPool-1:housekeeper] DEBUG com.zaxxer.hikari.pool.HikariPool - HikariPool-1 - keepalive: connection com.mysql.cj.jdbc.ConnectionImpl@60a7146d is alive
2026-04-01 09:45:26 [HikariPool-1:housekeeper] DEBUG com.zaxxer.hikari.pool.HikariPool - HikariPool-1 - Pool stats (total=20/20, idle=20/20, active=0, waiting=0)
2026-04-01 09:45:26 [HikariPool-1:housekeeper] DEBUG com.zaxxer.hikari.pool.HikariPool - HikariPool-1 - Fill pool skipped, pool has sufficient level or currently being filled.
2026-04-01 09:45:27 [HikariPool-1:connection-closer] DEBUG com.zaxxer.hikari.pool.PoolBase - HikariPool-1 - Closing connection com.mysql.cj.jdbc.ConnectionImpl@d67aaf: (connection has passed maxLifetime)
2026-04-01 09:45:27 [HikariPool-1:connection-adder] DEBUG com.zaxxer.hikari.pool.PoolBase - HikariPool-1 - Attempting to create/setup new connection (1853d323-fc74-474d-8bd6-e713c7916c18)
2026-04-01 09:45:27 [HikariPool-1:connection-adder] DEBUG com.zaxxer.hikari.pool.PoolBase - HikariPool-1 - Established new connection (1853d323-fc74-474d-8bd6-e713c7916c18)
2026-04-01 09:45:27 [HikariPool-1:connection-adder] DEBUG com.zaxxer.hikari.pool.HikariPool - HikariPool-1 - Added connection com.mysql.cj.jdbc.ConnectionImpl@5ebc974e
2026-04-01 09:45:28 [HikariPool-1:housekeeper] DEBUG com.zaxxer.hikari.pool.HikariPool - HikariPool-1 - keepalive: connection com.mysql.cj.jdbc.ConnectionImpl@7a69763d is alive
2026-04-01 09:45:32 [HikariPool-1:housekeeper] DEBUG com.zaxxer.hikari.pool.HikariPool - HikariPool-1 - keepalive: connection com.mysql.cj.jdbc.ConnectionImpl@cff5ca2 is alive
2026-04-01 09:45:54 [HikariPool-1:housekeeper] DEBUG com.zaxxer.hikari.pool.HikariPool - HikariPool-1 - keepalive: connection com.mysql.cj.jdbc.ConnectionImpl@77a5233d is alive
2026-04-01 09:45:55 [HikariPool-1:housekeeper] DEBUG com.zaxxer.hikari.pool.HikariPool - HikariPool-1 - keepalive: connection com.mysql.cj.jdbc.ConnectionImpl@3b547c06 is alive
2026-04-01 09:45:56 [HikariPool-1:housekeeper] DEBUG com.zaxxer.hikari.pool.HikariPool - HikariPool-1 - Pool stats (total=20/20, idle=20/20, active=0, waiting=0)
2026-04-01 09:45:56 [HikariPool-1:housekeeper] DEBUG com.zaxxer.hikari.pool.HikariPool - HikariPool-1 - Fill pool skipped, pool has sufficient level or currently being filled.
2026-04-01 09:45:57 [HikariPool-1:housekeeper] DEBUG com.zaxxer.hikari.pool.HikariPool - HikariPool-1 - keepalive: connection com.mysql.cj.jdbc.ConnectionImpl@70e0b50e is alive
2026-04-01 09:45:58 [HikariPool-1:housekeeper] DEBUG com.zaxxer.hikari.pool.HikariPool - HikariPool-1 - keepalive: connection com.mysql.cj.jdbc.ConnectionImpl@10222500 is alive
2026-04-01 09:45:59 [HikariPool-1:housekeeper] DEBUG com.zaxxer.hikari.pool.HikariPool - HikariPool-1 - keepalive: connection com.mysql.cj.jdbc.ConnectionImpl@1b4d2d3f is alive
2026-04-01 09:46:08 [HikariPool-1:housekeeper] DEBUG com.zaxxer.hikari.pool.HikariPool - HikariPool-1 - keepalive: connection com.mysql.cj.jdbc.ConnectionImpl@2ec40b5b is alive
2026-04-01 09:46:09 [HikariPool-1:housekeeper] DEBUG com.zaxxer.hikari.pool.HikariPool - HikariPool-1 - keepalive: connection com.mysql.cj.jdbc.ConnectionImpl@323307a4 is alive
2026-04-01 09:46:15 [HikariPool-1:housekeeper] DEBUG com.zaxxer.hikari.pool.HikariPool - HikariPool-1 - keepalive: connection com.mysql.cj.jdbc.ConnectionImpl@7e1f3243 is alive
2026-04-01 09:46:23 [HikariPool-1:housekeeper] DEBUG com.zaxxer.hikari.pool.HikariPool - HikariPool-1 - keepalive: connection com.mysql.cj.jdbc.ConnectionImpl@76478b8 is alive
2026-04-01 09:46:26 [HikariPool-1:housekeeper] DEBUG com.zaxxer.hikari.pool.HikariPool - HikariPool-1 - Pool stats (total=20/20, idle=20/20, active=0, waiting=0)
2026-04-01 09:46:26 [HikariPool-1:housekeeper] DEBUG com.zaxxer.hikari.pool.HikariPool - HikariPool-1 - Fill pool skipped, pool has sufficient level or currently being filled.
2026-04-01 09:46:28 [HikariPool-1:connection-closer] DEBUG com.zaxxer.hikari.pool.PoolBase - HikariPool-1 - Closing connection com.mysql.cj.jdbc.ConnectionImpl@70e0b50e: (connection has passed maxLifetime)
2026-04-01 09:46:28 [HikariPool-1:connection-adder] DEBUG com.zaxxer.hikari.pool.PoolBase - HikariPool-1 - Attempting to create/setup new connection (17aae3fc-d76e-421c-97bf-c5ef5a29628d)
2026-04-01 09:46:28 [HikariPool-1:connection-adder] DEBUG com.zaxxer.hikari.pool.PoolBase - HikariPool-1 - Established new connection (17aae3fc-d76e-421c-97bf-c5ef5a29628d)
2026-04-01 09:46:28 [HikariPool-1:connection-adder] DEBUG com.zaxxer.hikari.pool.HikariPool - HikariPool-1 - Added connection com.mysql.cj.jdbc.ConnectionImpl@20d01efd
2026-04-01 09:46:31 [HikariPool-1:housekeeper] DEBUG com.zaxxer.hikari.pool.HikariPool - HikariPool-1 - keepalive: connection com.mysql.cj.jdbc.ConnectionImpl@4f4dea63 is alive
2026-04-01 09:46:34 [HikariPool-1:housekeeper] DEBUG com.zaxxer.hikari.pool.HikariPool - HikariPool-1 - keepalive: connection com.mysql.cj.jdbc.ConnectionImpl@28754fc9 is alive
2026-04-01 09:46:34 [HikariPool-1:housekeeper] DEBUG com.zaxxer.hikari.pool.HikariPool - HikariPool-1 - keepalive: connection com.mysql.cj.jdbc.ConnectionImpl@3fa48625 is alive
2026-04-01 09:46:36 [HikariPool-1:housekeeper] DEBUG com.zaxxer.hikari.pool.HikariPool - HikariPool-1 - keepalive: connection com.mysql.cj.jdbc.ConnectionImpl@5c8a0375 is alive
2026-04-01 09:46:46 [HikariPool-1:housekeeper] DEBUG com.zaxxer.hikari.pool.HikariPool - HikariPool-1 - keepalive: connection com.mysql.cj.jdbc.ConnectionImpl@60a7146d is alive
2026-04-01 09:46:51 [HikariPool-1:housekeeper] DEBUG com.zaxxer.hikari.pool.HikariPool - HikariPool-1 - keepalive: connection com.mysql.cj.jdbc.ConnectionImpl@20d7749c is alive
2026-04-01 09:46:52 [HikariPool-1:housekeeper] DEBUG com.zaxxer.hikari.pool.HikariPool - HikariPool-1 - keepalive: connection com.mysql.cj.jdbc.ConnectionImpl@3fa12a49 is alive
2026-04-01 09:46:56 [HikariPool-1:housekeeper] DEBUG com.zaxxer.hikari.pool.HikariPool - HikariPool-1 - Pool stats (total=20/20, idle=20/20, active=0, waiting=0)
2026-04-01 09:46:56 [HikariPool-1:housekeeper] DEBUG com.zaxxer.hikari.pool.HikariPool - HikariPool-1 - Fill pool skipped, pool has sufficient level or currently being filled.
2026-04-01 09:46:56 [HikariPool-1:housekeeper] DEBUG com.zaxxer.hikari.pool.HikariPool - HikariPool-1 - keepalive: connection com.mysql.cj.jdbc.ConnectionImpl@59e04260 is alive
2026-04-01 09:47:08 [HikariPool-1:housekeeper] DEBUG com.zaxxer.hikari.pool.HikariPool - HikariPool-1 - keepalive: connection com.mysql.cj.jdbc.ConnectionImpl@cff5ca2 is alive
2026-04-01 09:47:15 [HikariPool-1:housekeeper] DEBUG com.zaxxer.hikari.pool.HikariPool - HikariPool-1 - keepalive: connection com.mysql.cj.jdbc.ConnectionImpl@5ebc974e is alive
2026-04-01 09:47:17 [HikariPool-1:housekeeper] DEBUG com.zaxxer.hikari.pool.HikariPool - HikariPool-1 - keepalive: connection com.mysql.cj.jdbc.ConnectionImpl@7a69763d is alive
2026-04-01 09:47:26 [HikariPool-1:connection-closer] DEBUG com.zaxxer.hikari.pool.PoolBase - HikariPool-1 - Closing connection com.mysql.cj.jdbc.ConnectionImpl@3fa12a49: (connection has passed maxLifetime)
2026-04-01 09:47:26 [HikariPool-1:connection-adder] DEBUG com.zaxxer.hikari.pool.PoolBase - HikariPool-1 - Attempting to create/setup new connection (f564f5bb-9cb4-42b3-ba18-51cada3b0adb)
2026-04-01 09:47:26 [HikariPool-1:connection-adder] DEBUG com.zaxxer.hikari.pool.PoolBase - HikariPool-1 - Established new connection (f564f5bb-9cb4-42b3-ba18-51cada3b0adb)
2026-04-01 09:47:26 [HikariPool-1:connection-adder] DEBUG com.zaxxer.hikari.pool.HikariPool - HikariPool-1 - Added connection com.mysql.cj.jdbc.ConnectionImpl@7e444675
2026-04-01 09:47:26 [HikariPool-1:housekeeper] DEBUG com.zaxxer.hikari.pool.HikariPool - HikariPool-1 - Pool stats (total=20/20, idle=20/20, active=0, waiting=0)
2026-04-01 09:47:26 [HikariPool-1:housekeeper] DEBUG com.zaxxer.hikari.pool.HikariPool - HikariPool-1 - Fill pool skipped, pool has sufficient level or currently being filled.
2026-04-01 09:47:30 [HikariPool-1:connection-closer] DEBUG com.zaxxer.hikari.pool.PoolBase - HikariPool-1 - Closing connection com.mysql.cj.jdbc.ConnectionImpl@77a5233d: (connection has passed maxLifetime)
2026-04-01 09:47:30 [HikariPool-1:connection-adder] DEBUG com.zaxxer.hikari.pool.PoolBase - HikariPool-1 - Attempting to create/setup new connection (fe8748ea-149f-4419-ba73-f1bdd1fc49e7)
2026-04-01 09:47:30 [HikariPool-1:connection-adder] DEBUG com.zaxxer.hikari.pool.PoolBase - HikariPool-1 - Established new connection (fe8748ea-149f-4419-ba73-f1bdd1fc49e7)
2026-04-01 09:47:30 [HikariPool-1:connection-adder] DEBUG com.zaxxer.hikari.pool.HikariPool - HikariPool-1 - Added connection com.mysql.cj.jdbc.ConnectionImpl@3f794c4e
2026-04-01 09:47:41 [HikariPool-1:housekeeper] DEBUG com.zaxxer.hikari.pool.HikariPool - HikariPool-1 - keepalive: connection com.mysql.cj.jdbc.ConnectionImpl@1b4d2d3f is alive
2026-04-01 09:47:44 [HikariPool-1:housekeeper] DEBUG com.zaxxer.hikari.pool.HikariPool - HikariPool-1 - keepalive: connection com.mysql.cj.jdbc.ConnectionImpl@10222500 is alive
2026-04-01 09:47:45 [HikariPool-1:housekeeper] DEBUG com.zaxxer.hikari.pool.HikariPool - HikariPool-1 - keepalive: connection com.mysql.cj.jdbc.ConnectionImpl@3b547c06 is alive
2026-04-01 09:47:55 [HikariPool-1:housekeeper] DEBUG com.zaxxer.hikari.pool.HikariPool - HikariPool-1 - keepalive: connection com.mysql.cj.jdbc.ConnectionImpl@323307a4 is alive
2026-04-01 09:47:56 [HikariPool-1:housekeeper] DEBUG com.zaxxer.hikari.pool.HikariPool - HikariPool-1 - Pool stats (total=20/20, idle=20/20, active=0, waiting=0)
2026-04-01 09:47:56 [HikariPool-1:housekeeper] DEBUG com.zaxxer.hikari.pool.HikariPool - HikariPool-1 - Fill pool skipped, pool has sufficient level or currently being filled.
2026-04-01 09:47:58 [HikariPool-1:housekeeper] DEBUG com.zaxxer.hikari.pool.HikariPool - HikariPool-1 - keepalive: connection com.mysql.cj.jdbc.ConnectionImpl@7e1f3243 is alive
2026-04-01 09:48:07 [HikariPool-1:connection-closer] DEBUG com.zaxxer.hikari.pool.PoolBase - HikariPool-1 - Closing connection com.mysql.cj.jdbc.ConnectionImpl@2ec40b5b: (connection has passed maxLifetime)
2026-04-01 09:48:07 [HikariPool-1:connection-adder] DEBUG com.zaxxer.hikari.pool.PoolBase - HikariPool-1 - Attempting to create/setup new connection (91d82281-6268-44d3-ba61-4b944f151597)
2026-04-01 09:48:07 [HikariPool-1:connection-adder] DEBUG com.zaxxer.hikari.pool.PoolBase - HikariPool-1 - Established new connection (91d82281-6268-44d3-ba61-4b944f151597)
2026-04-01 09:48:07 [HikariPool-1:connection-adder] DEBUG com.zaxxer.hikari.pool.HikariPool - HikariPool-1 - Added connection com.mysql.cj.jdbc.ConnectionImpl@290938b8
2026-04-01 09:48:13 [HikariPool-1:connection-closer] DEBUG com.zaxxer.hikari.pool.PoolBase - HikariPool-1 - Closing connection com.mysql.cj.jdbc.ConnectionImpl@4f4dea63: (connection has passed maxLifetime)
2026-04-01 09:48:13 [HikariPool-1:connection-adder] DEBUG com.zaxxer.hikari.pool.PoolBase - HikariPool-1 - Attempting to create/setup new connection (4307c94d-8516-46d6-bec2-4f61cf94e63e)
2026-04-01 09:48:13 [HikariPool-1:connection-adder] DEBUG com.zaxxer.hikari.pool.PoolBase - HikariPool-1 - Established new connection (4307c94d-8516-46d6-bec2-4f61cf94e63e)
2026-04-01 09:48:13 [HikariPool-1:connection-adder] DEBUG com.zaxxer.hikari.pool.HikariPool - HikariPool-1 - Added connection com.mysql.cj.jdbc.ConnectionImpl@2c0842b4
2026-04-01 09:48:14 [HikariPool-1:housekeeper] DEBUG com.zaxxer.hikari.pool.HikariPool - HikariPool-1 - keepalive: connection com.mysql.cj.jdbc.ConnectionImpl@28754fc9 is alive
2026-04-01 09:48:16 [HikariPool-1:housekeeper] DEBUG com.zaxxer.hikari.pool.HikariPool - HikariPool-1 - keepalive: connection com.mysql.cj.jdbc.ConnectionImpl@76478b8 is alive
2026-04-01 09:48:19 [HikariPool-1:housekeeper] DEBUG com.zaxxer.hikari.pool.HikariPool - HikariPool-1 - keepalive: connection com.mysql.cj.jdbc.ConnectionImpl@20d01efd is alive
2026-04-01 09:48:25 [HikariPool-1:housekeeper] DEBUG com.zaxxer.hikari.pool.HikariPool - HikariPool-1 - keepalive: connection com.mysql.cj.jdbc.ConnectionImpl@60a7146d is alive
2026-04-01 09:48:26 [HikariPool-1:housekeeper] DEBUG com.zaxxer.hikari.pool.HikariPool - HikariPool-1 - keepalive: connection com.mysql.cj.jdbc.ConnectionImpl@5c8a0375 is alive
2026-04-01 09:48:26 [HikariPool-1:housekeeper] DEBUG com.zaxxer.hikari.pool.HikariPool - HikariPool-1 - Pool stats (total=20/20, idle=20/20, active=0, waiting=0)
2026-04-01 09:48:26 [HikariPool-1:housekeeper] DEBUG com.zaxxer.hikari.pool.HikariPool - HikariPool-1 - Fill pool skipped, pool has sufficient level or currently being filled.
2026-04-01 09:48:29 [HikariPool-1:housekeeper] DEBUG com.zaxxer.hikari.pool.HikariPool - HikariPool-1 - keepalive: connection com.mysql.cj.jdbc.ConnectionImpl@3fa48625 is alive
2026-04-01 09:48:35 [HikariPool-1:housekeeper] DEBUG com.zaxxer.hikari.pool.HikariPool - HikariPool-1 - keepalive: connection com.mysql.cj.jdbc.ConnectionImpl@20d7749c is alive
2026-04-01 09:48:40 [HikariPool-1:connection-closer] DEBUG com.zaxxer.hikari.pool.PoolBase - HikariPool-1 - Closing connection com.mysql.cj.jdbc.ConnectionImpl@60a7146d: (connection has passed maxLifetime)
2026-04-01 09:48:40 [HikariPool-1:connection-adder] DEBUG com.zaxxer.hikari.pool.PoolBase - HikariPool-1 - Attempting to create/setup new connection (787b3b17-e84c-4aea-9f15-c27dd1e378bc)
2026-04-01 09:48:40 [HikariPool-1:connection-adder] DEBUG com.zaxxer.hikari.pool.PoolBase - HikariPool-1 - Established new connection (787b3b17-e84c-4aea-9f15-c27dd1e378bc)
2026-04-01 09:48:40 [HikariPool-1:connection-adder] DEBUG com.zaxxer.hikari.pool.HikariPool - HikariPool-1 - Added connection com.mysql.cj.jdbc.ConnectionImpl@1bb24043
2026-04-01 09:48:44 [HikariPool-1:connection-closer] DEBUG com.zaxxer.hikari.pool.PoolBase - HikariPool-1 - Closing connection com.mysql.cj.jdbc.ConnectionImpl@10222500: (connection has passed maxLifetime)
2026-04-01 09:48:44 [HikariPool-1:connection-adder] DEBUG com.zaxxer.hikari.pool.PoolBase - HikariPool-1 - Attempting to create/setup new connection (dacef0da-58a9-42ab-a0b5-ed787ad38b71)
2026-04-01 09:48:44 [HikariPool-1:connection-adder] DEBUG com.zaxxer.hikari.pool.PoolBase - HikariPool-1 - Established new connection (dacef0da-58a9-42ab-a0b5-ed787ad38b71)
2026-04-01 09:48:44 [HikariPool-1:connection-adder] DEBUG com.zaxxer.hikari.pool.HikariPool - HikariPool-1 - Added connection com.mysql.cj.jdbc.ConnectionImpl@5a8f4a78
2026-04-01 09:48:45 [HikariPool-1:housekeeper] DEBUG com.zaxxer.hikari.pool.HikariPool - HikariPool-1 - keepalive: connection com.mysql.cj.jdbc.ConnectionImpl@cff5ca2 is alive
2026-04-01 09:48:49 [HikariPool-1:housekeeper] DEBUG com.zaxxer.hikari.pool.HikariPool - HikariPool-1 - keepalive: connection com.mysql.cj.jdbc.ConnectionImpl@59e04260 is alive
2026-04-01 09:48:56 [HikariPool-1:housekeeper] DEBUG com.zaxxer.hikari.pool.HikariPool - HikariPool-1 - Pool stats (total=20/20, idle=20/20, active=0, waiting=0)
2026-04-01 09:48:56 [HikariPool-1:housekeeper] DEBUG com.zaxxer.hikari.pool.HikariPool - HikariPool-1 - Fill pool skipped, pool has sufficient level or currently being filled.
2026-04-01 09:48:59 [HikariPool-1:connection-closer] DEBUG com.zaxxer.hikari.pool.PoolBase - HikariPool-1 - Closing connection com.mysql.cj.jdbc.ConnectionImpl@76478b8: (connection has passed maxLifetime)
2026-04-01 09:48:59 [HikariPool-1:connection-adder] DEBUG com.zaxxer.hikari.pool.PoolBase - HikariPool-1 - Attempting to create/setup new connection (43bc991d-2e76-4e0e-9801-c56cd62f899a)
2026-04-01 09:48:59 [HikariPool-1:connection-adder] DEBUG com.zaxxer.hikari.pool.PoolBase - HikariPool-1 - Established new connection (43bc991d-2e76-4e0e-9801-c56cd62f899a)
2026-04-01 09:48:59 [HikariPool-1:connection-adder] DEBUG com.zaxxer.hikari.pool.HikariPool - HikariPool-1 - Added connection com.mysql.cj.jdbc.ConnectionImpl@18c382b0
2026-04-01 09:49:01 [HikariPool-1:connection-closer] DEBUG com.zaxxer.hikari.pool.PoolBase - HikariPool-1 - Closing connection com.mysql.cj.jdbc.ConnectionImpl@5c8a0375: (connection has passed maxLifetime)
2026-04-01 09:49:01 [HikariPool-1:connection-adder] DEBUG com.zaxxer.hikari.pool.PoolBase - HikariPool-1 - Attempting to create/setup new connection (8685d78f-3083-4549-85b6-ad46d167ba39)
2026-04-01 09:49:01 [HikariPool-1:connection-adder] DEBUG com.zaxxer.hikari.pool.PoolBase - HikariPool-1 - Established new connection (8685d78f-3083-4549-85b6-ad46d167ba39)
2026-04-01 09:49:01 [HikariPool-1:connection-adder] DEBUG com.zaxxer.hikari.pool.HikariPool - HikariPool-1 - Added connection com.mysql.cj.jdbc.ConnectionImpl@59fe888b
2026-04-01 09:49:03 [HikariPool-1:housekeeper] DEBUG com.zaxxer.hikari.pool.HikariPool - HikariPool-1 - keepalive: connection com.mysql.cj.jdbc.ConnectionImpl@5ebc974e is alive
2026-04-01 09:49:06 [HikariPool-1:housekeeper] DEBUG com.zaxxer.hikari.pool.HikariPool - HikariPool-1 - keepalive: connection com.mysql.cj.jdbc.ConnectionImpl@7a69763d is alive
2026-04-01 09:49:10 [HikariPool-1:housekeeper] DEBUG com.zaxxer.hikari.pool.HikariPool - HikariPool-1 - keepalive: connection com.mysql.cj.jdbc.ConnectionImpl@3f794c4e is alive
2026-04-01 09:49:14 [HikariPool-1:housekeeper] DEBUG com.zaxxer.hikari.pool.HikariPool - HikariPool-1 - keepalive: connection com.mysql.cj.jdbc.ConnectionImpl@7e444675 is alive
2026-04-01 09:49:23 [HikariPool-1:housekeeper] DEBUG com.zaxxer.hikari.pool.HikariPool - HikariPool-1 - keepalive: connection com.mysql.cj.jdbc.ConnectionImpl@1b4d2d3f is alive
2026-04-01 09:49:26 [HikariPool-1:housekeeper] DEBUG com.zaxxer.hikari.pool.HikariPool - HikariPool-1 - Pool stats (total=20/20, idle=20/20, active=0, waiting=0)
2026-04-01 09:49:26 [HikariPool-1:housekeeper] DEBUG com.zaxxer.hikari.pool.HikariPool - HikariPool-1 - Fill pool skipped, pool has sufficient level or currently being filled.
2026-04-01 09:49:36 [HikariPool-1:housekeeper] DEBUG com.zaxxer.hikari.pool.HikariPool - HikariPool-1 - keepalive: connection com.mysql.cj.jdbc.ConnectionImpl@3b547c06 is alive
2026-04-01 09:49:40 [HikariPool-1:housekeeper] DEBUG com.zaxxer.hikari.pool.HikariPool - HikariPool-1 - keepalive: connection com.mysql.cj.jdbc.ConnectionImpl@323307a4 is alive
2026-04-01 09:49:41 [HikariPool-1:housekeeper] DEBUG com.zaxxer.hikari.pool.HikariPool - HikariPool-1 - keepalive: connection com.mysql.cj.jdbc.ConnectionImpl@7e1f3243 is alive
2026-04-01 09:49:46 [HikariPool-1:connection-closer] DEBUG com.zaxxer.hikari.pool.PoolBase - HikariPool-1 - Closing connection com.mysql.cj.jdbc.ConnectionImpl@7a69763d: (connection has passed maxLifetime)
2026-04-01 09:49:46 [HikariPool-1:connection-adder] DEBUG com.zaxxer.hikari.pool.PoolBase - HikariPool-1 - Attempting to create/setup new connection (9d366d26-b939-44ab-8e68-193220910e6e)
2026-04-01 09:49:46 [HikariPool-1:connection-adder] DEBUG com.zaxxer.hikari.pool.PoolBase - HikariPool-1 - Established new connection (9d366d26-b939-44ab-8e68-193220910e6e)
2026-04-01 09:49:46 [HikariPool-1:connection-adder] DEBUG com.zaxxer.hikari.pool.HikariPool - HikariPool-1 - Added connection com.mysql.cj.jdbc.ConnectionImpl@6a4ea88d
2026-04-01 09:49:51 [HikariPool-1:housekeeper] DEBUG com.zaxxer.hikari.pool.HikariPool - HikariPool-1 - keepalive: connection com.mysql.cj.jdbc.ConnectionImpl@290938b8 is alive
2026-04-01 09:49:54 [HikariPool-1:housekeeper] DEBUG com.zaxxer.hikari.pool.HikariPool - HikariPool-1 - keepalive: connection com.mysql.cj.jdbc.ConnectionImpl@28754fc9 is alive
2026-04-01 09:49:56 [HikariPool-1:housekeeper] DEBUG com.zaxxer.hikari.pool.HikariPool - HikariPool-1 - Pool stats (total=20/20, idle=20/20, active=0, waiting=0)
2026-04-01 09:49:56 [HikariPool-1:housekeeper] DEBUG com.zaxxer.hikari.pool.HikariPool - HikariPool-1 - Fill pool skipped, pool has sufficient level or currently being filled.
2026-04-01 09:49:57 [HikariPool-1:connection-closer] DEBUG com.zaxxer.hikari.pool.PoolBase - HikariPool-1 - Closing connection com.mysql.cj.jdbc.ConnectionImpl@1b4d2d3f: (connection has passed maxLifetime)
2026-04-01 09:49:57 [HikariPool-1:connection-adder] DEBUG com.zaxxer.hikari.pool.PoolBase - HikariPool-1 - Attempting to create/setup new connection (1b20a63f-b755-4dca-9ed1-4ade4610f139)
2026-04-01 09:49:57 [HikariPool-1:connection-adder] DEBUG com.zaxxer.hikari.pool.PoolBase - HikariPool-1 - Established new connection (1b20a63f-b755-4dca-9ed1-4ade4610f139)
2026-04-01 09:49:57 [HikariPool-1:connection-adder] DEBUG com.zaxxer.hikari.pool.HikariPool - HikariPool-1 - Added connection com.mysql.cj.jdbc.ConnectionImpl@7cb4e8e0
2026-04-01 09:49:58 [HikariPool-1:housekeeper] DEBUG com.zaxxer.hikari.pool.HikariPool - HikariPool-1 - keepalive: connection com.mysql.cj.jdbc.ConnectionImpl@2c0842b4 is alive
2026-04-01 09:50:11 [HikariPool-1:housekeeper] DEBUG com.zaxxer.hikari.pool.HikariPool - HikariPool-1 - keepalive: connection com.mysql.cj.jdbc.ConnectionImpl@20d01efd is alive
2026-04-01 09:50:11 [HikariPool-1:connection-closer] DEBUG com.zaxxer.hikari.pool.PoolBase - HikariPool-1 - Closing connection com.mysql.cj.jdbc.ConnectionImpl@7e1f3243: (connection has passed maxLifetime)
2026-04-01 09:50:11 [HikariPool-1:connection-adder] DEBUG com.zaxxer.hikari.pool.PoolBase - HikariPool-1 - Attempting to create/setup new connection (aff96d55-76a3-4885-a25f-bcc78dff0fe7)
2026-04-01 09:50:11 [HikariPool-1:connection-adder] DEBUG com.zaxxer.hikari.pool.PoolBase - HikariPool-1 - Established new connection (aff96d55-76a3-4885-a25f-bcc78dff0fe7)
2026-04-01 09:50:11 [HikariPool-1:connection-adder] DEBUG com.zaxxer.hikari.pool.HikariPool - HikariPool-1 - Added connection com.mysql.cj.jdbc.ConnectionImpl@47e837fa
2026-04-01 09:50:19 [HikariPool-1:housekeeper] DEBUG com.zaxxer.hikari.pool.HikariPool - HikariPool-1 - keepalive: connection com.mysql.cj.jdbc.ConnectionImpl@1bb24043 is alive
2026-04-01 09:50:20 [HikariPool-1:housekeeper] DEBUG com.zaxxer.hikari.pool.HikariPool - HikariPool-1 - keepalive: connection com.mysql.cj.jdbc.ConnectionImpl@20d7749c is alive
2026-04-01 09:50:21 [HikariPool-1:housekeeper] DEBUG com.zaxxer.hikari.pool.HikariPool - HikariPool-1 - keepalive: connection com.mysql.cj.jdbc.ConnectionImpl@cff5ca2 is alive
2026-04-01 09:50:23 [HikariPool-1:housekeeper] DEBUG com.zaxxer.hikari.pool.HikariPool - HikariPool-1 - keepalive: connection com.mysql.cj.jdbc.ConnectionImpl@3fa48625 is alive
2026-04-01 09:50:26 [HikariPool-1:housekeeper] DEBUG com.zaxxer.hikari.pool.HikariPool - HikariPool-1 - Pool stats (total=20/20, idle=20/20, active=0, waiting=0)
2026-04-01 09:50:26 [HikariPool-1:housekeeper] DEBUG com.zaxxer.hikari.pool.HikariPool - HikariPool-1 - Fill pool skipped, pool has sufficient level or currently being filled.
2026-04-01 09:50:33 [HikariPool-1:housekeeper] DEBUG com.zaxxer.hikari.pool.HikariPool - HikariPool-1 - keepalive: connection com.mysql.cj.jdbc.ConnectionImpl@5a8f4a78 is alive
2026-04-01 09:50:37 [HikariPool-1:housekeeper] DEBUG com.zaxxer.hikari.pool.HikariPool - HikariPool-1 - keepalive: connection com.mysql.cj.jdbc.ConnectionImpl@18c382b0 is alive
2026-04-01 09:50:41 [HikariPool-1:housekeeper] DEBUG com.zaxxer.hikari.pool.HikariPool - HikariPool-1 - keepalive: connection com.mysql.cj.jdbc.ConnectionImpl@59e04260 is alive
2026-04-01 09:50:43 [HikariPool-1:housekeeper] DEBUG com.zaxxer.hikari.pool.HikariPool - HikariPool-1 - keepalive: connection com.mysql.cj.jdbc.ConnectionImpl@59fe888b is alive
2026-04-01 09:50:47 [HikariPool-1:connection-closer] DEBUG com.zaxxer.hikari.pool.PoolBase - HikariPool-1 - Closing connection com.mysql.cj.jdbc.ConnectionImpl@59e04260: (connection has passed maxLifetime)
2026-04-01 09:50:47 [HikariPool-1:connection-adder] DEBUG com.zaxxer.hikari.pool.PoolBase - HikariPool-1 - Attempting to create/setup new connection (8b57c7be-6598-456b-8688-e1b099385ffc)
2026-04-01 09:50:47 [HikariPool-1:connection-adder] DEBUG com.zaxxer.hikari.pool.PoolBase - HikariPool-1 - Established new connection (8b57c7be-6598-456b-8688-e1b099385ffc)
2026-04-01 09:50:47 [HikariPool-1:connection-adder] DEBUG com.zaxxer.hikari.pool.HikariPool - HikariPool-1 - Added connection com.mysql.cj.jdbc.ConnectionImpl@34426404
2026-04-01 09:50:50 [HikariPool-1:housekeeper] DEBUG com.zaxxer.hikari.pool.HikariPool - HikariPool-1 - keepalive: connection com.mysql.cj.jdbc.ConnectionImpl@3f794c4e is alive
2026-04-01 09:50:51 [HikariPool-1:housekeeper] DEBUG com.zaxxer.hikari.pool.HikariPool - HikariPool-1 - keepalive: connection com.mysql.cj.jdbc.ConnectionImpl@5ebc974e is alive
2026-04-01 09:50:56 [HikariPool-1:housekeeper] DEBUG com.zaxxer.hikari.pool.HikariPool - HikariPool-1 - Pool stats (total=20/20, idle=20/20, active=0, waiting=0)
2026-04-01 09:50:56 [HikariPool-1:housekeeper] DEBUG com.zaxxer.hikari.pool.HikariPool - HikariPool-1 - Fill pool skipped, pool has sufficient level or currently being filled.
2026-04-01 09:51:03 [HikariPool-1:housekeeper] DEBUG com.zaxxer.hikari.pool.HikariPool - HikariPool-1 - keepalive: connection com.mysql.cj.jdbc.ConnectionImpl@7e444675 is alive
2026-04-01 09:51:26 [HikariPool-1:housekeeper] DEBUG com.zaxxer.hikari.pool.HikariPool - HikariPool-1 - keepalive: connection com.mysql.cj.jdbc.ConnectionImpl@323307a4 is alive
2026-04-01 09:51:26 [HikariPool-1:housekeeper] DEBUG com.zaxxer.hikari.pool.HikariPool - HikariPool-1 - Pool stats (total=20/20, idle=20/20, active=0, waiting=0)
2026-04-01 09:51:26 [HikariPool-1:housekeeper] DEBUG com.zaxxer.hikari.pool.HikariPool - HikariPool-1 - Fill pool skipped, pool has sufficient level or currently being filled.
2026-04-01 09:51:27 [HikariPool-1:housekeeper] DEBUG com.zaxxer.hikari.pool.HikariPool - HikariPool-1 - keepalive: connection com.mysql.cj.jdbc.ConnectionImpl@3b547c06 is alive
2026-04-01 09:51:33 [HikariPool-1:housekeeper] DEBUG com.zaxxer.hikari.pool.HikariPool - HikariPool-1 - keepalive: connection com.mysql.cj.jdbc.ConnectionImpl@28754fc9 is alive
2026-04-01 09:51:35 [HikariPool-1:housekeeper] DEBUG com.zaxxer.hikari.pool.HikariPool - HikariPool-1 - keepalive: connection com.mysql.cj.jdbc.ConnectionImpl@290938b8 is alive
2026-04-01 09:51:35 [HikariPool-1:housekeeper] DEBUG com.zaxxer.hikari.pool.HikariPool - HikariPool-1 - keepalive: connection com.mysql.cj.jdbc.ConnectionImpl@6a4ea88d is alive
2026-04-01 09:51:40 [HikariPool-1:connection-closer] DEBUG com.zaxxer.hikari.pool.PoolBase - HikariPool-1 - Closing connection com.mysql.cj.jdbc.ConnectionImpl@3fa48625: (connection has passed maxLifetime)
2026-04-01 09:51:40 [HikariPool-1:connection-adder] DEBUG com.zaxxer.hikari.pool.PoolBase - HikariPool-1 - Attempting to create/setup new connection (33096b57-c867-4789-ab0e-6338b3aab7fb)
2026-04-01 09:51:40 [HikariPool-1:connection-adder] DEBUG com.zaxxer.hikari.pool.PoolBase - HikariPool-1 - Established new connection (33096b57-c867-4789-ab0e-6338b3aab7fb)
2026-04-01 09:51:40 [HikariPool-1:connection-adder] DEBUG com.zaxxer.hikari.pool.HikariPool - HikariPool-1 - Added connection com.mysql.cj.jdbc.ConnectionImpl@28e4de7e
2026-04-01 09:51:44 [HikariPool-1:housekeeper] DEBUG com.zaxxer.hikari.pool.HikariPool - HikariPool-1 - keepalive: connection com.mysql.cj.jdbc.ConnectionImpl@2c0842b4 is alive
2026-04-01 09:51:51 [HikariPool-1:housekeeper] DEBUG com.zaxxer.hikari.pool.HikariPool - HikariPool-1 - keepalive: connection com.mysql.cj.jdbc.ConnectionImpl@47e837fa is alive
2026-04-01 09:51:56 [HikariPool-1:housekeeper] DEBUG com.zaxxer.hikari.pool.HikariPool - HikariPool-1 - Pool stats (total=20/20, idle=20/20, active=0, waiting=0)
2026-04-01 09:51:56 [HikariPool-1:housekeeper] DEBUG com.zaxxer.hikari.pool.HikariPool - HikariPool-1 - Fill pool skipped, pool has sufficient level or currently being filled.
2026-04-01 09:51:56 [HikariPool-1:housekeeper] DEBUG com.zaxxer.hikari.pool.HikariPool - HikariPool-1 - keepalive: connection com.mysql.cj.jdbc.ConnectionImpl@7cb4e8e0 is alive
2026-04-01 09:51:58 [HikariPool-1:housekeeper] DEBUG com.zaxxer.hikari.pool.HikariPool - HikariPool-1 - keepalive: connection com.mysql.cj.jdbc.ConnectionImpl@cff5ca2 is alive
2026-04-01 09:51:58 [HikariPool-1:housekeeper] DEBUG com.zaxxer.hikari.pool.HikariPool - HikariPool-1 - keepalive: connection com.mysql.cj.jdbc.ConnectionImpl@1bb24043 is alive
2026-04-01 09:52:02 [HikariPool-1:housekeeper] DEBUG com.zaxxer.hikari.pool.HikariPool - HikariPool-1 - keepalive: connection com.mysql.cj.jdbc.ConnectionImpl@20d01efd is alive
2026-04-01 09:52:05 [HikariPool-1:housekeeper] DEBUG com.zaxxer.hikari.pool.HikariPool - HikariPool-1 - keepalive: connection com.mysql.cj.jdbc.ConnectionImpl@20d7749c is alive
2026-04-01 09:52:16 [HikariPool-1:housekeeper] DEBUG com.zaxxer.hikari.pool.HikariPool - HikariPool-1 - keepalive: connection com.mysql.cj.jdbc.ConnectionImpl@18c382b0 is alive
2026-04-01 09:52:21 [HikariPool-1:housekeeper] DEBUG com.zaxxer.hikari.pool.HikariPool - HikariPool-1 - keepalive: connection com.mysql.cj.jdbc.ConnectionImpl@5a8f4a78 is alive
2026-04-01 09:52:25 [HikariPool-1:housekeeper] DEBUG com.zaxxer.hikari.pool.HikariPool - HikariPool-1 - keepalive: connection com.mysql.cj.jdbc.ConnectionImpl@59fe888b is alive
2026-04-01 09:52:26 [HikariPool-1:housekeeper] DEBUG com.zaxxer.hikari.pool.HikariPool - HikariPool-1 - Pool stats (total=20/20, idle=20/20, active=0, waiting=0)
2026-04-01 09:52:26 [HikariPool-1:housekeeper] DEBUG com.zaxxer.hikari.pool.HikariPool - HikariPool-1 - Fill pool skipped, pool has sufficient level or currently being filled.
2026-04-01 09:52:30 [HikariPool-1:housekeeper] DEBUG com.zaxxer.hikari.pool.HikariPool - HikariPool-1 - keepalive: connection com.mysql.cj.jdbc.ConnectionImpl@3f794c4e is alive
2026-04-01 09:52:39 [HikariPool-1:housekeeper] DEBUG com.zaxxer.hikari.pool.HikariPool - HikariPool-1 - keepalive: connection com.mysql.cj.jdbc.ConnectionImpl@5ebc974e is alive
2026-04-01 09:52:42 [HikariPool-1:housekeeper] DEBUG com.zaxxer.hikari.pool.HikariPool - HikariPool-1 - keepalive: connection com.mysql.cj.jdbc.ConnectionImpl@34426404 is alive
2026-04-01 09:52:44 [HikariPool-1:connection-closer] DEBUG com.zaxxer.hikari.pool.PoolBase - HikariPool-1 - Closing connection com.mysql.cj.jdbc.ConnectionImpl@3b547c06: (connection has passed maxLifetime)
2026-04-01 09:52:44 [HikariPool-1:connection-adder] DEBUG com.zaxxer.hikari.pool.PoolBase - HikariPool-1 - Attempting to create/setup new connection (96401c0c-4178-45e4-938b-ad302336fb3d)
2026-04-01 09:52:44 [HikariPool-1:connection-adder] DEBUG com.zaxxer.hikari.pool.PoolBase - HikariPool-1 - Established new connection (96401c0c-4178-45e4-938b-ad302336fb3d)
2026-04-01 09:52:44 [HikariPool-1:connection-adder] DEBUG com.zaxxer.hikari.pool.HikariPool - HikariPool-1 - Added connection com.mysql.cj.jdbc.ConnectionImpl@73d853e6
2026-04-01 09:52:51 [HikariPool-1:housekeeper] DEBUG com.zaxxer.hikari.pool.HikariPool - HikariPool-1 - keepalive: connection com.mysql.cj.jdbc.ConnectionImpl@7e444675 is alive
2026-04-01 09:52:56 [HikariPool-1:housekeeper] DEBUG com.zaxxer.hikari.pool.HikariPool - HikariPool-1 - Pool stats (total=20/20, idle=20/20, active=0, waiting=0)
2026-04-01 09:52:56 [HikariPool-1:housekeeper] DEBUG com.zaxxer.hikari.pool.HikariPool - HikariPool-1 - Fill pool skipped, pool has sufficient level or currently being filled.
2026-04-01 09:53:09 [HikariPool-1:connection-closer] DEBUG com.zaxxer.hikari.pool.PoolBase - HikariPool-1 - Closing connection com.mysql.cj.jdbc.ConnectionImpl@28754fc9: (connection has passed maxLifetime)
2026-04-01 09:53:09 [HikariPool-1:connection-adder] DEBUG com.zaxxer.hikari.pool.PoolBase - HikariPool-1 - Attempting to create/setup new connection (ed5def38-493f-44db-bf5d-91e41d8a3eb6)
2026-04-01 09:53:09 [HikariPool-1:connection-adder] DEBUG com.zaxxer.hikari.pool.PoolBase - HikariPool-1 - Established new connection (ed5def38-493f-44db-bf5d-91e41d8a3eb6)
2026-04-01 09:53:09 [HikariPool-1:connection-adder] DEBUG com.zaxxer.hikari.pool.HikariPool - HikariPool-1 - Added connection com.mysql.cj.jdbc.ConnectionImpl@2ae3b697
2026-04-01 09:53:11 [HikariPool-1:housekeeper] DEBUG com.zaxxer.hikari.pool.HikariPool - HikariPool-1 - keepalive: connection com.mysql.cj.jdbc.ConnectionImpl@323307a4 is alive
2026-04-01 09:53:19 [HikariPool-1:housekeeper] DEBUG com.zaxxer.hikari.pool.HikariPool - HikariPool-1 - keepalive: connection com.mysql.cj.jdbc.ConnectionImpl@290938b8 is alive
2026-04-01 09:53:25 [HikariPool-1:housekeeper] DEBUG com.zaxxer.hikari.pool.HikariPool - HikariPool-1 - keepalive: connection com.mysql.cj.jdbc.ConnectionImpl@6a4ea88d is alive
2026-04-01 09:53:26 [HikariPool-1:housekeeper] DEBUG com.zaxxer.hikari.pool.HikariPool - HikariPool-1 - Pool stats (total=20/20, idle=20/20, active=0, waiting=0)
2026-04-01 09:53:26 [HikariPool-1:housekeeper] DEBUG com.zaxxer.hikari.pool.HikariPool - HikariPool-1 - Fill pool skipped, pool has sufficient level or currently being filled.
2026-04-01 09:53:30 [HikariPool-1:housekeeper] DEBUG com.zaxxer.hikari.pool.HikariPool - HikariPool-1 - keepalive: connection com.mysql.cj.jdbc.ConnectionImpl@2c0842b4 is alive
2026-04-01 09:53:31 [HikariPool-1:housekeeper] DEBUG com.zaxxer.hikari.pool.HikariPool - HikariPool-1 - keepalive: connection com.mysql.cj.jdbc.ConnectionImpl@47e837fa is alive
2026-04-01 09:53:34 [HikariPool-1:housekeeper] DEBUG com.zaxxer.hikari.pool.HikariPool - HikariPool-1 - keepalive: connection com.mysql.cj.jdbc.ConnectionImpl@cff5ca2 is alive
2026-04-01 09:53:34 [HikariPool-1:housekeeper] DEBUG com.zaxxer.hikari.pool.HikariPool - HikariPool-1 - keepalive: connection com.mysql.cj.jdbc.ConnectionImpl@28e4de7e is alive
2026-04-01 09:53:37 [HikariPool-1:housekeeper] DEBUG com.zaxxer.hikari.pool.HikariPool - HikariPool-1 - keepalive: connection com.mysql.cj.jdbc.ConnectionImpl@1bb24043 is alive
2026-04-01 09:53:50 [HikariPool-1:housekeeper] DEBUG com.zaxxer.hikari.pool.HikariPool - HikariPool-1 - keepalive: connection com.mysql.cj.jdbc.ConnectionImpl@20d7749c is alive
2026-04-01 09:53:53 [HikariPool-1:housekeeper] DEBUG com.zaxxer.hikari.pool.HikariPool - HikariPool-1 - keepalive: connection com.mysql.cj.jdbc.ConnectionImpl@20d01efd is alive
2026-04-01 09:53:54 [HikariPool-1:housekeeper] DEBUG com.zaxxer.hikari.pool.HikariPool - HikariPool-1 - keepalive: connection com.mysql.cj.jdbc.ConnectionImpl@18c382b0 is alive
2026-04-01 09:53:56 [HikariPool-1:housekeeper] DEBUG com.zaxxer.hikari.pool.HikariPool - HikariPool-1 - keepalive: connection com.mysql.cj.jdbc.ConnectionImpl@7cb4e8e0 is alive
2026-04-01 09:53:56 [HikariPool-1:housekeeper] DEBUG com.zaxxer.hikari.pool.HikariPool - HikariPool-1 - Pool stats (total=20/20, idle=20/20, active=0, waiting=0)
2026-04-01 09:53:56 [HikariPool-1:housekeeper] DEBUG com.zaxxer.hikari.pool.HikariPool - HikariPool-1 - Fill pool skipped, pool has sufficient level or currently being filled.
2026-04-01 09:54:06 [HikariPool-1:housekeeper] DEBUG com.zaxxer.hikari.pool.HikariPool - HikariPool-1 - keepalive: connection com.mysql.cj.jdbc.ConnectionImpl@59fe888b is alive
2026-04-01 09:54:09 [HikariPool-1:housekeeper] DEBUG com.zaxxer.hikari.pool.HikariPool - HikariPool-1 - keepalive: connection com.mysql.cj.jdbc.ConnectionImpl@5a8f4a78 is alive
2026-04-01 09:54:11 [HikariPool-1:housekeeper] DEBUG com.zaxxer.hikari.pool.HikariPool - HikariPool-1 - keepalive: connection com.mysql.cj.jdbc.ConnectionImpl@3f794c4e is alive
2026-04-01 09:54:26 [HikariPool-1:housekeeper] DEBUG com.zaxxer.hikari.pool.HikariPool - HikariPool-1 - Pool stats (total=20/20, idle=20/20, active=0, waiting=0)
2026-04-01 09:54:26 [HikariPool-1:housekeeper] DEBUG com.zaxxer.hikari.pool.HikariPool - HikariPool-1 - Fill pool skipped, pool has sufficient level or currently being filled.
2026-04-01 09:54:27 [HikariPool-1:housekeeper] DEBUG com.zaxxer.hikari.pool.HikariPool - HikariPool-1 - keepalive: connection com.mysql.cj.jdbc.ConnectionImpl@5ebc974e is alive
2026-04-01 09:54:37 [HikariPool-1:housekeeper] DEBUG com.zaxxer.hikari.pool.HikariPool - HikariPool-1 - keepalive: connection com.mysql.cj.jdbc.ConnectionImpl@34426404 is alive
2026-04-01 09:54:40 [HikariPool-1:housekeeper] DEBUG com.zaxxer.hikari.pool.HikariPool - HikariPool-1 - keepalive: connection com.mysql.cj.jdbc.ConnectionImpl@7e444675 is alive
2026-04-01 09:54:42 [HikariPool-1:housekeeper] DEBUG com.zaxxer.hikari.pool.HikariPool - HikariPool-1 - keepalive: connection com.mysql.cj.jdbc.ConnectionImpl@73d853e6 is alive
2026-04-01 09:54:51 [HikariPool-1:housekeeper] DEBUG com.zaxxer.hikari.pool.HikariPool - HikariPool-1 - keepalive: connection com.mysql.cj.jdbc.ConnectionImpl@2ae3b697 is alive
2026-04-01 09:54:56 [HikariPool-1:housekeeper] DEBUG com.zaxxer.hikari.pool.HikariPool - HikariPool-1 - keepalive: connection com.mysql.cj.jdbc.ConnectionImpl@323307a4 is alive
2026-04-01 09:54:57 [HikariPool-1:housekeeper] DEBUG com.zaxxer.hikari.pool.HikariPool - HikariPool-1 - Pool stats (total=20/20, idle=20/20, active=0, waiting=0)
2026-04-01 09:54:57 [HikariPool-1:housekeeper] DEBUG com.zaxxer.hikari.pool.HikariPool - HikariPool-1 - Fill pool skipped, pool has sufficient level or currently being filled.
2026-04-01 09:55:03 [HikariPool-1:housekeeper] DEBUG com.zaxxer.hikari.pool.HikariPool - HikariPool-1 - keepalive: connection com.mysql.cj.jdbc.ConnectionImpl@290938b8 is alive
2026-04-01 09:55:11 [HikariPool-1:housekeeper] DEBUG com.zaxxer.hikari.pool.HikariPool - HikariPool-1 - keepalive: connection com.mysql.cj.jdbc.ConnectionImpl@47e837fa is alive
2026-04-01 09:55:11 [HikariPool-1:housekeeper] DEBUG com.zaxxer.hikari.pool.HikariPool - HikariPool-1 - keepalive: connection com.mysql.cj.jdbc.ConnectionImpl@cff5ca2 is alive
2026-04-01 09:55:14 [HikariPool-1:housekeeper] DEBUG com.zaxxer.hikari.pool.HikariPool - HikariPool-1 - keepalive: connection com.mysql.cj.jdbc.ConnectionImpl@6a4ea88d is alive
2026-04-01 09:55:15 [HikariPool-1:housekeeper] DEBUG com.zaxxer.hikari.pool.HikariPool - HikariPool-1 - keepalive: connection com.mysql.cj.jdbc.ConnectionImpl@2c0842b4 is alive
2026-04-01 09:55:16 [HikariPool-1:housekeeper] DEBUG com.zaxxer.hikari.pool.HikariPool - HikariPool-1 - keepalive: connection com.mysql.cj.jdbc.ConnectionImpl@1bb24043 is alive
2026-04-01 09:55:27 [HikariPool-1:housekeeper] DEBUG com.zaxxer.hikari.pool.HikariPool - HikariPool-1 - Pool stats (total=20/20, idle=20/20, active=0, waiting=0)
2026-04-01 09:55:27 [HikariPool-1:housekeeper] DEBUG com.zaxxer.hikari.pool.HikariPool - HikariPool-1 - Fill pool skipped, pool has sufficient level or currently being filled.
2026-04-01 09:55:29 [HikariPool-1:housekeeper] DEBUG com.zaxxer.hikari.pool.HikariPool - HikariPool-1 - keepalive: connection com.mysql.cj.jdbc.ConnectionImpl@28e4de7e is alive
2026-04-01 09:55:32 [HikariPool-1:housekeeper] DEBUG com.zaxxer.hikari.pool.HikariPool - HikariPool-1 - keepalive: connection com.mysql.cj.jdbc.ConnectionImpl@18c382b0 is alive
2026-04-01 09:55:34 [HikariPool-1:housekeeper] DEBUG com.zaxxer.hikari.pool.HikariPool - HikariPool-1 - keepalive: connection com.mysql.cj.jdbc.ConnectionImpl@20d7749c is alive
2026-04-01 09:55:45 [HikariPool-1:housekeeper] DEBUG com.zaxxer.hikari.pool.HikariPool - HikariPool-1 - keepalive: connection com.mysql.cj.jdbc.ConnectionImpl@20d01efd is alive
2026-04-01 09:55:48 [HikariPool-1:housekeeper] DEBUG com.zaxxer.hikari.pool.HikariPool - HikariPool-1 - keepalive: connection com.mysql.cj.jdbc.ConnectionImpl@59fe888b is alive
2026-04-01 09:55:51 [HikariPool-1:housekeeper] DEBUG com.zaxxer.hikari.pool.HikariPool - HikariPool-1 - keepalive: connection com.mysql.cj.jdbc.ConnectionImpl@3f794c4e is alive
2026-04-01 09:55:56 [HikariPool-1:housekeeper] DEBUG com.zaxxer.hikari.pool.HikariPool - HikariPool-1 - keepalive: connection com.mysql.cj.jdbc.ConnectionImpl@7cb4e8e0 is alive
2026-04-01 09:55:57 [HikariPool-1:housekeeper] DEBUG com.zaxxer.hikari.pool.HikariPool - HikariPool-1 - Pool stats (total=20/20, idle=20/20, active=0, waiting=0)
2026-04-01 09:55:57 [HikariPool-1:housekeeper] DEBUG com.zaxxer.hikari.pool.HikariPool - HikariPool-1 - Fill pool skipped, pool has sufficient level or currently being filled.
2026-04-01 09:55:57 [HikariPool-1:housekeeper] DEBUG com.zaxxer.hikari.pool.HikariPool - HikariPool-1 - keepalive: connection com.mysql.cj.jdbc.ConnectionImpl@5a8f4a78 is alive
2026-04-01 09:56:16 [HikariPool-1:housekeeper] DEBUG com.zaxxer.hikari.pool.HikariPool - HikariPool-1 - keepalive: connection com.mysql.cj.jdbc.ConnectionImpl@5ebc974e is alive
2026-04-01 09:56:27 [HikariPool-1:housekeeper] DEBUG com.zaxxer.hikari.pool.HikariPool - HikariPool-1 - Pool stats (total=20/20, idle=20/20, active=0, waiting=0)
2026-04-01 09:56:27 [HikariPool-1:housekeeper] DEBUG com.zaxxer.hikari.pool.HikariPool - HikariPool-1 - Fill pool skipped, pool has sufficient level or currently being filled.
2026-04-01 09:56:29 [HikariPool-1:housekeeper] DEBUG com.zaxxer.hikari.pool.HikariPool - HikariPool-1 - keepalive: connection com.mysql.cj.jdbc.ConnectionImpl@7e444675 is alive
2026-04-01 09:56:32 [HikariPool-1:housekeeper] DEBUG com.zaxxer.hikari.pool.HikariPool - HikariPool-1 - keepalive: connection com.mysql.cj.jdbc.ConnectionImpl@34426404 is alive
2026-04-01 09:56:32 [HikariPool-1:housekeeper] DEBUG com.zaxxer.hikari.pool.HikariPool - HikariPool-1 - keepalive: connection com.mysql.cj.jdbc.ConnectionImpl@2ae3b697 is alive
2026-04-01 09:56:40 [HikariPool-1:housekeeper] DEBUG com.zaxxer.hikari.pool.HikariPool - HikariPool-1 - keepalive: connection com.mysql.cj.jdbc.ConnectionImpl@73d853e6 is alive
2026-04-01 09:56:42 [HikariPool-1:housekeeper] DEBUG com.zaxxer.hikari.pool.HikariPool - HikariPool-1 - keepalive: connection com.mysql.cj.jdbc.ConnectionImpl@323307a4 is alive
2026-04-01 09:56:47 [HikariPool-1:housekeeper] DEBUG com.zaxxer.hikari.pool.HikariPool - HikariPool-1 - keepalive: connection com.mysql.cj.jdbc.ConnectionImpl@cff5ca2 is alive
2026-04-01 09:56:47 [HikariPool-1:housekeeper] DEBUG com.zaxxer.hikari.pool.HikariPool - HikariPool-1 - keepalive: connection com.mysql.cj.jdbc.ConnectionImpl@290938b8 is alive
2026-04-01 09:56:50 [HikariPool-1:housekeeper] DEBUG com.zaxxer.hikari.pool.HikariPool - HikariPool-1 - keepalive: connection com.mysql.cj.jdbc.ConnectionImpl@47e837fa is alive
2026-04-01 09:56:55 [HikariPool-1:housekeeper] DEBUG com.zaxxer.hikari.pool.HikariPool - HikariPool-1 - keepalive: connection com.mysql.cj.jdbc.ConnectionImpl@1bb24043 is alive
2026-04-01 09:56:57 [HikariPool-1:housekeeper] DEBUG com.zaxxer.hikari.pool.HikariPool - HikariPool-1 - Pool stats (total=20/20, idle=20/20, active=0, waiting=0)
2026-04-01 09:56:57 [HikariPool-1:housekeeper] DEBUG com.zaxxer.hikari.pool.HikariPool - HikariPool-1 - Fill pool skipped, pool has sufficient level or currently being filled.
2026-04-01 09:57:01 [HikariPool-1:housekeeper] DEBUG com.zaxxer.hikari.pool.HikariPool - HikariPool-1 - keepalive: connection com.mysql.cj.jdbc.ConnectionImpl@2c0842b4 is alive
2026-04-01 09:57:04 [HikariPool-1:housekeeper] DEBUG com.zaxxer.hikari.pool.HikariPool - HikariPool-1 - keepalive: connection com.mysql.cj.jdbc.ConnectionImpl@6a4ea88d is alive
2026-04-01 09:57:10 [HikariPool-1:housekeeper] DEBUG com.zaxxer.hikari.pool.HikariPool - HikariPool-1 - keepalive: connection com.mysql.cj.jdbc.ConnectionImpl@18c382b0 is alive
2026-04-01 09:57:19 [HikariPool-1:housekeeper] DEBUG com.zaxxer.hikari.pool.HikariPool - HikariPool-1 - keepalive: connection com.mysql.cj.jdbc.ConnectionImpl@20d7749c is alive
2026-04-01 09:57:24 [HikariPool-1:housekeeper] DEBUG com.zaxxer.hikari.pool.HikariPool - HikariPool-1 - keepalive: connection com.mysql.cj.jdbc.ConnectionImpl@28e4de7e is alive
2026-04-01 09:57:27 [HikariPool-1:housekeeper] DEBUG com.zaxxer.hikari.pool.HikariPool - HikariPool-1 - Pool stats (total=20/20, idle=20/20, active=0, waiting=0)
2026-04-01 09:57:27 [HikariPool-1:housekeeper] DEBUG com.zaxxer.hikari.pool.HikariPool - HikariPool-1 - Fill pool skipped, pool has sufficient level or currently being filled.
2026-04-01 09:57:30 [HikariPool-1:housekeeper] DEBUG com.zaxxer.hikari.pool.HikariPool - HikariPool-1 - keepalive: connection com.mysql.cj.jdbc.ConnectionImpl@59fe888b is alive
2026-04-01 09:57:31 [HikariPool-1:housekeeper] DEBUG com.zaxxer.hikari.pool.HikariPool - HikariPool-1 - keepalive: connection com.mysql.cj.jdbc.ConnectionImpl@3f794c4e is alive
2026-04-01 09:57:36 [HikariPool-1:housekeeper] DEBUG com.zaxxer.hikari.pool.HikariPool - HikariPool-1 - keepalive: connection com.mysql.cj.jdbc.ConnectionImpl@20d01efd is alive
2026-04-01 09:57:45 [HikariPool-1:housekeeper] DEBUG com.zaxxer.hikari.pool.HikariPool - HikariPool-1 - keepalive: connection com.mysql.cj.jdbc.ConnectionImpl@5a8f4a78 is alive
2026-04-01 09:57:56 [HikariPool-1:housekeeper] DEBUG com.zaxxer.hikari.pool.HikariPool - HikariPool-1 - keepalive: connection com.mysql.cj.jdbc.ConnectionImpl@7cb4e8e0 is alive
2026-04-01 09:57:57 [HikariPool-1:housekeeper] DEBUG com.zaxxer.hikari.pool.HikariPool - HikariPool-1 - Pool stats (total=20/20, idle=20/20, active=0, waiting=0)
2026-04-01 09:57:57 [HikariPool-1:housekeeper] DEBUG com.zaxxer.hikari.pool.HikariPool - HikariPool-1 - Fill pool skipped, pool has sufficient level or currently being filled.
2026-04-01 09:58:04 [HikariPool-1:housekeeper] DEBUG com.zaxxer.hikari.pool.HikariPool - HikariPool-1 - keepalive: connection com.mysql.cj.jdbc.ConnectionImpl@5ebc974e is alive
2026-04-01 09:58:14 [HikariPool-1:housekeeper] DEBUG com.zaxxer.hikari.pool.HikariPool - HikariPool-1 - keepalive: connection com.mysql.cj.jdbc.ConnectionImpl@2ae3b697 is alive
2026-04-01 09:58:17 [HikariPool-1:housekeeper] DEBUG com.zaxxer.hikari.pool.HikariPool - HikariPool-1 - keepalive: connection com.mysql.cj.jdbc.ConnectionImpl@7e444675 is alive
2026-04-01 09:58:24 [HikariPool-1:housekeeper] DEBUG com.zaxxer.hikari.pool.HikariPool - HikariPool-1 - keepalive: connection com.mysql.cj.jdbc.ConnectionImpl@cff5ca2 is alive
2026-04-01 09:58:26 [HikariPool-1:housekeeper] DEBUG com.zaxxer.hikari.pool.HikariPool - HikariPool-1 - keepalive: connection com.mysql.cj.jdbc.ConnectionImpl@34426404 is alive
2026-04-01 09:58:27 [HikariPool-1:housekeeper] DEBUG com.zaxxer.hikari.pool.HikariPool - HikariPool-1 - Pool stats (total=20/20, idle=20/20, active=0, waiting=0)
2026-04-01 09:58:27 [HikariPool-1:housekeeper] DEBUG com.zaxxer.hikari.pool.HikariPool - HikariPool-1 - Fill pool skipped, pool has sufficient level or currently being filled.
2026-04-01 09:58:27 [HikariPool-1:housekeeper] DEBUG com.zaxxer.hikari.pool.HikariPool - HikariPool-1 - keepalive: connection com.mysql.cj.jdbc.ConnectionImpl@323307a4 is alive
2026-04-01 09:58:30 [HikariPool-1:housekeeper] DEBUG com.zaxxer.hikari.pool.HikariPool - HikariPool-1 - keepalive: connection com.mysql.cj.jdbc.ConnectionImpl@47e837fa is alive
2026-04-01 09:58:31 [HikariPool-1:housekeeper] DEBUG com.zaxxer.hikari.pool.HikariPool - HikariPool-1 - keepalive: connection com.mysql.cj.jdbc.ConnectionImpl@290938b8 is alive
2026-04-01 09:58:34 [HikariPool-1:housekeeper] DEBUG com.zaxxer.hikari.pool.HikariPool - HikariPool-1 - keepalive: connection com.mysql.cj.jdbc.ConnectionImpl@1bb24043 is alive
2026-04-01 09:58:38 [HikariPool-1:housekeeper] DEBUG com.zaxxer.hikari.pool.HikariPool - HikariPool-1 - keepalive: connection com.mysql.cj.jdbc.ConnectionImpl@73d853e6 is alive
2026-04-01 09:58:46 [HikariPool-1:housekeeper] DEBUG com.zaxxer.hikari.pool.HikariPool - HikariPool-1 - keepalive: connection com.mysql.cj.jdbc.ConnectionImpl@2c0842b4 is alive
2026-04-01 09:58:49 [HikariPool-1:housekeeper] DEBUG com.zaxxer.hikari.pool.HikariPool - HikariPool-1 - keepalive: connection com.mysql.cj.jdbc.ConnectionImpl@18c382b0 is alive
2026-04-01 09:58:54 [HikariPool-1:housekeeper] DEBUG com.zaxxer.hikari.pool.HikariPool - HikariPool-1 - keepalive: connection com.mysql.cj.jdbc.ConnectionImpl@6a4ea88d is alive
2026-04-01 09:58:57 [HikariPool-1:housekeeper] DEBUG com.zaxxer.hikari.pool.HikariPool - HikariPool-1 - Pool stats (total=20/20, idle=20/20, active=0, waiting=0)
2026-04-01 09:58:57 [HikariPool-1:housekeeper] DEBUG com.zaxxer.hikari.pool.HikariPool - HikariPool-1 - Fill pool skipped, pool has sufficient level or currently being filled.
2026-04-01 09:59:04 [HikariPool-1:housekeeper] DEBUG com.zaxxer.hikari.pool.HikariPool - HikariPool-1 - keepalive: connection com.mysql.cj.jdbc.ConnectionImpl@20d7749c is alive
2026-04-01 09:59:11 [HikariPool-1:housekeeper] DEBUG com.zaxxer.hikari.pool.HikariPool - HikariPool-1 - keepalive: connection com.mysql.cj.jdbc.ConnectionImpl@3f794c4e is alive
2026-04-01 09:59:11 [HikariPool-1:housekeeper] DEBUG com.zaxxer.hikari.pool.HikariPool - HikariPool-1 - keepalive: connection com.mysql.cj.jdbc.ConnectionImpl@59fe888b is alive
2026-04-01 09:59:19 [HikariPool-1:housekeeper] DEBUG com.zaxxer.hikari.pool.HikariPool - HikariPool-1 - keepalive: connection com.mysql.cj.jdbc.ConnectionImpl@28e4de7e is alive
2026-04-01 09:59:27 [HikariPool-1:housekeeper] DEBUG com.zaxxer.hikari.pool.HikariPool - HikariPool-1 - Pool stats (total=20/20, idle=20/20, active=0, waiting=0)
2026-04-01 09:59:27 [HikariPool-1:housekeeper] DEBUG com.zaxxer.hikari.pool.HikariPool - HikariPool-1 - Fill pool skipped, pool has sufficient level or currently being filled.
2026-04-01 09:59:27 [HikariPool-1:housekeeper] DEBUG com.zaxxer.hikari.pool.HikariPool - HikariPool-1 - keepalive: connection com.mysql.cj.jdbc.ConnectionImpl@20d01efd is alive
2026-04-01 09:59:34 [HikariPool-1:housekeeper] DEBUG com.zaxxer.hikari.pool.HikariPool - HikariPool-1 - keepalive: connection com.mysql.cj.jdbc.ConnectionImpl@5a8f4a78 is alive
2026-04-01 09:59:52 [HikariPool-1:housekeeper] DEBUG com.zaxxer.hikari.pool.HikariPool - HikariPool-1 - keepalive: connection com.mysql.cj.jdbc.ConnectionImpl@5ebc974e is alive
2026-04-01 09:59:55 [HikariPool-1:housekeeper] DEBUG com.zaxxer.hikari.pool.HikariPool - HikariPool-1 - keepalive: connection com.mysql.cj.jdbc.ConnectionImpl@7cb4e8e0 is alive
2026-04-01 09:59:56 [HikariPool-1:housekeeper] DEBUG com.zaxxer.hikari.pool.HikariPool - HikariPool-1 - keepalive: connection com.mysql.cj.jdbc.ConnectionImpl@2ae3b697 is alive
2026-04-01 09:59:57 [HikariPool-1:housekeeper] DEBUG com.zaxxer.hikari.pool.HikariPool - HikariPool-1 - Pool stats (total=20/20, idle=20/20, active=0, waiting=0)
2026-04-01 09:59:57 [HikariPool-1:housekeeper] DEBUG com.zaxxer.hikari.pool.HikariPool - HikariPool-1 - Fill pool skipped, pool has sufficient level or currently being filled.
2026-04-01 10:00:00 [HikariPool-1:housekeeper] DEBUG com.zaxxer.hikari.pool.HikariPool - HikariPool-1 - keepalive: connection com.mysql.cj.jdbc.ConnectionImpl@cff5ca2 is alive
2026-04-01 10:00:06 [HikariPool-1:housekeeper] DEBUG com.zaxxer.hikari.pool.HikariPool - HikariPool-1 - keepalive: connection com.mysql.cj.jdbc.ConnectionImpl@7e444675 is alive
2026-04-01 10:00:10 [HikariPool-1:housekeeper] DEBUG com.zaxxer.hikari.pool.HikariPool - HikariPool-1 - keepalive: connection com.mysql.cj.jdbc.ConnectionImpl@47e837fa is alive
2026-04-01 10:00:12 [HikariPool-1:housekeeper] DEBUG com.zaxxer.hikari.pool.HikariPool - HikariPool-1 - keepalive: connection com.mysql.cj.jdbc.ConnectionImpl@323307a4 is alive
2026-04-01 10:00:13 [HikariPool-1:housekeeper] DEBUG com.zaxxer.hikari.pool.HikariPool - HikariPool-1 - keepalive: connection com.mysql.cj.jdbc.ConnectionImpl@1bb24043 is alive
2026-04-01 10:00:16 [HikariPool-1:housekeeper] DEBUG com.zaxxer.hikari.pool.HikariPool - HikariPool-1 - keepalive: connection com.mysql.cj.jdbc.ConnectionImpl@290938b8 is alive
2026-04-01 10:00:21 [HikariPool-1:housekeeper] DEBUG com.zaxxer.hikari.pool.HikariPool - HikariPool-1 - keepalive: connection com.mysql.cj.jdbc.ConnectionImpl@34426404 is alive
2026-04-01 10:00:27 [HikariPool-1:housekeeper] DEBUG com.zaxxer.hikari.pool.HikariPool - HikariPool-1 - Pool stats (total=20/20, idle=20/20, active=0, waiting=0)
2026-04-01 10:00:27 [HikariPool-1:housekeeper] DEBUG com.zaxxer.hikari.pool.HikariPool - HikariPool-1 - Fill pool skipped, pool has sufficient level or currently being filled.
2026-04-01 10:00:27 [HikariPool-1:housekeeper] DEBUG com.zaxxer.hikari.pool.HikariPool - HikariPool-1 - keepalive: connection com.mysql.cj.jdbc.ConnectionImpl@18c382b0 is alive
2026-04-01 10:00:32 [HikariPool-1:housekeeper] DEBUG com.zaxxer.hikari.pool.HikariPool - HikariPool-1 - keepalive: connection com.mysql.cj.jdbc.ConnectionImpl@2c0842b4 is alive
2026-04-01 10:00:35 [HikariPool-1:housekeeper] DEBUG com.zaxxer.hikari.pool.HikariPool - HikariPool-1 - keepalive: connection com.mysql.cj.jdbc.ConnectionImpl@73d853e6 is alive
2026-04-01 10:00:43 [HikariPool-1:housekeeper] DEBUG com.zaxxer.hikari.pool.HikariPool - HikariPool-1 - keepalive: connection com.mysql.cj.jdbc.ConnectionImpl@6a4ea88d is alive
2026-04-01 10:00:48 [HikariPool-1:housekeeper] DEBUG com.zaxxer.hikari.pool.HikariPool - HikariPool-1 - keepalive: connection com.mysql.cj.jdbc.ConnectionImpl@20d7749c is alive
2026-04-01 10:00:51 [HikariPool-1:housekeeper] DEBUG com.zaxxer.hikari.pool.HikariPool - HikariPool-1 - keepalive: connection com.mysql.cj.jdbc.ConnectionImpl@3f794c4e is alive
2026-04-01 10:00:53 [HikariPool-1:housekeeper] DEBUG com.zaxxer.hikari.pool.HikariPool - HikariPool-1 - keepalive: connection com.mysql.cj.jdbc.ConnectionImpl@59fe888b is alive
2026-04-01 10:00:57 [HikariPool-1:housekeeper] DEBUG com.zaxxer.hikari.pool.HikariPool - HikariPool-1 - Pool stats (total=20/20, idle=20/20, active=0, waiting=0)
2026-04-01 10:00:57 [HikariPool-1:housekeeper] DEBUG com.zaxxer.hikari.pool.HikariPool - HikariPool-1 - Fill pool skipped, pool has sufficient level or currently being filled.
2026-04-01 10:01:13 [HikariPool-1:housekeeper] DEBUG com.zaxxer.hikari.pool.HikariPool - HikariPool-1 - keepalive: connection com.mysql.cj.jdbc.ConnectionImpl@28e4de7e is alive
2026-04-01 10:01:19 [HikariPool-1:housekeeper] DEBUG com.zaxxer.hikari.pool.HikariPool - HikariPool-1 - keepalive: connection com.mysql.cj.jdbc.ConnectionImpl@20d01efd is alive
2026-04-01 10:01:22 [HikariPool-1:housekeeper] DEBUG com.zaxxer.hikari.pool.HikariPool - HikariPool-1 - keepalive: connection com.mysql.cj.jdbc.ConnectionImpl@5a8f4a78 is alive
2026-04-01 10:01:27 [HikariPool-1:housekeeper] DEBUG com.zaxxer.hikari.pool.HikariPool - HikariPool-1 - Pool stats (total=20/20, idle=20/20, active=0, waiting=0)
2026-04-01 10:01:27 [HikariPool-1:housekeeper] DEBUG com.zaxxer.hikari.pool.HikariPool - HikariPool-1 - Fill pool skipped, pool has sufficient level or currently being filled.
2026-04-01 10:01:37 [HikariPool-1:housekeeper] DEBUG com.zaxxer.hikari.pool.HikariPool - HikariPool-1 - keepalive: connection com.mysql.cj.jdbc.ConnectionImpl@cff5ca2 is alive
2026-04-01 10:01:38 [HikariPool-1:housekeeper] DEBUG com.zaxxer.hikari.pool.HikariPool - HikariPool-1 - keepalive: connection com.mysql.cj.jdbc.ConnectionImpl@2ae3b697 is alive
2026-04-01 10:01:40 [HikariPool-1:housekeeper] DEBUG com.zaxxer.hikari.pool.HikariPool - HikariPool-1 - keepalive: connection com.mysql.cj.jdbc.ConnectionImpl@5ebc974e is alive
2026-04-01 10:01:50 [HikariPool-1:housekeeper] DEBUG com.zaxxer.hikari.pool.HikariPool - HikariPool-1 - keepalive: connection com.mysql.cj.jdbc.ConnectionImpl@47e837fa is alive
2026-04-01 10:01:52 [HikariPool-1:housekeeper] DEBUG com.zaxxer.hikari.pool.HikariPool - HikariPool-1 - keepalive: connection com.mysql.cj.jdbc.ConnectionImpl@1bb24043 is alive
2026-04-01 10:01:55 [HikariPool-1:housekeeper] DEBUG com.zaxxer.hikari.pool.HikariPool - HikariPool-1 - keepalive: connection com.mysql.cj.jdbc.ConnectionImpl@7e444675 is alive
2026-04-01 10:01:55 [HikariPool-1:housekeeper] DEBUG com.zaxxer.hikari.pool.HikariPool - HikariPool-1 - keepalive: connection com.mysql.cj.jdbc.ConnectionImpl@7cb4e8e0 is alive
2026-04-01 10:01:57 [HikariPool-1:housekeeper] DEBUG com.zaxxer.hikari.pool.HikariPool - HikariPool-1 - Pool stats (total=20/20, idle=20/20, active=0, waiting=0)
2026-04-01 10:01:57 [HikariPool-1:housekeeper] DEBUG com.zaxxer.hikari.pool.HikariPool - HikariPool-1 - Fill pool skipped, pool has sufficient level or currently being filled.
2026-04-01 10:01:58 [HikariPool-1:housekeeper] DEBUG com.zaxxer.hikari.pool.HikariPool - HikariPool-1 - keepalive: connection com.mysql.cj.jdbc.ConnectionImpl@323307a4 is alive
2026-04-01 10:02:00 [HikariPool-1:housekeeper] DEBUG com.zaxxer.hikari.pool.HikariPool - HikariPool-1 - keepalive: connection com.mysql.cj.jdbc.ConnectionImpl@290938b8 is alive
2026-04-01 10:02:05 [HikariPool-1:housekeeper] DEBUG com.zaxxer.hikari.pool.HikariPool - HikariPool-1 - keepalive: connection com.mysql.cj.jdbc.ConnectionImpl@18c382b0 is alive
2026-04-01 10:02:16 [HikariPool-1:housekeeper] DEBUG com.zaxxer.hikari.pool.HikariPool - HikariPool-1 - keepalive: connection com.mysql.cj.jdbc.ConnectionImpl@34426404 is alive
2026-04-01 10:02:17 [HikariPool-1:housekeeper] DEBUG com.zaxxer.hikari.pool.HikariPool - HikariPool-1 - keepalive: connection com.mysql.cj.jdbc.ConnectionImpl@2c0842b4 is alive
2026-04-01 10:02:27 [HikariPool-1:housekeeper] DEBUG com.zaxxer.hikari.pool.HikariPool - HikariPool-1 - Pool stats (total=20/20, idle=20/20, active=0, waiting=0)
2026-04-01 10:02:27 [HikariPool-1:housekeeper] DEBUG com.zaxxer.hikari.pool.HikariPool - HikariPool-1 - Fill pool skipped, pool has sufficient level or currently being filled.
2026-04-01 10:02:31 [HikariPool-1:housekeeper] DEBUG com.zaxxer.hikari.pool.HikariPool - HikariPool-1 - keepalive: connection com.mysql.cj.jdbc.ConnectionImpl@3f794c4e is alive
2026-04-01 10:02:33 [HikariPool-1:housekeeper] DEBUG com.zaxxer.hikari.pool.HikariPool - HikariPool-1 - keepalive: connection com.mysql.cj.jdbc.ConnectionImpl@6a4ea88d is alive
2026-04-01 10:02:33 [HikariPool-1:housekeeper] DEBUG com.zaxxer.hikari.pool.HikariPool - HikariPool-1 - keepalive: connection com.mysql.cj.jdbc.ConnectionImpl@73d853e6 is alive
2026-04-01 10:02:33 [HikariPool-1:housekeeper] DEBUG com.zaxxer.hikari.pool.HikariPool - HikariPool-1 - keepalive: connection com.mysql.cj.jdbc.ConnectionImpl@20d7749c is alive
2026-04-01 10:02:35 [HikariPool-1:housekeeper] DEBUG com.zaxxer.hikari.pool.HikariPool - HikariPool-1 - keepalive: connection com.mysql.cj.jdbc.ConnectionImpl@59fe888b is alive
2026-04-01 10:02:57 [HikariPool-1:housekeeper] DEBUG com.zaxxer.hikari.pool.HikariPool - HikariPool-1 - Pool stats (total=20/20, idle=20/20, active=0, waiting=0)
2026-04-01 10:02:57 [HikariPool-1:housekeeper] DEBUG com.zaxxer.hikari.pool.HikariPool - HikariPool-1 - Fill pool skipped, pool has sufficient level or currently being filled.
2026-04-01 10:03:08 [HikariPool-1:housekeeper] DEBUG com.zaxxer.hikari.pool.HikariPool - HikariPool-1 - keepalive: connection com.mysql.cj.jdbc.ConnectionImpl@28e4de7e is alive
2026-04-01 10:03:10 [HikariPool-1:housekeeper] DEBUG com.zaxxer.hikari.pool.HikariPool - HikariPool-1 - keepalive: connection com.mysql.cj.jdbc.ConnectionImpl@20d01efd is alive
2026-04-01 10:03:10 [HikariPool-1:housekeeper] DEBUG com.zaxxer.hikari.pool.HikariPool - HikariPool-1 - keepalive: connection com.mysql.cj.jdbc.ConnectionImpl@5a8f4a78 is alive
2026-04-01 10:03:13 [HikariPool-1:housekeeper] DEBUG com.zaxxer.hikari.pool.HikariPool - HikariPool-1 - keepalive: connection com.mysql.cj.jdbc.ConnectionImpl@cff5ca2 is alive
2026-04-01 10:03:19 [HikariPool-1:housekeeper] DEBUG com.zaxxer.hikari.pool.HikariPool - HikariPool-1 - keepalive: connection com.mysql.cj.jdbc.ConnectionImpl@2ae3b697 is alive
2026-04-01 10:03:27 [HikariPool-1:housekeeper] DEBUG com.zaxxer.hikari.pool.HikariPool - HikariPool-1 - Pool stats (total=20/20, idle=20/20, active=0, waiting=0)
2026-04-01 10:03:27 [HikariPool-1:housekeeper] DEBUG com.zaxxer.hikari.pool.HikariPool - HikariPool-1 - Fill pool skipped, pool has sufficient level or currently being filled.
2026-04-01 10:03:28 [HikariPool-1:housekeeper] DEBUG com.zaxxer.hikari.pool.HikariPool - HikariPool-1 - keepalive: connection com.mysql.cj.jdbc.ConnectionImpl@5ebc974e is alive
2026-04-01 10:03:30 [HikariPool-1:housekeeper] DEBUG com.zaxxer.hikari.pool.HikariPool - HikariPool-1 - keepalive: connection com.mysql.cj.jdbc.ConnectionImpl@47e837fa is alive
2026-04-01 10:03:31 [HikariPool-1:housekeeper] DEBUG com.zaxxer.hikari.pool.HikariPool - HikariPool-1 - keepalive: connection com.mysql.cj.jdbc.ConnectionImpl@1bb24043 is alive
2026-04-01 10:03:43 [HikariPool-1:housekeeper] DEBUG com.zaxxer.hikari.pool.HikariPool - HikariPool-1 - keepalive: connection com.mysql.cj.jdbc.ConnectionImpl@323307a4 is alive
2026-04-01 10:03:43 [HikariPool-1:housekeeper] DEBUG com.zaxxer.hikari.pool.HikariPool - HikariPool-1 - keepalive: connection com.mysql.cj.jdbc.ConnectionImpl@7e444675 is alive
2026-04-01 10:03:44 [HikariPool-1:housekeeper] DEBUG com.zaxxer.hikari.pool.HikariPool - HikariPool-1 - keepalive: connection com.mysql.cj.jdbc.ConnectionImpl@18c382b0 is alive
2026-04-01 10:03:44 [HikariPool-1:housekeeper] DEBUG com.zaxxer.hikari.pool.HikariPool - HikariPool-1 - keepalive: connection com.mysql.cj.jdbc.ConnectionImpl@290938b8 is alive
2026-04-01 10:03:55 [HikariPool-1:housekeeper] DEBUG com.zaxxer.hikari.pool.HikariPool - HikariPool-1 - keepalive: connection com.mysql.cj.jdbc.ConnectionImpl@7cb4e8e0 is alive
2026-04-01 10:03:57 [HikariPool-1:housekeeper] DEBUG com.zaxxer.hikari.pool.HikariPool - HikariPool-1 - Pool stats (total=20/20, idle=20/20, active=0, waiting=0)
2026-04-01 10:03:57 [HikariPool-1:housekeeper] DEBUG com.zaxxer.hikari.pool.HikariPool - HikariPool-1 - Fill pool skipped, pool has sufficient level or currently being filled.
2026-04-01 10:04:03 [HikariPool-1:housekeeper] DEBUG com.zaxxer.hikari.pool.HikariPool - HikariPool-1 - keepalive: connection com.mysql.cj.jdbc.ConnectionImpl@2c0842b4 is alive
2026-04-01 10:04:09 [JavaFX Application Thread] DEBUG application.java.manager.LogManager - [SQL操作クラス] ： 非同期処理 スレッドプール解放
2026-04-01 10:04:09 [JavaFX Application Thread] INFO  com.zaxxer.hikari.HikariDataSource - HikariPool-1 - Shutdown initiated...
2026-04-01 10:04:09 [JavaFX Application Thread] DEBUG com.zaxxer.hikari.pool.HikariPool - HikariPool-1 - Before shutdown stats (total=20/20, idle=20/20, active=0, waiting=0)
2026-04-01 10:04:09 [HikariPool-1:connection-closer] DEBUG com.zaxxer.hikari.pool.PoolBase - HikariPool-1 - Closing connection com.mysql.cj.jdbc.ConnectionImpl@cff5ca2: (connection evicted)
2026-04-01 10:04:09 [HikariPool-1:connection-closer] DEBUG com.zaxxer.hikari.pool.PoolBase - HikariPool-1 - Closing connection com.mysql.cj.jdbc.ConnectionImpl@323307a4: (connection evicted)
2026-04-01 10:04:09 [HikariPool-1:connection-closer] DEBUG com.zaxxer.hikari.pool.PoolBase - HikariPool-1 - Closing connection com.mysql.cj.jdbc.ConnectionImpl@20d7749c: (connection evicted)
2026-04-01 10:04:09 [HikariPool-1:connection-closer] DEBUG com.zaxxer.hikari.pool.PoolBase - HikariPool-1 - Closing connection com.mysql.cj.jdbc.ConnectionImpl@5ebc974e: (connection evicted)
2026-04-01 10:04:09 [HikariPool-1:connection-closer] DEBUG com.zaxxer.hikari.pool.PoolBase - HikariPool-1 - Closing connection com.mysql.cj.jdbc.ConnectionImpl@20d01efd: (connection evicted)
2026-04-01 10:04:09 [HikariPool-1:connection-closer] DEBUG com.zaxxer.hikari.pool.PoolBase - HikariPool-1 - Closing connection com.mysql.cj.jdbc.ConnectionImpl@7e444675: (connection evicted)
2026-04-01 10:04:09 [HikariPool-1:connection-closer] DEBUG com.zaxxer.hikari.pool.PoolBase - HikariPool-1 - Closing connection com.mysql.cj.jdbc.ConnectionImpl@3f794c4e: (connection evicted)
2026-04-01 10:04:09 [HikariPool-1:connection-closer] DEBUG com.zaxxer.hikari.pool.PoolBase - HikariPool-1 - Closing connection com.mysql.cj.jdbc.ConnectionImpl@290938b8: (connection evicted)
2026-04-01 10:04:09 [HikariPool-1:connection-closer] DEBUG com.zaxxer.hikari.pool.PoolBase - HikariPool-1 - Closing connection com.mysql.cj.jdbc.ConnectionImpl@2c0842b4: (connection evicted)
2026-04-01 10:04:09 [HikariPool-1:connection-closer] DEBUG com.zaxxer.hikari.pool.PoolBase - HikariPool-1 - Closing connection com.mysql.cj.jdbc.ConnectionImpl@1bb24043: (connection evicted)
2026-04-01 10:04:09 [HikariPool-1:connection-closer] DEBUG com.zaxxer.hikari.pool.PoolBase - HikariPool-1 - Closing connection com.mysql.cj.jdbc.ConnectionImpl@5a8f4a78: (connection evicted)
2026-04-01 10:04:09 [HikariPool-1:connection-closer] DEBUG com.zaxxer.hikari.pool.PoolBase - HikariPool-1 - Closing connection com.mysql.cj.jdbc.ConnectionImpl@18c382b0: (connection evicted)
2026-04-01 10:04:09 [HikariPool-1:connection-closer] DEBUG com.zaxxer.hikari.pool.PoolBase - HikariPool-1 - Closing connection com.mysql.cj.jdbc.ConnectionImpl@59fe888b: (connection evicted)
2026-04-01 10:04:09 [HikariPool-1:connection-closer] DEBUG com.zaxxer.hikari.pool.PoolBase - HikariPool-1 - Closing connection com.mysql.cj.jdbc.ConnectionImpl@6a4ea88d: (connection evicted)
2026-04-01 10:04:09 [HikariPool-1:connection-closer] DEBUG com.zaxxer.hikari.pool.PoolBase - HikariPool-1 - Closing connection com.mysql.cj.jdbc.ConnectionImpl@7cb4e8e0: (connection evicted)
2026-04-01 10:04:09 [HikariPool-1:connection-closer] DEBUG com.zaxxer.hikari.pool.PoolBase - HikariPool-1 - Closing connection com.mysql.cj.jdbc.ConnectionImpl@47e837fa: (connection evicted)
2026-04-01 10:04:09 [HikariPool-1:connection-closer] DEBUG com.zaxxer.hikari.pool.PoolBase - HikariPool-1 - Closing connection com.mysql.cj.jdbc.ConnectionImpl@34426404: (connection evicted)
2026-04-01 10:04:09 [HikariPool-1:connection-closer] DEBUG com.zaxxer.hikari.pool.PoolBase - HikariPool-1 - Closing connection com.mysql.cj.jdbc.ConnectionImpl@28e4de7e: (connection evicted)
2026-04-01 10:04:09 [HikariPool-1:connection-closer] DEBUG com.zaxxer.hikari.pool.PoolBase - HikariPool-1 - Closing connection com.mysql.cj.jdbc.ConnectionImpl@73d853e6: (connection evicted)
2026-04-01 10:04:09 [HikariPool-1:connection-closer] DEBUG com.zaxxer.hikari.pool.PoolBase - HikariPool-1 - Closing connection com.mysql.cj.jdbc.ConnectionImpl@2ae3b697: (connection evicted)
2026-04-01 10:04:09 [JavaFX Application Thread] DEBUG com.zaxxer.hikari.pool.HikariPool - HikariPool-1 - After  shutdown stats (total=0/20, idle=0/20, active=0, waiting=0)
2026-04-01 10:04:09 [JavaFX Application Thread] INFO  com.zaxxer.hikari.HikariDataSource - HikariPool-1 - Shutdown completed.
2026-04-01 10:04:09 [JavaFX Application Thread] DEBUG application.java.manager.LogManager - [SQL操作クラス] ： コネクションプール(HikariCP) Closeing
2026-04-01 10:04:09 [JavaFX Application Thread] INFO  application.java.manager.LogManager - 終了処理 : 完了
2026-04-01 10:04:12 [main] INFO  application.java.manager.LogManager - 備品管理システム : 起動
2026-04-01 10:04:12 [JavaFX Application Thread] INFO  application.java.manager.LogManager - 開始処理 : 画面ウィンドウ枠生成
2026-04-01 10:04:12 [JavaFX Application Thread] INFO  application.java.manager.LogManager - [備品管理システム メニュー画面] ： 初期化処理
2026-04-01 10:04:12 [JavaFX Application Thread] INFO  application.java.manager.LogManager - 画面展開 [setPage] ： 画面設定・表示処理 開始
2026-04-01 10:04:12 [JavaFX Application Thread] DEBUG application.java.manager.LogManager - Window切替 [setWindowFrame] : TRANSPARENT(透明枠・背景色透明)
2026-04-01 10:04:13 [JavaFX Application Thread] INFO  application.java.manager.LogManager - /application/resources/css/MenuMacFinderStyle.css

2026-04-01 10:04:13 [JavaFX Application Thread] INFO  application.java.manager.LogManager - 画面展開 [setPage] : 備品管理システム メニュー画面
2026-04-01 10:04:15 [JavaFX Application Thread] INFO  application.java.manager.LogManager - [備品管理システム メニュー画面] ： [マスタメンテナンス]ボタン押下
2026-04-01 10:04:17 [JavaFX Application Thread] INFO  application.java.manager.LogManager - [備品管理システム メニュー画面] ： [備品分類マスタ メンテナンス]ボタン押下
2026-04-01 10:04:17 [JavaFX Application Thread] INFO  application.java.manager.LogManager - [備品分類マスタ メンテナンス] ： 初期化処理
2026-04-01 10:04:17 [JavaFX Application Thread] INFO  application.java.manager.LogManager - スライドショーのTimelineを停止しました
2026-04-01 10:04:17 [JavaFX Application Thread] INFO  application.java.manager.LogManager - 呼出中[Page](備品管理システム メニュー画面)の終了処理(dispose)を実行
2026-04-01 10:04:17 [JavaFX Application Thread] INFO  application.java.manager.LogManager - 画面展開 [setPage] ： 画面設定・表示処理 開始
2026-04-01 10:04:17 [JavaFX Application Thread] DEBUG application.java.manager.LogManager - Window切替 [setWindowFrame] : DECORATED(標準)
2026-04-01 10:04:17 [JavaFX Application Thread] INFO  application.java.manager.LogManager - [SQL操作クラス] ： 非同期処理 スレッドプール作成
2026-04-01 10:04:17 [JavaFX Application Thread] INFO  application.java.manager.LogManager - [SQL操作クラス] ： SQL Session生成
2026-04-01 10:04:17 [JavaFX Application Thread] DEBUG application.java.manager.LogManager - [SQL操作クラス] ： mybatis有効化
2026-04-01 10:04:17 [JavaFX Application Thread] DEBUG o.apache.ibatis.logging.LogFactory - Logging initialized using 'class org.apache.ibatis.logging.slf4j.Slf4jImpl' adapter.
2026-04-01 10:04:17 [JavaFX Application Thread] DEBUG o.apache.ibatis.logging.LogFactory - Logging initialized using 'class org.apache.ibatis.logging.slf4j.Slf4jImpl' adapter.
2026-04-01 10:04:17 [JavaFX Application Thread] DEBUG com.zaxxer.hikari.util.UtilityElf - Class com.mysql.cj.jdbc.Driver found in Thread context class loader jdk.internal.loader.ClassLoaders$AppClassLoader@568db2f2
2026-04-01 10:04:17 [JavaFX Application Thread] ERROR application.java.manager.LogManager - 画面展開 [setPage] : 画面展開中にエラーが発生しました
2026-04-01 10:04:17 [JavaFX Application Thread] ERROR application.java.manager.LogManager - 
unknown path

javafx.fxml.LoadException: 
unknown path

	at javafx.fxml@25.0.2/javafx.fxml.FXMLLoader.constructLoadException(FXMLLoader.java:2692)
	at javafx.fxml@25.0.2/javafx.fxml.FXMLLoader.loadImpl(FXMLLoader.java:2662)
	at javafx.fxml@25.0.2/javafx.fxml.FXMLLoader.load(FXMLLoader.java:2516)
	at AssetManagementSystem/application.java.manager.form.JavaFxManager.setPage(JavaFxManager.java:88)
	at AssetManagementSystem/application.java.base.BaseFormPage.setPage(BaseFormPage.java:176)
	at AssetManagementSystem/application.java.window.MenuController.onStockTypeMasterButtonClicked(MenuController.java:278)
	at java.base/jdk.internal.reflect.DirectMethodHandleAccessor.invoke(DirectMethodHandleAccessor.java:104)
	at java.base/java.lang.reflect.Method.invoke(Method.java:565)
	at com.sun.javafx.reflect.Trampoline.invoke(MethodUtil.java:65)
	at java.base/jdk.internal.reflect.DirectMethodHandleAccessor.invoke(DirectMethodHandleAccessor.java:104)
	at java.base/java.lang.reflect.Method.invoke(Method.java:565)
	at javafx.base@25.0.2/com.sun.javafx.reflect.MethodUtil.invoke(MethodUtil.java:112)
	at javafx.fxml@25.0.2/com.sun.javafx.fxml.MethodHelper.invoke(MethodHelper.java:78)
	at javafx.fxml@25.0.2/javafx.fxml.FXMLLoader$MethodHandler.invoke(FXMLLoader.java:1847)
	at javafx.fxml@25.0.2/javafx.fxml.FXMLLoader$ControllerMethodEventHandler.handle(FXMLLoader.java:1718)
	at javafx.base@25.0.2/com.sun.javafx.event.CompositeEventHandler.dispatchBubblingEvent(CompositeEventHandler.java:86)
	at javafx.base@25.0.2/com.sun.javafx.event.EventHandlerManager.dispatchBubblingEvent(EventHandlerManager.java:232)
	at javafx.base@25.0.2/com.sun.javafx.event.EventHandlerManager.dispatchBubblingEvent(EventHandlerManager.java:189)
	at javafx.base@25.0.2/com.sun.javafx.event.CompositeEventDispatcher.dispatchBubblingEvent(CompositeEventDispatcher.java:59)
	at javafx.base@25.0.2/com.sun.javafx.event.BasicEventDispatcher.dispatchEvent(BasicEventDispatcher.java:58)
	at javafx.base@25.0.2/com.sun.javafx.event.EventDispatchChainImpl.dispatchEvent(EventDispatchChainImpl.java:114)
	at javafx.base@25.0.2/com.sun.javafx.event.BasicEventDispatcher.dispatchEvent(BasicEventDispatcher.java:56)
	at javafx.base@25.0.2/com.sun.javafx.event.EventDispatchChainImpl.dispatchEvent(EventDispatchChainImpl.java:114)
	at javafx.base@25.0.2/com.sun.javafx.event.BasicEventDispatcher.dispatchEvent(BasicEventDispatcher.java:56)
	at javafx.base@25.0.2/com.sun.javafx.event.EventDispatchChainImpl.dispatchEvent(EventDispatchChainImpl.java:114)
	at javafx.base@25.0.2/com.sun.javafx.event.EventUtil.fireEventImpl(EventUtil.java:74)
	at javafx.base@25.0.2/com.sun.javafx.event.EventUtil.fireEvent(EventUtil.java:49)
	at javafx.base@25.0.2/javafx.event.Event.fireEvent(Event.java:199)
	at javafx.graphics@25.0.2/javafx.scene.Node.fireEvent(Node.java:9067)
	at javafx.controls@25.0.2/javafx.scene.control.Button.fire(Button.java:203)
	at javafx.controls@25.0.2/com.sun.javafx.scene.control.behavior.ButtonBehavior.mouseReleased(ButtonBehavior.java:207)
	at javafx.controls@25.0.2/com.sun.javafx.scene.control.inputmap.InputMap.handle(InputMap.java:274)
	at javafx.base@25.0.2/com.sun.javafx.event.CompositeEventHandler$NormalEventHandlerRecord.handleBubblingEvent(CompositeEventHandler.java:247)
	at javafx.base@25.0.2/com.sun.javafx.event.CompositeEventHandler.dispatchBubblingEvent(CompositeEventHandler.java:80)
	at javafx.base@25.0.2/com.sun.javafx.event.EventHandlerManager.dispatchBubblingEvent(EventHandlerManager.java:232)
	at javafx.base@25.0.2/com.sun.javafx.event.EventHandlerManager.dispatchBubblingEvent(EventHandlerManager.java:189)
	at javafx.base@25.0.2/com.sun.javafx.event.CompositeEventDispatcher.dispatchBubblingEvent(CompositeEventDispatcher.java:59)
	at javafx.base@25.0.2/com.sun.javafx.event.BasicEventDispatcher.dispatchEvent(BasicEventDispatcher.java:58)
	at javafx.base@25.0.2/com.sun.javafx.event.EventDispatchChainImpl.dispatchEvent(EventDispatchChainImpl.java:114)
	at javafx.base@25.0.2/com.sun.javafx.event.BasicEventDispatcher.dispatchEvent(BasicEventDispatcher.java:56)
	at javafx.base@25.0.2/com.sun.javafx.event.EventDispatchChainImpl.dispatchEvent(EventDispatchChainImpl.java:114)
	at javafx.base@25.0.2/com.sun.javafx.event.BasicEventDispatcher.dispatchEvent(BasicEventDispatcher.java:56)
	at javafx.base@25.0.2/com.sun.javafx.event.EventDispatchChainImpl.dispatchEvent(EventDispatchChainImpl.java:114)
	at javafx.base@25.0.2/com.sun.javafx.event.EventUtil.fireEventImpl(EventUtil.java:74)
	at javafx.base@25.0.2/com.sun.javafx.event.EventUtil.fireEvent(EventUtil.java:54)
	at javafx.base@25.0.2/javafx.event.Event.fireEvent(Event.java:199)
	at javafx.graphics@25.0.2/javafx.scene.Scene$MouseHandler.process(Scene.java:4061)
	at javafx.graphics@25.0.2/javafx.scene.Scene.processMouseEvent(Scene.java:1947)
	at javafx.graphics@25.0.2/javafx.scene.Scene$ScenePeerListener.mouseEvent(Scene.java:2784)
	at javafx.graphics@25.0.2/com.sun.javafx.tk.quantum.GlassViewEventHandler$MouseEventNotification.get(GlassViewEventHandler.java:353)
	at javafx.graphics@25.0.2/com.sun.javafx.tk.quantum.GlassViewEventHandler$MouseEventNotification.get(GlassViewEventHandler.java:255)
	at javafx.graphics@25.0.2/com.sun.javafx.tk.quantum.QuantumToolkit.runWithoutRenderLock(QuantumToolkit.java:424)
	at javafx.graphics@25.0.2/com.sun.javafx.tk.quantum.GlassViewEventHandler.handleMouseEvent(GlassViewEventHandler.java:387)
	at javafx.graphics@25.0.2/com.sun.glass.ui.View.handleMouseEvent(View.java:573)
	at javafx.graphics@25.0.2/com.sun.glass.ui.View.notifyMouse(View.java:975)
	at javafx.graphics@25.0.2/com.sun.glass.ui.win.WinApplication._runLoop(Native Method)
	at javafx.graphics@25.0.2/com.sun.glass.ui.win.WinApplication.lambda$runLoop$0(WinApplication.java:173)
	at java.base/java.lang.Thread.run(Thread.java:1474)
Caused by: java.lang.reflect.InvocationTargetException: null
	at java.base/jdk.internal.reflect.DirectMethodHandleAccessor.invoke(DirectMethodHandleAccessor.java:119)
	at java.base/java.lang.reflect.Method.invoke(Method.java:565)
	at com.sun.javafx.reflect.Trampoline.invoke(MethodUtil.java:65)
	at java.base/jdk.internal.reflect.DirectMethodHandleAccessor.invoke(DirectMethodHandleAccessor.java:104)
	at java.base/java.lang.reflect.Method.invoke(Method.java:565)
	at javafx.base@25.0.2/com.sun.javafx.reflect.MethodUtil.invoke(MethodUtil.java:112)
	at javafx.fxml@25.0.2/com.sun.javafx.fxml.MethodHelper.invoke(MethodHelper.java:78)
	at javafx.fxml@25.0.2/javafx.fxml.FXMLLoader.loadImpl(FXMLLoader.java:2658)
	... 56 common frames omitted
Caused by: java.lang.RuntimeException: [SQL操作クラス] ： SQL Session生成失敗
	at AssetManagementSystem/application.java.manager.MySqlManager.SqlSessionSettings(MySqlManager.java:641)
	at AssetManagementSystem/application.java.manager.MySqlManager.getSqlSessionFactory(MySqlManager.java:181)
	at AssetManagementSystem/application.java.window.masterMaintenance.stockTypeMaster.FormController.initialize(FormController.java:104)
	at java.base/jdk.internal.reflect.DirectMethodHandleAccessor.invoke(DirectMethodHandleAccessor.java:104)
	... 63 common frames omitted
Caused by: org.apache.ibatis.exceptions.PersistenceException: 
### Error building SqlSession.
### The error may exist in application/resources/mapper/StockTypeMasterMapper.xml
### Cause: org.apache.ibatis.builder.BuilderException: Error parsing SQL Mapper Configuration. Cause: org.apache.ibatis.builder.BuilderException: Error parsing Mapper XML. The XML location is 'application/resources/mapper/StockTypeMasterMapper.xml'. Cause: org.apache.ibatis.builder.BuilderException: Error resolving class. Cause: org.apache.ibatis.type.TypeException: Could not resolve type alias 'application.java.base.dbTableModel.StockTypeMasterModel'.  Cause: java.lang.ClassNotFoundException: Cannot find class: application.java.base.dbTableModel.StockTypeMasterModel
	at org.mybatis@3.5.17/org.apache.ibatis.exceptions.ExceptionFactory.wrapException(ExceptionFactory.java:30)
	at org.mybatis@3.5.17/org.apache.ibatis.session.SqlSessionFactoryBuilder.build(SqlSessionFactoryBuilder.java:82)
	at org.mybatis@3.5.17/org.apache.ibatis.session.SqlSessionFactoryBuilder.build(SqlSessionFactoryBuilder.java:66)
	at AssetManagementSystem/application.java.manager.MySqlManager.BuildSqlSession(MySqlManager.java:674)
	at AssetManagementSystem/application.java.manager.MySqlManager.SqlSessionSettings(MySqlManager.java:638)
	... 66 common frames omitted
Caused by: org.apache.ibatis.builder.BuilderException: Error parsing SQL Mapper Configuration. Cause: org.apache.ibatis.builder.BuilderException: Error parsing Mapper XML. The XML location is 'application/resources/mapper/StockTypeMasterMapper.xml'. Cause: org.apache.ibatis.builder.BuilderException: Error resolving class. Cause: org.apache.ibatis.type.TypeException: Could not resolve type alias 'application.java.base.dbTableModel.StockTypeMasterModel'.  Cause: java.lang.ClassNotFoundException: Cannot find class: application.java.base.dbTableModel.StockTypeMasterModel
	at org.mybatis@3.5.17/org.apache.ibatis.builder.xml.XMLConfigBuilder.parseConfiguration(XMLConfigBuilder.java:133)
	at org.mybatis@3.5.17/org.apache.ibatis.builder.xml.XMLConfigBuilder.parse(XMLConfigBuilder.java:110)
	at org.mybatis@3.5.17/org.apache.ibatis.session.SqlSessionFactoryBuilder.build(SqlSessionFactoryBuilder.java:80)
	... 69 common frames omitted
Caused by: org.apache.ibatis.builder.BuilderException: Error parsing Mapper XML. The XML location is 'application/resources/mapper/StockTypeMasterMapper.xml'. Cause: org.apache.ibatis.builder.BuilderException: Error resolving class. Cause: org.apache.ibatis.type.TypeException: Could not resolve type alias 'application.java.base.dbTableModel.StockTypeMasterModel'.  Cause: java.lang.ClassNotFoundException: Cannot find class: application.java.base.dbTableModel.StockTypeMasterModel
	at org.mybatis@3.5.17/org.apache.ibatis.builder.xml.XMLMapperBuilder.configurationElement(XMLMapperBuilder.java:125)
	at org.mybatis@3.5.17/org.apache.ibatis.builder.xml.XMLMapperBuilder.parse(XMLMapperBuilder.java:98)
	at org.mybatis@3.5.17/org.apache.ibatis.builder.annotation.MapperAnnotationBuilder.loadXmlResource(MapperAnnotationBuilder.java:164)
	at org.mybatis@3.5.17/org.apache.ibatis.builder.annotation.MapperAnnotationBuilder.parse(MapperAnnotationBuilder.java:117)
	at org.mybatis@3.5.17/org.apache.ibatis.binding.MapperRegistry.addMapper(MapperRegistry.java:72)
	at org.mybatis@3.5.17/org.apache.ibatis.session.Configuration.addMapper(Configuration.java:943)
	at org.mybatis@3.5.17/org.apache.ibatis.builder.xml.XMLConfigBuilder.mappersElement(XMLConfigBuilder.java:416)
	at org.mybatis@3.5.17/org.apache.ibatis.builder.xml.XMLConfigBuilder.parseConfiguration(XMLConfigBuilder.java:131)
	... 71 common frames omitted
Caused by: org.apache.ibatis.builder.BuilderException: Error resolving class. Cause: org.apache.ibatis.type.TypeException: Could not resolve type alias 'application.java.base.dbTableModel.StockTypeMasterModel'.  Cause: java.lang.ClassNotFoundException: Cannot find class: application.java.base.dbTableModel.StockTypeMasterModel
	at org.mybatis@3.5.17/org.apache.ibatis.builder.BaseBuilder.resolveClass(BaseBuilder.java:103)
	at org.mybatis@3.5.17/org.apache.ibatis.builder.xml.XMLStatementBuilder.parseStatementNode(XMLStatementBuilder.java:78)
	at org.mybatis@3.5.17/org.apache.ibatis.builder.xml.XMLMapperBuilder.buildStatementFromContext(XMLMapperBuilder.java:141)
	at org.mybatis@3.5.17/org.apache.ibatis.builder.xml.XMLMapperBuilder.buildStatementFromContext(XMLMapperBuilder.java:133)
	at org.mybatis@3.5.17/org.apache.ibatis.builder.xml.XMLMapperBuilder.configurationElement(XMLMapperBuilder.java:123)
	... 78 common frames omitted
Caused by: org.apache.ibatis.type.TypeException: Could not resolve type alias 'application.java.base.dbTableModel.StockTypeMasterModel'.  Cause: java.lang.ClassNotFoundException: Cannot find class: application.java.base.dbTableModel.StockTypeMasterModel
	at org.mybatis@3.5.17/org.apache.ibatis.type.TypeAliasRegistry.resolveAlias(TypeAliasRegistry.java:128)
	at org.mybatis@3.5.17/org.apache.ibatis.builder.BaseBuilder.resolveAlias(BaseBuilder.java:132)
	at org.mybatis@3.5.17/org.apache.ibatis.builder.BaseBuilder.resolveClass(BaseBuilder.java:101)
	... 82 common frames omitted
Caused by: java.lang.ClassNotFoundException: Cannot find class: application.java.base.dbTableModel.StockTypeMasterModel
	at org.mybatis@3.5.17/org.apache.ibatis.io.ClassLoaderWrapper.classForName(ClassLoaderWrapper.java:226)
	at org.mybatis@3.5.17/org.apache.ibatis.io.ClassLoaderWrapper.classForName(ClassLoaderWrapper.java:103)
	at org.mybatis@3.5.17/org.apache.ibatis.io.Resources.classForName(Resources.java:322)
	at org.mybatis@3.5.17/org.apache.ibatis.type.TypeAliasRegistry.resolveAlias(TypeAliasRegistry.java:124)
	... 84 common frames omitted
2026-04-01 10:05:45 [JavaFX Application Thread] ERROR application.java.manager.LogManager - [備品管理システム メニュー画面] ： メンテナンス画面遷移中にエラーが発生しました
2026-04-01 10:05:45 [JavaFX Application Thread] ERROR application.java.manager.LogManager - javafx.fxml.LoadException: 
unknown path

java.lang.RuntimeException: javafx.fxml.LoadException: 
unknown path

	at AssetManagementSystem/application.java.base.BaseFormPage.setPage(BaseFormPage.java:179)
	at AssetManagementSystem/application.java.window.MenuController.onStockTypeMasterButtonClicked(MenuController.java:278)
	at java.base/jdk.internal.reflect.DirectMethodHandleAccessor.invoke(DirectMethodHandleAccessor.java:104)
	at java.base/java.lang.reflect.Method.invoke(Method.java:565)
	at com.sun.javafx.reflect.Trampoline.invoke(MethodUtil.java:65)
	at java.base/jdk.internal.reflect.DirectMethodHandleAccessor.invoke(DirectMethodHandleAccessor.java:104)
	at java.base/java.lang.reflect.Method.invoke(Method.java:565)
	at javafx.base@25.0.2/com.sun.javafx.reflect.MethodUtil.invoke(MethodUtil.java:112)
	at javafx.fxml@25.0.2/com.sun.javafx.fxml.MethodHelper.invoke(MethodHelper.java:78)
	at javafx.fxml@25.0.2/javafx.fxml.FXMLLoader$MethodHandler.invoke(FXMLLoader.java:1847)
	at javafx.fxml@25.0.2/javafx.fxml.FXMLLoader$ControllerMethodEventHandler.handle(FXMLLoader.java:1718)
	at javafx.base@25.0.2/com.sun.javafx.event.CompositeEventHandler.dispatchBubblingEvent(CompositeEventHandler.java:86)
	at javafx.base@25.0.2/com.sun.javafx.event.EventHandlerManager.dispatchBubblingEvent(EventHandlerManager.java:232)
	at javafx.base@25.0.2/com.sun.javafx.event.EventHandlerManager.dispatchBubblingEvent(EventHandlerManager.java:189)
	at javafx.base@25.0.2/com.sun.javafx.event.CompositeEventDispatcher.dispatchBubblingEvent(CompositeEventDispatcher.java:59)
	at javafx.base@25.0.2/com.sun.javafx.event.BasicEventDispatcher.dispatchEvent(BasicEventDispatcher.java:58)
	at javafx.base@25.0.2/com.sun.javafx.event.EventDispatchChainImpl.dispatchEvent(EventDispatchChainImpl.java:114)
	at javafx.base@25.0.2/com.sun.javafx.event.BasicEventDispatcher.dispatchEvent(BasicEventDispatcher.java:56)
	at javafx.base@25.0.2/com.sun.javafx.event.EventDispatchChainImpl.dispatchEvent(EventDispatchChainImpl.java:114)
	at javafx.base@25.0.2/com.sun.javafx.event.BasicEventDispatcher.dispatchEvent(BasicEventDispatcher.java:56)
	at javafx.base@25.0.2/com.sun.javafx.event.EventDispatchChainImpl.dispatchEvent(EventDispatchChainImpl.java:114)
	at javafx.base@25.0.2/com.sun.javafx.event.EventUtil.fireEventImpl(EventUtil.java:74)
	at javafx.base@25.0.2/com.sun.javafx.event.EventUtil.fireEvent(EventUtil.java:49)
	at javafx.base@25.0.2/javafx.event.Event.fireEvent(Event.java:199)
	at javafx.graphics@25.0.2/javafx.scene.Node.fireEvent(Node.java:9067)
	at javafx.controls@25.0.2/javafx.scene.control.Button.fire(Button.java:203)
	at javafx.controls@25.0.2/com.sun.javafx.scene.control.behavior.ButtonBehavior.mouseReleased(ButtonBehavior.java:207)
	at javafx.controls@25.0.2/com.sun.javafx.scene.control.inputmap.InputMap.handle(InputMap.java:274)
	at javafx.base@25.0.2/com.sun.javafx.event.CompositeEventHandler$NormalEventHandlerRecord.handleBubblingEvent(CompositeEventHandler.java:247)
	at javafx.base@25.0.2/com.sun.javafx.event.CompositeEventHandler.dispatchBubblingEvent(CompositeEventHandler.java:80)
	at javafx.base@25.0.2/com.sun.javafx.event.EventHandlerManager.dispatchBubblingEvent(EventHandlerManager.java:232)
	at javafx.base@25.0.2/com.sun.javafx.event.EventHandlerManager.dispatchBubblingEvent(EventHandlerManager.java:189)
	at javafx.base@25.0.2/com.sun.javafx.event.CompositeEventDispatcher.dispatchBubblingEvent(CompositeEventDispatcher.java:59)
	at javafx.base@25.0.2/com.sun.javafx.event.BasicEventDispatcher.dispatchEvent(BasicEventDispatcher.java:58)
	at javafx.base@25.0.2/com.sun.javafx.event.EventDispatchChainImpl.dispatchEvent(EventDispatchChainImpl.java:114)
	at javafx.base@25.0.2/com.sun.javafx.event.BasicEventDispatcher.dispatchEvent(BasicEventDispatcher.java:56)
	at javafx.base@25.0.2/com.sun.javafx.event.EventDispatchChainImpl.dispatchEvent(EventDispatchChainImpl.java:114)
	at javafx.base@25.0.2/com.sun.javafx.event.BasicEventDispatcher.dispatchEvent(BasicEventDispatcher.java:56)
	at javafx.base@25.0.2/com.sun.javafx.event.EventDispatchChainImpl.dispatchEvent(EventDispatchChainImpl.java:114)
	at javafx.base@25.0.2/com.sun.javafx.event.EventUtil.fireEventImpl(EventUtil.java:74)
	at javafx.base@25.0.2/com.sun.javafx.event.EventUtil.fireEvent(EventUtil.java:54)
	at javafx.base@25.0.2/javafx.event.Event.fireEvent(Event.java:199)
	at javafx.graphics@25.0.2/javafx.scene.Scene$MouseHandler.process(Scene.java:4061)
	at javafx.graphics@25.0.2/javafx.scene.Scene.processMouseEvent(Scene.java:1947)
	at javafx.graphics@25.0.2/javafx.scene.Scene$ScenePeerListener.mouseEvent(Scene.java:2784)
	at javafx.graphics@25.0.2/com.sun.javafx.tk.quantum.GlassViewEventHandler$MouseEventNotification.get(GlassViewEventHandler.java:353)
	at javafx.graphics@25.0.2/com.sun.javafx.tk.quantum.GlassViewEventHandler$MouseEventNotification.get(GlassViewEventHandler.java:255)
	at javafx.graphics@25.0.2/com.sun.javafx.tk.quantum.QuantumToolkit.runWithoutRenderLock(QuantumToolkit.java:424)
	at javafx.graphics@25.0.2/com.sun.javafx.tk.quantum.GlassViewEventHandler.handleMouseEvent(GlassViewEventHandler.java:387)
	at javafx.graphics@25.0.2/com.sun.glass.ui.View.handleMouseEvent(View.java:573)
	at javafx.graphics@25.0.2/com.sun.glass.ui.View.notifyMouse(View.java:975)
	at javafx.graphics@25.0.2/com.sun.glass.ui.win.WinApplication._runLoop(Native Method)
	at javafx.graphics@25.0.2/com.sun.glass.ui.win.WinApplication.lambda$runLoop$0(WinApplication.java:173)
	at java.base/java.lang.Thread.run(Thread.java:1474)
Caused by: javafx.fxml.LoadException: 
unknown path

	at javafx.fxml@25.0.2/javafx.fxml.FXMLLoader.constructLoadException(FXMLLoader.java:2692)
	at javafx.fxml@25.0.2/javafx.fxml.FXMLLoader.loadImpl(FXMLLoader.java:2662)
	at javafx.fxml@25.0.2/javafx.fxml.FXMLLoader.load(FXMLLoader.java:2516)
	at AssetManagementSystem/application.java.manager.form.JavaFxManager.setPage(JavaFxManager.java:88)
	at AssetManagementSystem/application.java.base.BaseFormPage.setPage(BaseFormPage.java:176)
	... 53 common frames omitted
Caused by: java.lang.reflect.InvocationTargetException: null
	at java.base/jdk.internal.reflect.DirectMethodHandleAccessor.invoke(DirectMethodHandleAccessor.java:119)
	at java.base/java.lang.reflect.Method.invoke(Method.java:565)
	at com.sun.javafx.reflect.Trampoline.invoke(MethodUtil.java:65)
	at java.base/jdk.internal.reflect.DirectMethodHandleAccessor.invoke(DirectMethodHandleAccessor.java:104)
	at java.base/java.lang.reflect.Method.invoke(Method.java:565)
	at javafx.base@25.0.2/com.sun.javafx.reflect.MethodUtil.invoke(MethodUtil.java:112)
	at javafx.fxml@25.0.2/com.sun.javafx.fxml.MethodHelper.invoke(MethodHelper.java:78)
	at javafx.fxml@25.0.2/javafx.fxml.FXMLLoader.loadImpl(FXMLLoader.java:2658)
	... 56 common frames omitted
Caused by: java.lang.RuntimeException: [SQL操作クラス] ： SQL Session生成失敗
	at AssetManagementSystem/application.java.manager.MySqlManager.SqlSessionSettings(MySqlManager.java:641)
	at AssetManagementSystem/application.java.manager.MySqlManager.getSqlSessionFactory(MySqlManager.java:181)
	at AssetManagementSystem/application.java.window.masterMaintenance.stockTypeMaster.FormController.initialize(FormController.java:104)
	at java.base/jdk.internal.reflect.DirectMethodHandleAccessor.invoke(DirectMethodHandleAccessor.java:104)
	... 63 common frames omitted
Caused by: org.apache.ibatis.exceptions.PersistenceException: 
### Error building SqlSession.
### The error may exist in application/resources/mapper/StockTypeMasterMapper.xml
### Cause: org.apache.ibatis.builder.BuilderException: Error parsing SQL Mapper Configuration. Cause: org.apache.ibatis.builder.BuilderException: Error parsing Mapper XML. The XML location is 'application/resources/mapper/StockTypeMasterMapper.xml'. Cause: org.apache.ibatis.builder.BuilderException: Error resolving class. Cause: org.apache.ibatis.type.TypeException: Could not resolve type alias 'application.java.base.dbTableModel.StockTypeMasterModel'.  Cause: java.lang.ClassNotFoundException: Cannot find class: application.java.base.dbTableModel.StockTypeMasterModel
	at org.mybatis@3.5.17/org.apache.ibatis.exceptions.ExceptionFactory.wrapException(ExceptionFactory.java:30)
	at org.mybatis@3.5.17/org.apache.ibatis.session.SqlSessionFactoryBuilder.build(SqlSessionFactoryBuilder.java:82)
	at org.mybatis@3.5.17/org.apache.ibatis.session.SqlSessionFactoryBuilder.build(SqlSessionFactoryBuilder.java:66)
	at AssetManagementSystem/application.java.manager.MySqlManager.BuildSqlSession(MySqlManager.java:674)
	at AssetManagementSystem/application.java.manager.MySqlManager.SqlSessionSettings(MySqlManager.java:638)
	... 66 common frames omitted
Caused by: org.apache.ibatis.builder.BuilderException: Error parsing SQL Mapper Configuration. Cause: org.apache.ibatis.builder.BuilderException: Error parsing Mapper XML. The XML location is 'application/resources/mapper/StockTypeMasterMapper.xml'. Cause: org.apache.ibatis.builder.BuilderException: Error resolving class. Cause: org.apache.ibatis.type.TypeException: Could not resolve type alias 'application.java.base.dbTableModel.StockTypeMasterModel'.  Cause: java.lang.ClassNotFoundException: Cannot find class: application.java.base.dbTableModel.StockTypeMasterModel
	at org.mybatis@3.5.17/org.apache.ibatis.builder.xml.XMLConfigBuilder.parseConfiguration(XMLConfigBuilder.java:133)
	at org.mybatis@3.5.17/org.apache.ibatis.builder.xml.XMLConfigBuilder.parse(XMLConfigBuilder.java:110)
	at org.mybatis@3.5.17/org.apache.ibatis.session.SqlSessionFactoryBuilder.build(SqlSessionFactoryBuilder.java:80)
	... 69 common frames omitted
Caused by: org.apache.ibatis.builder.BuilderException: Error parsing Mapper XML. The XML location is 'application/resources/mapper/StockTypeMasterMapper.xml'. Cause: org.apache.ibatis.builder.BuilderException: Error resolving class. Cause: org.apache.ibatis.type.TypeException: Could not resolve type alias 'application.java.base.dbTableModel.StockTypeMasterModel'.  Cause: java.lang.ClassNotFoundException: Cannot find class: application.java.base.dbTableModel.StockTypeMasterModel
	at org.mybatis@3.5.17/org.apache.ibatis.builder.xml.XMLMapperBuilder.configurationElement(XMLMapperBuilder.java:125)
	at org.mybatis@3.5.17/org.apache.ibatis.builder.xml.XMLMapperBuilder.parse(XMLMapperBuilder.java:98)
	at org.mybatis@3.5.17/org.apache.ibatis.builder.annotation.MapperAnnotationBuilder.loadXmlResource(MapperAnnotationBuilder.java:164)
	at org.mybatis@3.5.17/org.apache.ibatis.builder.annotation.MapperAnnotationBuilder.parse(MapperAnnotationBuilder.java:117)
	at org.mybatis@3.5.17/org.apache.ibatis.binding.MapperRegistry.addMapper(MapperRegistry.java:72)
	at org.mybatis@3.5.17/org.apache.ibatis.session.Configuration.addMapper(Configuration.java:943)
	at org.mybatis@3.5.17/org.apache.ibatis.builder.xml.XMLConfigBuilder.mappersElement(XMLConfigBuilder.java:416)
	at org.mybatis@3.5.17/org.apache.ibatis.builder.xml.XMLConfigBuilder.parseConfiguration(XMLConfigBuilder.java:131)
	... 71 common frames omitted
Caused by: org.apache.ibatis.builder.BuilderException: Error resolving class. Cause: org.apache.ibatis.type.TypeException: Could not resolve type alias 'application.java.base.dbTableModel.StockTypeMasterModel'.  Cause: java.lang.ClassNotFoundException: Cannot find class: application.java.base.dbTableModel.StockTypeMasterModel
	at org.mybatis@3.5.17/org.apache.ibatis.builder.BaseBuilder.resolveClass(BaseBuilder.java:103)
	at org.mybatis@3.5.17/org.apache.ibatis.builder.xml.XMLStatementBuilder.parseStatementNode(XMLStatementBuilder.java:78)
	at org.mybatis@3.5.17/org.apache.ibatis.builder.xml.XMLMapperBuilder.buildStatementFromContext(XMLMapperBuilder.java:141)
	at org.mybatis@3.5.17/org.apache.ibatis.builder.xml.XMLMapperBuilder.buildStatementFromContext(XMLMapperBuilder.java:133)
	at org.mybatis@3.5.17/org.apache.ibatis.builder.xml.XMLMapperBuilder.configurationElement(XMLMapperBuilder.java:123)
	... 78 common frames omitted
Caused by: org.apache.ibatis.type.TypeException: Could not resolve type alias 'application.java.base.dbTableModel.StockTypeMasterModel'.  Cause: java.lang.ClassNotFoundException: Cannot find class: application.java.base.dbTableModel.StockTypeMasterModel
	at org.mybatis@3.5.17/org.apache.ibatis.type.TypeAliasRegistry.resolveAlias(TypeAliasRegistry.java:128)
	at org.mybatis@3.5.17/org.apache.ibatis.builder.BaseBuilder.resolveAlias(BaseBuilder.java:132)
	at org.mybatis@3.5.17/org.apache.ibatis.builder.BaseBuilder.resolveClass(BaseBuilder.java:101)
	... 82 common frames omitted
Caused by: java.lang.ClassNotFoundException: Cannot find class: application.java.base.dbTableModel.StockTypeMasterModel
	at org.mybatis@3.5.17/org.apache.ibatis.io.ClassLoaderWrapper.classForName(ClassLoaderWrapper.java:226)
	at org.mybatis@3.5.17/org.apache.ibatis.io.ClassLoaderWrapper.classForName(ClassLoaderWrapper.java:103)
	at org.mybatis@3.5.17/org.apache.ibatis.io.Resources.classForName(Resources.java:322)
	at org.mybatis@3.5.17/org.apache.ibatis.type.TypeAliasRegistry.resolveAlias(TypeAliasRegistry.java:124)
	... 84 common frames omitted
2026-04-01 10:05:49 [JavaFX Application Thread] DEBUG application.java.manager.LogManager - [SQL操作クラス] ： 非同期処理 スレッドプール解放
2026-04-01 10:05:49 [JavaFX Application Thread] INFO  application.java.manager.LogManager - 終了処理 : 完了
2026-04-01 10:06:31 [main] INFO  application.java.manager.LogManager - 備品管理システム : 起動
2026-04-01 10:06:31 [JavaFX Application Thread] INFO  application.java.manager.LogManager - 開始処理 : 画面ウィンドウ枠生成
2026-04-01 10:06:31 [JavaFX Application Thread] INFO  application.java.manager.LogManager - [備品管理システム メニュー画面] ： 初期化処理
2026-04-01 10:06:31 [JavaFX Application Thread] INFO  application.java.manager.LogManager - 画面展開 [setPage] ： 画面設定・表示処理 開始
2026-04-01 10:06:31 [JavaFX Application Thread] DEBUG application.java.manager.LogManager - Window切替 [setWindowFrame] : TRANSPARENT(透明枠・背景色透明)
2026-04-01 10:06:31 [JavaFX Application Thread] INFO  application.java.manager.LogManager - /application/resources/css/MenuMacFinderStyle.css

2026-04-01 10:06:31 [JavaFX Application Thread] INFO  application.java.manager.LogManager - 画面展開 [setPage] : 備品管理システム メニュー画面
2026-04-01 10:06:33 [JavaFX Application Thread] INFO  application.java.manager.LogManager - [備品管理システム メニュー画面] ： [マスタメンテナンス]ボタン押下
2026-04-01 10:06:34 [JavaFX Application Thread] INFO  application.java.manager.LogManager - [備品管理システム メニュー画面] ： [備品分類マスタ メンテナンス]ボタン押下
2026-04-01 10:06:34 [JavaFX Application Thread] INFO  application.java.manager.LogManager - [備品分類マスタ メンテナンス] ： 初期化処理
2026-04-01 10:06:34 [JavaFX Application Thread] INFO  application.java.manager.LogManager - スライドショーのTimelineを停止しました
2026-04-01 10:06:34 [JavaFX Application Thread] INFO  application.java.manager.LogManager - 呼出中[Page](備品管理システム メニュー画面)の終了処理(dispose)を実行
2026-04-01 10:06:34 [JavaFX Application Thread] INFO  application.java.manager.LogManager - 画面展開 [setPage] ： 画面設定・表示処理 開始
2026-04-01 10:06:34 [JavaFX Application Thread] DEBUG application.java.manager.LogManager - Window切替 [setWindowFrame] : DECORATED(標準)
2026-04-01 10:06:34 [JavaFX Application Thread] INFO  application.java.manager.LogManager - [SQL操作クラス] ： 非同期処理 スレッドプール作成
2026-04-01 10:06:34 [JavaFX Application Thread] INFO  application.java.manager.LogManager - [SQL操作クラス] ： SQL Session生成
2026-04-01 10:06:34 [JavaFX Application Thread] DEBUG application.java.manager.LogManager - [SQL操作クラス] ： mybatis有効化
2026-04-01 10:06:34 [JavaFX Application Thread] DEBUG o.apache.ibatis.logging.LogFactory - Logging initialized using 'class org.apache.ibatis.logging.slf4j.Slf4jImpl' adapter.
2026-04-01 10:06:34 [JavaFX Application Thread] DEBUG o.apache.ibatis.logging.LogFactory - Logging initialized using 'class org.apache.ibatis.logging.slf4j.Slf4jImpl' adapter.
2026-04-01 10:06:34 [JavaFX Application Thread] DEBUG com.zaxxer.hikari.util.UtilityElf - Class com.mysql.cj.jdbc.Driver found in Thread context class loader jdk.internal.loader.ClassLoaders$AppClassLoader@568db2f2
2026-04-01 10:06:34 [JavaFX Application Thread] DEBUG application.java.manager.LogManager - [備品分類マスタ メンテナンス] ： リスト表示処理
2026-04-01 10:06:34 [JavaFX Application Thread] DEBUG application.java.manager.LogManager - [SQL操作クラス] ： 非同期処理 SELECT句発行
2026-04-01 10:06:34 [Thread-3] DEBUG application.java.manager.LogManager - [SQL操作クラス] ： SELECT句発行
2026-04-01 10:06:34 [Thread-3] DEBUG application.java.manager.LogManager - [備品分類マスタ メンテナンス] ： DB 備品分類マスタ取得処理
2026-04-01 10:06:34 [Thread-3] DEBUG o.a.i.t.jdbc.JdbcTransaction - Opening JDBC Connection
2026-04-01 10:06:34 [Thread-3] DEBUG com.zaxxer.hikari.HikariConfig - HikariPool-1 - configuration:
2026-04-01 10:06:34 [JavaFX Application Thread] INFO  application.java.manager.LogManager - /application/resources/css/StockTypeMasterStyle.css

2026-04-01 10:06:34 [JavaFX Application Thread] INFO  application.java.manager.LogManager - 画面展開 [setPage] : 備品分類マスタ メンテナンス
2026-04-01 10:06:34 [Thread-3] DEBUG com.zaxxer.hikari.HikariConfig - allowPoolSuspension.............false
2026-04-01 10:06:34 [Thread-3] DEBUG com.zaxxer.hikari.HikariConfig - autoCommit......................true
2026-04-01 10:06:34 [Thread-3] DEBUG com.zaxxer.hikari.HikariConfig - catalog.........................none
2026-04-01 10:06:34 [Thread-3] DEBUG com.zaxxer.hikari.HikariConfig - connectionInitSql...............none
2026-04-01 10:06:34 [Thread-3] DEBUG com.zaxxer.hikari.HikariConfig - connectionTestQuery.............none
2026-04-01 10:06:34 [Thread-3] DEBUG com.zaxxer.hikari.HikariConfig - connectionTimeout...............30000
2026-04-01 10:06:34 [Thread-3] DEBUG com.zaxxer.hikari.HikariConfig - credentials.....................com.zaxxer.hikari.util.Credentials@7a4b0ec5
2026-04-01 10:06:34 [Thread-3] DEBUG com.zaxxer.hikari.HikariConfig - credentialsProvider.............none
2026-04-01 10:06:34 [Thread-3] DEBUG com.zaxxer.hikari.HikariConfig - credentialsProviderClassName....none
2026-04-01 10:06:34 [Thread-3] DEBUG com.zaxxer.hikari.HikariConfig - dataSource......................none
2026-04-01 10:06:34 [Thread-3] DEBUG com.zaxxer.hikari.HikariConfig - dataSourceClassName.............none
2026-04-01 10:06:34 [Thread-3] DEBUG com.zaxxer.hikari.HikariConfig - dataSourceJNDI..................none
2026-04-01 10:06:34 [Thread-3] DEBUG com.zaxxer.hikari.HikariConfig - dataSourceProperties............{password=<masked>}
2026-04-01 10:06:34 [Thread-3] DEBUG com.zaxxer.hikari.HikariConfig - driverClassName................."com.mysql.cj.jdbc.Driver"
2026-04-01 10:06:34 [Thread-3] DEBUG com.zaxxer.hikari.HikariConfig - exceptionOverride...............none
2026-04-01 10:06:34 [Thread-3] DEBUG com.zaxxer.hikari.HikariConfig - exceptionOverrideClassName......none
2026-04-01 10:06:34 [Thread-3] DEBUG com.zaxxer.hikari.HikariConfig - healthCheckProperties...........{}
2026-04-01 10:06:34 [Thread-3] DEBUG com.zaxxer.hikari.HikariConfig - healthCheckRegistry.............none
2026-04-01 10:06:34 [Thread-3] DEBUG com.zaxxer.hikari.HikariConfig - idleTimeout.....................600000
2026-04-01 10:06:34 [Thread-3] DEBUG com.zaxxer.hikari.HikariConfig - initializationFailTimeout.......1
2026-04-01 10:06:34 [Thread-3] DEBUG com.zaxxer.hikari.HikariConfig - isolateInternalQueries..........false
2026-04-01 10:06:34 [Thread-3] DEBUG com.zaxxer.hikari.HikariConfig - jdbcUrl.........................jdbc:mysql://localhost:3306/test?useUnicode=true&characterEncoding=UTF-8&serverTimezone=GMT%2B9&useSSL=false&allowPublicKeyRetrieval=true&useCursorFetch=true
2026-04-01 10:06:34 [Thread-3] DEBUG com.zaxxer.hikari.HikariConfig - keepaliveTime...................120000
2026-04-01 10:06:34 [Thread-3] DEBUG com.zaxxer.hikari.HikariConfig - leakDetectionThreshold..........0
2026-04-01 10:06:34 [Thread-3] DEBUG com.zaxxer.hikari.HikariConfig - maxLifetime.....................1800000
2026-04-01 10:06:34 [Thread-3] DEBUG com.zaxxer.hikari.HikariConfig - maximumPoolSize.................20
2026-04-01 10:06:34 [Thread-3] DEBUG com.zaxxer.hikari.HikariConfig - metricRegistry..................none
2026-04-01 10:06:34 [Thread-3] DEBUG com.zaxxer.hikari.HikariConfig - metricsTrackerFactory...........none
2026-04-01 10:06:34 [Thread-3] DEBUG com.zaxxer.hikari.HikariConfig - minimumIdle.....................20
2026-04-01 10:06:34 [Thread-3] DEBUG com.zaxxer.hikari.HikariConfig - password........................<masked>
2026-04-01 10:06:34 [Thread-3] DEBUG com.zaxxer.hikari.HikariConfig - poolName........................"HikariPool-1"
2026-04-01 10:06:34 [Thread-3] DEBUG com.zaxxer.hikari.HikariConfig - readOnly........................false
2026-04-01 10:06:34 [Thread-3] DEBUG com.zaxxer.hikari.HikariConfig - registerMbeans..................false
2026-04-01 10:06:34 [Thread-3] DEBUG com.zaxxer.hikari.HikariConfig - scheduledExecutor...............none
2026-04-01 10:06:34 [Thread-3] DEBUG com.zaxxer.hikari.HikariConfig - schema..........................none
2026-04-01 10:06:34 [Thread-3] DEBUG com.zaxxer.hikari.HikariConfig - threadFactory...................internal
2026-04-01 10:06:34 [Thread-3] DEBUG com.zaxxer.hikari.HikariConfig - transactionIsolation............default
2026-04-01 10:06:34 [Thread-3] DEBUG com.zaxxer.hikari.HikariConfig - username........................"app2"
2026-04-01 10:06:34 [Thread-3] DEBUG com.zaxxer.hikari.HikariConfig - validationTimeout...............5000
2026-04-01 10:06:34 [Thread-3] INFO  com.zaxxer.hikari.HikariDataSource - HikariPool-1 - Starting...
2026-04-01 10:06:34 [Thread-3] DEBUG com.zaxxer.hikari.pool.PoolBase - HikariPool-1 - Attempting to create/setup new connection (07925a03-ce12-4ce7-9eba-3f6b7b16b6ea)
2026-04-01 10:06:34 [Thread-3] DEBUG com.zaxxer.hikari.pool.PoolBase - HikariPool-1 - Established new connection (07925a03-ce12-4ce7-9eba-3f6b7b16b6ea)
2026-04-01 10:06:34 [Thread-3] INFO  com.zaxxer.hikari.pool.HikariPool - HikariPool-1 - Added connection com.mysql.cj.jdbc.ConnectionImpl@2a3223f7
2026-04-01 10:06:34 [Thread-3] INFO  com.zaxxer.hikari.HikariDataSource - HikariPool-1 - Start completed.
2026-04-01 10:06:34 [Thread-3] DEBUG o.a.i.t.jdbc.JdbcTransaction - Setting autocommit to false on JDBC Connection [HikariProxyConnection@1304844331 wrapping com.mysql.cj.jdbc.ConnectionImpl@2a3223f7]
2026-04-01 10:06:34 [Thread-3] DEBUG a.r.m.S.selectMaintenance - ==>  Preparing: SELECT STM.id AS stockTypeId, STM.stock_type, STM.stock_code, STM.name AS stockTypeName, STM.del AS delFlg FROM stock_type_master STM WHERE 1 = 1 ORDER BY STM.stock_type, STM.stock_code
2026-04-01 10:06:34 [Thread-3] DEBUG a.r.m.S.selectMaintenance - ==> Parameters: 
2026-04-01 10:06:34 [Thread-3] DEBUG a.r.m.S.selectMaintenance - <==      Total: 17
2026-04-01 10:06:34 [Thread-3] DEBUG o.a.i.t.jdbc.JdbcTransaction - Resetting autocommit to true on JDBC Connection [HikariProxyConnection@1304844331 wrapping com.mysql.cj.jdbc.ConnectionImpl@2a3223f7]
2026-04-01 10:06:34 [Thread-3] DEBUG o.a.i.t.jdbc.JdbcTransaction - Closing JDBC Connection [HikariProxyConnection@1304844331 wrapping com.mysql.cj.jdbc.ConnectionImpl@2a3223f7]
2026-04-01 10:06:34 [HikariPool-1:housekeeper] DEBUG com.zaxxer.hikari.pool.HikariPool - HikariPool-1 - Pool stats (total=1/20, idle=1/20, active=0, waiting=0)
2026-04-01 10:06:34 [HikariPool-1:connection-adder] DEBUG com.zaxxer.hikari.pool.PoolBase - HikariPool-1 - Attempting to create/setup new connection (9a87e683-2ec5-4eec-bbee-942944aec42a)
2026-04-01 10:06:34 [HikariPool-1:connection-adder] DEBUG com.zaxxer.hikari.pool.PoolBase - HikariPool-1 - Established new connection (9a87e683-2ec5-4eec-bbee-942944aec42a)
2026-04-01 10:06:34 [HikariPool-1:connection-adder] DEBUG com.zaxxer.hikari.pool.HikariPool - HikariPool-1 - Added connection com.mysql.cj.jdbc.ConnectionImpl@1c94f9c3
2026-04-01 10:06:34 [HikariPool-1:connection-adder] DEBUG com.zaxxer.hikari.pool.HikariPool - HikariPool-1 - After adding stats (total=2/20, idle=2/20, active=0, waiting=0)
2026-04-01 10:06:34 [HikariPool-1:connection-adder] DEBUG com.zaxxer.hikari.pool.PoolBase - HikariPool-1 - Attempting to create/setup new connection (ec78d268-1751-49d2-9cc9-b949cc35b4fc)
2026-04-01 10:06:34 [HikariPool-1:connection-adder] DEBUG com.zaxxer.hikari.pool.PoolBase - HikariPool-1 - Established new connection (ec78d268-1751-49d2-9cc9-b949cc35b4fc)
2026-04-01 10:06:34 [HikariPool-1:connection-adder] DEBUG com.zaxxer.hikari.pool.HikariPool - HikariPool-1 - Added connection com.mysql.cj.jdbc.ConnectionImpl@575fd969
2026-04-01 10:06:34 [HikariPool-1:connection-adder] DEBUG com.zaxxer.hikari.pool.HikariPool - HikariPool-1 - After adding stats (total=3/20, idle=3/20, active=0, waiting=0)
2026-04-01 10:06:34 [HikariPool-1:connection-adder] DEBUG com.zaxxer.hikari.pool.PoolBase - HikariPool-1 - Attempting to create/setup new connection (6a0a0f1b-cf69-4089-b8c3-77caf9853181)
2026-04-01 10:06:34 [HikariPool-1:connection-adder] DEBUG com.zaxxer.hikari.pool.PoolBase - HikariPool-1 - Established new connection (6a0a0f1b-cf69-4089-b8c3-77caf9853181)
2026-04-01 10:06:34 [HikariPool-1:connection-adder] DEBUG com.zaxxer.hikari.pool.HikariPool - HikariPool-1 - Added connection com.mysql.cj.jdbc.ConnectionImpl@2fa21c88
2026-04-01 10:06:34 [HikariPool-1:connection-adder] DEBUG com.zaxxer.hikari.pool.HikariPool - HikariPool-1 - After adding stats (total=4/20, idle=4/20, active=0, waiting=0)
2026-04-01 10:06:34 [HikariPool-1:connection-adder] DEBUG com.zaxxer.hikari.pool.PoolBase - HikariPool-1 - Attempting to create/setup new connection (12f05f2f-57ef-40fe-9e51-e803af625492)
2026-04-01 10:06:34 [HikariPool-1:connection-adder] DEBUG com.zaxxer.hikari.pool.PoolBase - HikariPool-1 - Established new connection (12f05f2f-57ef-40fe-9e51-e803af625492)
2026-04-01 10:06:34 [HikariPool-1:connection-adder] DEBUG com.zaxxer.hikari.pool.HikariPool - HikariPool-1 - Added connection com.mysql.cj.jdbc.ConnectionImpl@14bb1eff
2026-04-01 10:06:34 [HikariPool-1:connection-adder] DEBUG com.zaxxer.hikari.pool.HikariPool - HikariPool-1 - After adding stats (total=5/20, idle=5/20, active=0, waiting=0)
2026-04-01 10:06:34 [HikariPool-1:connection-adder] DEBUG com.zaxxer.hikari.pool.PoolBase - HikariPool-1 - Attempting to create/setup new connection (ea7905e5-6b86-45d0-92fa-8f02ade92543)
2026-04-01 10:06:34 [HikariPool-1:connection-adder] DEBUG com.zaxxer.hikari.pool.PoolBase - HikariPool-1 - Established new connection (ea7905e5-6b86-45d0-92fa-8f02ade92543)
2026-04-01 10:06:34 [HikariPool-1:connection-adder] DEBUG com.zaxxer.hikari.pool.HikariPool - HikariPool-1 - Added connection com.mysql.cj.jdbc.ConnectionImpl@34a6941f
2026-04-01 10:06:35 [HikariPool-1:connection-adder] DEBUG com.zaxxer.hikari.pool.HikariPool - HikariPool-1 - After adding stats (total=6/20, idle=6/20, active=0, waiting=0)
2026-04-01 10:06:35 [HikariPool-1:connection-adder] DEBUG com.zaxxer.hikari.pool.PoolBase - HikariPool-1 - Attempting to create/setup new connection (0f2c3cbe-be26-4949-8827-04b4bbe69f46)
2026-04-01 10:06:35 [HikariPool-1:connection-adder] DEBUG com.zaxxer.hikari.pool.PoolBase - HikariPool-1 - Established new connection (0f2c3cbe-be26-4949-8827-04b4bbe69f46)
2026-04-01 10:06:35 [HikariPool-1:connection-adder] DEBUG com.zaxxer.hikari.pool.HikariPool - HikariPool-1 - Added connection com.mysql.cj.jdbc.ConnectionImpl@754878a8
2026-04-01 10:06:35 [HikariPool-1:connection-adder] DEBUG com.zaxxer.hikari.pool.HikariPool - HikariPool-1 - After adding stats (total=7/20, idle=7/20, active=0, waiting=0)
2026-04-01 10:06:35 [HikariPool-1:connection-adder] DEBUG com.zaxxer.hikari.pool.PoolBase - HikariPool-1 - Attempting to create/setup new connection (56fc5af1-a854-43e0-9798-4d1649ddafbd)
2026-04-01 10:06:35 [HikariPool-1:connection-adder] DEBUG com.zaxxer.hikari.pool.PoolBase - HikariPool-1 - Established new connection (56fc5af1-a854-43e0-9798-4d1649ddafbd)
2026-04-01 10:06:35 [HikariPool-1:connection-adder] DEBUG com.zaxxer.hikari.pool.HikariPool - HikariPool-1 - Added connection com.mysql.cj.jdbc.ConnectionImpl@21ba10e
2026-04-01 10:06:35 [HikariPool-1:connection-adder] DEBUG com.zaxxer.hikari.pool.HikariPool - HikariPool-1 - After adding stats (total=8/20, idle=8/20, active=0, waiting=0)
2026-04-01 10:06:35 [HikariPool-1:connection-adder] DEBUG com.zaxxer.hikari.pool.PoolBase - HikariPool-1 - Attempting to create/setup new connection (cd7f084d-c18c-4ce0-8b28-1048f7b2cbe8)
2026-04-01 10:06:35 [HikariPool-1:connection-adder] DEBUG com.zaxxer.hikari.pool.PoolBase - HikariPool-1 - Established new connection (cd7f084d-c18c-4ce0-8b28-1048f7b2cbe8)
2026-04-01 10:06:35 [HikariPool-1:connection-adder] DEBUG com.zaxxer.hikari.pool.HikariPool - HikariPool-1 - Added connection com.mysql.cj.jdbc.ConnectionImpl@4b3bea60
2026-04-01 10:06:35 [HikariPool-1:connection-adder] DEBUG com.zaxxer.hikari.pool.HikariPool - HikariPool-1 - After adding stats (total=9/20, idle=9/20, active=0, waiting=0)
2026-04-01 10:06:35 [HikariPool-1:connection-adder] DEBUG com.zaxxer.hikari.pool.PoolBase - HikariPool-1 - Attempting to create/setup new connection (2a18a66d-637b-4e1b-8c5f-f5a80d76f240)
2026-04-01 10:06:35 [HikariPool-1:connection-adder] DEBUG com.zaxxer.hikari.pool.PoolBase - HikariPool-1 - Established new connection (2a18a66d-637b-4e1b-8c5f-f5a80d76f240)
2026-04-01 10:06:35 [HikariPool-1:connection-adder] DEBUG com.zaxxer.hikari.pool.HikariPool - HikariPool-1 - Added connection com.mysql.cj.jdbc.ConnectionImpl@785f4aaf
2026-04-01 10:06:35 [HikariPool-1:connection-adder] DEBUG com.zaxxer.hikari.pool.HikariPool - HikariPool-1 - After adding stats (total=10/20, idle=10/20, active=0, waiting=0)
2026-04-01 10:06:35 [HikariPool-1:connection-adder] DEBUG com.zaxxer.hikari.pool.PoolBase - HikariPool-1 - Attempting to create/setup new connection (d9e4c8b8-ce52-4642-a132-d543bc9195fe)
2026-04-01 10:06:35 [HikariPool-1:connection-adder] DEBUG com.zaxxer.hikari.pool.PoolBase - HikariPool-1 - Established new connection (d9e4c8b8-ce52-4642-a132-d543bc9195fe)
2026-04-01 10:06:35 [HikariPool-1:connection-adder] DEBUG com.zaxxer.hikari.pool.HikariPool - HikariPool-1 - Added connection com.mysql.cj.jdbc.ConnectionImpl@135e154a
2026-04-01 10:06:35 [HikariPool-1:connection-adder] DEBUG com.zaxxer.hikari.pool.HikariPool - HikariPool-1 - After adding stats (total=11/20, idle=11/20, active=0, waiting=0)
2026-04-01 10:06:35 [HikariPool-1:connection-adder] DEBUG com.zaxxer.hikari.pool.PoolBase - HikariPool-1 - Attempting to create/setup new connection (910ca834-11d0-443a-863c-40d2fd966091)
2026-04-01 10:06:35 [HikariPool-1:connection-adder] DEBUG com.zaxxer.hikari.pool.PoolBase - HikariPool-1 - Established new connection (910ca834-11d0-443a-863c-40d2fd966091)
2026-04-01 10:06:35 [HikariPool-1:connection-adder] DEBUG com.zaxxer.hikari.pool.HikariPool - HikariPool-1 - Added connection com.mysql.cj.jdbc.ConnectionImpl@2a9ad130
2026-04-01 10:06:35 [HikariPool-1:connection-adder] DEBUG com.zaxxer.hikari.pool.HikariPool - HikariPool-1 - After adding stats (total=12/20, idle=12/20, active=0, waiting=0)
2026-04-01 10:06:35 [HikariPool-1:connection-adder] DEBUG com.zaxxer.hikari.pool.PoolBase - HikariPool-1 - Attempting to create/setup new connection (bc06f55d-76c8-4a33-8ef9-d3288c78dfef)
2026-04-01 10:06:35 [HikariPool-1:connection-adder] DEBUG com.zaxxer.hikari.pool.PoolBase - HikariPool-1 - Established new connection (bc06f55d-76c8-4a33-8ef9-d3288c78dfef)
2026-04-01 10:06:35 [HikariPool-1:connection-adder] DEBUG com.zaxxer.hikari.pool.HikariPool - HikariPool-1 - Added connection com.mysql.cj.jdbc.ConnectionImpl@5a054e5d
2026-04-01 10:06:35 [HikariPool-1:connection-adder] DEBUG com.zaxxer.hikari.pool.HikariPool - HikariPool-1 - After adding stats (total=13/20, idle=13/20, active=0, waiting=0)
2026-04-01 10:06:35 [HikariPool-1:connection-adder] DEBUG com.zaxxer.hikari.pool.PoolBase - HikariPool-1 - Attempting to create/setup new connection (26a28e03-21e8-4a64-8a72-32a26c74a96d)
2026-04-01 10:06:35 [HikariPool-1:connection-adder] DEBUG com.zaxxer.hikari.pool.PoolBase - HikariPool-1 - Established new connection (26a28e03-21e8-4a64-8a72-32a26c74a96d)
2026-04-01 10:06:35 [HikariPool-1:connection-adder] DEBUG com.zaxxer.hikari.pool.HikariPool - HikariPool-1 - Added connection com.mysql.cj.jdbc.ConnectionImpl@1922786e
2026-04-01 10:06:35 [HikariPool-1:connection-adder] DEBUG com.zaxxer.hikari.pool.HikariPool - HikariPool-1 - After adding stats (total=14/20, idle=14/20, active=0, waiting=0)
2026-04-01 10:06:35 [HikariPool-1:connection-adder] DEBUG com.zaxxer.hikari.pool.PoolBase - HikariPool-1 - Attempting to create/setup new connection (28ace6d8-54df-4a83-981b-6841bfee6be6)
2026-04-01 10:06:35 [HikariPool-1:connection-adder] DEBUG com.zaxxer.hikari.pool.PoolBase - HikariPool-1 - Established new connection (28ace6d8-54df-4a83-981b-6841bfee6be6)
2026-04-01 10:06:35 [HikariPool-1:connection-adder] DEBUG com.zaxxer.hikari.pool.HikariPool - HikariPool-1 - Added connection com.mysql.cj.jdbc.ConnectionImpl@475a95c2
2026-04-01 10:06:35 [HikariPool-1:connection-adder] DEBUG com.zaxxer.hikari.pool.HikariPool - HikariPool-1 - After adding stats (total=15/20, idle=15/20, active=0, waiting=0)
2026-04-01 10:06:35 [HikariPool-1:connection-adder] DEBUG com.zaxxer.hikari.pool.PoolBase - HikariPool-1 - Attempting to create/setup new connection (1767cffd-9180-4b1a-93d2-2814103d66eb)
2026-04-01 10:06:35 [HikariPool-1:connection-adder] DEBUG com.zaxxer.hikari.pool.PoolBase - HikariPool-1 - Established new connection (1767cffd-9180-4b1a-93d2-2814103d66eb)
2026-04-01 10:06:35 [HikariPool-1:connection-adder] DEBUG com.zaxxer.hikari.pool.HikariPool - HikariPool-1 - Added connection com.mysql.cj.jdbc.ConnectionImpl@41c5038a
2026-04-01 10:06:35 [HikariPool-1:connection-adder] DEBUG com.zaxxer.hikari.pool.HikariPool - HikariPool-1 - After adding stats (total=16/20, idle=16/20, active=0, waiting=0)
2026-04-01 10:06:35 [HikariPool-1:connection-adder] DEBUG com.zaxxer.hikari.pool.PoolBase - HikariPool-1 - Attempting to create/setup new connection (89cdb343-993f-4fec-a705-966fb7da2fe8)
2026-04-01 10:06:35 [HikariPool-1:connection-adder] DEBUG com.zaxxer.hikari.pool.PoolBase - HikariPool-1 - Established new connection (89cdb343-993f-4fec-a705-966fb7da2fe8)
2026-04-01 10:06:35 [HikariPool-1:connection-adder] DEBUG com.zaxxer.hikari.pool.HikariPool - HikariPool-1 - Added connection com.mysql.cj.jdbc.ConnectionImpl@fb470ef
2026-04-01 10:06:35 [HikariPool-1:connection-adder] DEBUG com.zaxxer.hikari.pool.HikariPool - HikariPool-1 - After adding stats (total=17/20, idle=17/20, active=0, waiting=0)
2026-04-01 10:06:35 [HikariPool-1:connection-adder] DEBUG com.zaxxer.hikari.pool.PoolBase - HikariPool-1 - Attempting to create/setup new connection (fce6db14-5ae6-438b-b25e-65dcf7f4501f)
2026-04-01 10:06:35 [HikariPool-1:connection-adder] DEBUG com.zaxxer.hikari.pool.PoolBase - HikariPool-1 - Established new connection (fce6db14-5ae6-438b-b25e-65dcf7f4501f)
2026-04-01 10:06:35 [HikariPool-1:connection-adder] DEBUG com.zaxxer.hikari.pool.HikariPool - HikariPool-1 - Added connection com.mysql.cj.jdbc.ConnectionImpl@5a8ae405
2026-04-01 10:06:35 [HikariPool-1:connection-adder] DEBUG com.zaxxer.hikari.pool.HikariPool - HikariPool-1 - After adding stats (total=18/20, idle=18/20, active=0, waiting=0)
2026-04-01 10:06:35 [HikariPool-1:connection-adder] DEBUG com.zaxxer.hikari.pool.PoolBase - HikariPool-1 - Attempting to create/setup new connection (94bb285f-c7d5-4f3c-b872-d540d9107ee3)
2026-04-01 10:06:35 [HikariPool-1:connection-adder] DEBUG com.zaxxer.hikari.pool.PoolBase - HikariPool-1 - Established new connection (94bb285f-c7d5-4f3c-b872-d540d9107ee3)
2026-04-01 10:06:35 [HikariPool-1:connection-adder] DEBUG com.zaxxer.hikari.pool.HikariPool - HikariPool-1 - Added connection com.mysql.cj.jdbc.ConnectionImpl@72d39fca
2026-04-01 10:06:35 [HikariPool-1:connection-adder] DEBUG com.zaxxer.hikari.pool.HikariPool - HikariPool-1 - After adding stats (total=19/20, idle=19/20, active=0, waiting=0)
2026-04-01 10:06:35 [HikariPool-1:connection-adder] DEBUG com.zaxxer.hikari.pool.PoolBase - HikariPool-1 - Attempting to create/setup new connection (81a8b512-9f4c-4007-8114-59b99e117d66)
2026-04-01 10:06:35 [HikariPool-1:connection-adder] DEBUG com.zaxxer.hikari.pool.PoolBase - HikariPool-1 - Established new connection (81a8b512-9f4c-4007-8114-59b99e117d66)
2026-04-01 10:06:35 [HikariPool-1:connection-adder] DEBUG com.zaxxer.hikari.pool.HikariPool - HikariPool-1 - Added connection com.mysql.cj.jdbc.ConnectionImpl@1feb2a1b
2026-04-01 10:06:35 [HikariPool-1:connection-adder] DEBUG com.zaxxer.hikari.pool.HikariPool - HikariPool-1 - After adding stats (total=20/20, idle=20/20, active=0, waiting=0)
2026-04-01 10:06:47 [JavaFX Application Thread] INFO  application.java.manager.LogManager - [備品分類マスタ メンテナンス] ： [メニューに戻る]ボタン押下
2026-04-01 10:06:47 [JavaFX Application Thread] INFO  application.java.manager.LogManager - [備品管理システム メニュー画面] ： 初期化処理
2026-04-01 10:06:47 [JavaFX Application Thread] INFO  application.java.manager.LogManager - 呼出中[Page](備品分類マスタ メンテナンス)の終了処理(dispose)を実行
2026-04-01 10:06:47 [JavaFX Application Thread] INFO  application.java.manager.LogManager - 画面展開 [setPage] ： 画面設定・表示処理 開始
2026-04-01 10:06:47 [JavaFX Application Thread] DEBUG application.java.manager.LogManager - Window切替 [setWindowFrame] : TRANSPARENT(透明枠・背景色透明)
2026-04-01 10:06:47 [JavaFX Application Thread] INFO  application.java.manager.LogManager - /application/resources/css/MenuMacFinderStyle.css

2026-04-01 10:06:47 [JavaFX Application Thread] INFO  application.java.manager.LogManager - 画面展開 [setPage] : 備品管理システム メニュー画面
2026-04-01 10:06:51 [JavaFX Application Thread] DEBUG application.java.manager.LogManager - [SQL操作クラス] ： 非同期処理 スレッドプール解放
2026-04-01 10:06:51 [JavaFX Application Thread] INFO  com.zaxxer.hikari.HikariDataSource - HikariPool-1 - Shutdown initiated...
2026-04-01 10:06:51 [JavaFX Application Thread] DEBUG com.zaxxer.hikari.pool.HikariPool - HikariPool-1 - Before shutdown stats (total=20/20, idle=20/20, active=0, waiting=0)
2026-04-01 10:06:51 [HikariPool-1:connection-closer] DEBUG com.zaxxer.hikari.pool.PoolBase - HikariPool-1 - Closing connection com.mysql.cj.jdbc.ConnectionImpl@2a3223f7: (connection evicted)
2026-04-01 10:06:51 [HikariPool-1:connection-closer] DEBUG com.zaxxer.hikari.pool.PoolBase - HikariPool-1 - Closing connection com.mysql.cj.jdbc.ConnectionImpl@1c94f9c3: (connection evicted)
2026-04-01 10:06:51 [HikariPool-1:connection-closer] DEBUG com.zaxxer.hikari.pool.PoolBase - HikariPool-1 - Closing connection com.mysql.cj.jdbc.ConnectionImpl@575fd969: (connection evicted)
2026-04-01 10:06:51 [HikariPool-1:connection-closer] DEBUG com.zaxxer.hikari.pool.PoolBase - HikariPool-1 - Closing connection com.mysql.cj.jdbc.ConnectionImpl@2fa21c88: (connection evicted)
2026-04-01 10:06:51 [HikariPool-1:connection-closer] DEBUG com.zaxxer.hikari.pool.PoolBase - HikariPool-1 - Closing connection com.mysql.cj.jdbc.ConnectionImpl@14bb1eff: (connection evicted)
2026-04-01 10:06:51 [HikariPool-1:connection-closer] DEBUG com.zaxxer.hikari.pool.PoolBase - HikariPool-1 - Closing connection com.mysql.cj.jdbc.ConnectionImpl@34a6941f: (connection evicted)
2026-04-01 10:06:51 [HikariPool-1:connection-closer] DEBUG com.zaxxer.hikari.pool.PoolBase - HikariPool-1 - Closing connection com.mysql.cj.jdbc.ConnectionImpl@754878a8: (connection evicted)
2026-04-01 10:06:51 [HikariPool-1:connection-closer] DEBUG com.zaxxer.hikari.pool.PoolBase - HikariPool-1 - Closing connection com.mysql.cj.jdbc.ConnectionImpl@21ba10e: (connection evicted)
2026-04-01 10:06:51 [HikariPool-1:connection-closer] DEBUG com.zaxxer.hikari.pool.PoolBase - HikariPool-1 - Closing connection com.mysql.cj.jdbc.ConnectionImpl@4b3bea60: (connection evicted)
2026-04-01 10:06:51 [HikariPool-1:connection-closer] DEBUG com.zaxxer.hikari.pool.PoolBase - HikariPool-1 - Closing connection com.mysql.cj.jdbc.ConnectionImpl@785f4aaf: (connection evicted)
2026-04-01 10:06:51 [HikariPool-1:connection-closer] DEBUG com.zaxxer.hikari.pool.PoolBase - HikariPool-1 - Closing connection com.mysql.cj.jdbc.ConnectionImpl@135e154a: (connection evicted)
2026-04-01 10:06:51 [HikariPool-1:connection-closer] DEBUG com.zaxxer.hikari.pool.PoolBase - HikariPool-1 - Closing connection com.mysql.cj.jdbc.ConnectionImpl@2a9ad130: (connection evicted)
2026-04-01 10:06:51 [HikariPool-1:connection-closer] DEBUG com.zaxxer.hikari.pool.PoolBase - HikariPool-1 - Closing connection com.mysql.cj.jdbc.ConnectionImpl@5a054e5d: (connection evicted)
2026-04-01 10:06:51 [HikariPool-1:connection-closer] DEBUG com.zaxxer.hikari.pool.PoolBase - HikariPool-1 - Closing connection com.mysql.cj.jdbc.ConnectionImpl@1922786e: (connection evicted)
2026-04-01 10:06:51 [HikariPool-1:connection-closer] DEBUG com.zaxxer.hikari.pool.PoolBase - HikariPool-1 - Closing connection com.mysql.cj.jdbc.ConnectionImpl@475a95c2: (connection evicted)
2026-04-01 10:06:51 [HikariPool-1:connection-closer] DEBUG com.zaxxer.hikari.pool.PoolBase - HikariPool-1 - Closing connection com.mysql.cj.jdbc.ConnectionImpl@41c5038a: (connection evicted)
2026-04-01 10:06:51 [HikariPool-1:connection-closer] DEBUG com.zaxxer.hikari.pool.PoolBase - HikariPool-1 - Closing connection com.mysql.cj.jdbc.ConnectionImpl@fb470ef: (connection evicted)
2026-04-01 10:06:51 [HikariPool-1:connection-closer] DEBUG com.zaxxer.hikari.pool.PoolBase - HikariPool-1 - Closing connection com.mysql.cj.jdbc.ConnectionImpl@5a8ae405: (connection evicted)
2026-04-01 10:06:51 [HikariPool-1:connection-closer] DEBUG com.zaxxer.hikari.pool.PoolBase - HikariPool-1 - Closing connection com.mysql.cj.jdbc.ConnectionImpl@72d39fca: (connection evicted)
2026-04-01 10:06:51 [HikariPool-1:connection-closer] DEBUG com.zaxxer.hikari.pool.PoolBase - HikariPool-1 - Closing connection com.mysql.cj.jdbc.ConnectionImpl@1feb2a1b: (connection evicted)
2026-04-01 10:06:51 [JavaFX Application Thread] DEBUG com.zaxxer.hikari.pool.HikariPool - HikariPool-1 - After  shutdown stats (total=0/20, idle=0/20, active=0, waiting=0)
2026-04-01 10:06:51 [JavaFX Application Thread] INFO  com.zaxxer.hikari.HikariDataSource - HikariPool-1 - Shutdown completed.
2026-04-01 10:06:51 [JavaFX Application Thread] DEBUG application.java.manager.LogManager - [SQL操作クラス] ： コネクションプール(HikariCP) Closeing
2026-04-01 10:06:51 [JavaFX Application Thread] INFO  application.java.manager.LogManager - 終了処理 : 完了
2026-04-01 10:08:04 [main] INFO  application.java.manager.LogManager - 備品管理システム : 起動
2026-04-01 10:08:04 [JavaFX Application Thread] INFO  application.java.manager.LogManager - 開始処理 : 画面ウィンドウ枠生成
2026-04-01 10:08:04 [JavaFX Application Thread] INFO  application.java.manager.LogManager - [備品管理システム メニュー画面] ： 初期化処理
2026-04-01 10:08:04 [JavaFX Application Thread] INFO  application.java.manager.LogManager - 画面展開 [setPage] ： 画面設定・表示処理 開始
2026-04-01 10:08:04 [JavaFX Application Thread] DEBUG application.java.manager.LogManager - Window切替 [setWindowFrame] : TRANSPARENT(透明枠・背景色透明)
2026-04-01 10:08:04 [JavaFX Application Thread] INFO  application.java.manager.LogManager - /application/resources/css/MenuMacFinderStyle.css

2026-04-01 10:08:04 [JavaFX Application Thread] INFO  application.java.manager.LogManager - 画面展開 [setPage] : 備品管理システム メニュー画面
2026-04-01 10:08:06 [JavaFX Application Thread] INFO  application.java.manager.LogManager - [備品管理システム メニュー画面] ： [マスタメンテナンス]ボタン押下
2026-04-01 10:08:07 [JavaFX Application Thread] INFO  application.java.manager.LogManager - [備品管理システム メニュー画面] ： [備品分類マスタ メンテナンス]ボタン押下
2026-04-01 10:08:07 [JavaFX Application Thread] INFO  application.java.manager.LogManager - [備品分類マスタ メンテナンス] ： 初期化処理
2026-04-01 10:08:07 [JavaFX Application Thread] INFO  application.java.manager.LogManager - スライドショーのTimelineを停止しました
2026-04-01 10:08:07 [JavaFX Application Thread] INFO  application.java.manager.LogManager - 呼出中[Page](備品管理システム メニュー画面)の終了処理(dispose)を実行
2026-04-01 10:08:07 [JavaFX Application Thread] INFO  application.java.manager.LogManager - 画面展開 [setPage] ： 画面設定・表示処理 開始
2026-04-01 10:08:07 [JavaFX Application Thread] DEBUG application.java.manager.LogManager - Window切替 [setWindowFrame] : DECORATED(標準)
2026-04-01 10:08:07 [JavaFX Application Thread] INFO  application.java.manager.LogManager - [SQL操作クラス] ： 非同期処理 スレッドプール作成
2026-04-01 10:08:07 [JavaFX Application Thread] INFO  application.java.manager.LogManager - [SQL操作クラス] ： SQL Session生成
2026-04-01 10:08:07 [JavaFX Application Thread] DEBUG application.java.manager.LogManager - [SQL操作クラス] ： mybatis有効化
2026-04-01 10:08:07 [JavaFX Application Thread] DEBUG o.apache.ibatis.logging.LogFactory - Logging initialized using 'class org.apache.ibatis.logging.slf4j.Slf4jImpl' adapter.
2026-04-01 10:08:07 [JavaFX Application Thread] DEBUG o.apache.ibatis.logging.LogFactory - Logging initialized using 'class org.apache.ibatis.logging.slf4j.Slf4jImpl' adapter.
2026-04-01 10:08:07 [JavaFX Application Thread] DEBUG com.zaxxer.hikari.util.UtilityElf - Class com.mysql.cj.jdbc.Driver found in Thread context class loader jdk.internal.loader.ClassLoaders$AppClassLoader@568db2f2
2026-04-01 10:08:07 [JavaFX Application Thread] DEBUG application.java.manager.LogManager - [備品分類マスタ メンテナンス] ： リスト表示処理
2026-04-01 10:08:07 [JavaFX Application Thread] DEBUG application.java.manager.LogManager - [SQL操作クラス] ： 非同期処理 SELECT句発行
2026-04-01 10:08:07 [Thread-3] DEBUG application.java.manager.LogManager - [SQL操作クラス] ： SELECT句発行
2026-04-01 10:08:07 [Thread-3] DEBUG application.java.manager.LogManager - [備品分類マスタ メンテナンス] ： DB 備品分類マスタ取得処理
2026-04-01 10:08:07 [JavaFX Application Thread] INFO  application.java.manager.LogManager - /application/resources/css/StockTypeMasterStyle.css

2026-04-01 10:08:07 [JavaFX Application Thread] INFO  application.java.manager.LogManager - 画面展開 [setPage] : 備品分類マスタ メンテナンス
2026-04-01 10:08:07 [Thread-3] DEBUG o.a.i.t.jdbc.JdbcTransaction - Opening JDBC Connection
2026-04-01 10:08:07 [Thread-3] DEBUG com.zaxxer.hikari.HikariConfig - HikariPool-1 - configuration:
2026-04-01 10:08:07 [Thread-3] DEBUG com.zaxxer.hikari.HikariConfig - allowPoolSuspension.............false
2026-04-01 10:08:07 [Thread-3] DEBUG com.zaxxer.hikari.HikariConfig - autoCommit......................true
2026-04-01 10:08:07 [Thread-3] DEBUG com.zaxxer.hikari.HikariConfig - catalog.........................none
2026-04-01 10:08:07 [Thread-3] DEBUG com.zaxxer.hikari.HikariConfig - connectionInitSql...............none
2026-04-01 10:08:07 [Thread-3] DEBUG com.zaxxer.hikari.HikariConfig - connectionTestQuery.............none
2026-04-01 10:08:07 [Thread-3] DEBUG com.zaxxer.hikari.HikariConfig - connectionTimeout...............30000
2026-04-01 10:08:07 [Thread-3] DEBUG com.zaxxer.hikari.HikariConfig - credentials.....................com.zaxxer.hikari.util.Credentials@504b90c
2026-04-01 10:08:07 [Thread-3] DEBUG com.zaxxer.hikari.HikariConfig - credentialsProvider.............none
2026-04-01 10:08:07 [Thread-3] DEBUG com.zaxxer.hikari.HikariConfig - credentialsProviderClassName....none
2026-04-01 10:08:07 [Thread-3] DEBUG com.zaxxer.hikari.HikariConfig - dataSource......................none
2026-04-01 10:08:07 [Thread-3] DEBUG com.zaxxer.hikari.HikariConfig - dataSourceClassName.............none
2026-04-01 10:08:07 [Thread-3] DEBUG com.zaxxer.hikari.HikariConfig - dataSourceJNDI..................none
2026-04-01 10:08:07 [Thread-3] DEBUG com.zaxxer.hikari.HikariConfig - dataSourceProperties............{password=<masked>}
2026-04-01 10:08:07 [Thread-3] DEBUG com.zaxxer.hikari.HikariConfig - driverClassName................."com.mysql.cj.jdbc.Driver"
2026-04-01 10:08:07 [Thread-3] DEBUG com.zaxxer.hikari.HikariConfig - exceptionOverride...............none
2026-04-01 10:08:07 [Thread-3] DEBUG com.zaxxer.hikari.HikariConfig - exceptionOverrideClassName......none
2026-04-01 10:08:07 [Thread-3] DEBUG com.zaxxer.hikari.HikariConfig - healthCheckProperties...........{}
2026-04-01 10:08:07 [Thread-3] DEBUG com.zaxxer.hikari.HikariConfig - healthCheckRegistry.............none
2026-04-01 10:08:07 [Thread-3] DEBUG com.zaxxer.hikari.HikariConfig - idleTimeout.....................600000
2026-04-01 10:08:07 [Thread-3] DEBUG com.zaxxer.hikari.HikariConfig - initializationFailTimeout.......1
2026-04-01 10:08:07 [Thread-3] DEBUG com.zaxxer.hikari.HikariConfig - isolateInternalQueries..........false
2026-04-01 10:08:07 [Thread-3] DEBUG com.zaxxer.hikari.HikariConfig - jdbcUrl.........................jdbc:mysql://localhost:3306/test?useUnicode=true&characterEncoding=UTF-8&serverTimezone=GMT%2B9&useSSL=false&allowPublicKeyRetrieval=true&useCursorFetch=true
2026-04-01 10:08:07 [Thread-3] DEBUG com.zaxxer.hikari.HikariConfig - keepaliveTime...................120000
2026-04-01 10:08:07 [Thread-3] DEBUG com.zaxxer.hikari.HikariConfig - leakDetectionThreshold..........0
2026-04-01 10:08:07 [Thread-3] DEBUG com.zaxxer.hikari.HikariConfig - maxLifetime.....................1800000
2026-04-01 10:08:07 [Thread-3] DEBUG com.zaxxer.hikari.HikariConfig - maximumPoolSize.................20
2026-04-01 10:08:07 [Thread-3] DEBUG com.zaxxer.hikari.HikariConfig - metricRegistry..................none
2026-04-01 10:08:07 [Thread-3] DEBUG com.zaxxer.hikari.HikariConfig - metricsTrackerFactory...........none
2026-04-01 10:08:07 [Thread-3] DEBUG com.zaxxer.hikari.HikariConfig - minimumIdle.....................20
2026-04-01 10:08:07 [Thread-3] DEBUG com.zaxxer.hikari.HikariConfig - password........................<masked>
2026-04-01 10:08:07 [Thread-3] DEBUG com.zaxxer.hikari.HikariConfig - poolName........................"HikariPool-1"
2026-04-01 10:08:07 [Thread-3] DEBUG com.zaxxer.hikari.HikariConfig - readOnly........................false
2026-04-01 10:08:07 [Thread-3] DEBUG com.zaxxer.hikari.HikariConfig - registerMbeans..................false
2026-04-01 10:08:07 [Thread-3] DEBUG com.zaxxer.hikari.HikariConfig - scheduledExecutor...............none
2026-04-01 10:08:07 [Thread-3] DEBUG com.zaxxer.hikari.HikariConfig - schema..........................none
2026-04-01 10:08:07 [Thread-3] DEBUG com.zaxxer.hikari.HikariConfig - threadFactory...................internal
2026-04-01 10:08:07 [Thread-3] DEBUG com.zaxxer.hikari.HikariConfig - transactionIsolation............default
2026-04-01 10:08:07 [Thread-3] DEBUG com.zaxxer.hikari.HikariConfig - username........................"app2"
2026-04-01 10:08:07 [Thread-3] DEBUG com.zaxxer.hikari.HikariConfig - validationTimeout...............5000
2026-04-01 10:08:07 [Thread-3] INFO  com.zaxxer.hikari.HikariDataSource - HikariPool-1 - Starting...
2026-04-01 10:08:07 [Thread-3] DEBUG com.zaxxer.hikari.pool.PoolBase - HikariPool-1 - Attempting to create/setup new connection (99382de8-1a27-4132-b7e9-21ad5e6b5803)
2026-04-01 10:08:07 [Thread-3] DEBUG com.zaxxer.hikari.pool.PoolBase - HikariPool-1 - Established new connection (99382de8-1a27-4132-b7e9-21ad5e6b5803)
2026-04-01 10:08:07 [Thread-3] INFO  com.zaxxer.hikari.pool.HikariPool - HikariPool-1 - Added connection com.mysql.cj.jdbc.ConnectionImpl@48a2b055
2026-04-01 10:08:07 [Thread-3] INFO  com.zaxxer.hikari.HikariDataSource - HikariPool-1 - Start completed.
2026-04-01 10:08:07 [Thread-3] DEBUG o.a.i.t.jdbc.JdbcTransaction - Setting autocommit to false on JDBC Connection [HikariProxyConnection@550169626 wrapping com.mysql.cj.jdbc.ConnectionImpl@48a2b055]
2026-04-01 10:08:07 [Thread-3] DEBUG a.r.m.S.selectMaintenance - ==>  Preparing: SELECT STM.id AS stockTypeId, STM.stock_type, STM.stock_code, STM.name AS stockTypeName, STM.del AS delFlg FROM stock_type_master STM WHERE 1 = 1 ORDER BY STM.stock_type, STM.stock_code
2026-04-01 10:08:07 [Thread-3] DEBUG a.r.m.S.selectMaintenance - ==> Parameters: 
2026-04-01 10:08:07 [Thread-3] DEBUG a.r.m.S.selectMaintenance - <==      Total: 17
2026-04-01 10:08:07 [Thread-3] DEBUG o.a.i.t.jdbc.JdbcTransaction - Resetting autocommit to true on JDBC Connection [HikariProxyConnection@550169626 wrapping com.mysql.cj.jdbc.ConnectionImpl@48a2b055]
2026-04-01 10:08:07 [Thread-3] DEBUG o.a.i.t.jdbc.JdbcTransaction - Closing JDBC Connection [HikariProxyConnection@550169626 wrapping com.mysql.cj.jdbc.ConnectionImpl@48a2b055]
2026-04-01 10:08:07 [HikariPool-1:housekeeper] DEBUG com.zaxxer.hikari.pool.HikariPool - HikariPool-1 - Pool stats (total=1/20, idle=1/20, active=0, waiting=0)
2026-04-01 10:08:07 [HikariPool-1:connection-adder] DEBUG com.zaxxer.hikari.pool.PoolBase - HikariPool-1 - Attempting to create/setup new connection (be47aac1-796c-4305-b725-b125247fefde)
2026-04-01 10:08:07 [HikariPool-1:connection-adder] DEBUG com.zaxxer.hikari.pool.PoolBase - HikariPool-1 - Established new connection (be47aac1-796c-4305-b725-b125247fefde)
2026-04-01 10:08:07 [HikariPool-1:connection-adder] DEBUG com.zaxxer.hikari.pool.HikariPool - HikariPool-1 - Added connection com.mysql.cj.jdbc.ConnectionImpl@6d7c5c0a
2026-04-01 10:08:07 [HikariPool-1:connection-adder] DEBUG com.zaxxer.hikari.pool.HikariPool - HikariPool-1 - After adding stats (total=2/20, idle=2/20, active=0, waiting=0)
2026-04-01 10:08:07 [HikariPool-1:connection-adder] DEBUG com.zaxxer.hikari.pool.PoolBase - HikariPool-1 - Attempting to create/setup new connection (93b4bd90-6404-4441-b070-35d04cef1e79)
2026-04-01 10:08:07 [HikariPool-1:connection-adder] DEBUG com.zaxxer.hikari.pool.PoolBase - HikariPool-1 - Established new connection (93b4bd90-6404-4441-b070-35d04cef1e79)
2026-04-01 10:08:07 [HikariPool-1:connection-adder] DEBUG com.zaxxer.hikari.pool.HikariPool - HikariPool-1 - Added connection com.mysql.cj.jdbc.ConnectionImpl@1234ce62
2026-04-01 10:08:07 [HikariPool-1:connection-adder] DEBUG com.zaxxer.hikari.pool.HikariPool - HikariPool-1 - After adding stats (total=3/20, idle=3/20, active=0, waiting=0)
2026-04-01 10:08:07 [HikariPool-1:connection-adder] DEBUG com.zaxxer.hikari.pool.PoolBase - HikariPool-1 - Attempting to create/setup new connection (225eea0a-458a-48be-9dca-de794ba33b15)
2026-04-01 10:08:07 [HikariPool-1:connection-adder] DEBUG com.zaxxer.hikari.pool.PoolBase - HikariPool-1 - Established new connection (225eea0a-458a-48be-9dca-de794ba33b15)
2026-04-01 10:08:07 [HikariPool-1:connection-adder] DEBUG com.zaxxer.hikari.pool.HikariPool - HikariPool-1 - Added connection com.mysql.cj.jdbc.ConnectionImpl@6ab89ac6
2026-04-01 10:08:07 [HikariPool-1:connection-adder] DEBUG com.zaxxer.hikari.pool.HikariPool - HikariPool-1 - After adding stats (total=4/20, idle=4/20, active=0, waiting=0)
2026-04-01 10:08:07 [HikariPool-1:connection-adder] DEBUG com.zaxxer.hikari.pool.PoolBase - HikariPool-1 - Attempting to create/setup new connection (90680264-31b2-4de6-af76-eaaf3a10d3d4)
2026-04-01 10:08:07 [HikariPool-1:connection-adder] DEBUG com.zaxxer.hikari.pool.PoolBase - HikariPool-1 - Established new connection (90680264-31b2-4de6-af76-eaaf3a10d3d4)
2026-04-01 10:08:07 [HikariPool-1:connection-adder] DEBUG com.zaxxer.hikari.pool.HikariPool - HikariPool-1 - Added connection com.mysql.cj.jdbc.ConnectionImpl@789d294f
2026-04-01 10:08:07 [HikariPool-1:connection-adder] DEBUG com.zaxxer.hikari.pool.HikariPool - HikariPool-1 - After adding stats (total=5/20, idle=5/20, active=0, waiting=0)
2026-04-01 10:08:07 [HikariPool-1:connection-adder] DEBUG com.zaxxer.hikari.pool.PoolBase - HikariPool-1 - Attempting to create/setup new connection (03fa8842-acc9-432d-928d-75d87a93ffeb)
2026-04-01 10:08:07 [HikariPool-1:connection-adder] DEBUG com.zaxxer.hikari.pool.PoolBase - HikariPool-1 - Established new connection (03fa8842-acc9-432d-928d-75d87a93ffeb)
2026-04-01 10:08:07 [HikariPool-1:connection-adder] DEBUG com.zaxxer.hikari.pool.HikariPool - HikariPool-1 - Added connection com.mysql.cj.jdbc.ConnectionImpl@71bc73a1
2026-04-01 10:08:07 [HikariPool-1:connection-adder] DEBUG com.zaxxer.hikari.pool.HikariPool - HikariPool-1 - After adding stats (total=6/20, idle=6/20, active=0, waiting=0)
2026-04-01 10:08:07 [HikariPool-1:connection-adder] DEBUG com.zaxxer.hikari.pool.PoolBase - HikariPool-1 - Attempting to create/setup new connection (282af3ef-51a6-433d-b991-2307a6cfd0e0)
2026-04-01 10:08:07 [HikariPool-1:connection-adder] DEBUG com.zaxxer.hikari.pool.PoolBase - HikariPool-1 - Established new connection (282af3ef-51a6-433d-b991-2307a6cfd0e0)
2026-04-01 10:08:07 [HikariPool-1:connection-adder] DEBUG com.zaxxer.hikari.pool.HikariPool - HikariPool-1 - Added connection com.mysql.cj.jdbc.ConnectionImpl@59669eab
2026-04-01 10:08:07 [HikariPool-1:connection-adder] DEBUG com.zaxxer.hikari.pool.HikariPool - HikariPool-1 - After adding stats (total=7/20, idle=7/20, active=0, waiting=0)
2026-04-01 10:08:07 [HikariPool-1:connection-adder] DEBUG com.zaxxer.hikari.pool.PoolBase - HikariPool-1 - Attempting to create/setup new connection (d5ecf0ab-5d0c-4223-8f7a-282063c02473)
2026-04-01 10:08:07 [HikariPool-1:connection-adder] DEBUG com.zaxxer.hikari.pool.PoolBase - HikariPool-1 - Established new connection (d5ecf0ab-5d0c-4223-8f7a-282063c02473)
2026-04-01 10:08:07 [HikariPool-1:connection-adder] DEBUG com.zaxxer.hikari.pool.HikariPool - HikariPool-1 - Added connection com.mysql.cj.jdbc.ConnectionImpl@71f2622b
2026-04-01 10:08:08 [HikariPool-1:connection-adder] DEBUG com.zaxxer.hikari.pool.HikariPool - HikariPool-1 - After adding stats (total=8/20, idle=8/20, active=0, waiting=0)
2026-04-01 10:08:08 [HikariPool-1:connection-adder] DEBUG com.zaxxer.hikari.pool.PoolBase - HikariPool-1 - Attempting to create/setup new connection (9bcc25d5-6927-4706-9b44-4fc917f45789)
2026-04-01 10:08:08 [HikariPool-1:connection-adder] DEBUG com.zaxxer.hikari.pool.PoolBase - HikariPool-1 - Established new connection (9bcc25d5-6927-4706-9b44-4fc917f45789)
2026-04-01 10:08:08 [HikariPool-1:connection-adder] DEBUG com.zaxxer.hikari.pool.HikariPool - HikariPool-1 - Added connection com.mysql.cj.jdbc.ConnectionImpl@54690a72
2026-04-01 10:08:08 [HikariPool-1:connection-adder] DEBUG com.zaxxer.hikari.pool.HikariPool - HikariPool-1 - After adding stats (total=9/20, idle=9/20, active=0, waiting=0)
2026-04-01 10:08:08 [HikariPool-1:connection-adder] DEBUG com.zaxxer.hikari.pool.PoolBase - HikariPool-1 - Attempting to create/setup new connection (7a9d772f-a18d-447e-ada1-f5cecb3f4184)
2026-04-01 10:08:08 [HikariPool-1:connection-adder] DEBUG com.zaxxer.hikari.pool.PoolBase - HikariPool-1 - Established new connection (7a9d772f-a18d-447e-ada1-f5cecb3f4184)
2026-04-01 10:08:08 [HikariPool-1:connection-adder] DEBUG com.zaxxer.hikari.pool.HikariPool - HikariPool-1 - Added connection com.mysql.cj.jdbc.ConnectionImpl@5ce747c7
2026-04-01 10:08:08 [HikariPool-1:connection-adder] DEBUG com.zaxxer.hikari.pool.HikariPool - HikariPool-1 - After adding stats (total=10/20, idle=10/20, active=0, waiting=0)
2026-04-01 10:08:08 [HikariPool-1:connection-adder] DEBUG com.zaxxer.hikari.pool.PoolBase - HikariPool-1 - Attempting to create/setup new connection (1fd6a740-29c2-4136-9c34-d2898e534c40)
2026-04-01 10:08:08 [HikariPool-1:connection-adder] DEBUG com.zaxxer.hikari.pool.PoolBase - HikariPool-1 - Established new connection (1fd6a740-29c2-4136-9c34-d2898e534c40)
2026-04-01 10:08:08 [HikariPool-1:connection-adder] DEBUG com.zaxxer.hikari.pool.HikariPool - HikariPool-1 - Added connection com.mysql.cj.jdbc.ConnectionImpl@439411d8
2026-04-01 10:08:08 [HikariPool-1:connection-adder] DEBUG com.zaxxer.hikari.pool.HikariPool - HikariPool-1 - After adding stats (total=11/20, idle=11/20, active=0, waiting=0)
2026-04-01 10:08:08 [HikariPool-1:connection-adder] DEBUG com.zaxxer.hikari.pool.PoolBase - HikariPool-1 - Attempting to create/setup new connection (e011d8c0-f0cd-4c4b-967d-1dfd22c487e3)
2026-04-01 10:08:08 [HikariPool-1:connection-adder] DEBUG com.zaxxer.hikari.pool.PoolBase - HikariPool-1 - Established new connection (e011d8c0-f0cd-4c4b-967d-1dfd22c487e3)
2026-04-01 10:08:08 [HikariPool-1:connection-adder] DEBUG com.zaxxer.hikari.pool.HikariPool - HikariPool-1 - Added connection com.mysql.cj.jdbc.ConnectionImpl@2f0fd177
2026-04-01 10:08:08 [HikariPool-1:connection-adder] DEBUG com.zaxxer.hikari.pool.HikariPool - HikariPool-1 - After adding stats (total=12/20, idle=12/20, active=0, waiting=0)
2026-04-01 10:08:08 [HikariPool-1:connection-adder] DEBUG com.zaxxer.hikari.pool.PoolBase - HikariPool-1 - Attempting to create/setup new connection (5caba8b3-de54-4c21-8568-4c2b3cb9cfd7)
2026-04-01 10:08:08 [HikariPool-1:connection-adder] DEBUG com.zaxxer.hikari.pool.PoolBase - HikariPool-1 - Established new connection (5caba8b3-de54-4c21-8568-4c2b3cb9cfd7)
2026-04-01 10:08:08 [HikariPool-1:connection-adder] DEBUG com.zaxxer.hikari.pool.HikariPool - HikariPool-1 - Added connection com.mysql.cj.jdbc.ConnectionImpl@6d86d77
2026-04-01 10:08:08 [HikariPool-1:connection-adder] DEBUG com.zaxxer.hikari.pool.HikariPool - HikariPool-1 - After adding stats (total=13/20, idle=13/20, active=0, waiting=0)
2026-04-01 10:08:08 [HikariPool-1:connection-adder] DEBUG com.zaxxer.hikari.pool.PoolBase - HikariPool-1 - Attempting to create/setup new connection (9e0313b8-b024-4afe-a062-03d49400387b)
2026-04-01 10:08:08 [HikariPool-1:connection-adder] DEBUG com.zaxxer.hikari.pool.PoolBase - HikariPool-1 - Established new connection (9e0313b8-b024-4afe-a062-03d49400387b)
2026-04-01 10:08:08 [HikariPool-1:connection-adder] DEBUG com.zaxxer.hikari.pool.HikariPool - HikariPool-1 - Added connection com.mysql.cj.jdbc.ConnectionImpl@1d8068f7
2026-04-01 10:08:08 [HikariPool-1:connection-adder] DEBUG com.zaxxer.hikari.pool.HikariPool - HikariPool-1 - After adding stats (total=14/20, idle=14/20, active=0, waiting=0)
2026-04-01 10:08:08 [HikariPool-1:connection-adder] DEBUG com.zaxxer.hikari.pool.PoolBase - HikariPool-1 - Attempting to create/setup new connection (25597b17-a64a-41a0-bc53-6b1279e43711)
2026-04-01 10:08:08 [HikariPool-1:connection-adder] DEBUG com.zaxxer.hikari.pool.PoolBase - HikariPool-1 - Established new connection (25597b17-a64a-41a0-bc53-6b1279e43711)
2026-04-01 10:08:08 [HikariPool-1:connection-adder] DEBUG com.zaxxer.hikari.pool.HikariPool - HikariPool-1 - Added connection com.mysql.cj.jdbc.ConnectionImpl@30e98e66
2026-04-01 10:08:08 [HikariPool-1:connection-adder] DEBUG com.zaxxer.hikari.pool.HikariPool - HikariPool-1 - After adding stats (total=15/20, idle=15/20, active=0, waiting=0)
2026-04-01 10:08:08 [HikariPool-1:connection-adder] DEBUG com.zaxxer.hikari.pool.PoolBase - HikariPool-1 - Attempting to create/setup new connection (7be9c135-a472-4023-8f97-10c55e271a27)
2026-04-01 10:08:08 [HikariPool-1:connection-adder] DEBUG com.zaxxer.hikari.pool.PoolBase - HikariPool-1 - Established new connection (7be9c135-a472-4023-8f97-10c55e271a27)
2026-04-01 10:08:08 [HikariPool-1:connection-adder] DEBUG com.zaxxer.hikari.pool.HikariPool - HikariPool-1 - Added connection com.mysql.cj.jdbc.ConnectionImpl@4ee6272c
2026-04-01 10:08:08 [HikariPool-1:connection-adder] DEBUG com.zaxxer.hikari.pool.HikariPool - HikariPool-1 - After adding stats (total=16/20, idle=16/20, active=0, waiting=0)
2026-04-01 10:08:08 [HikariPool-1:connection-adder] DEBUG com.zaxxer.hikari.pool.PoolBase - HikariPool-1 - Attempting to create/setup new connection (27c3db72-49e8-4106-b3e6-cf80dc9144eb)
2026-04-01 10:08:08 [HikariPool-1:connection-adder] DEBUG com.zaxxer.hikari.pool.PoolBase - HikariPool-1 - Established new connection (27c3db72-49e8-4106-b3e6-cf80dc9144eb)
2026-04-01 10:08:08 [HikariPool-1:connection-adder] DEBUG com.zaxxer.hikari.pool.HikariPool - HikariPool-1 - Added connection com.mysql.cj.jdbc.ConnectionImpl@38a6e019
2026-04-01 10:08:08 [HikariPool-1:connection-adder] DEBUG com.zaxxer.hikari.pool.HikariPool - HikariPool-1 - After adding stats (total=17/20, idle=17/20, active=0, waiting=0)
2026-04-01 10:08:08 [HikariPool-1:connection-adder] DEBUG com.zaxxer.hikari.pool.PoolBase - HikariPool-1 - Attempting to create/setup new connection (2a2f719e-8a74-440a-9cde-8a8c092162b4)
2026-04-01 10:08:08 [HikariPool-1:connection-adder] DEBUG com.zaxxer.hikari.pool.PoolBase - HikariPool-1 - Established new connection (2a2f719e-8a74-440a-9cde-8a8c092162b4)
2026-04-01 10:08:08 [HikariPool-1:connection-adder] DEBUG com.zaxxer.hikari.pool.HikariPool - HikariPool-1 - Added connection com.mysql.cj.jdbc.ConnectionImpl@6ec0589c
2026-04-01 10:08:08 [HikariPool-1:connection-adder] DEBUG com.zaxxer.hikari.pool.HikariPool - HikariPool-1 - After adding stats (total=18/20, idle=18/20, active=0, waiting=0)
2026-04-01 10:08:08 [HikariPool-1:connection-adder] DEBUG com.zaxxer.hikari.pool.PoolBase - HikariPool-1 - Attempting to create/setup new connection (6550e421-bad6-43f6-af28-8c6f3ac920f2)
2026-04-01 10:08:08 [HikariPool-1:connection-adder] DEBUG com.zaxxer.hikari.pool.PoolBase - HikariPool-1 - Established new connection (6550e421-bad6-43f6-af28-8c6f3ac920f2)
2026-04-01 10:08:08 [HikariPool-1:connection-adder] DEBUG com.zaxxer.hikari.pool.HikariPool - HikariPool-1 - Added connection com.mysql.cj.jdbc.ConnectionImpl@2389f83c
2026-04-01 10:08:08 [HikariPool-1:connection-adder] DEBUG com.zaxxer.hikari.pool.HikariPool - HikariPool-1 - After adding stats (total=19/20, idle=19/20, active=0, waiting=0)
2026-04-01 10:08:08 [HikariPool-1:connection-adder] DEBUG com.zaxxer.hikari.pool.PoolBase - HikariPool-1 - Attempting to create/setup new connection (c434069a-a63a-4608-9777-134f39923506)
2026-04-01 10:08:08 [HikariPool-1:connection-adder] DEBUG com.zaxxer.hikari.pool.PoolBase - HikariPool-1 - Established new connection (c434069a-a63a-4608-9777-134f39923506)
2026-04-01 10:08:08 [HikariPool-1:connection-adder] DEBUG com.zaxxer.hikari.pool.HikariPool - HikariPool-1 - Added connection com.mysql.cj.jdbc.ConnectionImpl@5800aa25
2026-04-01 10:08:08 [HikariPool-1:connection-adder] DEBUG com.zaxxer.hikari.pool.HikariPool - HikariPool-1 - After adding stats (total=20/20, idle=20/20, active=0, waiting=0)
2026-04-01 10:08:16 [JavaFX Application Thread] INFO  application.java.manager.LogManager - [備品分類マスタ メンテナンス] ： [更新]ボタン押下
2026-04-01 10:08:22 [JavaFX Application Thread] DEBUG application.java.manager.LogManager - [備品分類マスタ メンテナンス] ： 備品分類マスタ更新処理
2026-04-01 10:08:22 [JavaFX Application Thread] DEBUG application.java.manager.LogManager - [SQL操作クラス] ： トランザクション使用 クエリ発行・操作処理
2026-04-01 10:08:22 [JavaFX Application Thread] DEBUG application.java.manager.LogManager - [備品分類マスタ メンテナンス] ： DB 備品分類マスタ更新処理
2026-04-01 10:08:22 [JavaFX Application Thread] DEBUG o.a.i.t.jdbc.JdbcTransaction - Opening JDBC Connection
2026-04-01 10:08:22 [JavaFX Application Thread] DEBUG o.a.i.t.jdbc.JdbcTransaction - Setting autocommit to false on JDBC Connection [HikariProxyConnection@182964940 wrapping com.mysql.cj.jdbc.ConnectionImpl@48a2b055]
2026-04-01 10:08:22 [JavaFX Application Thread] DEBUG a.r.m.S.updStockTypeMasterOnes - ==>  Preparing: UPDATE stock_type_master SET name = ? , del = ? WHERE id = ?
2026-04-01 10:08:22 [JavaFX Application Thread] DEBUG a.r.m.S.updStockTypeMasterOnes - ==> Parameters: 有線イヤフォン TEST(String), false(Boolean), 14(Integer)
2026-04-01 10:08:22 [JavaFX Application Thread] DEBUG a.r.m.S.updStockTypeMasterOnes - <==    Updates: 1
2026-04-01 10:08:22 [JavaFX Application Thread] DEBUG o.a.i.t.jdbc.JdbcTransaction - Committing JDBC Connection [HikariProxyConnection@182964940 wrapping com.mysql.cj.jdbc.ConnectionImpl@48a2b055]
2026-04-01 10:08:22 [JavaFX Application Thread] DEBUG o.a.i.t.jdbc.JdbcTransaction - Resetting autocommit to true on JDBC Connection [HikariProxyConnection@182964940 wrapping com.mysql.cj.jdbc.ConnectionImpl@48a2b055]
2026-04-01 10:08:22 [JavaFX Application Thread] DEBUG o.a.i.t.jdbc.JdbcTransaction - Closing JDBC Connection [HikariProxyConnection@182964940 wrapping com.mysql.cj.jdbc.ConnectionImpl@48a2b055]
2026-04-01 10:08:22 [JavaFX Application Thread] DEBUG application.java.manager.LogManager - [備品分類マスタ メンテナンス] ： リスト再表示処理
2026-04-01 10:08:22 [JavaFX Application Thread] DEBUG application.java.manager.LogManager - [SQL操作クラス] ： 非同期処理 SELECT句発行
2026-04-01 10:08:22 [Thread-4] DEBUG application.java.manager.LogManager - [SQL操作クラス] ： SELECT句発行
2026-04-01 10:08:22 [Thread-4] DEBUG application.java.manager.LogManager - [備品分類マスタ メンテナンス] ： DB 備品分類マスタ取得処理
2026-04-01 10:08:22 [Thread-4] DEBUG o.a.i.t.jdbc.JdbcTransaction - Opening JDBC Connection
2026-04-01 10:08:22 [Thread-4] DEBUG o.a.i.t.jdbc.JdbcTransaction - Setting autocommit to false on JDBC Connection [HikariProxyConnection@945210367 wrapping com.mysql.cj.jdbc.ConnectionImpl@48a2b055]
2026-04-01 10:08:22 [Thread-4] DEBUG a.r.m.S.selectMaintenance - ==>  Preparing: SELECT STM.id AS stockTypeId, STM.stock_type, STM.stock_code, STM.name AS stockTypeName, STM.del AS delFlg FROM stock_type_master STM WHERE 1 = 1 ORDER BY STM.stock_type, STM.stock_code
2026-04-01 10:08:22 [Thread-4] DEBUG a.r.m.S.selectMaintenance - ==> Parameters: 
2026-04-01 10:08:22 [Thread-4] DEBUG a.r.m.S.selectMaintenance - <==      Total: 17
2026-04-01 10:08:22 [Thread-4] DEBUG o.a.i.t.jdbc.JdbcTransaction - Resetting autocommit to true on JDBC Connection [HikariProxyConnection@945210367 wrapping com.mysql.cj.jdbc.ConnectionImpl@48a2b055]
2026-04-01 10:08:22 [Thread-4] DEBUG o.a.i.t.jdbc.JdbcTransaction - Closing JDBC Connection [HikariProxyConnection@945210367 wrapping com.mysql.cj.jdbc.ConnectionImpl@48a2b055]
2026-04-01 10:08:37 [HikariPool-1:housekeeper] DEBUG com.zaxxer.hikari.pool.HikariPool - HikariPool-1 - Pool stats (total=20/20, idle=20/20, active=0, waiting=0)
2026-04-01 10:08:37 [HikariPool-1:housekeeper] DEBUG com.zaxxer.hikari.pool.HikariPool - HikariPool-1 - Fill pool skipped, pool has sufficient level or currently being filled.
2026-04-01 10:08:41 [JavaFX Application Thread] INFO  application.java.manager.LogManager - [備品分類マスタ メンテナンス] ： [更新]ボタン押下
2026-04-01 10:09:07 [HikariPool-1:housekeeper] DEBUG com.zaxxer.hikari.pool.HikariPool - HikariPool-1 - Pool stats (total=20/20, idle=20/20, active=0, waiting=0)
2026-04-01 10:09:07 [HikariPool-1:housekeeper] DEBUG com.zaxxer.hikari.pool.HikariPool - HikariPool-1 - Fill pool skipped, pool has sufficient level or currently being filled.
2026-04-01 10:09:27 [JavaFX Application Thread] DEBUG application.java.manager.LogManager - [備品分類マスタ メンテナンス] ： 備品分類マスタ更新処理
2026-04-01 10:09:27 [JavaFX Application Thread] DEBUG application.java.manager.LogManager - [SQL操作クラス] ： トランザクション使用 クエリ発行・操作処理
2026-04-01 10:09:27 [JavaFX Application Thread] DEBUG application.java.manager.LogManager - [備品分類マスタ メンテナンス] ： DB 備品分類マスタ更新処理
2026-04-01 10:09:27 [JavaFX Application Thread] DEBUG o.a.i.t.jdbc.JdbcTransaction - Opening JDBC Connection
2026-04-01 10:09:27 [JavaFX Application Thread] DEBUG o.a.i.t.jdbc.JdbcTransaction - Setting autocommit to false on JDBC Connection [HikariProxyConnection@862938055 wrapping com.mysql.cj.jdbc.ConnectionImpl@48a2b055]
2026-04-01 10:09:27 [JavaFX Application Thread] DEBUG a.r.m.S.updStockTypeMasterOnes - ==>  Preparing: UPDATE stock_type_master SET name = ? , del = ? WHERE id = ?
2026-04-01 10:09:27 [JavaFX Application Thread] DEBUG a.r.m.S.updStockTypeMasterOnes - ==> Parameters: 有線イヤフォン TEST 削除(String), true(Boolean), 14(Integer)
2026-04-01 10:09:27 [JavaFX Application Thread] DEBUG a.r.m.S.updStockTypeMasterOnes - <==    Updates: 1
2026-04-01 10:09:27 [JavaFX Application Thread] DEBUG o.a.i.t.jdbc.JdbcTransaction - Committing JDBC Connection [HikariProxyConnection@862938055 wrapping com.mysql.cj.jdbc.ConnectionImpl@48a2b055]
2026-04-01 10:09:27 [JavaFX Application Thread] DEBUG o.a.i.t.jdbc.JdbcTransaction - Resetting autocommit to true on JDBC Connection [HikariProxyConnection@862938055 wrapping com.mysql.cj.jdbc.ConnectionImpl@48a2b055]
2026-04-01 10:09:27 [JavaFX Application Thread] DEBUG o.a.i.t.jdbc.JdbcTransaction - Closing JDBC Connection [HikariProxyConnection@862938055 wrapping com.mysql.cj.jdbc.ConnectionImpl@48a2b055]
2026-04-01 10:09:27 [JavaFX Application Thread] DEBUG application.java.manager.LogManager - [備品分類マスタ メンテナンス] ： リスト再表示処理
2026-04-01 10:09:27 [JavaFX Application Thread] DEBUG application.java.manager.LogManager - [SQL操作クラス] ： 非同期処理 SELECT句発行
2026-04-01 10:09:27 [Thread-5] DEBUG application.java.manager.LogManager - [SQL操作クラス] ： SELECT句発行
2026-04-01 10:09:27 [Thread-5] DEBUG application.java.manager.LogManager - [備品分類マスタ メンテナンス] ： DB 備品分類マスタ取得処理
2026-04-01 10:09:27 [Thread-5] DEBUG o.a.i.t.jdbc.JdbcTransaction - Opening JDBC Connection
2026-04-01 10:09:27 [Thread-5] DEBUG o.a.i.t.jdbc.JdbcTransaction - Setting autocommit to false on JDBC Connection [HikariProxyConnection@429755937 wrapping com.mysql.cj.jdbc.ConnectionImpl@48a2b055]
2026-04-01 10:09:27 [Thread-5] DEBUG a.r.m.S.selectMaintenance - ==>  Preparing: SELECT STM.id AS stockTypeId, STM.stock_type, STM.stock_code, STM.name AS stockTypeName, STM.del AS delFlg FROM stock_type_master STM WHERE 1 = 1 ORDER BY STM.stock_type, STM.stock_code
2026-04-01 10:09:27 [Thread-5] DEBUG a.r.m.S.selectMaintenance - ==> Parameters: 
2026-04-01 10:09:27 [Thread-5] DEBUG a.r.m.S.selectMaintenance - <==      Total: 17
2026-04-01 10:09:27 [Thread-5] DEBUG o.a.i.t.jdbc.JdbcTransaction - Resetting autocommit to true on JDBC Connection [HikariProxyConnection@429755937 wrapping com.mysql.cj.jdbc.ConnectionImpl@48a2b055]
2026-04-01 10:09:27 [Thread-5] DEBUG o.a.i.t.jdbc.JdbcTransaction - Closing JDBC Connection [HikariProxyConnection@429755937 wrapping com.mysql.cj.jdbc.ConnectionImpl@48a2b055]
2026-04-01 10:09:31 [JavaFX Application Thread] INFO  application.java.manager.LogManager - [備品分類マスタ メンテナンス] ： [更新]ボタン押下
2026-04-01 10:09:34 [JavaFX Application Thread] DEBUG application.java.manager.LogManager - [備品分類マスタ メンテナンス] ： 備品分類マスタ更新処理
2026-04-01 10:09:34 [JavaFX Application Thread] DEBUG application.java.manager.LogManager - [SQL操作クラス] ： トランザクション使用 クエリ発行・操作処理
2026-04-01 10:09:34 [JavaFX Application Thread] DEBUG application.java.manager.LogManager - [備品分類マスタ メンテナンス] ： DB 備品分類マスタ更新処理
2026-04-01 10:09:34 [JavaFX Application Thread] DEBUG o.a.i.t.jdbc.JdbcTransaction - Opening JDBC Connection
2026-04-01 10:09:34 [JavaFX Application Thread] DEBUG o.a.i.t.jdbc.JdbcTransaction - Setting autocommit to false on JDBC Connection [HikariProxyConnection@634392977 wrapping com.mysql.cj.jdbc.ConnectionImpl@48a2b055]
2026-04-01 10:09:34 [JavaFX Application Thread] DEBUG a.r.m.S.updStockTypeMasterOnes - ==>  Preparing: UPDATE stock_type_master SET name = ? , del = ? WHERE id = ?
2026-04-01 10:09:34 [JavaFX Application Thread] DEBUG a.r.m.S.updStockTypeMasterOnes - ==> Parameters: 有線イヤフォン TEST 削除(String), false(Boolean), 14(Integer)
2026-04-01 10:09:34 [JavaFX Application Thread] DEBUG a.r.m.S.updStockTypeMasterOnes - <==    Updates: 1
2026-04-01 10:09:34 [JavaFX Application Thread] DEBUG o.a.i.t.jdbc.JdbcTransaction - Committing JDBC Connection [HikariProxyConnection@634392977 wrapping com.mysql.cj.jdbc.ConnectionImpl@48a2b055]
2026-04-01 10:09:34 [JavaFX Application Thread] DEBUG o.a.i.t.jdbc.JdbcTransaction - Resetting autocommit to true on JDBC Connection [HikariProxyConnection@634392977 wrapping com.mysql.cj.jdbc.ConnectionImpl@48a2b055]
2026-04-01 10:09:34 [JavaFX Application Thread] DEBUG o.a.i.t.jdbc.JdbcTransaction - Closing JDBC Connection [HikariProxyConnection@634392977 wrapping com.mysql.cj.jdbc.ConnectionImpl@48a2b055]
2026-04-01 10:09:34 [JavaFX Application Thread] DEBUG application.java.manager.LogManager - [備品分類マスタ メンテナンス] ： リスト再表示処理
2026-04-01 10:09:34 [JavaFX Application Thread] DEBUG application.java.manager.LogManager - [SQL操作クラス] ： 非同期処理 SELECT句発行
2026-04-01 10:09:34 [Thread-6] DEBUG application.java.manager.LogManager - [SQL操作クラス] ： SELECT句発行
2026-04-01 10:09:34 [Thread-6] DEBUG application.java.manager.LogManager - [備品分類マスタ メンテナンス] ： DB 備品分類マスタ取得処理
2026-04-01 10:09:34 [Thread-6] DEBUG o.a.i.t.jdbc.JdbcTransaction - Opening JDBC Connection
2026-04-01 10:09:34 [Thread-6] DEBUG o.a.i.t.jdbc.JdbcTransaction - Setting autocommit to false on JDBC Connection [HikariProxyConnection@1692732973 wrapping com.mysql.cj.jdbc.ConnectionImpl@48a2b055]
2026-04-01 10:09:34 [Thread-6] DEBUG a.r.m.S.selectMaintenance - ==>  Preparing: SELECT STM.id AS stockTypeId, STM.stock_type, STM.stock_code, STM.name AS stockTypeName, STM.del AS delFlg FROM stock_type_master STM WHERE 1 = 1 ORDER BY STM.stock_type, STM.stock_code
2026-04-01 10:09:34 [Thread-6] DEBUG a.r.m.S.selectMaintenance - ==> Parameters: 
2026-04-01 10:09:34 [Thread-6] DEBUG a.r.m.S.selectMaintenance - <==      Total: 17
2026-04-01 10:09:34 [Thread-6] DEBUG o.a.i.t.jdbc.JdbcTransaction - Resetting autocommit to true on JDBC Connection [HikariProxyConnection@1692732973 wrapping com.mysql.cj.jdbc.ConnectionImpl@48a2b055]
2026-04-01 10:09:34 [Thread-6] DEBUG o.a.i.t.jdbc.JdbcTransaction - Closing JDBC Connection [HikariProxyConnection@1692732973 wrapping com.mysql.cj.jdbc.ConnectionImpl@48a2b055]
2026-04-01 10:09:37 [HikariPool-1:housekeeper] DEBUG com.zaxxer.hikari.pool.HikariPool - HikariPool-1 - Pool stats (total=20/20, idle=20/20, active=0, waiting=0)
2026-04-01 10:09:37 [HikariPool-1:housekeeper] DEBUG com.zaxxer.hikari.pool.HikariPool - HikariPool-1 - Fill pool skipped, pool has sufficient level or currently being filled.
2026-04-01 10:09:39 [JavaFX Application Thread] INFO  application.java.manager.LogManager - [備品分類マスタ メンテナンス] ： [メニューに戻る]ボタン押下
2026-04-01 10:09:39 [JavaFX Application Thread] INFO  application.java.manager.LogManager - [備品管理システム メニュー画面] ： 初期化処理
2026-04-01 10:09:39 [JavaFX Application Thread] INFO  application.java.manager.LogManager - 呼出中[Page](備品分類マスタ メンテナンス)の終了処理(dispose)を実行
2026-04-01 10:09:39 [JavaFX Application Thread] INFO  application.java.manager.LogManager - 画面展開 [setPage] ： 画面設定・表示処理 開始
2026-04-01 10:09:39 [JavaFX Application Thread] DEBUG application.java.manager.LogManager - Window切替 [setWindowFrame] : TRANSPARENT(透明枠・背景色透明)
2026-04-01 10:09:39 [JavaFX Application Thread] INFO  application.java.manager.LogManager - /application/resources/css/MenuMacFinderStyle.css

2026-04-01 10:09:39 [JavaFX Application Thread] INFO  application.java.manager.LogManager - 画面展開 [setPage] : 備品管理システム メニュー画面
2026-04-01 10:09:41 [JavaFX Application Thread] INFO  application.java.manager.LogManager - [備品管理システム メニュー画面] ： [貸出業務]ボタン押下
2026-04-01 10:09:41 [JavaFX Application Thread] INFO  application.java.manager.LogManager - [備品一覧画面] ： 初期化処理
2026-04-01 10:09:41 [JavaFX Application Thread] INFO  application.java.manager.LogManager - スライドショーのTimelineを停止しました
2026-04-01 10:09:41 [JavaFX Application Thread] INFO  application.java.manager.LogManager - 呼出中[Page](備品管理システム メニュー画面)の終了処理(dispose)を実行
2026-04-01 10:09:41 [JavaFX Application Thread] INFO  application.java.manager.LogManager - 画面展開 [setPage] ： 画面設定・表示処理 開始
2026-04-01 10:09:41 [JavaFX Application Thread] DEBUG application.java.manager.LogManager - Window切替 [setWindowFrame] : DECORATED(標準)
2026-04-01 10:09:41 [JavaFX Application Thread] DEBUG application.java.manager.LogManager - [備品一覧画面] ： リスト表示処理
2026-04-01 10:09:41 [JavaFX Application Thread] DEBUG application.java.manager.LogManager - [SQL操作クラス] ： 非同期処理 SELECT句発行
2026-04-01 10:09:41 [Thread-7] DEBUG application.java.manager.LogManager - [SQL操作クラス] ： SELECT句発行
2026-04-01 10:09:41 [JavaFX Application Thread] INFO  application.java.manager.LogManager - /application/resources/css/InventoryListStyle.css

2026-04-01 10:09:41 [JavaFX Application Thread] INFO  application.java.manager.LogManager - 画面展開 [setPage] : 備品一覧画面
2026-04-01 10:09:41 [Thread-7] DEBUG o.a.i.t.jdbc.JdbcTransaction - Opening JDBC Connection
2026-04-01 10:09:41 [Thread-7] DEBUG o.a.i.t.jdbc.JdbcTransaction - Setting autocommit to false on JDBC Connection [HikariProxyConnection@618097868 wrapping com.mysql.cj.jdbc.ConnectionImpl@48a2b055]
2026-04-01 10:09:41 [Thread-7] DEBUG a.r.m.I.getTableRecords - ==>  Preparing: WITH SUB_TOTAL AS ( SELECT ST.stock_type , ST.stock_code , SUM(CASE WHEN SD.staff_no IS NOT NULL AND (DATEDIFF(CURRENT_DATE(), SD.confirmed_date) <= 365 ) THEN 1 ELSE 0 END) AS lending_count -- 貸出備品の数 , SUM(CASE /* 在庫 = [staff_no]：貸出先ユーザーの社員番号 が未設定(NULL) 且つ [return_date]：返却日が未設定(NULL) 且つ [confirmed_date]：最終所在確認日 が１年以内 */ WHEN SD.staff_no IS NULL AND (DATEDIFF(CURRENT_DATE(), SD.confirmed_date) <= 365 ) THEN 1 ELSE 0 END) AS stock_count -- 在庫備品の数 , SUM(CASE /* 不明 = [return_date]：返却日が未設定(NULL) 且つ [confirmed_date]：最終所在確認日 が１年前以前 ※ 貸出中・在庫を問わず１年前以前のデータを不明とする */ WHEN (DATEDIFF(CURRENT_DATE(), SD.confirmed_date) > 365 ) THEN 1 ELSE 0 END) AS unknown_count -- 不明備品の数 FROM (SELECT stock_type , stock_code FROM stock_type_master WHERE 1 = 1 AND del = FALSE) ST INNER JOIN stock_master SM ON ST.stock_type = SM.stock_type AND ST.stock_code = SM.stock_code AND SM.del = FALSE /* 未登録データを考慮しLEFT JOINとする */ LEFT JOIN stock_data SD ON SM.serial_no = SD.serial_no /* 返却済データの除去 */ AND SD.return_date IS NULL AND SD.del = FALSE WHERE 1 = 1 GROUP BY ST.stock_type , ST.stock_code ) SELECT ST.stock_type AS type, ST.stock_code AS code, ST.name AS itemName, IFNULL(S.lending_count, 0) AS loanCount, IFNULL(S.stock_count, 0) AS returnCount, IFNULL(S.unknown_count, 0) AS unknownCount, IFNULL(S.lending_count + S.stock_count, 0) AS totalCount /* 追加項目：遷移先画面サイズ */ , IFNULL( GCM.value_1, '1') AS windowSize FROM stock_type_master ST INNER JOIN SUB_TOTAL S ON ST.stock_type = S.stock_type AND ST.stock_code = S.stock_code /* 追加項目 遷移先画面サイズ */ LEFT JOIN generic_code_master GCM ON CAST(ST.stock_type AS CHAR) = GCM.type_key AND ST.stock_code = GCM.code AND GCM.generic_key = 'WINDOW_SIZE' WHERE 1 = 1 ORDER BY ST.stock_type , St.stock_code
2026-04-01 10:09:41 [Thread-7] DEBUG a.r.m.I.getTableRecords - ==> Parameters: 
2026-04-01 10:09:41 [Thread-7] DEBUG a.r.m.I.getTableRecords - <==      Total: 16
2026-04-01 10:09:41 [Thread-7] DEBUG o.a.i.t.jdbc.JdbcTransaction - Resetting autocommit to true on JDBC Connection [HikariProxyConnection@618097868 wrapping com.mysql.cj.jdbc.ConnectionImpl@48a2b055]
2026-04-01 10:09:41 [Thread-7] DEBUG o.a.i.t.jdbc.JdbcTransaction - Closing JDBC Connection [HikariProxyConnection@618097868 wrapping com.mysql.cj.jdbc.ConnectionImpl@48a2b055]
2026-04-01 10:09:45 [JavaFX Application Thread] DEBUG application.java.manager.LogManager - [備品一覧画面] ： 選択行 分類種別: 8 分類コード: 4 遷移先画面サイズ : [2]
2026-04-01 10:09:45 [JavaFX Application Thread] INFO  application.java.manager.LogManager - [備品詳細画面] ： 初期化処理
2026-04-01 10:09:45 [JavaFX Application Thread] INFO  application.java.manager.LogManager - 呼出中[Page](備品一覧画面)の終了処理(dispose)を実行
2026-04-01 10:09:45 [JavaFX Application Thread] INFO  application.java.manager.LogManager - 画面展開 [setPage] ： 画面設定・表示処理 開始
2026-04-01 10:09:45 [JavaFX Application Thread] DEBUG application.java.manager.LogManager - [備品詳細画面] ： リスト表示処理
2026-04-01 10:09:45 [JavaFX Application Thread] DEBUG application.java.manager.LogManager - [SQL操作クラス] ： 非同期処理 SELECT句発行
2026-04-01 10:09:45 [Thread-8] DEBUG application.java.manager.LogManager - [SQL操作クラス] ： SELECT句発行
2026-04-01 10:09:45 [Thread-8] DEBUG application.java.manager.LogManager - [備品詳細画面] ： DB 備品詳細データ取得処理
2026-04-01 10:09:45 [JavaFX Application Thread] INFO  application.java.manager.LogManager - /application/resources/css/InventoryDetailsStyle.css

2026-04-01 10:09:45 [Thread-8] DEBUG o.a.i.t.jdbc.JdbcTransaction - Opening JDBC Connection
2026-04-01 10:09:45 [Thread-8] DEBUG o.a.i.t.jdbc.JdbcTransaction - Setting autocommit to false on JDBC Connection [HikariProxyConnection@1109561904 wrapping com.mysql.cj.jdbc.ConnectionImpl@48a2b055]
2026-04-01 10:09:45 [Thread-8] DEBUG a.r.m.I.getTableDetailRecords - ==>  Preparing: WITH BASE_TABLE AS ( SELECT DISTINCT SM.serial_no , SD.id FROM stock_type_master STM /* 参照権限を考慮する場合に用いる INNER JOIN stock_type_data STD ON STM.stock_type = STD.stock_type AND STM.stock_code = STD.stock_code*/ INNER JOIN stock_master SM ON STM.stock_type = SM.stock_type AND STM.stock_code = SM.stock_code AND STM.del = FALSE AND SM.del = FALSE /* 未登録データを考慮しLEFT JOINとする */ LEFT JOIN stock_data SD ON SM.serial_no = SD.serial_no /* 返却済データの除去 ≒ 最新の備品データを取得 */ AND SD.return_date IS NULL AND SD.del = FALSE WHERE 1 = 1 AND STM.stock_type = ? AND STM.stock_code = ? ) SELECT STM.name AS type_name , SM.serial_no AS serialNo , IFNULL(STF.name, '') AS staffName -- 貸出先ユーザー /* DataViewとの整合性を考慮しString型とする */ , CASE WHEN SM.rent_flg THEN '4' -- 不可 / 貸出可否(TRUEの場合、貸出不可) /* 返却処理に含めるため、[貸出中]で[不明]のデータを分ける */ WHEN SD.staff_no IS NOT NULL AND DATEDIFF(CURRENT_DATE (), SD.confirmed_date) > 365 THEN '5' -- 不明 / 可否表示は不明だがデータの種別は分ける [confirmed_date]：最終所在確認日 が１年前以前(可・貸出中に関わらず不明とする) WHEN DATEDIFF(CURRENT_DATE (), SD.confirmed_date) > 365 THEN '3' -- 不明 / [confirmed_date]：最終所在確認日 が１年前以前(可・貸出中に関わらず不明とする) WHEN SD.staff_no IS NOT NULL AND (DATEDIFF(CURRENT_DATE(), SD.confirmed_date) <= 365 ) THEN '2' -- 貸出中 WHEN SD.staff_no IS NULL AND (DATEDIFF(CURRENT_DATE(), SD.confirmed_date) <= 365 ) THEN '1' -- 可 ELSE '4' -- 不可 / 備品データが未登録の場合など、異常なデータ END AS rentFlg , IFNULL(DATE_FORMAT(SD.start_date, '%Y/%m/%d'), '-') AS startDate , IFNULL(DATE_FORMAT(SD.limit_date, '%Y/%m/%d'), '-') AS limitDate , IFNULL(DATE_FORMAT(SD.confirmed_date, '%Y/%m/%d'), '-') AS confirmedDate , SM.name AS model , SM.maker AS maker , IFNULL(SD.parent_stock_code, '-') AS destinationSerialNo -- 親シリアルナンバー , GCM.value_1 AS type , IFNULL(DATE_FORMAT(SM.expiry_date, '%Y/%m/%d'), '-') AS leaseDate , SM.remarks AS remarks , SM.stock_type , SM.stock_code , SD.id AS stockDataId , SD.staff_no AS staff_no FROM BASE_TABLE B INNER JOIN stock_master SM ON B.serial_no = SM.serial_no INNER JOIN stock_type_master STM ON SM.stock_type = STM.stock_type AND SM.stock_code = STM.stock_code /* 未登録データを考慮しLEFT JOINとする */ LEFT JOIN stock_data SD ON B.id = SD.id /* 未登録データを考慮しLEFT JOINとする */ LEFT JOIN staff_master STF ON SD.staff_no = STF.staff_no /* 未登録データを考慮しLEFT JOINとする */ LEFT JOIN generic_code_master GCM ON SM.asset_type = GCM.type_key AND GCM.generic_key = 'ASSET_TYPE' WHERE 1 = 1 ORDER BY SM.serial_no
2026-04-01 10:09:45 [Thread-8] DEBUG a.r.m.I.getTableDetailRecords - ==> Parameters: 8(Integer), 4(String)
2026-04-01 10:09:45 [Thread-8] DEBUG a.r.m.I.getTableDetailRecords - <==      Total: 2
2026-04-01 10:09:45 [Thread-8] DEBUG o.a.i.t.jdbc.JdbcTransaction - Resetting autocommit to true on JDBC Connection [HikariProxyConnection@1109561904 wrapping com.mysql.cj.jdbc.ConnectionImpl@48a2b055]
2026-04-01 10:09:45 [Thread-8] DEBUG o.a.i.t.jdbc.JdbcTransaction - Closing JDBC Connection [HikariProxyConnection@1109561904 wrapping com.mysql.cj.jdbc.ConnectionImpl@48a2b055]
2026-04-01 10:09:46 [JavaFX Application Thread] INFO  application.java.manager.LogManager - 画面展開 [setPage] : 備品詳細画面
2026-04-01 10:09:46 [HikariPool-1:housekeeper] DEBUG com.zaxxer.hikari.pool.HikariPool - HikariPool-1 - keepalive: connection com.mysql.cj.jdbc.ConnectionImpl@2f0fd177 is alive
2026-04-01 10:09:46 [HikariPool-1:housekeeper] DEBUG com.zaxxer.hikari.pool.HikariPool - HikariPool-1 - keepalive: connection com.mysql.cj.jdbc.ConnectionImpl@59669eab is alive
2026-04-01 10:09:48 [HikariPool-1:housekeeper] DEBUG com.zaxxer.hikari.pool.HikariPool - HikariPool-1 - keepalive: connection com.mysql.cj.jdbc.ConnectionImpl@6ec0589c is alive
2026-04-01 10:09:48 [HikariPool-1:housekeeper] DEBUG com.zaxxer.hikari.pool.HikariPool - HikariPool-1 - keepalive: connection com.mysql.cj.jdbc.ConnectionImpl@5ce747c7 is alive
2026-04-01 10:09:49 [HikariPool-1:housekeeper] DEBUG com.zaxxer.hikari.pool.HikariPool - HikariPool-1 - keepalive: connection com.mysql.cj.jdbc.ConnectionImpl@71bc73a1 is alive
2026-04-01 10:09:51 [HikariPool-1:housekeeper] DEBUG com.zaxxer.hikari.pool.HikariPool - HikariPool-1 - keepalive: connection com.mysql.cj.jdbc.ConnectionImpl@4ee6272c is alive
2026-04-01 10:09:52 [HikariPool-1:housekeeper] DEBUG com.zaxxer.hikari.pool.HikariPool - HikariPool-1 - keepalive: connection com.mysql.cj.jdbc.ConnectionImpl@38a6e019 is alive
2026-04-01 10:09:52 [HikariPool-1:housekeeper] DEBUG com.zaxxer.hikari.pool.HikariPool - HikariPool-1 - keepalive: connection com.mysql.cj.jdbc.ConnectionImpl@1234ce62 is alive
2026-04-01 10:09:54 [HikariPool-1:housekeeper] DEBUG com.zaxxer.hikari.pool.HikariPool - HikariPool-1 - keepalive: connection com.mysql.cj.jdbc.ConnectionImpl@48a2b055 is alive
2026-04-01 10:09:54 [HikariPool-1:housekeeper] DEBUG com.zaxxer.hikari.pool.HikariPool - HikariPool-1 - keepalive: connection com.mysql.cj.jdbc.ConnectionImpl@5800aa25 is alive
2026-04-01 10:09:54 [JavaFX Application Thread] INFO  application.java.manager.LogManager - [備品詳細画面] ： [一覧に戻る]ボタン押下
2026-04-01 10:09:54 [JavaFX Application Thread] INFO  application.java.manager.LogManager - [備品一覧画面] ： 初期化処理
2026-04-01 10:09:54 [JavaFX Application Thread] INFO  application.java.manager.LogManager - 呼出中[Page](備品詳細画面)の終了処理(dispose)を実行
2026-04-01 10:09:54 [JavaFX Application Thread] INFO  application.java.manager.LogManager - 画面展開 [setPage] ： 画面設定・表示処理 開始
2026-04-01 10:09:54 [JavaFX Application Thread] DEBUG application.java.manager.LogManager - [備品一覧画面] ： リスト表示処理
2026-04-01 10:09:54 [JavaFX Application Thread] DEBUG application.java.manager.LogManager - [SQL操作クラス] ： 非同期処理 SELECT句発行
2026-04-01 10:09:54 [Thread-9] DEBUG application.java.manager.LogManager - [SQL操作クラス] ： SELECT句発行
2026-04-01 10:09:54 [Thread-9] DEBUG o.a.i.t.jdbc.JdbcTransaction - Opening JDBC Connection
2026-04-01 10:09:54 [Thread-9] DEBUG o.a.i.t.jdbc.JdbcTransaction - Setting autocommit to false on JDBC Connection [HikariProxyConnection@1474247681 wrapping com.mysql.cj.jdbc.ConnectionImpl@48a2b055]
2026-04-01 10:09:54 [JavaFX Application Thread] INFO  application.java.manager.LogManager - /application/resources/css/InventoryListStyle.css

2026-04-01 10:09:54 [Thread-9] DEBUG a.r.m.I.getTableRecords - ==>  Preparing: WITH SUB_TOTAL AS ( SELECT ST.stock_type , ST.stock_code , SUM(CASE WHEN SD.staff_no IS NOT NULL AND (DATEDIFF(CURRENT_DATE(), SD.confirmed_date) <= 365 ) THEN 1 ELSE 0 END) AS lending_count -- 貸出備品の数 , SUM(CASE /* 在庫 = [staff_no]：貸出先ユーザーの社員番号 が未設定(NULL) 且つ [return_date]：返却日が未設定(NULL) 且つ [confirmed_date]：最終所在確認日 が１年以内 */ WHEN SD.staff_no IS NULL AND (DATEDIFF(CURRENT_DATE(), SD.confirmed_date) <= 365 ) THEN 1 ELSE 0 END) AS stock_count -- 在庫備品の数 , SUM(CASE /* 不明 = [return_date]：返却日が未設定(NULL) 且つ [confirmed_date]：最終所在確認日 が１年前以前 ※ 貸出中・在庫を問わず１年前以前のデータを不明とする */ WHEN (DATEDIFF(CURRENT_DATE(), SD.confirmed_date) > 365 ) THEN 1 ELSE 0 END) AS unknown_count -- 不明備品の数 FROM (SELECT stock_type , stock_code FROM stock_type_master WHERE 1 = 1 AND del = FALSE) ST INNER JOIN stock_master SM ON ST.stock_type = SM.stock_type AND ST.stock_code = SM.stock_code AND SM.del = FALSE /* 未登録データを考慮しLEFT JOINとする */ LEFT JOIN stock_data SD ON SM.serial_no = SD.serial_no /* 返却済データの除去 */ AND SD.return_date IS NULL AND SD.del = FALSE WHERE 1 = 1 GROUP BY ST.stock_type , ST.stock_code ) SELECT ST.stock_type AS type, ST.stock_code AS code, ST.name AS itemName, IFNULL(S.lending_count, 0) AS loanCount, IFNULL(S.stock_count, 0) AS returnCount, IFNULL(S.unknown_count, 0) AS unknownCount, IFNULL(S.lending_count + S.stock_count, 0) AS totalCount /* 追加項目：遷移先画面サイズ */ , IFNULL( GCM.value_1, '1') AS windowSize FROM stock_type_master ST INNER JOIN SUB_TOTAL S ON ST.stock_type = S.stock_type AND ST.stock_code = S.stock_code /* 追加項目 遷移先画面サイズ */ LEFT JOIN generic_code_master GCM ON CAST(ST.stock_type AS CHAR) = GCM.type_key AND ST.stock_code = GCM.code AND GCM.generic_key = 'WINDOW_SIZE' WHERE 1 = 1 ORDER BY ST.stock_type , St.stock_code
2026-04-01 10:09:54 [Thread-9] DEBUG a.r.m.I.getTableRecords - ==> Parameters: 
2026-04-01 10:09:54 [Thread-9] DEBUG a.r.m.I.getTableRecords - <==      Total: 16
2026-04-01 10:09:54 [Thread-9] DEBUG o.a.i.t.jdbc.JdbcTransaction - Resetting autocommit to true on JDBC Connection [HikariProxyConnection@1474247681 wrapping com.mysql.cj.jdbc.ConnectionImpl@48a2b055]
2026-04-01 10:09:54 [Thread-9] DEBUG o.a.i.t.jdbc.JdbcTransaction - Closing JDBC Connection [HikariProxyConnection@1474247681 wrapping com.mysql.cj.jdbc.ConnectionImpl@48a2b055]
2026-04-01 10:09:54 [JavaFX Application Thread] INFO  application.java.manager.LogManager - 画面展開 [setPage] : 備品一覧画面
2026-04-01 10:09:56 [JavaFX Application Thread] INFO  application.java.manager.LogManager - [備品一覧画面] ： [メニューに戻る]ボタン押下
2026-04-01 10:09:56 [JavaFX Application Thread] INFO  application.java.manager.LogManager - [備品管理システム メニュー画面] ： 初期化処理
2026-04-01 10:09:56 [JavaFX Application Thread] INFO  application.java.manager.LogManager - 呼出中[Page](備品一覧画面)の終了処理(dispose)を実行
2026-04-01 10:09:56 [JavaFX Application Thread] INFO  application.java.manager.LogManager - 画面展開 [setPage] ： 画面設定・表示処理 開始
2026-04-01 10:09:56 [JavaFX Application Thread] DEBUG application.java.manager.LogManager - Window切替 [setWindowFrame] : TRANSPARENT(透明枠・背景色透明)
2026-04-01 10:09:56 [JavaFX Application Thread] INFO  application.java.manager.LogManager - /application/resources/css/MenuMacFinderStyle.css

2026-04-01 10:09:56 [JavaFX Application Thread] INFO  application.java.manager.LogManager - 画面展開 [setPage] : 備品管理システム メニュー画面
2026-04-01 10:09:56 [HikariPool-1:housekeeper] DEBUG com.zaxxer.hikari.pool.HikariPool - HikariPool-1 - keepalive: connection com.mysql.cj.jdbc.ConnectionImpl@6d7c5c0a is alive
2026-04-01 10:09:57 [HikariPool-1:housekeeper] DEBUG com.zaxxer.hikari.pool.HikariPool - HikariPool-1 - keepalive: connection com.mysql.cj.jdbc.ConnectionImpl@54690a72 is alive
2026-04-01 10:09:57 [JavaFX Application Thread] INFO  application.java.manager.LogManager - [備品管理システム メニュー画面] ： [マスタメンテナンス]ボタン押下
2026-04-01 10:09:59 [JavaFX Application Thread] INFO  application.java.manager.LogManager - [備品管理システム メニュー画面] ： [備品分類マスタ メンテナンス]ボタン押下
2026-04-01 10:09:59 [JavaFX Application Thread] INFO  application.java.manager.LogManager - [備品分類マスタ メンテナンス] ： 初期化処理
2026-04-01 10:09:59 [JavaFX Application Thread] INFO  application.java.manager.LogManager - スライドショーのTimelineを停止しました
2026-04-01 10:09:59 [JavaFX Application Thread] INFO  application.java.manager.LogManager - 呼出中[Page](備品管理システム メニュー画面)の終了処理(dispose)を実行
2026-04-01 10:09:59 [JavaFX Application Thread] INFO  application.java.manager.LogManager - 画面展開 [setPage] ： 画面設定・表示処理 開始
2026-04-01 10:09:59 [JavaFX Application Thread] DEBUG application.java.manager.LogManager - Window切替 [setWindowFrame] : DECORATED(標準)
2026-04-01 10:09:59 [JavaFX Application Thread] DEBUG application.java.manager.LogManager - [備品分類マスタ メンテナンス] ： リスト表示処理
2026-04-01 10:09:59 [JavaFX Application Thread] DEBUG application.java.manager.LogManager - [SQL操作クラス] ： 非同期処理 SELECT句発行
2026-04-01 10:09:59 [Thread-10] DEBUG application.java.manager.LogManager - [SQL操作クラス] ： SELECT句発行
2026-04-01 10:09:59 [Thread-10] DEBUG application.java.manager.LogManager - [備品分類マスタ メンテナンス] ： DB 備品分類マスタ取得処理
2026-04-01 10:09:59 [Thread-10] DEBUG o.a.i.t.jdbc.JdbcTransaction - Opening JDBC Connection
2026-04-01 10:09:59 [Thread-10] DEBUG o.a.i.t.jdbc.JdbcTransaction - Setting autocommit to false on JDBC Connection [HikariProxyConnection@1981597363 wrapping com.mysql.cj.jdbc.ConnectionImpl@48a2b055]
2026-04-01 10:09:59 [Thread-10] DEBUG a.r.m.S.selectMaintenance - ==>  Preparing: SELECT STM.id AS stockTypeId, STM.stock_type, STM.stock_code, STM.name AS stockTypeName, STM.del AS delFlg FROM stock_type_master STM WHERE 1 = 1 ORDER BY STM.stock_type, STM.stock_code
2026-04-01 10:09:59 [JavaFX Application Thread] INFO  application.java.manager.LogManager - /application/resources/css/StockTypeMasterStyle.css

2026-04-01 10:09:59 [JavaFX Application Thread] INFO  application.java.manager.LogManager - 画面展開 [setPage] : 備品分類マスタ メンテナンス
2026-04-01 10:09:59 [Thread-10] DEBUG a.r.m.S.selectMaintenance - ==> Parameters: 
2026-04-01 10:09:59 [Thread-10] DEBUG a.r.m.S.selectMaintenance - <==      Total: 17
2026-04-01 10:09:59 [Thread-10] DEBUG o.a.i.t.jdbc.JdbcTransaction - Resetting autocommit to true on JDBC Connection [HikariProxyConnection@1981597363 wrapping com.mysql.cj.jdbc.ConnectionImpl@48a2b055]
2026-04-01 10:09:59 [Thread-10] DEBUG o.a.i.t.jdbc.JdbcTransaction - Closing JDBC Connection [HikariProxyConnection@1981597363 wrapping com.mysql.cj.jdbc.ConnectionImpl@48a2b055]
2026-04-01 10:09:59 [HikariPool-1:housekeeper] DEBUG com.zaxxer.hikari.pool.HikariPool - HikariPool-1 - keepalive: connection com.mysql.cj.jdbc.ConnectionImpl@71f2622b is alive
2026-04-01 10:10:00 [HikariPool-1:housekeeper] DEBUG com.zaxxer.hikari.pool.HikariPool - HikariPool-1 - keepalive: connection com.mysql.cj.jdbc.ConnectionImpl@6d86d77 is alive
2026-04-01 10:10:00 [HikariPool-1:housekeeper] DEBUG com.zaxxer.hikari.pool.HikariPool - HikariPool-1 - keepalive: connection com.mysql.cj.jdbc.ConnectionImpl@30e98e66 is alive
2026-04-01 10:10:01 [HikariPool-1:housekeeper] DEBUG com.zaxxer.hikari.pool.HikariPool - HikariPool-1 - keepalive: connection com.mysql.cj.jdbc.ConnectionImpl@439411d8 is alive
2026-04-01 10:10:01 [HikariPool-1:housekeeper] DEBUG com.zaxxer.hikari.pool.HikariPool - HikariPool-1 - keepalive: connection com.mysql.cj.jdbc.ConnectionImpl@1d8068f7 is alive
2026-04-01 10:10:03 [JavaFX Application Thread] INFO  application.java.manager.LogManager - [備品分類マスタ メンテナンス] ： [更新]ボタン押下
2026-04-01 10:10:03 [HikariPool-1:housekeeper] DEBUG com.zaxxer.hikari.pool.HikariPool - HikariPool-1 - keepalive: connection com.mysql.cj.jdbc.ConnectionImpl@2389f83c is alive
2026-04-01 10:10:03 [HikariPool-1:housekeeper] DEBUG com.zaxxer.hikari.pool.HikariPool - HikariPool-1 - keepalive: connection com.mysql.cj.jdbc.ConnectionImpl@6ab89ac6 is alive
2026-04-01 10:10:04 [HikariPool-1:housekeeper] DEBUG com.zaxxer.hikari.pool.HikariPool - HikariPool-1 - keepalive: connection com.mysql.cj.jdbc.ConnectionImpl@789d294f is alive
2026-04-01 10:10:05 [JavaFX Application Thread] DEBUG application.java.manager.LogManager - [備品分類マスタ メンテナンス] ： 備品分類マスタ更新処理
2026-04-01 10:10:05 [JavaFX Application Thread] DEBUG application.java.manager.LogManager - [SQL操作クラス] ： トランザクション使用 クエリ発行・操作処理
2026-04-01 10:10:05 [JavaFX Application Thread] DEBUG application.java.manager.LogManager - [備品分類マスタ メンテナンス] ： DB 備品分類マスタ更新処理
2026-04-01 10:10:05 [JavaFX Application Thread] DEBUG o.a.i.t.jdbc.JdbcTransaction - Opening JDBC Connection
2026-04-01 10:10:05 [JavaFX Application Thread] DEBUG o.a.i.t.jdbc.JdbcTransaction - Setting autocommit to false on JDBC Connection [HikariProxyConnection@2061043997 wrapping com.mysql.cj.jdbc.ConnectionImpl@48a2b055]
2026-04-01 10:10:05 [JavaFX Application Thread] DEBUG a.r.m.S.updStockTypeMasterOnes - ==>  Preparing: UPDATE stock_type_master SET name = ? , del = ? WHERE id = ?
2026-04-01 10:10:05 [JavaFX Application Thread] DEBUG a.r.m.S.updStockTypeMasterOnes - ==> Parameters: 有線イヤフォン TEST 削除(String), true(Boolean), 14(Integer)
2026-04-01 10:10:05 [JavaFX Application Thread] DEBUG a.r.m.S.updStockTypeMasterOnes - <==    Updates: 1
2026-04-01 10:10:05 [JavaFX Application Thread] DEBUG o.a.i.t.jdbc.JdbcTransaction - Committing JDBC Connection [HikariProxyConnection@2061043997 wrapping com.mysql.cj.jdbc.ConnectionImpl@48a2b055]
2026-04-01 10:10:05 [JavaFX Application Thread] DEBUG o.a.i.t.jdbc.JdbcTransaction - Resetting autocommit to true on JDBC Connection [HikariProxyConnection@2061043997 wrapping com.mysql.cj.jdbc.ConnectionImpl@48a2b055]
2026-04-01 10:10:05 [JavaFX Application Thread] DEBUG o.a.i.t.jdbc.JdbcTransaction - Closing JDBC Connection [HikariProxyConnection@2061043997 wrapping com.mysql.cj.jdbc.ConnectionImpl@48a2b055]
2026-04-01 10:10:05 [JavaFX Application Thread] DEBUG application.java.manager.LogManager - [備品分類マスタ メンテナンス] ： リスト再表示処理
2026-04-01 10:10:05 [JavaFX Application Thread] DEBUG application.java.manager.LogManager - [SQL操作クラス] ： 非同期処理 SELECT句発行
2026-04-01 10:10:05 [Thread-3] DEBUG application.java.manager.LogManager - [SQL操作クラス] ： SELECT句発行
2026-04-01 10:10:05 [Thread-3] DEBUG application.java.manager.LogManager - [備品分類マスタ メンテナンス] ： DB 備品分類マスタ取得処理
2026-04-01 10:10:05 [Thread-3] DEBUG o.a.i.t.jdbc.JdbcTransaction - Opening JDBC Connection
2026-04-01 10:10:05 [Thread-3] DEBUG o.a.i.t.jdbc.JdbcTransaction - Setting autocommit to false on JDBC Connection [HikariProxyConnection@2041902153 wrapping com.mysql.cj.jdbc.ConnectionImpl@48a2b055]
2026-04-01 10:10:05 [Thread-3] DEBUG a.r.m.S.selectMaintenance - ==>  Preparing: SELECT STM.id AS stockTypeId, STM.stock_type, STM.stock_code, STM.name AS stockTypeName, STM.del AS delFlg FROM stock_type_master STM WHERE 1 = 1 ORDER BY STM.stock_type, STM.stock_code
2026-04-01 10:10:05 [Thread-3] DEBUG a.r.m.S.selectMaintenance - ==> Parameters: 
2026-04-01 10:10:05 [Thread-3] DEBUG a.r.m.S.selectMaintenance - <==      Total: 17
2026-04-01 10:10:05 [Thread-3] DEBUG o.a.i.t.jdbc.JdbcTransaction - Resetting autocommit to true on JDBC Connection [HikariProxyConnection@2041902153 wrapping com.mysql.cj.jdbc.ConnectionImpl@48a2b055]
2026-04-01 10:10:05 [Thread-3] DEBUG o.a.i.t.jdbc.JdbcTransaction - Closing JDBC Connection [HikariProxyConnection@2041902153 wrapping com.mysql.cj.jdbc.ConnectionImpl@48a2b055]
2026-04-01 10:10:06 [JavaFX Application Thread] INFO  application.java.manager.LogManager - [備品分類マスタ メンテナンス] ： [メニューに戻る]ボタン押下
2026-04-01 10:10:06 [JavaFX Application Thread] INFO  application.java.manager.LogManager - [備品管理システム メニュー画面] ： 初期化処理
2026-04-01 10:10:06 [JavaFX Application Thread] INFO  application.java.manager.LogManager - 呼出中[Page](備品分類マスタ メンテナンス)の終了処理(dispose)を実行
2026-04-01 10:10:06 [JavaFX Application Thread] INFO  application.java.manager.LogManager - 画面展開 [setPage] ： 画面設定・表示処理 開始
2026-04-01 10:10:06 [JavaFX Application Thread] DEBUG application.java.manager.LogManager - Window切替 [setWindowFrame] : TRANSPARENT(透明枠・背景色透明)
2026-04-01 10:10:06 [JavaFX Application Thread] INFO  application.java.manager.LogManager - /application/resources/css/MenuMacFinderStyle.css

2026-04-01 10:10:06 [JavaFX Application Thread] INFO  application.java.manager.LogManager - 画面展開 [setPage] : 備品管理システム メニュー画面
2026-04-01 10:10:07 [JavaFX Application Thread] INFO  application.java.manager.LogManager - [備品管理システム メニュー画面] ： [貸出業務]ボタン押下
2026-04-01 10:10:07 [JavaFX Application Thread] INFO  application.java.manager.LogManager - [備品一覧画面] ： 初期化処理
2026-04-01 10:10:07 [JavaFX Application Thread] INFO  application.java.manager.LogManager - スライドショーのTimelineを停止しました
2026-04-01 10:10:07 [JavaFX Application Thread] INFO  application.java.manager.LogManager - 呼出中[Page](備品管理システム メニュー画面)の終了処理(dispose)を実行
2026-04-01 10:10:07 [JavaFX Application Thread] INFO  application.java.manager.LogManager - 画面展開 [setPage] ： 画面設定・表示処理 開始
2026-04-01 10:10:07 [JavaFX Application Thread] DEBUG application.java.manager.LogManager - Window切替 [setWindowFrame] : DECORATED(標準)
2026-04-01 10:10:07 [JavaFX Application Thread] DEBUG application.java.manager.LogManager - [備品一覧画面] ： リスト表示処理
2026-04-01 10:10:07 [JavaFX Application Thread] DEBUG application.java.manager.LogManager - [SQL操作クラス] ： 非同期処理 SELECT句発行
2026-04-01 10:10:07 [Thread-4] DEBUG application.java.manager.LogManager - [SQL操作クラス] ： SELECT句発行
2026-04-01 10:10:07 [Thread-4] DEBUG o.a.i.t.jdbc.JdbcTransaction - Opening JDBC Connection
2026-04-01 10:10:07 [Thread-4] DEBUG o.a.i.t.jdbc.JdbcTransaction - Setting autocommit to false on JDBC Connection [HikariProxyConnection@1184878199 wrapping com.mysql.cj.jdbc.ConnectionImpl@48a2b055]
2026-04-01 10:10:07 [JavaFX Application Thread] INFO  application.java.manager.LogManager - /application/resources/css/InventoryListStyle.css

2026-04-01 10:10:07 [JavaFX Application Thread] INFO  application.java.manager.LogManager - 画面展開 [setPage] : 備品一覧画面
2026-04-01 10:10:07 [Thread-4] DEBUG a.r.m.I.getTableRecords - ==>  Preparing: WITH SUB_TOTAL AS ( SELECT ST.stock_type , ST.stock_code , SUM(CASE WHEN SD.staff_no IS NOT NULL AND (DATEDIFF(CURRENT_DATE(), SD.confirmed_date) <= 365 ) THEN 1 ELSE 0 END) AS lending_count -- 貸出備品の数 , SUM(CASE /* 在庫 = [staff_no]：貸出先ユーザーの社員番号 が未設定(NULL) 且つ [return_date]：返却日が未設定(NULL) 且つ [confirmed_date]：最終所在確認日 が１年以内 */ WHEN SD.staff_no IS NULL AND (DATEDIFF(CURRENT_DATE(), SD.confirmed_date) <= 365 ) THEN 1 ELSE 0 END) AS stock_count -- 在庫備品の数 , SUM(CASE /* 不明 = [return_date]：返却日が未設定(NULL) 且つ [confirmed_date]：最終所在確認日 が１年前以前 ※ 貸出中・在庫を問わず１年前以前のデータを不明とする */ WHEN (DATEDIFF(CURRENT_DATE(), SD.confirmed_date) > 365 ) THEN 1 ELSE 0 END) AS unknown_count -- 不明備品の数 FROM (SELECT stock_type , stock_code FROM stock_type_master WHERE 1 = 1 AND del = FALSE) ST INNER JOIN stock_master SM ON ST.stock_type = SM.stock_type AND ST.stock_code = SM.stock_code AND SM.del = FALSE /* 未登録データを考慮しLEFT JOINとする */ LEFT JOIN stock_data SD ON SM.serial_no = SD.serial_no /* 返却済データの除去 */ AND SD.return_date IS NULL AND SD.del = FALSE WHERE 1 = 1 GROUP BY ST.stock_type , ST.stock_code ) SELECT ST.stock_type AS type, ST.stock_code AS code, ST.name AS itemName, IFNULL(S.lending_count, 0) AS loanCount, IFNULL(S.stock_count, 0) AS returnCount, IFNULL(S.unknown_count, 0) AS unknownCount, IFNULL(S.lending_count + S.stock_count, 0) AS totalCount /* 追加項目：遷移先画面サイズ */ , IFNULL( GCM.value_1, '1') AS windowSize FROM stock_type_master ST INNER JOIN SUB_TOTAL S ON ST.stock_type = S.stock_type AND ST.stock_code = S.stock_code /* 追加項目 遷移先画面サイズ */ LEFT JOIN generic_code_master GCM ON CAST(ST.stock_type AS CHAR) = GCM.type_key AND ST.stock_code = GCM.code AND GCM.generic_key = 'WINDOW_SIZE' WHERE 1 = 1 ORDER BY ST.stock_type , St.stock_code
2026-04-01 10:10:07 [Thread-4] DEBUG a.r.m.I.getTableRecords - ==> Parameters: 
2026-04-01 10:10:07 [Thread-4] DEBUG a.r.m.I.getTableRecords - <==      Total: 15
2026-04-01 10:10:07 [Thread-4] DEBUG o.a.i.t.jdbc.JdbcTransaction - Resetting autocommit to true on JDBC Connection [HikariProxyConnection@1184878199 wrapping com.mysql.cj.jdbc.ConnectionImpl@48a2b055]
2026-04-01 10:10:07 [Thread-4] DEBUG o.a.i.t.jdbc.JdbcTransaction - Closing JDBC Connection [HikariProxyConnection@1184878199 wrapping com.mysql.cj.jdbc.ConnectionImpl@48a2b055]
2026-04-01 10:10:07 [HikariPool-1:housekeeper] DEBUG com.zaxxer.hikari.pool.HikariPool - HikariPool-1 - Pool stats (total=20/20, idle=20/20, active=0, waiting=0)
2026-04-01 10:10:07 [HikariPool-1:housekeeper] DEBUG com.zaxxer.hikari.pool.HikariPool - HikariPool-1 - Fill pool skipped, pool has sufficient level or currently being filled.
2026-04-01 10:10:37 [JavaFX Application Thread] INFO  application.java.manager.LogManager - [備品一覧画面] ： [メニューに戻る]ボタン押下
2026-04-01 10:10:37 [JavaFX Application Thread] INFO  application.java.manager.LogManager - [備品管理システム メニュー画面] ： 初期化処理
2026-04-01 10:10:37 [JavaFX Application Thread] INFO  application.java.manager.LogManager - 呼出中[Page](備品一覧画面)の終了処理(dispose)を実行
2026-04-01 10:10:37 [JavaFX Application Thread] INFO  application.java.manager.LogManager - 画面展開 [setPage] ： 画面設定・表示処理 開始
2026-04-01 10:10:37 [JavaFX Application Thread] DEBUG application.java.manager.LogManager - Window切替 [setWindowFrame] : TRANSPARENT(透明枠・背景色透明)
2026-04-01 10:10:37 [JavaFX Application Thread] INFO  application.java.manager.LogManager - /application/resources/css/MenuMacFinderStyle.css

2026-04-01 10:10:37 [JavaFX Application Thread] INFO  application.java.manager.LogManager - 画面展開 [setPage] : 備品管理システム メニュー画面
2026-04-01 10:10:37 [HikariPool-1:housekeeper] DEBUG com.zaxxer.hikari.pool.HikariPool - HikariPool-1 - Pool stats (total=20/20, idle=20/20, active=0, waiting=0)
2026-04-01 10:10:37 [HikariPool-1:housekeeper] DEBUG com.zaxxer.hikari.pool.HikariPool - HikariPool-1 - Fill pool skipped, pool has sufficient level or currently being filled.
2026-04-01 10:10:38 [JavaFX Application Thread] INFO  application.java.manager.LogManager - [備品管理システム メニュー画面] ： [マスタメンテナンス]ボタン押下
2026-04-01 10:10:40 [JavaFX Application Thread] INFO  application.java.manager.LogManager - [備品管理システム メニュー画面] ： [備品分類マスタ メンテナンス]ボタン押下
2026-04-01 10:10:40 [JavaFX Application Thread] INFO  application.java.manager.LogManager - [備品分類マスタ メンテナンス] ： 初期化処理
2026-04-01 10:10:40 [JavaFX Application Thread] INFO  application.java.manager.LogManager - スライドショーのTimelineを停止しました
2026-04-01 10:10:40 [JavaFX Application Thread] INFO  application.java.manager.LogManager - 呼出中[Page](備品管理システム メニュー画面)の終了処理(dispose)を実行
2026-04-01 10:10:40 [JavaFX Application Thread] INFO  application.java.manager.LogManager - 画面展開 [setPage] ： 画面設定・表示処理 開始
2026-04-01 10:10:40 [JavaFX Application Thread] DEBUG application.java.manager.LogManager - Window切替 [setWindowFrame] : DECORATED(標準)
2026-04-01 10:10:40 [JavaFX Application Thread] DEBUG application.java.manager.LogManager - [備品分類マスタ メンテナンス] ： リスト表示処理
2026-04-01 10:10:40 [JavaFX Application Thread] DEBUG application.java.manager.LogManager - [SQL操作クラス] ： 非同期処理 SELECT句発行
2026-04-01 10:10:40 [Thread-5] DEBUG application.java.manager.LogManager - [SQL操作クラス] ： SELECT句発行
2026-04-01 10:10:40 [Thread-5] DEBUG application.java.manager.LogManager - [備品分類マスタ メンテナンス] ： DB 備品分類マスタ取得処理
2026-04-01 10:10:40 [Thread-5] DEBUG o.a.i.t.jdbc.JdbcTransaction - Opening JDBC Connection
2026-04-01 10:10:40 [Thread-5] DEBUG o.a.i.t.jdbc.JdbcTransaction - Setting autocommit to false on JDBC Connection [HikariProxyConnection@481030678 wrapping com.mysql.cj.jdbc.ConnectionImpl@48a2b055]
2026-04-01 10:10:40 [Thread-5] DEBUG a.r.m.S.selectMaintenance - ==>  Preparing: SELECT STM.id AS stockTypeId, STM.stock_type, STM.stock_code, STM.name AS stockTypeName, STM.del AS delFlg FROM stock_type_master STM WHERE 1 = 1 ORDER BY STM.stock_type, STM.stock_code
2026-04-01 10:10:40 [Thread-5] DEBUG a.r.m.S.selectMaintenance - ==> Parameters: 
2026-04-01 10:10:40 [JavaFX Application Thread] INFO  application.java.manager.LogManager - /application/resources/css/StockTypeMasterStyle.css

2026-04-01 10:10:40 [JavaFX Application Thread] INFO  application.java.manager.LogManager - 画面展開 [setPage] : 備品分類マスタ メンテナンス
2026-04-01 10:10:40 [Thread-5] DEBUG a.r.m.S.selectMaintenance - <==      Total: 17
2026-04-01 10:10:40 [Thread-5] DEBUG o.a.i.t.jdbc.JdbcTransaction - Resetting autocommit to true on JDBC Connection [HikariProxyConnection@481030678 wrapping com.mysql.cj.jdbc.ConnectionImpl@48a2b055]
2026-04-01 10:10:40 [Thread-5] DEBUG o.a.i.t.jdbc.JdbcTransaction - Closing JDBC Connection [HikariProxyConnection@481030678 wrapping com.mysql.cj.jdbc.ConnectionImpl@48a2b055]
2026-04-01 10:10:43 [JavaFX Application Thread] INFO  application.java.manager.LogManager - [備品分類マスタ メンテナンス] ： [メニューに戻る]ボタン押下
2026-04-01 10:10:43 [JavaFX Application Thread] INFO  application.java.manager.LogManager - [備品管理システム メニュー画面] ： 初期化処理
2026-04-01 10:10:43 [JavaFX Application Thread] INFO  application.java.manager.LogManager - 呼出中[Page](備品分類マスタ メンテナンス)の終了処理(dispose)を実行
2026-04-01 10:10:43 [JavaFX Application Thread] INFO  application.java.manager.LogManager - 画面展開 [setPage] ： 画面設定・表示処理 開始
2026-04-01 10:10:43 [JavaFX Application Thread] DEBUG application.java.manager.LogManager - Window切替 [setWindowFrame] : TRANSPARENT(透明枠・背景色透明)
2026-04-01 10:10:43 [JavaFX Application Thread] INFO  application.java.manager.LogManager - /application/resources/css/MenuMacFinderStyle.css

2026-04-01 10:10:43 [JavaFX Application Thread] INFO  application.java.manager.LogManager - 画面展開 [setPage] : 備品管理システム メニュー画面
2026-04-01 10:10:45 [JavaFX Application Thread] INFO  application.java.manager.LogManager - [備品管理システム メニュー画面] ： [貸出業務]ボタン押下
2026-04-01 10:10:45 [JavaFX Application Thread] INFO  application.java.manager.LogManager - [備品一覧画面] ： 初期化処理
2026-04-01 10:10:45 [JavaFX Application Thread] INFO  application.java.manager.LogManager - スライドショーのTimelineを停止しました
2026-04-01 10:10:45 [JavaFX Application Thread] INFO  application.java.manager.LogManager - 呼出中[Page](備品管理システム メニュー画面)の終了処理(dispose)を実行
2026-04-01 10:10:45 [JavaFX Application Thread] INFO  application.java.manager.LogManager - 画面展開 [setPage] ： 画面設定・表示処理 開始
2026-04-01 10:10:45 [JavaFX Application Thread] DEBUG application.java.manager.LogManager - Window切替 [setWindowFrame] : DECORATED(標準)
2026-04-01 10:10:45 [JavaFX Application Thread] DEBUG application.java.manager.LogManager - [備品一覧画面] ： リスト表示処理
2026-04-01 10:10:45 [JavaFX Application Thread] DEBUG application.java.manager.LogManager - [SQL操作クラス] ： 非同期処理 SELECT句発行
2026-04-01 10:10:45 [Thread-6] DEBUG application.java.manager.LogManager - [SQL操作クラス] ： SELECT句発行
2026-04-01 10:10:45 [Thread-6] DEBUG o.a.i.t.jdbc.JdbcTransaction - Opening JDBC Connection
2026-04-01 10:10:45 [Thread-6] DEBUG o.a.i.t.jdbc.JdbcTransaction - Setting autocommit to false on JDBC Connection [HikariProxyConnection@552252390 wrapping com.mysql.cj.jdbc.ConnectionImpl@48a2b055]
2026-04-01 10:10:45 [JavaFX Application Thread] INFO  application.java.manager.LogManager - /application/resources/css/InventoryListStyle.css

2026-04-01 10:10:45 [JavaFX Application Thread] INFO  application.java.manager.LogManager - 画面展開 [setPage] : 備品一覧画面
2026-04-01 10:10:45 [Thread-6] DEBUG a.r.m.I.getTableRecords - ==>  Preparing: WITH SUB_TOTAL AS ( SELECT ST.stock_type , ST.stock_code , SUM(CASE WHEN SD.staff_no IS NOT NULL AND (DATEDIFF(CURRENT_DATE(), SD.confirmed_date) <= 365 ) THEN 1 ELSE 0 END) AS lending_count -- 貸出備品の数 , SUM(CASE /* 在庫 = [staff_no]：貸出先ユーザーの社員番号 が未設定(NULL) 且つ [return_date]：返却日が未設定(NULL) 且つ [confirmed_date]：最終所在確認日 が１年以内 */ WHEN SD.staff_no IS NULL AND (DATEDIFF(CURRENT_DATE(), SD.confirmed_date) <= 365 ) THEN 1 ELSE 0 END) AS stock_count -- 在庫備品の数 , SUM(CASE /* 不明 = [return_date]：返却日が未設定(NULL) 且つ [confirmed_date]：最終所在確認日 が１年前以前 ※ 貸出中・在庫を問わず１年前以前のデータを不明とする */ WHEN (DATEDIFF(CURRENT_DATE(), SD.confirmed_date) > 365 ) THEN 1 ELSE 0 END) AS unknown_count -- 不明備品の数 FROM (SELECT stock_type , stock_code FROM stock_type_master WHERE 1 = 1 AND del = FALSE) ST INNER JOIN stock_master SM ON ST.stock_type = SM.stock_type AND ST.stock_code = SM.stock_code AND SM.del = FALSE /* 未登録データを考慮しLEFT JOINとする */ LEFT JOIN stock_data SD ON SM.serial_no = SD.serial_no /* 返却済データの除去 */ AND SD.return_date IS NULL AND SD.del = FALSE WHERE 1 = 1 GROUP BY ST.stock_type , ST.stock_code ) SELECT ST.stock_type AS type, ST.stock_code AS code, ST.name AS itemName, IFNULL(S.lending_count, 0) AS loanCount, IFNULL(S.stock_count, 0) AS returnCount, IFNULL(S.unknown_count, 0) AS unknownCount, IFNULL(S.lending_count + S.stock_count, 0) AS totalCount /* 追加項目：遷移先画面サイズ */ , IFNULL( GCM.value_1, '1') AS windowSize FROM stock_type_master ST INNER JOIN SUB_TOTAL S ON ST.stock_type = S.stock_type AND ST.stock_code = S.stock_code /* 追加項目 遷移先画面サイズ */ LEFT JOIN generic_code_master GCM ON CAST(ST.stock_type AS CHAR) = GCM.type_key AND ST.stock_code = GCM.code AND GCM.generic_key = 'WINDOW_SIZE' WHERE 1 = 1 ORDER BY ST.stock_type , St.stock_code
2026-04-01 10:10:45 [Thread-6] DEBUG a.r.m.I.getTableRecords - ==> Parameters: 
2026-04-01 10:10:45 [Thread-6] DEBUG a.r.m.I.getTableRecords - <==      Total: 15
2026-04-01 10:10:45 [Thread-6] DEBUG o.a.i.t.jdbc.JdbcTransaction - Resetting autocommit to true on JDBC Connection [HikariProxyConnection@552252390 wrapping com.mysql.cj.jdbc.ConnectionImpl@48a2b055]
2026-04-01 10:10:45 [Thread-6] DEBUG o.a.i.t.jdbc.JdbcTransaction - Closing JDBC Connection [HikariProxyConnection@552252390 wrapping com.mysql.cj.jdbc.ConnectionImpl@48a2b055]
2026-04-01 10:10:50 [JavaFX Application Thread] INFO  application.java.manager.LogManager - [備品一覧画面] ： [メニューに戻る]ボタン押下
2026-04-01 10:10:50 [JavaFX Application Thread] INFO  application.java.manager.LogManager - [備品管理システム メニュー画面] ： 初期化処理
2026-04-01 10:10:50 [JavaFX Application Thread] INFO  application.java.manager.LogManager - 呼出中[Page](備品一覧画面)の終了処理(dispose)を実行
2026-04-01 10:10:50 [JavaFX Application Thread] INFO  application.java.manager.LogManager - 画面展開 [setPage] ： 画面設定・表示処理 開始
2026-04-01 10:10:50 [JavaFX Application Thread] DEBUG application.java.manager.LogManager - Window切替 [setWindowFrame] : TRANSPARENT(透明枠・背景色透明)
2026-04-01 10:10:50 [JavaFX Application Thread] INFO  application.java.manager.LogManager - /application/resources/css/MenuMacFinderStyle.css

2026-04-01 10:10:50 [JavaFX Application Thread] INFO  application.java.manager.LogManager - 画面展開 [setPage] : 備品管理システム メニュー画面
2026-04-01 10:10:52 [JavaFX Application Thread] INFO  application.java.manager.LogManager - [備品管理システム メニュー画面] ： [マスタメンテナンス]ボタン押下
2026-04-01 10:10:53 [JavaFX Application Thread] INFO  application.java.manager.LogManager - [備品管理システム メニュー画面] ： [備品分類マスタ メンテナンス]ボタン押下
2026-04-01 10:10:53 [JavaFX Application Thread] INFO  application.java.manager.LogManager - [備品分類マスタ メンテナンス] ： 初期化処理
2026-04-01 10:10:53 [JavaFX Application Thread] INFO  application.java.manager.LogManager - スライドショーのTimelineを停止しました
2026-04-01 10:10:53 [JavaFX Application Thread] INFO  application.java.manager.LogManager - 呼出中[Page](備品管理システム メニュー画面)の終了処理(dispose)を実行
2026-04-01 10:10:53 [JavaFX Application Thread] INFO  application.java.manager.LogManager - 画面展開 [setPage] ： 画面設定・表示処理 開始
2026-04-01 10:10:53 [JavaFX Application Thread] DEBUG application.java.manager.LogManager - Window切替 [setWindowFrame] : DECORATED(標準)
2026-04-01 10:10:53 [JavaFX Application Thread] DEBUG application.java.manager.LogManager - [備品分類マスタ メンテナンス] ： リスト表示処理
2026-04-01 10:10:53 [JavaFX Application Thread] DEBUG application.java.manager.LogManager - [SQL操作クラス] ： 非同期処理 SELECT句発行
2026-04-01 10:10:53 [Thread-7] DEBUG application.java.manager.LogManager - [SQL操作クラス] ： SELECT句発行
2026-04-01 10:10:53 [Thread-7] DEBUG application.java.manager.LogManager - [備品分類マスタ メンテナンス] ： DB 備品分類マスタ取得処理
2026-04-01 10:10:53 [Thread-7] DEBUG o.a.i.t.jdbc.JdbcTransaction - Opening JDBC Connection
2026-04-01 10:10:53 [Thread-7] DEBUG o.a.i.t.jdbc.JdbcTransaction - Setting autocommit to false on JDBC Connection [HikariProxyConnection@1233785522 wrapping com.mysql.cj.jdbc.ConnectionImpl@48a2b055]
2026-04-01 10:10:53 [JavaFX Application Thread] INFO  application.java.manager.LogManager - /application/resources/css/StockTypeMasterStyle.css

2026-04-01 10:10:53 [JavaFX Application Thread] INFO  application.java.manager.LogManager - 画面展開 [setPage] : 備品分類マスタ メンテナンス
2026-04-01 10:10:53 [Thread-7] DEBUG a.r.m.S.selectMaintenance - ==>  Preparing: SELECT STM.id AS stockTypeId, STM.stock_type, STM.stock_code, STM.name AS stockTypeName, STM.del AS delFlg FROM stock_type_master STM WHERE 1 = 1 ORDER BY STM.stock_type, STM.stock_code
2026-04-01 10:10:53 [Thread-7] DEBUG a.r.m.S.selectMaintenance - ==> Parameters: 
2026-04-01 10:10:53 [Thread-7] DEBUG a.r.m.S.selectMaintenance - <==      Total: 17
2026-04-01 10:10:53 [Thread-7] DEBUG o.a.i.t.jdbc.JdbcTransaction - Resetting autocommit to true on JDBC Connection [HikariProxyConnection@1233785522 wrapping com.mysql.cj.jdbc.ConnectionImpl@48a2b055]
2026-04-01 10:10:53 [Thread-7] DEBUG o.a.i.t.jdbc.JdbcTransaction - Closing JDBC Connection [HikariProxyConnection@1233785522 wrapping com.mysql.cj.jdbc.ConnectionImpl@48a2b055]
2026-04-01 10:11:05 [JavaFX Application Thread] INFO  application.java.manager.LogManager - [備品分類マスタ メンテナンス] ： [更新]ボタン押下
2026-04-01 10:11:07 [JavaFX Application Thread] DEBUG application.java.manager.LogManager - [備品分類マスタ メンテナンス] ： 備品分類マスタ更新処理
2026-04-01 10:11:07 [JavaFX Application Thread] DEBUG application.java.manager.LogManager - [SQL操作クラス] ： トランザクション使用 クエリ発行・操作処理
2026-04-01 10:11:07 [JavaFX Application Thread] DEBUG application.java.manager.LogManager - [備品分類マスタ メンテナンス] ： DB 備品分類マスタ更新処理
2026-04-01 10:11:07 [JavaFX Application Thread] DEBUG o.a.i.t.jdbc.JdbcTransaction - Opening JDBC Connection
2026-04-01 10:11:07 [JavaFX Application Thread] DEBUG o.a.i.t.jdbc.JdbcTransaction - Setting autocommit to false on JDBC Connection [HikariProxyConnection@2104592584 wrapping com.mysql.cj.jdbc.ConnectionImpl@48a2b055]
2026-04-01 10:11:07 [JavaFX Application Thread] DEBUG a.r.m.S.updStockTypeMasterOnes - ==>  Preparing: UPDATE stock_type_master SET name = ? , del = ? WHERE id = ?
2026-04-01 10:11:07 [JavaFX Application Thread] DEBUG a.r.m.S.updStockTypeMasterOnes - ==> Parameters: 有線イヤフォン(String), false(Boolean), 14(Integer)
2026-04-01 10:11:07 [JavaFX Application Thread] DEBUG a.r.m.S.updStockTypeMasterOnes - <==    Updates: 1
2026-04-01 10:11:07 [JavaFX Application Thread] DEBUG o.a.i.t.jdbc.JdbcTransaction - Committing JDBC Connection [HikariProxyConnection@2104592584 wrapping com.mysql.cj.jdbc.ConnectionImpl@48a2b055]
2026-04-01 10:11:07 [JavaFX Application Thread] DEBUG o.a.i.t.jdbc.JdbcTransaction - Resetting autocommit to true on JDBC Connection [HikariProxyConnection@2104592584 wrapping com.mysql.cj.jdbc.ConnectionImpl@48a2b055]
2026-04-01 10:11:07 [JavaFX Application Thread] DEBUG o.a.i.t.jdbc.JdbcTransaction - Closing JDBC Connection [HikariProxyConnection@2104592584 wrapping com.mysql.cj.jdbc.ConnectionImpl@48a2b055]
2026-04-01 10:11:07 [JavaFX Application Thread] DEBUG application.java.manager.LogManager - [備品分類マスタ メンテナンス] ： リスト再表示処理
2026-04-01 10:11:07 [JavaFX Application Thread] DEBUG application.java.manager.LogManager - [SQL操作クラス] ： 非同期処理 SELECT句発行
2026-04-01 10:11:07 [Thread-8] DEBUG application.java.manager.LogManager - [SQL操作クラス] ： SELECT句発行
2026-04-01 10:11:07 [Thread-8] DEBUG application.java.manager.LogManager - [備品分類マスタ メンテナンス] ： DB 備品分類マスタ取得処理
2026-04-01 10:11:07 [Thread-8] DEBUG o.a.i.t.jdbc.JdbcTransaction - Opening JDBC Connection
2026-04-01 10:11:07 [Thread-8] DEBUG o.a.i.t.jdbc.JdbcTransaction - Setting autocommit to false on JDBC Connection [HikariProxyConnection@484745639 wrapping com.mysql.cj.jdbc.ConnectionImpl@48a2b055]
2026-04-01 10:11:07 [Thread-8] DEBUG a.r.m.S.selectMaintenance - ==>  Preparing: SELECT STM.id AS stockTypeId, STM.stock_type, STM.stock_code, STM.name AS stockTypeName, STM.del AS delFlg FROM stock_type_master STM WHERE 1 = 1 ORDER BY STM.stock_type, STM.stock_code
2026-04-01 10:11:07 [Thread-8] DEBUG a.r.m.S.selectMaintenance - ==> Parameters: 
2026-04-01 10:11:07 [Thread-8] DEBUG a.r.m.S.selectMaintenance - <==      Total: 17
2026-04-01 10:11:07 [Thread-8] DEBUG o.a.i.t.jdbc.JdbcTransaction - Resetting autocommit to true on JDBC Connection [HikariProxyConnection@484745639 wrapping com.mysql.cj.jdbc.ConnectionImpl@48a2b055]
2026-04-01 10:11:07 [Thread-8] DEBUG o.a.i.t.jdbc.JdbcTransaction - Closing JDBC Connection [HikariProxyConnection@484745639 wrapping com.mysql.cj.jdbc.ConnectionImpl@48a2b055]
2026-04-01 10:11:07 [HikariPool-1:housekeeper] DEBUG com.zaxxer.hikari.pool.HikariPool - HikariPool-1 - Pool stats (total=20/20, idle=20/20, active=0, waiting=0)
2026-04-01 10:11:07 [HikariPool-1:housekeeper] DEBUG com.zaxxer.hikari.pool.HikariPool - HikariPool-1 - Fill pool skipped, pool has sufficient level or currently being filled.
2026-04-01 10:11:24 [HikariPool-1:housekeeper] DEBUG com.zaxxer.hikari.pool.HikariPool - HikariPool-1 - keepalive: connection com.mysql.cj.jdbc.ConnectionImpl@2f0fd177 is alive
2026-04-01 10:11:25 [HikariPool-1:housekeeper] DEBUG com.zaxxer.hikari.pool.HikariPool - HikariPool-1 - keepalive: connection com.mysql.cj.jdbc.ConnectionImpl@59669eab is alive
2026-04-01 10:11:27 [HikariPool-1:housekeeper] DEBUG com.zaxxer.hikari.pool.HikariPool - HikariPool-1 - keepalive: connection com.mysql.cj.jdbc.ConnectionImpl@6ec0589c is alive
2026-04-01 10:11:29 [HikariPool-1:housekeeper] DEBUG com.zaxxer.hikari.pool.HikariPool - HikariPool-1 - keepalive: connection com.mysql.cj.jdbc.ConnectionImpl@5ce747c7 is alive
2026-04-01 10:11:31 [HikariPool-1:housekeeper] DEBUG com.zaxxer.hikari.pool.HikariPool - HikariPool-1 - keepalive: connection com.mysql.cj.jdbc.ConnectionImpl@71bc73a1 is alive
2026-04-01 10:11:34 [HikariPool-1:housekeeper] DEBUG com.zaxxer.hikari.pool.HikariPool - HikariPool-1 - keepalive: connection com.mysql.cj.jdbc.ConnectionImpl@4ee6272c is alive
2026-04-01 10:11:36 [HikariPool-1:housekeeper] DEBUG com.zaxxer.hikari.pool.HikariPool - HikariPool-1 - keepalive: connection com.mysql.cj.jdbc.ConnectionImpl@38a6e019 is alive
2026-04-01 10:11:37 [HikariPool-1:housekeeper] DEBUG com.zaxxer.hikari.pool.HikariPool - HikariPool-1 - keepalive: connection com.mysql.cj.jdbc.ConnectionImpl@1234ce62 is alive
2026-04-01 10:11:37 [HikariPool-1:housekeeper] DEBUG com.zaxxer.hikari.pool.HikariPool - HikariPool-1 - Pool stats (total=20/20, idle=20/20, active=0, waiting=0)
2026-04-01 10:11:37 [HikariPool-1:housekeeper] DEBUG com.zaxxer.hikari.pool.HikariPool - HikariPool-1 - Fill pool skipped, pool has sufficient level or currently being filled.
2026-04-01 10:11:40 [HikariPool-1:housekeeper] DEBUG com.zaxxer.hikari.pool.HikariPool - HikariPool-1 - keepalive: connection com.mysql.cj.jdbc.ConnectionImpl@5800aa25 is alive
2026-04-01 10:11:41 [HikariPool-1:housekeeper] DEBUG com.zaxxer.hikari.pool.HikariPool - HikariPool-1 - keepalive: connection com.mysql.cj.jdbc.ConnectionImpl@48a2b055 is alive
2026-04-01 10:11:46 [HikariPool-1:housekeeper] DEBUG com.zaxxer.hikari.pool.HikariPool - HikariPool-1 - keepalive: connection com.mysql.cj.jdbc.ConnectionImpl@6d7c5c0a is alive
2026-04-01 10:11:46 [HikariPool-1:housekeeper] DEBUG com.zaxxer.hikari.pool.HikariPool - HikariPool-1 - keepalive: connection com.mysql.cj.jdbc.ConnectionImpl@54690a72 is alive
2026-04-01 10:11:50 [HikariPool-1:housekeeper] DEBUG com.zaxxer.hikari.pool.HikariPool - HikariPool-1 - keepalive: connection com.mysql.cj.jdbc.ConnectionImpl@71f2622b is alive
2026-04-01 10:11:51 [HikariPool-1:housekeeper] DEBUG com.zaxxer.hikari.pool.HikariPool - HikariPool-1 - keepalive: connection com.mysql.cj.jdbc.ConnectionImpl@6d86d77 is alive
2026-04-01 10:11:52 [HikariPool-1:housekeeper] DEBUG com.zaxxer.hikari.pool.HikariPool - HikariPool-1 - keepalive: connection com.mysql.cj.jdbc.ConnectionImpl@30e98e66 is alive
2026-04-01 10:11:54 [HikariPool-1:housekeeper] DEBUG com.zaxxer.hikari.pool.HikariPool - HikariPool-1 - keepalive: connection com.mysql.cj.jdbc.ConnectionImpl@439411d8 is alive
2026-04-01 10:11:55 [HikariPool-1:housekeeper] DEBUG com.zaxxer.hikari.pool.HikariPool - HikariPool-1 - keepalive: connection com.mysql.cj.jdbc.ConnectionImpl@1d8068f7 is alive
2026-04-01 10:11:58 [HikariPool-1:housekeeper] DEBUG com.zaxxer.hikari.pool.HikariPool - HikariPool-1 - keepalive: connection com.mysql.cj.jdbc.ConnectionImpl@2389f83c is alive
2026-04-01 10:12:00 [HikariPool-1:housekeeper] DEBUG com.zaxxer.hikari.pool.HikariPool - HikariPool-1 - keepalive: connection com.mysql.cj.jdbc.ConnectionImpl@6ab89ac6 is alive
2026-04-01 10:12:00 [HikariPool-1:housekeeper] DEBUG com.zaxxer.hikari.pool.HikariPool - HikariPool-1 - keepalive: connection com.mysql.cj.jdbc.ConnectionImpl@789d294f is alive
2026-04-01 10:12:07 [HikariPool-1:housekeeper] DEBUG com.zaxxer.hikari.pool.HikariPool - HikariPool-1 - Pool stats (total=20/20, idle=20/20, active=0, waiting=0)
2026-04-01 10:12:07 [HikariPool-1:housekeeper] DEBUG com.zaxxer.hikari.pool.HikariPool - HikariPool-1 - Fill pool skipped, pool has sufficient level or currently being filled.
2026-04-01 10:12:37 [HikariPool-1:housekeeper] DEBUG com.zaxxer.hikari.pool.HikariPool - HikariPool-1 - Pool stats (total=20/20, idle=20/20, active=0, waiting=0)
2026-04-01 10:12:37 [HikariPool-1:housekeeper] DEBUG com.zaxxer.hikari.pool.HikariPool - HikariPool-1 - Fill pool skipped, pool has sufficient level or currently being filled.
2026-04-01 10:13:02 [HikariPool-1:housekeeper] DEBUG com.zaxxer.hikari.pool.HikariPool - HikariPool-1 - keepalive: connection com.mysql.cj.jdbc.ConnectionImpl@2f0fd177 is alive
2026-04-01 10:13:04 [HikariPool-1:housekeeper] DEBUG com.zaxxer.hikari.pool.HikariPool - HikariPool-1 - keepalive: connection com.mysql.cj.jdbc.ConnectionImpl@59669eab is alive
2026-04-01 10:13:07 [HikariPool-1:housekeeper] DEBUG com.zaxxer.hikari.pool.HikariPool - HikariPool-1 - keepalive: connection com.mysql.cj.jdbc.ConnectionImpl@6ec0589c is alive
2026-04-01 10:13:07 [HikariPool-1:housekeeper] DEBUG com.zaxxer.hikari.pool.HikariPool - HikariPool-1 - Pool stats (total=20/20, idle=20/20, active=0, waiting=0)
2026-04-01 10:13:07 [HikariPool-1:housekeeper] DEBUG com.zaxxer.hikari.pool.HikariPool - HikariPool-1 - Fill pool skipped, pool has sufficient level or currently being filled.
2026-04-01 10:13:09 [HikariPool-1:housekeeper] DEBUG com.zaxxer.hikari.pool.HikariPool - HikariPool-1 - keepalive: connection com.mysql.cj.jdbc.ConnectionImpl@5ce747c7 is alive
2026-04-01 10:13:13 [HikariPool-1:housekeeper] DEBUG com.zaxxer.hikari.pool.HikariPool - HikariPool-1 - keepalive: connection com.mysql.cj.jdbc.ConnectionImpl@71bc73a1 is alive
2026-04-01 10:13:17 [HikariPool-1:housekeeper] DEBUG com.zaxxer.hikari.pool.HikariPool - HikariPool-1 - keepalive: connection com.mysql.cj.jdbc.ConnectionImpl@4ee6272c is alive
2026-04-01 10:13:20 [HikariPool-1:housekeeper] DEBUG com.zaxxer.hikari.pool.HikariPool - HikariPool-1 - keepalive: connection com.mysql.cj.jdbc.ConnectionImpl@38a6e019 is alive
2026-04-01 10:13:22 [HikariPool-1:housekeeper] DEBUG com.zaxxer.hikari.pool.HikariPool - HikariPool-1 - keepalive: connection com.mysql.cj.jdbc.ConnectionImpl@1234ce62 is alive
2026-04-01 10:13:27 [HikariPool-1:housekeeper] DEBUG com.zaxxer.hikari.pool.HikariPool - HikariPool-1 - keepalive: connection com.mysql.cj.jdbc.ConnectionImpl@5800aa25 is alive
2026-04-01 10:13:28 [HikariPool-1:housekeeper] DEBUG com.zaxxer.hikari.pool.HikariPool - HikariPool-1 - keepalive: connection com.mysql.cj.jdbc.ConnectionImpl@48a2b055 is alive
2026-04-01 10:13:35 [HikariPool-1:housekeeper] DEBUG com.zaxxer.hikari.pool.HikariPool - HikariPool-1 - keepalive: connection com.mysql.cj.jdbc.ConnectionImpl@6d7c5c0a is alive
2026-04-01 10:13:35 [HikariPool-1:housekeeper] DEBUG com.zaxxer.hikari.pool.HikariPool - HikariPool-1 - keepalive: connection com.mysql.cj.jdbc.ConnectionImpl@54690a72 is alive
2026-04-01 10:13:37 [HikariPool-1:housekeeper] DEBUG com.zaxxer.hikari.pool.HikariPool - HikariPool-1 - Pool stats (total=20/20, idle=20/20, active=0, waiting=0)
2026-04-01 10:13:37 [HikariPool-1:housekeeper] DEBUG com.zaxxer.hikari.pool.HikariPool - HikariPool-1 - Fill pool skipped, pool has sufficient level or currently being filled.
2026-04-01 10:13:42 [HikariPool-1:housekeeper] DEBUG com.zaxxer.hikari.pool.HikariPool - HikariPool-1 - keepalive: connection com.mysql.cj.jdbc.ConnectionImpl@71f2622b is alive
2026-04-01 10:13:43 [HikariPool-1:housekeeper] DEBUG com.zaxxer.hikari.pool.HikariPool - HikariPool-1 - keepalive: connection com.mysql.cj.jdbc.ConnectionImpl@6d86d77 is alive
2026-04-01 10:13:44 [HikariPool-1:housekeeper] DEBUG com.zaxxer.hikari.pool.HikariPool - HikariPool-1 - keepalive: connection com.mysql.cj.jdbc.ConnectionImpl@30e98e66 is alive
2026-04-01 10:13:47 [HikariPool-1:housekeeper] DEBUG com.zaxxer.hikari.pool.HikariPool - HikariPool-1 - keepalive: connection com.mysql.cj.jdbc.ConnectionImpl@439411d8 is alive
2026-04-01 10:13:49 [HikariPool-1:housekeeper] DEBUG com.zaxxer.hikari.pool.HikariPool - HikariPool-1 - keepalive: connection com.mysql.cj.jdbc.ConnectionImpl@1d8068f7 is alive
2026-04-01 10:13:54 [HikariPool-1:housekeeper] DEBUG com.zaxxer.hikari.pool.HikariPool - HikariPool-1 - keepalive: connection com.mysql.cj.jdbc.ConnectionImpl@2389f83c is alive
2026-04-01 10:13:56 [HikariPool-1:housekeeper] DEBUG com.zaxxer.hikari.pool.HikariPool - HikariPool-1 - keepalive: connection com.mysql.cj.jdbc.ConnectionImpl@6ab89ac6 is alive
2026-04-01 10:13:56 [HikariPool-1:housekeeper] DEBUG com.zaxxer.hikari.pool.HikariPool - HikariPool-1 - keepalive: connection com.mysql.cj.jdbc.ConnectionImpl@789d294f is alive
2026-04-01 10:14:07 [HikariPool-1:housekeeper] DEBUG com.zaxxer.hikari.pool.HikariPool - HikariPool-1 - Pool stats (total=20/20, idle=20/20, active=0, waiting=0)
2026-04-01 10:14:07 [HikariPool-1:housekeeper] DEBUG com.zaxxer.hikari.pool.HikariPool - HikariPool-1 - Fill pool skipped, pool has sufficient level or currently being filled.
2026-04-01 10:14:29 [JavaFX Application Thread] INFO  application.java.manager.LogManager - [備品分類マスタ メンテナンス] ： [新規]ボタン押下
2026-04-01 10:14:37 [HikariPool-1:housekeeper] DEBUG com.zaxxer.hikari.pool.HikariPool - HikariPool-1 - Pool stats (total=20/20, idle=20/20, active=0, waiting=0)
2026-04-01 10:14:37 [HikariPool-1:housekeeper] DEBUG com.zaxxer.hikari.pool.HikariPool - HikariPool-1 - Fill pool skipped, pool has sufficient level or currently being filled.
2026-04-01 10:14:41 [HikariPool-1:housekeeper] DEBUG com.zaxxer.hikari.pool.HikariPool - HikariPool-1 - keepalive: connection com.mysql.cj.jdbc.ConnectionImpl@2f0fd177 is alive
2026-04-01 10:14:43 [HikariPool-1:housekeeper] DEBUG com.zaxxer.hikari.pool.HikariPool - HikariPool-1 - keepalive: connection com.mysql.cj.jdbc.ConnectionImpl@59669eab is alive
2026-04-01 10:14:44 [JavaFX Application Thread] INFO  application.java.manager.LogManager - [備品分類マスタ メンテナンス] ： [メニューに戻る]ボタン押下
2026-04-01 10:14:44 [JavaFX Application Thread] INFO  application.java.manager.LogManager - [備品管理システム メニュー画面] ： 初期化処理
2026-04-01 10:14:44 [JavaFX Application Thread] INFO  application.java.manager.LogManager - 呼出中[Page](備品分類マスタ メンテナンス)の終了処理(dispose)を実行
2026-04-01 10:14:44 [JavaFX Application Thread] INFO  application.java.manager.LogManager - 画面展開 [setPage] ： 画面設定・表示処理 開始
2026-04-01 10:14:44 [JavaFX Application Thread] DEBUG application.java.manager.LogManager - Window切替 [setWindowFrame] : TRANSPARENT(透明枠・背景色透明)
2026-04-01 10:14:45 [JavaFX Application Thread] INFO  application.java.manager.LogManager - /application/resources/css/MenuMacFinderStyle.css

2026-04-01 10:14:45 [JavaFX Application Thread] INFO  application.java.manager.LogManager - 画面展開 [setPage] : 備品管理システム メニュー画面
2026-04-01 10:14:47 [HikariPool-1:housekeeper] DEBUG com.zaxxer.hikari.pool.HikariPool - HikariPool-1 - keepalive: connection com.mysql.cj.jdbc.ConnectionImpl@6ec0589c is alive
2026-04-01 10:14:47 [JavaFX Application Thread] DEBUG application.java.manager.LogManager - [SQL操作クラス] ： 非同期処理 スレッドプール解放
2026-04-01 10:14:47 [JavaFX Application Thread] INFO  com.zaxxer.hikari.HikariDataSource - HikariPool-1 - Shutdown initiated...
2026-04-01 10:14:47 [JavaFX Application Thread] DEBUG com.zaxxer.hikari.pool.HikariPool - HikariPool-1 - Before shutdown stats (total=20/20, idle=20/20, active=0, waiting=0)
2026-04-01 10:14:47 [HikariPool-1:connection-closer] DEBUG com.zaxxer.hikari.pool.PoolBase - HikariPool-1 - Closing connection com.mysql.cj.jdbc.ConnectionImpl@48a2b055: (connection evicted)
2026-04-01 10:14:47 [HikariPool-1:connection-closer] DEBUG com.zaxxer.hikari.pool.PoolBase - HikariPool-1 - Closing connection com.mysql.cj.jdbc.ConnectionImpl@6d7c5c0a: (connection evicted)
2026-04-01 10:14:47 [HikariPool-1:connection-closer] DEBUG com.zaxxer.hikari.pool.PoolBase - HikariPool-1 - Closing connection com.mysql.cj.jdbc.ConnectionImpl@1234ce62: (connection evicted)
2026-04-01 10:14:47 [HikariPool-1:connection-closer] DEBUG com.zaxxer.hikari.pool.PoolBase - HikariPool-1 - Closing connection com.mysql.cj.jdbc.ConnectionImpl@6ab89ac6: (connection evicted)
2026-04-01 10:14:47 [HikariPool-1:connection-closer] DEBUG com.zaxxer.hikari.pool.PoolBase - HikariPool-1 - Closing connection com.mysql.cj.jdbc.ConnectionImpl@789d294f: (connection evicted)
2026-04-01 10:14:47 [HikariPool-1:connection-closer] DEBUG com.zaxxer.hikari.pool.PoolBase - HikariPool-1 - Closing connection com.mysql.cj.jdbc.ConnectionImpl@71bc73a1: (connection evicted)
2026-04-01 10:14:47 [HikariPool-1:connection-closer] DEBUG com.zaxxer.hikari.pool.PoolBase - HikariPool-1 - Closing connection com.mysql.cj.jdbc.ConnectionImpl@59669eab: (connection evicted)
2026-04-01 10:14:47 [HikariPool-1:connection-closer] DEBUG com.zaxxer.hikari.pool.PoolBase - HikariPool-1 - Closing connection com.mysql.cj.jdbc.ConnectionImpl@71f2622b: (connection evicted)
2026-04-01 10:14:47 [HikariPool-1:connection-closer] DEBUG com.zaxxer.hikari.pool.PoolBase - HikariPool-1 - Closing connection com.mysql.cj.jdbc.ConnectionImpl@54690a72: (connection evicted)
2026-04-01 10:14:47 [HikariPool-1:connection-closer] DEBUG com.zaxxer.hikari.pool.PoolBase - HikariPool-1 - Closing connection com.mysql.cj.jdbc.ConnectionImpl@5ce747c7: (connection evicted)
2026-04-01 10:14:47 [HikariPool-1:connection-closer] DEBUG com.zaxxer.hikari.pool.PoolBase - HikariPool-1 - Closing connection com.mysql.cj.jdbc.ConnectionImpl@439411d8: (connection evicted)
2026-04-01 10:14:47 [HikariPool-1:connection-closer] DEBUG com.zaxxer.hikari.pool.PoolBase - HikariPool-1 - Closing connection com.mysql.cj.jdbc.ConnectionImpl@2f0fd177: (connection evicted)
2026-04-01 10:14:47 [HikariPool-1:connection-closer] DEBUG com.zaxxer.hikari.pool.PoolBase - HikariPool-1 - Closing connection com.mysql.cj.jdbc.ConnectionImpl@6d86d77: (connection evicted)
2026-04-01 10:14:47 [HikariPool-1:connection-closer] DEBUG com.zaxxer.hikari.pool.PoolBase - HikariPool-1 - Closing connection com.mysql.cj.jdbc.ConnectionImpl@1d8068f7: (connection evicted)
2026-04-01 10:14:47 [HikariPool-1:connection-closer] DEBUG com.zaxxer.hikari.pool.PoolBase - HikariPool-1 - Closing connection com.mysql.cj.jdbc.ConnectionImpl@30e98e66: (connection evicted)
2026-04-01 10:14:47 [HikariPool-1:connection-closer] DEBUG com.zaxxer.hikari.pool.PoolBase - HikariPool-1 - Closing connection com.mysql.cj.jdbc.ConnectionImpl@4ee6272c: (connection evicted)
2026-04-01 10:14:47 [HikariPool-1:connection-closer] DEBUG com.zaxxer.hikari.pool.PoolBase - HikariPool-1 - Closing connection com.mysql.cj.jdbc.ConnectionImpl@38a6e019: (connection evicted)
2026-04-01 10:14:47 [HikariPool-1:connection-closer] DEBUG com.zaxxer.hikari.pool.PoolBase - HikariPool-1 - Closing connection com.mysql.cj.jdbc.ConnectionImpl@6ec0589c: (connection evicted)
2026-04-01 10:14:47 [HikariPool-1:connection-closer] DEBUG com.zaxxer.hikari.pool.PoolBase - HikariPool-1 - Closing connection com.mysql.cj.jdbc.ConnectionImpl@2389f83c: (connection evicted)
2026-04-01 10:14:47 [HikariPool-1:connection-closer] DEBUG com.zaxxer.hikari.pool.PoolBase - HikariPool-1 - Closing connection com.mysql.cj.jdbc.ConnectionImpl@5800aa25: (connection evicted)
2026-04-01 10:14:47 [JavaFX Application Thread] DEBUG com.zaxxer.hikari.pool.HikariPool - HikariPool-1 - After  shutdown stats (total=0/20, idle=0/20, active=0, waiting=0)
2026-04-01 10:14:47 [JavaFX Application Thread] INFO  com.zaxxer.hikari.HikariDataSource - HikariPool-1 - Shutdown completed.
2026-04-01 10:14:47 [JavaFX Application Thread] DEBUG application.java.manager.LogManager - [SQL操作クラス] ： コネクションプール(HikariCP) Closeing
2026-04-01 10:14:47 [JavaFX Application Thread] INFO  application.java.manager.LogManager - 終了処理 : 完了
2026-04-01 10:36:00 [main] INFO  application.java.manager.LogManager - 備品管理システム : 起動
2026-04-01 10:36:00 [JavaFX Application Thread] INFO  application.java.manager.LogManager - 開始処理 : 画面ウィンドウ枠生成
2026-04-01 10:36:00 [JavaFX Application Thread] INFO  application.java.manager.LogManager - [備品管理システム メニュー画面] ： 初期化処理
2026-04-01 10:36:00 [JavaFX Application Thread] INFO  application.java.manager.LogManager - 画面展開 [setPage] ： 画面設定・表示処理 開始
2026-04-01 10:36:00 [JavaFX Application Thread] DEBUG application.java.manager.LogManager - Window切替 [setWindowFrame] : TRANSPARENT(透明枠・背景色透明)
2026-04-01 10:36:00 [JavaFX Application Thread] INFO  application.java.manager.LogManager - /application/resources/css/MenuMacFinderStyle.css

2026-04-01 10:36:00 [JavaFX Application Thread] INFO  application.java.manager.LogManager - 画面展開 [setPage] : 備品管理システム メニュー画面
2026-04-01 10:36:02 [JavaFX Application Thread] INFO  application.java.manager.LogManager - [SQL操作クラス] ： 非同期処理 スレッドプール作成
2026-04-01 10:36:02 [JavaFX Application Thread] DEBUG application.java.manager.LogManager - [SQL操作クラス] ： 非同期処理 スレッドプール解放
2026-04-01 10:36:02 [JavaFX Application Thread] INFO  application.java.manager.LogManager - 終了処理 : 完了
2026-04-01 10:36:41 [main] INFO  application.java.manager.LogManager - 備品管理システム : 起動
2026-04-01 10:36:41 [JavaFX Application Thread] INFO  application.java.manager.LogManager - 開始処理 : 画面ウィンドウ枠生成
2026-04-01 10:36:41 [JavaFX Application Thread] INFO  application.java.manager.LogManager - [備品管理システム メニュー画面] ： 初期化処理
2026-04-01 10:36:41 [JavaFX Application Thread] INFO  application.java.manager.LogManager - 画面展開 [setPage] ： 画面設定・表示処理 開始
2026-04-01 10:36:41 [JavaFX Application Thread] DEBUG application.java.manager.LogManager - Window切替 [setWindowFrame] : TRANSPARENT(透明枠・背景色透明)
2026-04-01 10:36:41 [JavaFX Application Thread] INFO  application.java.manager.LogManager - /application/resources/css/MenuMacFinderStyle.css

2026-04-01 10:36:41 [JavaFX Application Thread] INFO  application.java.manager.LogManager - 画面展開 [setPage] : 備品管理システム メニュー画面
2026-04-01 10:36:42 [JavaFX Application Thread] INFO  application.java.manager.LogManager - [備品管理システム メニュー画面] ： [マスタメンテナンス]ボタン押下
2026-04-01 10:36:44 [JavaFX Application Thread] INFO  application.java.manager.LogManager - [備品管理システム メニュー画面] ： [備品分類マスタ メンテナンス]ボタン押下
2026-04-01 10:36:44 [JavaFX Application Thread] INFO  application.java.manager.LogManager - [備品分類マスタ メンテナンス] ： 初期化処理
2026-04-01 10:36:44 [JavaFX Application Thread] INFO  application.java.manager.LogManager - スライドショーのTimelineを停止しました
2026-04-01 10:36:44 [JavaFX Application Thread] INFO  application.java.manager.LogManager - 呼出中[Page](備品管理システム メニュー画面)の終了処理(dispose)を実行
2026-04-01 10:36:44 [JavaFX Application Thread] INFO  application.java.manager.LogManager - 画面展開 [setPage] ： 画面設定・表示処理 開始
2026-04-01 10:36:44 [JavaFX Application Thread] DEBUG application.java.manager.LogManager - Window切替 [setWindowFrame] : DECORATED(標準)
2026-04-01 10:36:44 [JavaFX Application Thread] INFO  application.java.manager.LogManager - [SQL操作クラス] ： 非同期処理 スレッドプール作成
2026-04-01 10:36:44 [JavaFX Application Thread] INFO  application.java.manager.LogManager - [SQL操作クラス] ： SQL Session生成
2026-04-01 10:36:44 [JavaFX Application Thread] DEBUG application.java.manager.LogManager - [SQL操作クラス] ： mybatis有効化
2026-04-01 10:36:44 [JavaFX Application Thread] DEBUG o.apache.ibatis.logging.LogFactory - Logging initialized using 'class org.apache.ibatis.logging.slf4j.Slf4jImpl' adapter.
2026-04-01 10:36:44 [JavaFX Application Thread] DEBUG o.apache.ibatis.logging.LogFactory - Logging initialized using 'class org.apache.ibatis.logging.slf4j.Slf4jImpl' adapter.
2026-04-01 10:36:44 [JavaFX Application Thread] DEBUG com.zaxxer.hikari.util.UtilityElf - Class com.mysql.cj.jdbc.Driver found in Thread context class loader jdk.internal.loader.ClassLoaders$AppClassLoader@568db2f2
2026-04-01 10:36:44 [JavaFX Application Thread] DEBUG application.java.manager.LogManager - [備品分類マスタ メンテナンス] ： リスト表示処理
2026-04-01 10:36:44 [JavaFX Application Thread] DEBUG application.java.manager.LogManager - [SQL操作クラス] ： 非同期処理 SELECT句発行
2026-04-01 10:36:44 [Thread-3] DEBUG application.java.manager.LogManager - [SQL操作クラス] ： SELECT句発行
2026-04-01 10:36:44 [Thread-3] DEBUG application.java.manager.LogManager - [備品分類マスタ メンテナンス] ： DB 備品分類マスタ取得処理
2026-04-01 10:36:44 [JavaFX Application Thread] INFO  application.java.manager.LogManager - /application/resources/css/StockTypeMasterStyle.css

2026-04-01 10:36:44 [JavaFX Application Thread] INFO  application.java.manager.LogManager - 画面展開 [setPage] : 備品分類マスタ メンテナンス
2026-04-01 10:36:44 [Thread-3] DEBUG o.a.i.t.jdbc.JdbcTransaction - Opening JDBC Connection
2026-04-01 10:36:44 [Thread-3] DEBUG com.zaxxer.hikari.HikariConfig - HikariPool-1 - configuration:
2026-04-01 10:36:44 [Thread-3] DEBUG com.zaxxer.hikari.HikariConfig - allowPoolSuspension.............false
2026-04-01 10:36:44 [Thread-3] DEBUG com.zaxxer.hikari.HikariConfig - autoCommit......................true
2026-04-01 10:36:44 [Thread-3] DEBUG com.zaxxer.hikari.HikariConfig - catalog.........................none
2026-04-01 10:36:44 [Thread-3] DEBUG com.zaxxer.hikari.HikariConfig - connectionInitSql...............none
2026-04-01 10:36:44 [Thread-3] DEBUG com.zaxxer.hikari.HikariConfig - connectionTestQuery.............none
2026-04-01 10:36:44 [Thread-3] DEBUG com.zaxxer.hikari.HikariConfig - connectionTimeout...............30000
2026-04-01 10:36:44 [Thread-3] DEBUG com.zaxxer.hikari.HikariConfig - credentials.....................com.zaxxer.hikari.util.Credentials@7ec9412
2026-04-01 10:36:44 [Thread-3] DEBUG com.zaxxer.hikari.HikariConfig - credentialsProvider.............none
2026-04-01 10:36:44 [Thread-3] DEBUG com.zaxxer.hikari.HikariConfig - credentialsProviderClassName....none
2026-04-01 10:36:44 [Thread-3] DEBUG com.zaxxer.hikari.HikariConfig - dataSource......................none
2026-04-01 10:36:44 [Thread-3] DEBUG com.zaxxer.hikari.HikariConfig - dataSourceClassName.............none
2026-04-01 10:36:44 [Thread-3] DEBUG com.zaxxer.hikari.HikariConfig - dataSourceJNDI..................none
2026-04-01 10:36:44 [Thread-3] DEBUG com.zaxxer.hikari.HikariConfig - dataSourceProperties............{password=<masked>}
2026-04-01 10:36:44 [Thread-3] DEBUG com.zaxxer.hikari.HikariConfig - driverClassName................."com.mysql.cj.jdbc.Driver"
2026-04-01 10:36:44 [Thread-3] DEBUG com.zaxxer.hikari.HikariConfig - exceptionOverride...............none
2026-04-01 10:36:44 [Thread-3] DEBUG com.zaxxer.hikari.HikariConfig - exceptionOverrideClassName......none
2026-04-01 10:36:44 [Thread-3] DEBUG com.zaxxer.hikari.HikariConfig - healthCheckProperties...........{}
2026-04-01 10:36:44 [Thread-3] DEBUG com.zaxxer.hikari.HikariConfig - healthCheckRegistry.............none
2026-04-01 10:36:44 [Thread-3] DEBUG com.zaxxer.hikari.HikariConfig - idleTimeout.....................600000
2026-04-01 10:36:44 [Thread-3] DEBUG com.zaxxer.hikari.HikariConfig - initializationFailTimeout.......1
2026-04-01 10:36:44 [Thread-3] DEBUG com.zaxxer.hikari.HikariConfig - isolateInternalQueries..........false
2026-04-01 10:36:44 [Thread-3] DEBUG com.zaxxer.hikari.HikariConfig - jdbcUrl.........................jdbc:mysql://localhost:3306/test?useUnicode=true&characterEncoding=UTF-8&serverTimezone=GMT%2B9&useSSL=false&allowPublicKeyRetrieval=true&useCursorFetch=true
2026-04-01 10:36:44 [Thread-3] DEBUG com.zaxxer.hikari.HikariConfig - keepaliveTime...................120000
2026-04-01 10:36:44 [Thread-3] DEBUG com.zaxxer.hikari.HikariConfig - leakDetectionThreshold..........0
2026-04-01 10:36:44 [Thread-3] DEBUG com.zaxxer.hikari.HikariConfig - maxLifetime.....................1800000
2026-04-01 10:36:44 [Thread-3] DEBUG com.zaxxer.hikari.HikariConfig - maximumPoolSize.................20
2026-04-01 10:36:44 [Thread-3] DEBUG com.zaxxer.hikari.HikariConfig - metricRegistry..................none
2026-04-01 10:36:44 [Thread-3] DEBUG com.zaxxer.hikari.HikariConfig - metricsTrackerFactory...........none
2026-04-01 10:36:44 [Thread-3] DEBUG com.zaxxer.hikari.HikariConfig - minimumIdle.....................20
2026-04-01 10:36:44 [Thread-3] DEBUG com.zaxxer.hikari.HikariConfig - password........................<masked>
2026-04-01 10:36:44 [Thread-3] DEBUG com.zaxxer.hikari.HikariConfig - poolName........................"HikariPool-1"
2026-04-01 10:36:44 [Thread-3] DEBUG com.zaxxer.hikari.HikariConfig - readOnly........................false
2026-04-01 10:36:44 [Thread-3] DEBUG com.zaxxer.hikari.HikariConfig - registerMbeans..................false
2026-04-01 10:36:44 [Thread-3] DEBUG com.zaxxer.hikari.HikariConfig - scheduledExecutor...............none
2026-04-01 10:36:44 [Thread-3] DEBUG com.zaxxer.hikari.HikariConfig - schema..........................none
2026-04-01 10:36:44 [Thread-3] DEBUG com.zaxxer.hikari.HikariConfig - threadFactory...................internal
2026-04-01 10:36:44 [Thread-3] DEBUG com.zaxxer.hikari.HikariConfig - transactionIsolation............default
2026-04-01 10:36:44 [Thread-3] DEBUG com.zaxxer.hikari.HikariConfig - username........................"app2"
2026-04-01 10:36:44 [Thread-3] DEBUG com.zaxxer.hikari.HikariConfig - validationTimeout...............5000
2026-04-01 10:36:44 [Thread-3] INFO  com.zaxxer.hikari.HikariDataSource - HikariPool-1 - Starting...
2026-04-01 10:36:44 [Thread-3] DEBUG com.zaxxer.hikari.pool.PoolBase - HikariPool-1 - Attempting to create/setup new connection (e3bef8da-6f87-493c-b3cb-d0eee0719e14)
2026-04-01 10:36:45 [Thread-3] DEBUG com.zaxxer.hikari.pool.PoolBase - HikariPool-1 - Established new connection (e3bef8da-6f87-493c-b3cb-d0eee0719e14)
2026-04-01 10:36:45 [Thread-3] INFO  com.zaxxer.hikari.pool.HikariPool - HikariPool-1 - Added connection com.mysql.cj.jdbc.ConnectionImpl@1e3f80fa
2026-04-01 10:36:45 [Thread-3] INFO  com.zaxxer.hikari.HikariDataSource - HikariPool-1 - Start completed.
2026-04-01 10:36:45 [Thread-3] DEBUG o.a.i.t.jdbc.JdbcTransaction - Setting autocommit to false on JDBC Connection [HikariProxyConnection@1505336573 wrapping com.mysql.cj.jdbc.ConnectionImpl@1e3f80fa]
2026-04-01 10:36:45 [Thread-3] DEBUG a.r.m.S.selectMaintenance - ==>  Preparing: SELECT STM.id AS stockTypeId, STM.stock_type, STM.stock_code, STM.name AS stockTypeName, STM.del AS delFlg FROM stock_type_master STM WHERE 1 = 1 ORDER BY STM.stock_type, STM.stock_code
2026-04-01 10:36:45 [Thread-3] DEBUG a.r.m.S.selectMaintenance - ==> Parameters: 
2026-04-01 10:36:45 [Thread-3] DEBUG a.r.m.S.selectMaintenance - <==      Total: 17
2026-04-01 10:36:45 [Thread-3] DEBUG o.a.i.t.jdbc.JdbcTransaction - Resetting autocommit to true on JDBC Connection [HikariProxyConnection@1505336573 wrapping com.mysql.cj.jdbc.ConnectionImpl@1e3f80fa]
2026-04-01 10:36:45 [Thread-3] DEBUG o.a.i.t.jdbc.JdbcTransaction - Closing JDBC Connection [HikariProxyConnection@1505336573 wrapping com.mysql.cj.jdbc.ConnectionImpl@1e3f80fa]
2026-04-01 10:36:45 [HikariPool-1:housekeeper] DEBUG com.zaxxer.hikari.pool.HikariPool - HikariPool-1 - Pool stats (total=1/20, idle=1/20, active=0, waiting=0)
2026-04-01 10:36:45 [HikariPool-1:connection-adder] DEBUG com.zaxxer.hikari.pool.PoolBase - HikariPool-1 - Attempting to create/setup new connection (c33c823a-0d72-4052-8ef7-cb1895b0d6f3)
2026-04-01 10:36:45 [HikariPool-1:connection-adder] DEBUG com.zaxxer.hikari.pool.PoolBase - HikariPool-1 - Established new connection (c33c823a-0d72-4052-8ef7-cb1895b0d6f3)
2026-04-01 10:36:45 [HikariPool-1:connection-adder] DEBUG com.zaxxer.hikari.pool.HikariPool - HikariPool-1 - Added connection com.mysql.cj.jdbc.ConnectionImpl@581fad
2026-04-01 10:36:45 [HikariPool-1:connection-adder] DEBUG com.zaxxer.hikari.pool.HikariPool - HikariPool-1 - After adding stats (total=2/20, idle=2/20, active=0, waiting=0)
2026-04-01 10:36:45 [HikariPool-1:connection-adder] DEBUG com.zaxxer.hikari.pool.PoolBase - HikariPool-1 - Attempting to create/setup new connection (3fd37b43-695d-4a7d-86c1-73faba35d873)
2026-04-01 10:36:45 [HikariPool-1:connection-adder] DEBUG com.zaxxer.hikari.pool.PoolBase - HikariPool-1 - Established new connection (3fd37b43-695d-4a7d-86c1-73faba35d873)
2026-04-01 10:36:45 [HikariPool-1:connection-adder] DEBUG com.zaxxer.hikari.pool.HikariPool - HikariPool-1 - Added connection com.mysql.cj.jdbc.ConnectionImpl@300b0224
2026-04-01 10:36:45 [HikariPool-1:connection-adder] DEBUG com.zaxxer.hikari.pool.HikariPool - HikariPool-1 - After adding stats (total=3/20, idle=3/20, active=0, waiting=0)
2026-04-01 10:36:45 [HikariPool-1:connection-adder] DEBUG com.zaxxer.hikari.pool.PoolBase - HikariPool-1 - Attempting to create/setup new connection (bd5686d0-ca6b-4d0a-b7d4-54aca160d685)
2026-04-01 10:36:45 [HikariPool-1:connection-adder] DEBUG com.zaxxer.hikari.pool.PoolBase - HikariPool-1 - Established new connection (bd5686d0-ca6b-4d0a-b7d4-54aca160d685)
2026-04-01 10:36:45 [HikariPool-1:connection-adder] DEBUG com.zaxxer.hikari.pool.HikariPool - HikariPool-1 - Added connection com.mysql.cj.jdbc.ConnectionImpl@486a9fe7
2026-04-01 10:36:45 [HikariPool-1:connection-adder] DEBUG com.zaxxer.hikari.pool.HikariPool - HikariPool-1 - After adding stats (total=4/20, idle=4/20, active=0, waiting=0)
2026-04-01 10:36:45 [HikariPool-1:connection-adder] DEBUG com.zaxxer.hikari.pool.PoolBase - HikariPool-1 - Attempting to create/setup new connection (cd329f32-3281-4422-81af-8741a155dc93)
2026-04-01 10:36:45 [HikariPool-1:connection-adder] DEBUG com.zaxxer.hikari.pool.PoolBase - HikariPool-1 - Established new connection (cd329f32-3281-4422-81af-8741a155dc93)
2026-04-01 10:36:45 [HikariPool-1:connection-adder] DEBUG com.zaxxer.hikari.pool.HikariPool - HikariPool-1 - Added connection com.mysql.cj.jdbc.ConnectionImpl@4938d6f6
2026-04-01 10:36:45 [HikariPool-1:connection-adder] DEBUG com.zaxxer.hikari.pool.HikariPool - HikariPool-1 - After adding stats (total=5/20, idle=5/20, active=0, waiting=0)
2026-04-01 10:36:45 [HikariPool-1:connection-adder] DEBUG com.zaxxer.hikari.pool.PoolBase - HikariPool-1 - Attempting to create/setup new connection (d27cf606-841e-4e89-b8fc-6f5d93f0b3ef)
2026-04-01 10:36:45 [HikariPool-1:connection-adder] DEBUG com.zaxxer.hikari.pool.PoolBase - HikariPool-1 - Established new connection (d27cf606-841e-4e89-b8fc-6f5d93f0b3ef)
2026-04-01 10:36:45 [HikariPool-1:connection-adder] DEBUG com.zaxxer.hikari.pool.HikariPool - HikariPool-1 - Added connection com.mysql.cj.jdbc.ConnectionImpl@536e93ac
2026-04-01 10:36:45 [HikariPool-1:connection-adder] DEBUG com.zaxxer.hikari.pool.HikariPool - HikariPool-1 - After adding stats (total=6/20, idle=6/20, active=0, waiting=0)
2026-04-01 10:36:45 [HikariPool-1:connection-adder] DEBUG com.zaxxer.hikari.pool.PoolBase - HikariPool-1 - Attempting to create/setup new connection (fab3cb68-d66d-47af-80d2-6f67b1833b64)
2026-04-01 10:36:45 [HikariPool-1:connection-adder] DEBUG com.zaxxer.hikari.pool.PoolBase - HikariPool-1 - Established new connection (fab3cb68-d66d-47af-80d2-6f67b1833b64)
2026-04-01 10:36:45 [HikariPool-1:connection-adder] DEBUG com.zaxxer.hikari.pool.HikariPool - HikariPool-1 - Added connection com.mysql.cj.jdbc.ConnectionImpl@2a044a0a
2026-04-01 10:36:45 [HikariPool-1:connection-adder] DEBUG com.zaxxer.hikari.pool.HikariPool - HikariPool-1 - After adding stats (total=7/20, idle=7/20, active=0, waiting=0)
2026-04-01 10:36:45 [HikariPool-1:connection-adder] DEBUG com.zaxxer.hikari.pool.PoolBase - HikariPool-1 - Attempting to create/setup new connection (e75239be-f1f5-48ef-9126-cf71d69095e5)
2026-04-01 10:36:45 [HikariPool-1:connection-adder] DEBUG com.zaxxer.hikari.pool.PoolBase - HikariPool-1 - Established new connection (e75239be-f1f5-48ef-9126-cf71d69095e5)
2026-04-01 10:36:45 [HikariPool-1:connection-adder] DEBUG com.zaxxer.hikari.pool.HikariPool - HikariPool-1 - Added connection com.mysql.cj.jdbc.ConnectionImpl@7f05cbb7
2026-04-01 10:36:45 [HikariPool-1:connection-adder] DEBUG com.zaxxer.hikari.pool.HikariPool - HikariPool-1 - After adding stats (total=8/20, idle=8/20, active=0, waiting=0)
2026-04-01 10:36:45 [HikariPool-1:connection-adder] DEBUG com.zaxxer.hikari.pool.PoolBase - HikariPool-1 - Attempting to create/setup new connection (c743079d-4379-4569-b99b-12b7e094a61c)
2026-04-01 10:36:45 [HikariPool-1:connection-adder] DEBUG com.zaxxer.hikari.pool.PoolBase - HikariPool-1 - Established new connection (c743079d-4379-4569-b99b-12b7e094a61c)
2026-04-01 10:36:45 [HikariPool-1:connection-adder] DEBUG com.zaxxer.hikari.pool.HikariPool - HikariPool-1 - Added connection com.mysql.cj.jdbc.ConnectionImpl@77644ffd
2026-04-01 10:36:45 [HikariPool-1:connection-adder] DEBUG com.zaxxer.hikari.pool.HikariPool - HikariPool-1 - After adding stats (total=9/20, idle=9/20, active=0, waiting=0)
2026-04-01 10:36:45 [HikariPool-1:connection-adder] DEBUG com.zaxxer.hikari.pool.PoolBase - HikariPool-1 - Attempting to create/setup new connection (61ae935a-285f-44dd-a5bb-30f9eb19e785)
2026-04-01 10:36:45 [HikariPool-1:connection-adder] DEBUG com.zaxxer.hikari.pool.PoolBase - HikariPool-1 - Established new connection (61ae935a-285f-44dd-a5bb-30f9eb19e785)
2026-04-01 10:36:45 [HikariPool-1:connection-adder] DEBUG com.zaxxer.hikari.pool.HikariPool - HikariPool-1 - Added connection com.mysql.cj.jdbc.ConnectionImpl@706df8db
2026-04-01 10:36:45 [HikariPool-1:connection-adder] DEBUG com.zaxxer.hikari.pool.HikariPool - HikariPool-1 - After adding stats (total=10/20, idle=10/20, active=0, waiting=0)
2026-04-01 10:36:45 [HikariPool-1:connection-adder] DEBUG com.zaxxer.hikari.pool.PoolBase - HikariPool-1 - Attempting to create/setup new connection (c7abc57e-e5fe-4c9b-b440-2a175a0e63d7)
2026-04-01 10:36:45 [HikariPool-1:connection-adder] DEBUG com.zaxxer.hikari.pool.PoolBase - HikariPool-1 - Established new connection (c7abc57e-e5fe-4c9b-b440-2a175a0e63d7)
2026-04-01 10:36:45 [HikariPool-1:connection-adder] DEBUG com.zaxxer.hikari.pool.HikariPool - HikariPool-1 - Added connection com.mysql.cj.jdbc.ConnectionImpl@1ad4452b
2026-04-01 10:36:45 [HikariPool-1:connection-adder] DEBUG com.zaxxer.hikari.pool.HikariPool - HikariPool-1 - After adding stats (total=11/20, idle=11/20, active=0, waiting=0)
2026-04-01 10:36:45 [HikariPool-1:connection-adder] DEBUG com.zaxxer.hikari.pool.PoolBase - HikariPool-1 - Attempting to create/setup new connection (d2bbfcf2-541f-4bd7-bbba-562b6850f973)
2026-04-01 10:36:45 [HikariPool-1:connection-adder] DEBUG com.zaxxer.hikari.pool.PoolBase - HikariPool-1 - Established new connection (d2bbfcf2-541f-4bd7-bbba-562b6850f973)
2026-04-01 10:36:45 [HikariPool-1:connection-adder] DEBUG com.zaxxer.hikari.pool.HikariPool - HikariPool-1 - Added connection com.mysql.cj.jdbc.ConnectionImpl@23adcc7
2026-04-01 10:36:45 [HikariPool-1:connection-adder] DEBUG com.zaxxer.hikari.pool.HikariPool - HikariPool-1 - After adding stats (total=12/20, idle=12/20, active=0, waiting=0)
2026-04-01 10:36:45 [HikariPool-1:connection-adder] DEBUG com.zaxxer.hikari.pool.PoolBase - HikariPool-1 - Attempting to create/setup new connection (4ad62b56-85b9-4404-9bb4-ce9c5bd859a9)
2026-04-01 10:36:45 [HikariPool-1:connection-adder] DEBUG com.zaxxer.hikari.pool.PoolBase - HikariPool-1 - Established new connection (4ad62b56-85b9-4404-9bb4-ce9c5bd859a9)
2026-04-01 10:36:45 [HikariPool-1:connection-adder] DEBUG com.zaxxer.hikari.pool.HikariPool - HikariPool-1 - Added connection com.mysql.cj.jdbc.ConnectionImpl@22795193
2026-04-01 10:36:45 [HikariPool-1:connection-adder] DEBUG com.zaxxer.hikari.pool.HikariPool - HikariPool-1 - After adding stats (total=13/20, idle=13/20, active=0, waiting=0)
2026-04-01 10:36:45 [HikariPool-1:connection-adder] DEBUG com.zaxxer.hikari.pool.PoolBase - HikariPool-1 - Attempting to create/setup new connection (9e48c69b-cbad-4a2f-8831-cef3d30860ca)
2026-04-01 10:36:45 [HikariPool-1:connection-adder] DEBUG com.zaxxer.hikari.pool.PoolBase - HikariPool-1 - Established new connection (9e48c69b-cbad-4a2f-8831-cef3d30860ca)
2026-04-01 10:36:45 [HikariPool-1:connection-adder] DEBUG com.zaxxer.hikari.pool.HikariPool - HikariPool-1 - Added connection com.mysql.cj.jdbc.ConnectionImpl@193472e9
2026-04-01 10:36:45 [HikariPool-1:connection-adder] DEBUG com.zaxxer.hikari.pool.HikariPool - HikariPool-1 - After adding stats (total=14/20, idle=14/20, active=0, waiting=0)
2026-04-01 10:36:45 [HikariPool-1:connection-adder] DEBUG com.zaxxer.hikari.pool.PoolBase - HikariPool-1 - Attempting to create/setup new connection (8e809023-fa76-4415-8f63-79e69e2a0e91)
2026-04-01 10:36:45 [HikariPool-1:connection-adder] DEBUG com.zaxxer.hikari.pool.PoolBase - HikariPool-1 - Established new connection (8e809023-fa76-4415-8f63-79e69e2a0e91)
2026-04-01 10:36:45 [HikariPool-1:connection-adder] DEBUG com.zaxxer.hikari.pool.HikariPool - HikariPool-1 - Added connection com.mysql.cj.jdbc.ConnectionImpl@efd5899
2026-04-01 10:36:45 [HikariPool-1:connection-adder] DEBUG com.zaxxer.hikari.pool.HikariPool - HikariPool-1 - After adding stats (total=15/20, idle=15/20, active=0, waiting=0)
2026-04-01 10:36:45 [HikariPool-1:connection-adder] DEBUG com.zaxxer.hikari.pool.PoolBase - HikariPool-1 - Attempting to create/setup new connection (509f6164-fee4-443b-90ca-bab203d4e6c6)
2026-04-01 10:36:45 [HikariPool-1:connection-adder] DEBUG com.zaxxer.hikari.pool.PoolBase - HikariPool-1 - Established new connection (509f6164-fee4-443b-90ca-bab203d4e6c6)
2026-04-01 10:36:45 [HikariPool-1:connection-adder] DEBUG com.zaxxer.hikari.pool.HikariPool - HikariPool-1 - Added connection com.mysql.cj.jdbc.ConnectionImpl@1becd8fd
2026-04-01 10:36:45 [HikariPool-1:connection-adder] DEBUG com.zaxxer.hikari.pool.HikariPool - HikariPool-1 - After adding stats (total=16/20, idle=16/20, active=0, waiting=0)
2026-04-01 10:36:45 [HikariPool-1:connection-adder] DEBUG com.zaxxer.hikari.pool.PoolBase - HikariPool-1 - Attempting to create/setup new connection (f503f3c0-7a28-4b3f-8289-63e04876238d)
2026-04-01 10:36:45 [HikariPool-1:connection-adder] DEBUG com.zaxxer.hikari.pool.PoolBase - HikariPool-1 - Established new connection (f503f3c0-7a28-4b3f-8289-63e04876238d)
2026-04-01 10:36:45 [HikariPool-1:connection-adder] DEBUG com.zaxxer.hikari.pool.HikariPool - HikariPool-1 - Added connection com.mysql.cj.jdbc.ConnectionImpl@1a744dc3
2026-04-01 10:36:45 [HikariPool-1:connection-adder] DEBUG com.zaxxer.hikari.pool.HikariPool - HikariPool-1 - After adding stats (total=17/20, idle=17/20, active=0, waiting=0)
2026-04-01 10:36:45 [HikariPool-1:connection-adder] DEBUG com.zaxxer.hikari.pool.PoolBase - HikariPool-1 - Attempting to create/setup new connection (8c9d0129-c0fa-4282-88ae-874ff53b2bc1)
2026-04-01 10:36:45 [HikariPool-1:connection-adder] DEBUG com.zaxxer.hikari.pool.PoolBase - HikariPool-1 - Established new connection (8c9d0129-c0fa-4282-88ae-874ff53b2bc1)
2026-04-01 10:36:45 [HikariPool-1:connection-adder] DEBUG com.zaxxer.hikari.pool.HikariPool - HikariPool-1 - Added connection com.mysql.cj.jdbc.ConnectionImpl@6cf45f31
2026-04-01 10:36:45 [HikariPool-1:connection-adder] DEBUG com.zaxxer.hikari.pool.HikariPool - HikariPool-1 - After adding stats (total=18/20, idle=18/20, active=0, waiting=0)
2026-04-01 10:36:45 [HikariPool-1:connection-adder] DEBUG com.zaxxer.hikari.pool.PoolBase - HikariPool-1 - Attempting to create/setup new connection (a9e37a63-fd73-4b2b-8d57-1bbdb7c5a0d3)
2026-04-01 10:36:45 [HikariPool-1:connection-adder] DEBUG com.zaxxer.hikari.pool.PoolBase - HikariPool-1 - Established new connection (a9e37a63-fd73-4b2b-8d57-1bbdb7c5a0d3)
2026-04-01 10:36:45 [HikariPool-1:connection-adder] DEBUG com.zaxxer.hikari.pool.HikariPool - HikariPool-1 - Added connection com.mysql.cj.jdbc.ConnectionImpl@6516f413
2026-04-01 10:36:45 [HikariPool-1:connection-adder] DEBUG com.zaxxer.hikari.pool.HikariPool - HikariPool-1 - After adding stats (total=19/20, idle=19/20, active=0, waiting=0)
2026-04-01 10:36:45 [HikariPool-1:connection-adder] DEBUG com.zaxxer.hikari.pool.PoolBase - HikariPool-1 - Attempting to create/setup new connection (924c521c-141a-4124-8038-e68754587ad4)
2026-04-01 10:36:45 [HikariPool-1:connection-adder] DEBUG com.zaxxer.hikari.pool.PoolBase - HikariPool-1 - Established new connection (924c521c-141a-4124-8038-e68754587ad4)
2026-04-01 10:36:45 [HikariPool-1:connection-adder] DEBUG com.zaxxer.hikari.pool.HikariPool - HikariPool-1 - Added connection com.mysql.cj.jdbc.ConnectionImpl@28c23c59
2026-04-01 10:36:45 [HikariPool-1:connection-adder] DEBUG com.zaxxer.hikari.pool.HikariPool - HikariPool-1 - After adding stats (total=20/20, idle=20/20, active=0, waiting=0)
2026-04-01 10:36:51 [JavaFX Application Thread] INFO  application.java.manager.LogManager - [備品分類マスタ メンテナンス] ： [更新]ボタン押下
2026-04-01 10:37:13 [JavaFX Application Thread] INFO  application.java.manager.LogManager - [備品分類マスタ メンテナンス] ： [更新]ボタン押下
2026-04-01 10:37:15 [HikariPool-1:housekeeper] DEBUG com.zaxxer.hikari.pool.HikariPool - HikariPool-1 - Pool stats (total=20/20, idle=20/20, active=0, waiting=0)
2026-04-01 10:37:15 [HikariPool-1:housekeeper] DEBUG com.zaxxer.hikari.pool.HikariPool - HikariPool-1 - Fill pool skipped, pool has sufficient level or currently being filled.
2026-04-01 10:37:24 [JavaFX Application Thread] INFO  application.java.manager.LogManager - [備品分類マスタ メンテナンス] ： [更新]ボタン押下
2026-04-01 10:37:37 [JavaFX Application Thread] DEBUG application.java.manager.LogManager - [SQL操作クラス] ： 非同期処理 スレッドプール解放
2026-04-01 10:37:37 [JavaFX Application Thread] INFO  com.zaxxer.hikari.HikariDataSource - HikariPool-1 - Shutdown initiated...
2026-04-01 10:37:37 [JavaFX Application Thread] DEBUG com.zaxxer.hikari.pool.HikariPool - HikariPool-1 - Before shutdown stats (total=20/20, idle=20/20, active=0, waiting=0)
2026-04-01 10:37:37 [HikariPool-1:connection-closer] DEBUG com.zaxxer.hikari.pool.PoolBase - HikariPool-1 - Closing connection com.mysql.cj.jdbc.ConnectionImpl@1e3f80fa: (connection evicted)
2026-04-01 10:37:37 [HikariPool-1:connection-closer] DEBUG com.zaxxer.hikari.pool.PoolBase - HikariPool-1 - Closing connection com.mysql.cj.jdbc.ConnectionImpl@581fad: (connection evicted)
2026-04-01 10:37:37 [HikariPool-1:connection-closer] DEBUG com.zaxxer.hikari.pool.PoolBase - HikariPool-1 - Closing connection com.mysql.cj.jdbc.ConnectionImpl@300b0224: (connection evicted)
2026-04-01 10:37:37 [HikariPool-1:connection-closer] DEBUG com.zaxxer.hikari.pool.PoolBase - HikariPool-1 - Closing connection com.mysql.cj.jdbc.ConnectionImpl@486a9fe7: (connection evicted)
2026-04-01 10:37:37 [HikariPool-1:connection-closer] DEBUG com.zaxxer.hikari.pool.PoolBase - HikariPool-1 - Closing connection com.mysql.cj.jdbc.ConnectionImpl@4938d6f6: (connection evicted)
2026-04-01 10:37:37 [HikariPool-1:connection-closer] DEBUG com.zaxxer.hikari.pool.PoolBase - HikariPool-1 - Closing connection com.mysql.cj.jdbc.ConnectionImpl@536e93ac: (connection evicted)
2026-04-01 10:37:37 [HikariPool-1:connection-closer] DEBUG com.zaxxer.hikari.pool.PoolBase - HikariPool-1 - Closing connection com.mysql.cj.jdbc.ConnectionImpl@2a044a0a: (connection evicted)
2026-04-01 10:37:37 [HikariPool-1:connection-closer] DEBUG com.zaxxer.hikari.pool.PoolBase - HikariPool-1 - Closing connection com.mysql.cj.jdbc.ConnectionImpl@7f05cbb7: (connection evicted)
2026-04-01 10:37:37 [HikariPool-1:connection-closer] DEBUG com.zaxxer.hikari.pool.PoolBase - HikariPool-1 - Closing connection com.mysql.cj.jdbc.ConnectionImpl@77644ffd: (connection evicted)
2026-04-01 10:37:37 [HikariPool-1:connection-closer] DEBUG com.zaxxer.hikari.pool.PoolBase - HikariPool-1 - Closing connection com.mysql.cj.jdbc.ConnectionImpl@706df8db: (connection evicted)
2026-04-01 10:37:37 [HikariPool-1:connection-closer] DEBUG com.zaxxer.hikari.pool.PoolBase - HikariPool-1 - Closing connection com.mysql.cj.jdbc.ConnectionImpl@1ad4452b: (connection evicted)
2026-04-01 10:37:37 [HikariPool-1:connection-closer] DEBUG com.zaxxer.hikari.pool.PoolBase - HikariPool-1 - Closing connection com.mysql.cj.jdbc.ConnectionImpl@23adcc7: (connection evicted)
2026-04-01 10:37:37 [HikariPool-1:connection-closer] DEBUG com.zaxxer.hikari.pool.PoolBase - HikariPool-1 - Closing connection com.mysql.cj.jdbc.ConnectionImpl@22795193: (connection evicted)
2026-04-01 10:37:37 [HikariPool-1:connection-closer] DEBUG com.zaxxer.hikari.pool.PoolBase - HikariPool-1 - Closing connection com.mysql.cj.jdbc.ConnectionImpl@193472e9: (connection evicted)
2026-04-01 10:37:37 [HikariPool-1:connection-closer] DEBUG com.zaxxer.hikari.pool.PoolBase - HikariPool-1 - Closing connection com.mysql.cj.jdbc.ConnectionImpl@efd5899: (connection evicted)
2026-04-01 10:37:37 [HikariPool-1:connection-closer] DEBUG com.zaxxer.hikari.pool.PoolBase - HikariPool-1 - Closing connection com.mysql.cj.jdbc.ConnectionImpl@1becd8fd: (connection evicted)
2026-04-01 10:37:37 [HikariPool-1:connection-closer] DEBUG com.zaxxer.hikari.pool.PoolBase - HikariPool-1 - Closing connection com.mysql.cj.jdbc.ConnectionImpl@1a744dc3: (connection evicted)
2026-04-01 10:37:37 [HikariPool-1:connection-closer] DEBUG com.zaxxer.hikari.pool.PoolBase - HikariPool-1 - Closing connection com.mysql.cj.jdbc.ConnectionImpl@6cf45f31: (connection evicted)
2026-04-01 10:37:37 [HikariPool-1:connection-closer] DEBUG com.zaxxer.hikari.pool.PoolBase - HikariPool-1 - Closing connection com.mysql.cj.jdbc.ConnectionImpl@6516f413: (connection evicted)
2026-04-01 10:37:37 [HikariPool-1:connection-closer] DEBUG com.zaxxer.hikari.pool.PoolBase - HikariPool-1 - Closing connection com.mysql.cj.jdbc.ConnectionImpl@28c23c59: (connection evicted)
2026-04-01 10:37:37 [JavaFX Application Thread] DEBUG com.zaxxer.hikari.pool.HikariPool - HikariPool-1 - After  shutdown stats (total=0/20, idle=0/20, active=0, waiting=0)
2026-04-01 10:37:37 [JavaFX Application Thread] INFO  com.zaxxer.hikari.HikariDataSource - HikariPool-1 - Shutdown completed.
2026-04-01 10:37:37 [JavaFX Application Thread] DEBUG application.java.manager.LogManager - [SQL操作クラス] ： コネクションプール(HikariCP) Closeing
2026-04-01 10:37:37 [JavaFX Application Thread] INFO  application.java.manager.LogManager - 終了処理 : 完了
2026-04-01 15:11:43 [main] INFO  application.java.manager.LogManager - 備品管理システム : 起動
2026-04-01 15:11:43 [JavaFX Application Thread] INFO  application.java.manager.LogManager - 開始処理 : 画面ウィンドウ枠生成
2026-04-01 15:11:43 [JavaFX Application Thread] INFO  application.java.manager.LogManager - [備品管理システム メニュー画面] ： 初期化処理
2026-04-01 15:11:43 [JavaFX Application Thread] INFO  application.java.manager.LogManager - 画面展開 [setPage] ： 画面設定・表示処理 開始
2026-04-01 15:11:43 [JavaFX Application Thread] DEBUG application.java.manager.LogManager - Window切替 [setWindowFrame] : TRANSPARENT(透明枠・背景色透明)
2026-04-01 15:11:43 [JavaFX Application Thread] INFO  application.java.manager.LogManager - /application/resources/css/MenuMacFinderStyle.css

2026-04-01 15:11:43 [JavaFX Application Thread] INFO  application.java.manager.LogManager - 画面展開 [setPage] : 備品管理システム メニュー画面
2026-04-01 15:11:46 [JavaFX Application Thread] INFO  application.java.manager.LogManager - [SQL操作クラス] ： 非同期処理 スレッドプール作成
2026-04-01 15:11:46 [JavaFX Application Thread] DEBUG application.java.manager.LogManager - [SQL操作クラス] ： 非同期処理 スレッドプール解放
2026-04-01 15:11:46 [JavaFX Application Thread] INFO  application.java.manager.LogManager - 終了処理 : 完了
2026-04-01 15:44:14 [main] INFO  application.java.manager.LogManager - 備品管理システム : 起動
2026-04-01 15:44:14 [JavaFX Application Thread] INFO  application.java.manager.LogManager - 開始処理 : 画面ウィンドウ枠生成
2026-04-01 15:44:14 [JavaFX Application Thread] INFO  application.java.manager.LogManager - [備品管理システム メニュー画面] ： 初期化処理
2026-04-01 15:44:14 [JavaFX Application Thread] INFO  application.java.manager.LogManager - 画面展開 [setPage] ： 画面設定・表示処理 開始
2026-04-01 15:44:14 [JavaFX Application Thread] DEBUG application.java.manager.LogManager - Window切替 [setWindowFrame] : TRANSPARENT(透明枠・背景色透明)
2026-04-01 15:44:15 [JavaFX Application Thread] INFO  application.java.manager.LogManager - /application/resources/css/MenuMacFinderStyle.css

2026-04-01 15:44:15 [JavaFX Application Thread] INFO  application.java.manager.LogManager - 画面展開 [setPage] : 備品管理システム メニュー画面
2026-04-01 15:44:16 [JavaFX Application Thread] INFO  application.java.manager.LogManager - [備品管理システム メニュー画面] ： [マスタメンテナンス]ボタン押下
2026-04-01 15:44:18 [JavaFX Application Thread] INFO  application.java.manager.LogManager - [備品管理システム メニュー画面] ： [備品分類マスタ メンテナンス]ボタン押下
2026-04-01 15:44:18 [JavaFX Application Thread] INFO  application.java.manager.LogManager - [備品分類マスタ メンテナンス] ： 初期化処理
2026-04-01 15:44:18 [JavaFX Application Thread] INFO  application.java.manager.LogManager - スライドショーのTimelineを停止しました
2026-04-01 15:44:18 [JavaFX Application Thread] INFO  application.java.manager.LogManager - 呼出中[Page](備品管理システム メニュー画面)の終了処理(dispose)を実行
2026-04-01 15:44:18 [JavaFX Application Thread] INFO  application.java.manager.LogManager - 画面展開 [setPage] ： 画面設定・表示処理 開始
2026-04-01 15:44:18 [JavaFX Application Thread] DEBUG application.java.manager.LogManager - Window切替 [setWindowFrame] : DECORATED(標準)
2026-04-01 15:44:18 [JavaFX Application Thread] INFO  application.java.manager.LogManager - [SQL操作クラス] ： 非同期処理 スレッドプール作成
2026-04-01 15:44:18 [JavaFX Application Thread] INFO  application.java.manager.LogManager - [SQL操作クラス] ： SQL Session生成
2026-04-01 15:44:18 [JavaFX Application Thread] DEBUG application.java.manager.LogManager - [SQL操作クラス] ： mybatis有効化
2026-04-01 15:44:18 [JavaFX Application Thread] DEBUG o.apache.ibatis.logging.LogFactory - Logging initialized using 'class org.apache.ibatis.logging.slf4j.Slf4jImpl' adapter.
2026-04-01 15:44:18 [JavaFX Application Thread] DEBUG o.apache.ibatis.logging.LogFactory - Logging initialized using 'class org.apache.ibatis.logging.slf4j.Slf4jImpl' adapter.
2026-04-01 15:44:18 [JavaFX Application Thread] DEBUG com.zaxxer.hikari.util.UtilityElf - Class com.mysql.cj.jdbc.Driver found in Thread context class loader jdk.internal.loader.ClassLoaders$AppClassLoader@568db2f2
2026-04-01 15:44:18 [JavaFX Application Thread] DEBUG application.java.manager.LogManager - [備品分類マスタ メンテナンス] ： リスト表示処理
2026-04-01 15:44:18 [JavaFX Application Thread] DEBUG application.java.manager.LogManager - [SQL操作クラス] ： 非同期処理 SELECT句発行
2026-04-01 15:44:18 [Thread-3] DEBUG application.java.manager.LogManager - [SQL操作クラス] ： SELECT句発行
2026-04-01 15:44:18 [Thread-3] DEBUG application.java.manager.LogManager - [備品分類マスタ メンテナンス] ： DB 備品分類マスタ取得処理
2026-04-01 15:44:18 [JavaFX Application Thread] INFO  application.java.manager.LogManager - /application/resources/css/StockTypeMasterStyle.css

2026-04-01 15:44:18 [JavaFX Application Thread] INFO  application.java.manager.LogManager - 画面展開 [setPage] : 備品分類マスタ メンテナンス
2026-04-01 15:44:18 [Thread-3] DEBUG o.a.i.t.jdbc.JdbcTransaction - Opening JDBC Connection
2026-04-01 15:44:18 [Thread-3] DEBUG com.zaxxer.hikari.HikariConfig - HikariPool-1 - configuration:
2026-04-01 15:44:18 [Thread-3] DEBUG com.zaxxer.hikari.HikariConfig - allowPoolSuspension.............false
2026-04-01 15:44:18 [Thread-3] DEBUG com.zaxxer.hikari.HikariConfig - autoCommit......................true
2026-04-01 15:44:18 [Thread-3] DEBUG com.zaxxer.hikari.HikariConfig - catalog.........................none
2026-04-01 15:44:18 [Thread-3] DEBUG com.zaxxer.hikari.HikariConfig - connectionInitSql...............none
2026-04-01 15:44:18 [Thread-3] DEBUG com.zaxxer.hikari.HikariConfig - connectionTestQuery.............none
2026-04-01 15:44:18 [Thread-3] DEBUG com.zaxxer.hikari.HikariConfig - connectionTimeout...............30000
2026-04-01 15:44:18 [Thread-3] DEBUG com.zaxxer.hikari.HikariConfig - credentials.....................com.zaxxer.hikari.util.Credentials@1ad85983
2026-04-01 15:44:18 [Thread-3] DEBUG com.zaxxer.hikari.HikariConfig - credentialsProvider.............none
2026-04-01 15:44:18 [Thread-3] DEBUG com.zaxxer.hikari.HikariConfig - credentialsProviderClassName....none
2026-04-01 15:44:18 [Thread-3] DEBUG com.zaxxer.hikari.HikariConfig - dataSource......................none
2026-04-01 15:44:18 [Thread-3] DEBUG com.zaxxer.hikari.HikariConfig - dataSourceClassName.............none
2026-04-01 15:44:18 [Thread-3] DEBUG com.zaxxer.hikari.HikariConfig - dataSourceJNDI..................none
2026-04-01 15:44:18 [Thread-3] DEBUG com.zaxxer.hikari.HikariConfig - dataSourceProperties............{password=<masked>}
2026-04-01 15:44:18 [Thread-3] DEBUG com.zaxxer.hikari.HikariConfig - driverClassName................."com.mysql.cj.jdbc.Driver"
2026-04-01 15:44:18 [Thread-3] DEBUG com.zaxxer.hikari.HikariConfig - exceptionOverride...............none
2026-04-01 15:44:18 [Thread-3] DEBUG com.zaxxer.hikari.HikariConfig - exceptionOverrideClassName......none
2026-04-01 15:44:18 [Thread-3] DEBUG com.zaxxer.hikari.HikariConfig - healthCheckProperties...........{}
2026-04-01 15:44:18 [Thread-3] DEBUG com.zaxxer.hikari.HikariConfig - healthCheckRegistry.............none
2026-04-01 15:44:18 [Thread-3] DEBUG com.zaxxer.hikari.HikariConfig - idleTimeout.....................600000
2026-04-01 15:44:18 [Thread-3] DEBUG com.zaxxer.hikari.HikariConfig - initializationFailTimeout.......1
2026-04-01 15:44:18 [Thread-3] DEBUG com.zaxxer.hikari.HikariConfig - isolateInternalQueries..........false
2026-04-01 15:44:18 [Thread-3] DEBUG com.zaxxer.hikari.HikariConfig - jdbcUrl.........................jdbc:mysql://localhost:3306/test?useUnicode=true&characterEncoding=UTF-8&serverTimezone=GMT%2B9&useSSL=false&allowPublicKeyRetrieval=true&useCursorFetch=true
2026-04-01 15:44:18 [Thread-3] DEBUG com.zaxxer.hikari.HikariConfig - keepaliveTime...................120000
2026-04-01 15:44:18 [Thread-3] DEBUG com.zaxxer.hikari.HikariConfig - leakDetectionThreshold..........0
2026-04-01 15:44:18 [Thread-3] DEBUG com.zaxxer.hikari.HikariConfig - maxLifetime.....................1800000
2026-04-01 15:44:18 [Thread-3] DEBUG com.zaxxer.hikari.HikariConfig - maximumPoolSize.................20
2026-04-01 15:44:18 [Thread-3] DEBUG com.zaxxer.hikari.HikariConfig - metricRegistry..................none
2026-04-01 15:44:18 [Thread-3] DEBUG com.zaxxer.hikari.HikariConfig - metricsTrackerFactory...........none
2026-04-01 15:44:18 [Thread-3] DEBUG com.zaxxer.hikari.HikariConfig - minimumIdle.....................20
2026-04-01 15:44:18 [Thread-3] DEBUG com.zaxxer.hikari.HikariConfig - password........................<masked>
2026-04-01 15:44:18 [Thread-3] DEBUG com.zaxxer.hikari.HikariConfig - poolName........................"HikariPool-1"
2026-04-01 15:44:18 [Thread-3] DEBUG com.zaxxer.hikari.HikariConfig - readOnly........................false
2026-04-01 15:44:18 [Thread-3] DEBUG com.zaxxer.hikari.HikariConfig - registerMbeans..................false
2026-04-01 15:44:18 [Thread-3] DEBUG com.zaxxer.hikari.HikariConfig - scheduledExecutor...............none
2026-04-01 15:44:18 [Thread-3] DEBUG com.zaxxer.hikari.HikariConfig - schema..........................none
2026-04-01 15:44:18 [Thread-3] DEBUG com.zaxxer.hikari.HikariConfig - threadFactory...................internal
2026-04-01 15:44:18 [Thread-3] DEBUG com.zaxxer.hikari.HikariConfig - transactionIsolation............default
2026-04-01 15:44:18 [Thread-3] DEBUG com.zaxxer.hikari.HikariConfig - username........................"app2"
2026-04-01 15:44:18 [Thread-3] DEBUG com.zaxxer.hikari.HikariConfig - validationTimeout...............5000
2026-04-01 15:44:18 [Thread-3] INFO  com.zaxxer.hikari.HikariDataSource - HikariPool-1 - Starting...
2026-04-01 15:44:18 [Thread-3] DEBUG com.zaxxer.hikari.pool.PoolBase - HikariPool-1 - Attempting to create/setup new connection (90c2647e-4ed6-4cb2-a3af-1f9fd70bc443)
2026-04-01 15:44:18 [Thread-3] DEBUG com.zaxxer.hikari.pool.PoolBase - HikariPool-1 - Established new connection (90c2647e-4ed6-4cb2-a3af-1f9fd70bc443)
2026-04-01 15:44:18 [Thread-3] INFO  com.zaxxer.hikari.pool.HikariPool - HikariPool-1 - Added connection com.mysql.cj.jdbc.ConnectionImpl@31ceb4c5
2026-04-01 15:44:18 [Thread-3] INFO  com.zaxxer.hikari.HikariDataSource - HikariPool-1 - Start completed.
2026-04-01 15:44:18 [Thread-3] DEBUG o.a.i.t.jdbc.JdbcTransaction - Setting autocommit to false on JDBC Connection [HikariProxyConnection@2111654549 wrapping com.mysql.cj.jdbc.ConnectionImpl@31ceb4c5]
2026-04-01 15:44:18 [Thread-3] DEBUG a.r.m.S.selectMaintenance - ==>  Preparing: SELECT STM.id AS stockTypeId, STM.stock_type, STM.stock_code, STM.name AS stockTypeName, STM.del AS delFlg FROM stock_type_master STM WHERE 1 = 1 ORDER BY STM.stock_type, STM.stock_code
2026-04-01 15:44:18 [Thread-3] DEBUG a.r.m.S.selectMaintenance - ==> Parameters: 
2026-04-01 15:44:18 [Thread-3] DEBUG a.r.m.S.selectMaintenance - <==      Total: 17
2026-04-01 15:44:18 [HikariPool-1:housekeeper] DEBUG com.zaxxer.hikari.pool.HikariPool - HikariPool-1 - Pool stats (total=1/20, idle=0/20, active=1, waiting=0)
2026-04-01 15:44:18 [Thread-3] DEBUG o.a.i.t.jdbc.JdbcTransaction - Resetting autocommit to true on JDBC Connection [HikariProxyConnection@2111654549 wrapping com.mysql.cj.jdbc.ConnectionImpl@31ceb4c5]
2026-04-01 15:44:18 [HikariPool-1:connection-adder] DEBUG com.zaxxer.hikari.pool.PoolBase - HikariPool-1 - Attempting to create/setup new connection (3a2bd3b2-4305-45c1-88d8-8c0ac32aeac4)
2026-04-01 15:44:18 [Thread-3] DEBUG o.a.i.t.jdbc.JdbcTransaction - Closing JDBC Connection [HikariProxyConnection@2111654549 wrapping com.mysql.cj.jdbc.ConnectionImpl@31ceb4c5]
2026-04-01 15:44:18 [HikariPool-1:connection-adder] DEBUG com.zaxxer.hikari.pool.PoolBase - HikariPool-1 - Established new connection (3a2bd3b2-4305-45c1-88d8-8c0ac32aeac4)
2026-04-01 15:44:18 [HikariPool-1:connection-adder] DEBUG com.zaxxer.hikari.pool.HikariPool - HikariPool-1 - Added connection com.mysql.cj.jdbc.ConnectionImpl@da9184a
2026-04-01 15:44:18 [HikariPool-1:connection-adder] DEBUG com.zaxxer.hikari.pool.HikariPool - HikariPool-1 - After adding stats (total=2/20, idle=2/20, active=0, waiting=0)
2026-04-01 15:44:18 [HikariPool-1:connection-adder] DEBUG com.zaxxer.hikari.pool.PoolBase - HikariPool-1 - Attempting to create/setup new connection (c83e0043-5345-4211-9eb3-0e413078acc7)
2026-04-01 15:44:18 [HikariPool-1:connection-adder] DEBUG com.zaxxer.hikari.pool.PoolBase - HikariPool-1 - Established new connection (c83e0043-5345-4211-9eb3-0e413078acc7)
2026-04-01 15:44:18 [HikariPool-1:connection-adder] DEBUG com.zaxxer.hikari.pool.HikariPool - HikariPool-1 - Added connection com.mysql.cj.jdbc.ConnectionImpl@38bc09ea
2026-04-01 15:44:18 [HikariPool-1:connection-adder] DEBUG com.zaxxer.hikari.pool.HikariPool - HikariPool-1 - After adding stats (total=3/20, idle=3/20, active=0, waiting=0)
2026-04-01 15:44:18 [HikariPool-1:connection-adder] DEBUG com.zaxxer.hikari.pool.PoolBase - HikariPool-1 - Attempting to create/setup new connection (805275df-d45b-4354-b153-e5c318c43272)
2026-04-01 15:44:18 [HikariPool-1:connection-adder] DEBUG com.zaxxer.hikari.pool.PoolBase - HikariPool-1 - Established new connection (805275df-d45b-4354-b153-e5c318c43272)
2026-04-01 15:44:18 [HikariPool-1:connection-adder] DEBUG com.zaxxer.hikari.pool.HikariPool - HikariPool-1 - Added connection com.mysql.cj.jdbc.ConnectionImpl@40d078cf
2026-04-01 15:44:18 [HikariPool-1:connection-adder] DEBUG com.zaxxer.hikari.pool.HikariPool - HikariPool-1 - After adding stats (total=4/20, idle=4/20, active=0, waiting=0)
2026-04-01 15:44:18 [HikariPool-1:connection-adder] DEBUG com.zaxxer.hikari.pool.PoolBase - HikariPool-1 - Attempting to create/setup new connection (92c68ff6-e767-4068-a526-9471e6d73802)
2026-04-01 15:44:18 [HikariPool-1:connection-adder] DEBUG com.zaxxer.hikari.pool.PoolBase - HikariPool-1 - Established new connection (92c68ff6-e767-4068-a526-9471e6d73802)
2026-04-01 15:44:18 [HikariPool-1:connection-adder] DEBUG com.zaxxer.hikari.pool.HikariPool - HikariPool-1 - Added connection com.mysql.cj.jdbc.ConnectionImpl@7410421a
2026-04-01 15:44:19 [HikariPool-1:connection-adder] DEBUG com.zaxxer.hikari.pool.HikariPool - HikariPool-1 - After adding stats (total=5/20, idle=5/20, active=0, waiting=0)
2026-04-01 15:44:19 [HikariPool-1:connection-adder] DEBUG com.zaxxer.hikari.pool.PoolBase - HikariPool-1 - Attempting to create/setup new connection (5501185a-3ce6-44e0-a23c-a65b656a9840)
2026-04-01 15:44:19 [HikariPool-1:connection-adder] DEBUG com.zaxxer.hikari.pool.PoolBase - HikariPool-1 - Established new connection (5501185a-3ce6-44e0-a23c-a65b656a9840)
2026-04-01 15:44:19 [HikariPool-1:connection-adder] DEBUG com.zaxxer.hikari.pool.HikariPool - HikariPool-1 - Added connection com.mysql.cj.jdbc.ConnectionImpl@5bd4716d
2026-04-01 15:44:19 [HikariPool-1:connection-adder] DEBUG com.zaxxer.hikari.pool.HikariPool - HikariPool-1 - After adding stats (total=6/20, idle=6/20, active=0, waiting=0)
2026-04-01 15:44:19 [HikariPool-1:connection-adder] DEBUG com.zaxxer.hikari.pool.PoolBase - HikariPool-1 - Attempting to create/setup new connection (b2616e9e-6a5c-42c9-a1c4-2a19eb5a28ef)
2026-04-01 15:44:19 [HikariPool-1:connection-adder] DEBUG com.zaxxer.hikari.pool.PoolBase - HikariPool-1 - Established new connection (b2616e9e-6a5c-42c9-a1c4-2a19eb5a28ef)
2026-04-01 15:44:19 [HikariPool-1:connection-adder] DEBUG com.zaxxer.hikari.pool.HikariPool - HikariPool-1 - Added connection com.mysql.cj.jdbc.ConnectionImpl@5e0332a2
2026-04-01 15:44:19 [HikariPool-1:connection-adder] DEBUG com.zaxxer.hikari.pool.HikariPool - HikariPool-1 - After adding stats (total=7/20, idle=7/20, active=0, waiting=0)
2026-04-01 15:44:19 [HikariPool-1:connection-adder] DEBUG com.zaxxer.hikari.pool.PoolBase - HikariPool-1 - Attempting to create/setup new connection (25e3e29e-2cf7-4802-b9cd-04e276134e1f)
2026-04-01 15:44:19 [HikariPool-1:connection-adder] DEBUG com.zaxxer.hikari.pool.PoolBase - HikariPool-1 - Established new connection (25e3e29e-2cf7-4802-b9cd-04e276134e1f)
2026-04-01 15:44:19 [HikariPool-1:connection-adder] DEBUG com.zaxxer.hikari.pool.HikariPool - HikariPool-1 - Added connection com.mysql.cj.jdbc.ConnectionImpl@3593a676
2026-04-01 15:44:19 [HikariPool-1:connection-adder] DEBUG com.zaxxer.hikari.pool.HikariPool - HikariPool-1 - After adding stats (total=8/20, idle=8/20, active=0, waiting=0)
2026-04-01 15:44:19 [HikariPool-1:connection-adder] DEBUG com.zaxxer.hikari.pool.PoolBase - HikariPool-1 - Attempting to create/setup new connection (d9bb538e-2f85-4ba1-82aa-a5ac04ab0aa6)
2026-04-01 15:44:19 [HikariPool-1:connection-adder] DEBUG com.zaxxer.hikari.pool.PoolBase - HikariPool-1 - Established new connection (d9bb538e-2f85-4ba1-82aa-a5ac04ab0aa6)
2026-04-01 15:44:19 [HikariPool-1:connection-adder] DEBUG com.zaxxer.hikari.pool.HikariPool - HikariPool-1 - Added connection com.mysql.cj.jdbc.ConnectionImpl@771b5b7c
2026-04-01 15:44:19 [HikariPool-1:connection-adder] DEBUG com.zaxxer.hikari.pool.HikariPool - HikariPool-1 - After adding stats (total=9/20, idle=9/20, active=0, waiting=0)
2026-04-01 15:44:19 [HikariPool-1:connection-adder] DEBUG com.zaxxer.hikari.pool.PoolBase - HikariPool-1 - Attempting to create/setup new connection (567bc2f0-3b27-4a19-946f-d6b2155c8cfd)
2026-04-01 15:44:19 [HikariPool-1:connection-adder] DEBUG com.zaxxer.hikari.pool.PoolBase - HikariPool-1 - Established new connection (567bc2f0-3b27-4a19-946f-d6b2155c8cfd)
2026-04-01 15:44:19 [HikariPool-1:connection-adder] DEBUG com.zaxxer.hikari.pool.HikariPool - HikariPool-1 - Added connection com.mysql.cj.jdbc.ConnectionImpl@3580c033
2026-04-01 15:44:19 [HikariPool-1:connection-adder] DEBUG com.zaxxer.hikari.pool.HikariPool - HikariPool-1 - After adding stats (total=10/20, idle=10/20, active=0, waiting=0)
2026-04-01 15:44:19 [HikariPool-1:connection-adder] DEBUG com.zaxxer.hikari.pool.PoolBase - HikariPool-1 - Attempting to create/setup new connection (ba9d3357-90a5-4ad8-a972-6318cdcee9c6)
2026-04-01 15:44:19 [HikariPool-1:connection-adder] DEBUG com.zaxxer.hikari.pool.PoolBase - HikariPool-1 - Established new connection (ba9d3357-90a5-4ad8-a972-6318cdcee9c6)
2026-04-01 15:44:19 [HikariPool-1:connection-adder] DEBUG com.zaxxer.hikari.pool.HikariPool - HikariPool-1 - Added connection com.mysql.cj.jdbc.ConnectionImpl@7f0ff32c
2026-04-01 15:44:19 [HikariPool-1:connection-adder] DEBUG com.zaxxer.hikari.pool.HikariPool - HikariPool-1 - After adding stats (total=11/20, idle=11/20, active=0, waiting=0)
2026-04-01 15:44:19 [HikariPool-1:connection-adder] DEBUG com.zaxxer.hikari.pool.PoolBase - HikariPool-1 - Attempting to create/setup new connection (28e1c08a-4e97-4be3-9018-7cd3632f4c4d)
2026-04-01 15:44:19 [HikariPool-1:connection-adder] DEBUG com.zaxxer.hikari.pool.PoolBase - HikariPool-1 - Established new connection (28e1c08a-4e97-4be3-9018-7cd3632f4c4d)
2026-04-01 15:44:19 [HikariPool-1:connection-adder] DEBUG com.zaxxer.hikari.pool.HikariPool - HikariPool-1 - Added connection com.mysql.cj.jdbc.ConnectionImpl@1244630f
2026-04-01 15:44:19 [HikariPool-1:connection-adder] DEBUG com.zaxxer.hikari.pool.HikariPool - HikariPool-1 - After adding stats (total=12/20, idle=12/20, active=0, waiting=0)
2026-04-01 15:44:19 [HikariPool-1:connection-adder] DEBUG com.zaxxer.hikari.pool.PoolBase - HikariPool-1 - Attempting to create/setup new connection (65bd94ee-bcdf-4184-a250-e1990fc61945)
2026-04-01 15:44:19 [HikariPool-1:connection-adder] DEBUG com.zaxxer.hikari.pool.PoolBase - HikariPool-1 - Established new connection (65bd94ee-bcdf-4184-a250-e1990fc61945)
2026-04-01 15:44:19 [HikariPool-1:connection-adder] DEBUG com.zaxxer.hikari.pool.HikariPool - HikariPool-1 - Added connection com.mysql.cj.jdbc.ConnectionImpl@54e3237b
2026-04-01 15:44:19 [HikariPool-1:connection-adder] DEBUG com.zaxxer.hikari.pool.HikariPool - HikariPool-1 - After adding stats (total=13/20, idle=13/20, active=0, waiting=0)
2026-04-01 15:44:19 [HikariPool-1:connection-adder] DEBUG com.zaxxer.hikari.pool.PoolBase - HikariPool-1 - Attempting to create/setup new connection (7f971db4-ce88-4505-b88e-087263774a0b)
2026-04-01 15:44:19 [HikariPool-1:connection-adder] DEBUG com.zaxxer.hikari.pool.PoolBase - HikariPool-1 - Established new connection (7f971db4-ce88-4505-b88e-087263774a0b)
2026-04-01 15:44:19 [HikariPool-1:connection-adder] DEBUG com.zaxxer.hikari.pool.HikariPool - HikariPool-1 - Added connection com.mysql.cj.jdbc.ConnectionImpl@711e1c49
2026-04-01 15:44:19 [HikariPool-1:connection-adder] DEBUG com.zaxxer.hikari.pool.HikariPool - HikariPool-1 - After adding stats (total=14/20, idle=14/20, active=0, waiting=0)
2026-04-01 15:44:19 [HikariPool-1:connection-adder] DEBUG com.zaxxer.hikari.pool.PoolBase - HikariPool-1 - Attempting to create/setup new connection (b56eeaf5-6626-401e-8dfe-db13bfe898f6)
2026-04-01 15:44:19 [HikariPool-1:connection-adder] DEBUG com.zaxxer.hikari.pool.PoolBase - HikariPool-1 - Established new connection (b56eeaf5-6626-401e-8dfe-db13bfe898f6)
2026-04-01 15:44:19 [HikariPool-1:connection-adder] DEBUG com.zaxxer.hikari.pool.HikariPool - HikariPool-1 - Added connection com.mysql.cj.jdbc.ConnectionImpl@41416b42
2026-04-01 15:44:19 [HikariPool-1:connection-adder] DEBUG com.zaxxer.hikari.pool.HikariPool - HikariPool-1 - After adding stats (total=15/20, idle=15/20, active=0, waiting=0)
2026-04-01 15:44:19 [HikariPool-1:connection-adder] DEBUG com.zaxxer.hikari.pool.PoolBase - HikariPool-1 - Attempting to create/setup new connection (5e97ad46-5896-43b1-86fd-2da6b7ecd844)
2026-04-01 15:44:19 [HikariPool-1:connection-adder] DEBUG com.zaxxer.hikari.pool.PoolBase - HikariPool-1 - Established new connection (5e97ad46-5896-43b1-86fd-2da6b7ecd844)
2026-04-01 15:44:19 [HikariPool-1:connection-adder] DEBUG com.zaxxer.hikari.pool.HikariPool - HikariPool-1 - Added connection com.mysql.cj.jdbc.ConnectionImpl@1a8f7a11
2026-04-01 15:44:19 [HikariPool-1:connection-adder] DEBUG com.zaxxer.hikari.pool.HikariPool - HikariPool-1 - After adding stats (total=16/20, idle=16/20, active=0, waiting=0)
2026-04-01 15:44:19 [HikariPool-1:connection-adder] DEBUG com.zaxxer.hikari.pool.PoolBase - HikariPool-1 - Attempting to create/setup new connection (392542f8-5325-45c6-be6a-44619690f0ff)
2026-04-01 15:44:19 [HikariPool-1:connection-adder] DEBUG com.zaxxer.hikari.pool.PoolBase - HikariPool-1 - Established new connection (392542f8-5325-45c6-be6a-44619690f0ff)
2026-04-01 15:44:19 [HikariPool-1:connection-adder] DEBUG com.zaxxer.hikari.pool.HikariPool - HikariPool-1 - Added connection com.mysql.cj.jdbc.ConnectionImpl@7f4fb80f
2026-04-01 15:44:19 [HikariPool-1:connection-adder] DEBUG com.zaxxer.hikari.pool.HikariPool - HikariPool-1 - After adding stats (total=17/20, idle=17/20, active=0, waiting=0)
2026-04-01 15:44:19 [HikariPool-1:connection-adder] DEBUG com.zaxxer.hikari.pool.PoolBase - HikariPool-1 - Attempting to create/setup new connection (4f5dea59-f25e-4d54-b53d-f69ddae8929b)
2026-04-01 15:44:19 [HikariPool-1:connection-adder] DEBUG com.zaxxer.hikari.pool.PoolBase - HikariPool-1 - Established new connection (4f5dea59-f25e-4d54-b53d-f69ddae8929b)
2026-04-01 15:44:19 [HikariPool-1:connection-adder] DEBUG com.zaxxer.hikari.pool.HikariPool - HikariPool-1 - Added connection com.mysql.cj.jdbc.ConnectionImpl@1385bc71
2026-04-01 15:44:19 [HikariPool-1:connection-adder] DEBUG com.zaxxer.hikari.pool.HikariPool - HikariPool-1 - After adding stats (total=18/20, idle=18/20, active=0, waiting=0)
2026-04-01 15:44:19 [HikariPool-1:connection-adder] DEBUG com.zaxxer.hikari.pool.PoolBase - HikariPool-1 - Attempting to create/setup new connection (ce0a0393-66e6-406d-9805-d2380412919f)
2026-04-01 15:44:19 [HikariPool-1:connection-adder] DEBUG com.zaxxer.hikari.pool.PoolBase - HikariPool-1 - Established new connection (ce0a0393-66e6-406d-9805-d2380412919f)
2026-04-01 15:44:19 [HikariPool-1:connection-adder] DEBUG com.zaxxer.hikari.pool.HikariPool - HikariPool-1 - Added connection com.mysql.cj.jdbc.ConnectionImpl@522177b8
2026-04-01 15:44:19 [HikariPool-1:connection-adder] DEBUG com.zaxxer.hikari.pool.HikariPool - HikariPool-1 - After adding stats (total=19/20, idle=19/20, active=0, waiting=0)
2026-04-01 15:44:19 [HikariPool-1:connection-adder] DEBUG com.zaxxer.hikari.pool.PoolBase - HikariPool-1 - Attempting to create/setup new connection (c9ddda3b-8a9b-40e9-8c21-f10861e4c51a)
2026-04-01 15:44:19 [HikariPool-1:connection-adder] DEBUG com.zaxxer.hikari.pool.PoolBase - HikariPool-1 - Established new connection (c9ddda3b-8a9b-40e9-8c21-f10861e4c51a)
2026-04-01 15:44:19 [HikariPool-1:connection-adder] DEBUG com.zaxxer.hikari.pool.HikariPool - HikariPool-1 - Added connection com.mysql.cj.jdbc.ConnectionImpl@4616c242
2026-04-01 15:44:19 [HikariPool-1:connection-adder] DEBUG com.zaxxer.hikari.pool.HikariPool - HikariPool-1 - After adding stats (total=20/20, idle=20/20, active=0, waiting=0)
2026-04-01 15:44:19 [HikariPool-1:connection-adder] DEBUG com.zaxxer.hikari.pool.HikariPool - HikariPool-1 - Connection not added, stats (total=20/20, idle=20/20, active=0, waiting=0)
2026-04-01 15:44:22 [JavaFX Application Thread] INFO  application.java.manager.LogManager - [備品分類マスタ メンテナンス] ： [更新]ボタン押下
2026-04-01 15:44:23 [JavaFX Application Thread] INFO  application.java.manager.LogManager - [備品分類マスタ メンテナンス] ： [新規]ボタン押下
2026-04-01 15:44:36 [JavaFX Application Thread] DEBUG application.java.manager.LogManager - [SQL操作クラス] ： 非同期処理 スレッドプール解放
2026-04-01 15:44:36 [JavaFX Application Thread] INFO  com.zaxxer.hikari.HikariDataSource - HikariPool-1 - Shutdown initiated...
2026-04-01 15:44:36 [JavaFX Application Thread] DEBUG com.zaxxer.hikari.pool.HikariPool - HikariPool-1 - Before shutdown stats (total=20/20, idle=20/20, active=0, waiting=0)
2026-04-01 15:44:36 [HikariPool-1:connection-closer] DEBUG com.zaxxer.hikari.pool.PoolBase - HikariPool-1 - Closing connection com.mysql.cj.jdbc.ConnectionImpl@31ceb4c5: (connection evicted)
2026-04-01 15:44:36 [HikariPool-1:connection-closer] DEBUG com.zaxxer.hikari.pool.PoolBase - HikariPool-1 - Closing connection com.mysql.cj.jdbc.ConnectionImpl@da9184a: (connection evicted)
2026-04-01 15:44:36 [HikariPool-1:connection-closer] DEBUG com.zaxxer.hikari.pool.PoolBase - HikariPool-1 - Closing connection com.mysql.cj.jdbc.ConnectionImpl@38bc09ea: (connection evicted)
2026-04-01 15:44:36 [HikariPool-1:connection-closer] DEBUG com.zaxxer.hikari.pool.PoolBase - HikariPool-1 - Closing connection com.mysql.cj.jdbc.ConnectionImpl@40d078cf: (connection evicted)
2026-04-01 15:44:36 [HikariPool-1:connection-closer] DEBUG com.zaxxer.hikari.pool.PoolBase - HikariPool-1 - Closing connection com.mysql.cj.jdbc.ConnectionImpl@7410421a: (connection evicted)
2026-04-01 15:44:36 [HikariPool-1:connection-closer] DEBUG com.zaxxer.hikari.pool.PoolBase - HikariPool-1 - Closing connection com.mysql.cj.jdbc.ConnectionImpl@5bd4716d: (connection evicted)
2026-04-01 15:44:36 [HikariPool-1:connection-closer] DEBUG com.zaxxer.hikari.pool.PoolBase - HikariPool-1 - Closing connection com.mysql.cj.jdbc.ConnectionImpl@5e0332a2: (connection evicted)
2026-04-01 15:44:36 [HikariPool-1:connection-closer] DEBUG com.zaxxer.hikari.pool.PoolBase - HikariPool-1 - Closing connection com.mysql.cj.jdbc.ConnectionImpl@3593a676: (connection evicted)
2026-04-01 15:44:36 [HikariPool-1:connection-closer] DEBUG com.zaxxer.hikari.pool.PoolBase - HikariPool-1 - Closing connection com.mysql.cj.jdbc.ConnectionImpl@771b5b7c: (connection evicted)
2026-04-01 15:44:36 [HikariPool-1:connection-closer] DEBUG com.zaxxer.hikari.pool.PoolBase - HikariPool-1 - Closing connection com.mysql.cj.jdbc.ConnectionImpl@3580c033: (connection evicted)
2026-04-01 15:44:36 [HikariPool-1:connection-closer] DEBUG com.zaxxer.hikari.pool.PoolBase - HikariPool-1 - Closing connection com.mysql.cj.jdbc.ConnectionImpl@7f0ff32c: (connection evicted)
2026-04-01 15:44:36 [HikariPool-1:connection-closer] DEBUG com.zaxxer.hikari.pool.PoolBase - HikariPool-1 - Closing connection com.mysql.cj.jdbc.ConnectionImpl@1244630f: (connection evicted)
2026-04-01 15:44:36 [HikariPool-1:connection-closer] DEBUG com.zaxxer.hikari.pool.PoolBase - HikariPool-1 - Closing connection com.mysql.cj.jdbc.ConnectionImpl@54e3237b: (connection evicted)
2026-04-01 15:44:36 [HikariPool-1:connection-closer] DEBUG com.zaxxer.hikari.pool.PoolBase - HikariPool-1 - Closing connection com.mysql.cj.jdbc.ConnectionImpl@711e1c49: (connection evicted)
2026-04-01 15:44:36 [HikariPool-1:connection-closer] DEBUG com.zaxxer.hikari.pool.PoolBase - HikariPool-1 - Closing connection com.mysql.cj.jdbc.ConnectionImpl@41416b42: (connection evicted)
2026-04-01 15:44:36 [HikariPool-1:connection-closer] DEBUG com.zaxxer.hikari.pool.PoolBase - HikariPool-1 - Closing connection com.mysql.cj.jdbc.ConnectionImpl@1a8f7a11: (connection evicted)
2026-04-01 15:44:36 [HikariPool-1:connection-closer] DEBUG com.zaxxer.hikari.pool.PoolBase - HikariPool-1 - Closing connection com.mysql.cj.jdbc.ConnectionImpl@7f4fb80f: (connection evicted)
2026-04-01 15:44:36 [HikariPool-1:connection-closer] DEBUG com.zaxxer.hikari.pool.PoolBase - HikariPool-1 - Closing connection com.mysql.cj.jdbc.ConnectionImpl@1385bc71: (connection evicted)
2026-04-01 15:44:36 [HikariPool-1:connection-closer] DEBUG com.zaxxer.hikari.pool.PoolBase - HikariPool-1 - Closing connection com.mysql.cj.jdbc.ConnectionImpl@522177b8: (connection evicted)
2026-04-01 15:44:36 [HikariPool-1:connection-closer] DEBUG com.zaxxer.hikari.pool.PoolBase - HikariPool-1 - Closing connection com.mysql.cj.jdbc.ConnectionImpl@4616c242: (connection evicted)
2026-04-01 15:44:36 [JavaFX Application Thread] DEBUG com.zaxxer.hikari.pool.HikariPool - HikariPool-1 - After  shutdown stats (total=0/20, idle=0/20, active=0, waiting=0)
2026-04-01 15:44:36 [JavaFX Application Thread] INFO  com.zaxxer.hikari.HikariDataSource - HikariPool-1 - Shutdown completed.
2026-04-01 15:44:36 [JavaFX Application Thread] DEBUG application.java.manager.LogManager - [SQL操作クラス] ： コネクションプール(HikariCP) Closeing
2026-04-01 15:44:36 [JavaFX Application Thread] INFO  application.java.manager.LogManager - 終了処理 : 完了
2026-04-01 15:45:08 [main] INFO  application.java.manager.LogManager - 備品管理システム : 起動
2026-04-01 15:45:08 [JavaFX Application Thread] INFO  application.java.manager.LogManager - 開始処理 : 画面ウィンドウ枠生成
2026-04-01 15:45:08 [JavaFX Application Thread] INFO  application.java.manager.LogManager - [備品管理システム メニュー画面] ： 初期化処理
2026-04-01 15:45:08 [JavaFX Application Thread] INFO  application.java.manager.LogManager - 画面展開 [setPage] ： 画面設定・表示処理 開始
2026-04-01 15:45:08 [JavaFX Application Thread] DEBUG application.java.manager.LogManager - Window切替 [setWindowFrame] : TRANSPARENT(透明枠・背景色透明)
2026-04-01 15:45:08 [JavaFX Application Thread] INFO  application.java.manager.LogManager - /application/resources/css/MenuMacFinderStyle.css

2026-04-01 15:45:08 [JavaFX Application Thread] INFO  application.java.manager.LogManager - 画面展開 [setPage] : 備品管理システム メニュー画面
2026-04-01 15:45:10 [JavaFX Application Thread] INFO  application.java.manager.LogManager - [備品管理システム メニュー画面] ： [マスタメンテナンス]ボタン押下
2026-04-01 15:45:11 [JavaFX Application Thread] INFO  application.java.manager.LogManager - [備品管理システム メニュー画面] ： [備品分類マスタ メンテナンス]ボタン押下
2026-04-01 15:45:11 [JavaFX Application Thread] INFO  application.java.manager.LogManager - [備品分類マスタ メンテナンス] ： 初期化処理
2026-04-01 15:45:11 [JavaFX Application Thread] INFO  application.java.manager.LogManager - スライドショーのTimelineを停止しました
2026-04-01 15:45:11 [JavaFX Application Thread] INFO  application.java.manager.LogManager - 呼出中[Page](備品管理システム メニュー画面)の終了処理(dispose)を実行
2026-04-01 15:45:11 [JavaFX Application Thread] INFO  application.java.manager.LogManager - 画面展開 [setPage] ： 画面設定・表示処理 開始
2026-04-01 15:45:11 [JavaFX Application Thread] DEBUG application.java.manager.LogManager - Window切替 [setWindowFrame] : DECORATED(標準)
2026-04-01 15:45:11 [JavaFX Application Thread] INFO  application.java.manager.LogManager - [SQL操作クラス] ： 非同期処理 スレッドプール作成
2026-04-01 15:45:11 [JavaFX Application Thread] INFO  application.java.manager.LogManager - [SQL操作クラス] ： SQL Session生成
2026-04-01 15:45:11 [JavaFX Application Thread] DEBUG application.java.manager.LogManager - [SQL操作クラス] ： mybatis有効化
2026-04-01 15:45:11 [JavaFX Application Thread] DEBUG o.apache.ibatis.logging.LogFactory - Logging initialized using 'class org.apache.ibatis.logging.slf4j.Slf4jImpl' adapter.
2026-04-01 15:45:11 [JavaFX Application Thread] DEBUG o.apache.ibatis.logging.LogFactory - Logging initialized using 'class org.apache.ibatis.logging.slf4j.Slf4jImpl' adapter.
2026-04-01 15:45:11 [JavaFX Application Thread] DEBUG com.zaxxer.hikari.util.UtilityElf - Class com.mysql.cj.jdbc.Driver found in Thread context class loader jdk.internal.loader.ClassLoaders$AppClassLoader@568db2f2
2026-04-01 15:45:12 [JavaFX Application Thread] DEBUG application.java.manager.LogManager - [備品分類マスタ メンテナンス] ： リスト表示処理
2026-04-01 15:45:12 [JavaFX Application Thread] DEBUG application.java.manager.LogManager - [SQL操作クラス] ： 非同期処理 SELECT句発行
2026-04-01 15:45:12 [Thread-3] DEBUG application.java.manager.LogManager - [SQL操作クラス] ： SELECT句発行
2026-04-01 15:45:12 [Thread-3] DEBUG application.java.manager.LogManager - [備品分類マスタ メンテナンス] ： DB 備品分類マスタ取得処理
2026-04-01 15:45:12 [JavaFX Application Thread] INFO  application.java.manager.LogManager - /application/resources/css/StockTypeMasterStyle.css

2026-04-01 15:45:12 [JavaFX Application Thread] INFO  application.java.manager.LogManager - 画面展開 [setPage] : 備品分類マスタ メンテナンス
2026-04-01 15:45:12 [Thread-3] DEBUG o.a.i.t.jdbc.JdbcTransaction - Opening JDBC Connection
2026-04-01 15:45:12 [Thread-3] DEBUG com.zaxxer.hikari.HikariConfig - HikariPool-1 - configuration:
2026-04-01 15:45:12 [Thread-3] DEBUG com.zaxxer.hikari.HikariConfig - allowPoolSuspension.............false
2026-04-01 15:45:12 [Thread-3] DEBUG com.zaxxer.hikari.HikariConfig - autoCommit......................true
2026-04-01 15:45:12 [Thread-3] DEBUG com.zaxxer.hikari.HikariConfig - catalog.........................none
2026-04-01 15:45:12 [Thread-3] DEBUG com.zaxxer.hikari.HikariConfig - connectionInitSql...............none
2026-04-01 15:45:12 [Thread-3] DEBUG com.zaxxer.hikari.HikariConfig - connectionTestQuery.............none
2026-04-01 15:45:12 [Thread-3] DEBUG com.zaxxer.hikari.HikariConfig - connectionTimeout...............30000
2026-04-01 15:45:12 [Thread-3] DEBUG com.zaxxer.hikari.HikariConfig - credentials.....................com.zaxxer.hikari.util.Credentials@9bbb51
2026-04-01 15:45:12 [Thread-3] DEBUG com.zaxxer.hikari.HikariConfig - credentialsProvider.............none
2026-04-01 15:45:12 [Thread-3] DEBUG com.zaxxer.hikari.HikariConfig - credentialsProviderClassName....none
2026-04-01 15:45:12 [Thread-3] DEBUG com.zaxxer.hikari.HikariConfig - dataSource......................none
2026-04-01 15:45:12 [Thread-3] DEBUG com.zaxxer.hikari.HikariConfig - dataSourceClassName.............none
2026-04-01 15:45:12 [Thread-3] DEBUG com.zaxxer.hikari.HikariConfig - dataSourceJNDI..................none
2026-04-01 15:45:12 [Thread-3] DEBUG com.zaxxer.hikari.HikariConfig - dataSourceProperties............{password=<masked>}
2026-04-01 15:45:12 [Thread-3] DEBUG com.zaxxer.hikari.HikariConfig - driverClassName................."com.mysql.cj.jdbc.Driver"
2026-04-01 15:45:12 [Thread-3] DEBUG com.zaxxer.hikari.HikariConfig - exceptionOverride...............none
2026-04-01 15:45:12 [Thread-3] DEBUG com.zaxxer.hikari.HikariConfig - exceptionOverrideClassName......none
2026-04-01 15:45:12 [Thread-3] DEBUG com.zaxxer.hikari.HikariConfig - healthCheckProperties...........{}
2026-04-01 15:45:12 [Thread-3] DEBUG com.zaxxer.hikari.HikariConfig - healthCheckRegistry.............none
2026-04-01 15:45:12 [Thread-3] DEBUG com.zaxxer.hikari.HikariConfig - idleTimeout.....................600000
2026-04-01 15:45:12 [Thread-3] DEBUG com.zaxxer.hikari.HikariConfig - initializationFailTimeout.......1
2026-04-01 15:45:12 [Thread-3] DEBUG com.zaxxer.hikari.HikariConfig - isolateInternalQueries..........false
2026-04-01 15:45:12 [Thread-3] DEBUG com.zaxxer.hikari.HikariConfig - jdbcUrl.........................jdbc:mysql://localhost:3306/test?useUnicode=true&characterEncoding=UTF-8&serverTimezone=GMT%2B9&useSSL=false&allowPublicKeyRetrieval=true&useCursorFetch=true
2026-04-01 15:45:12 [Thread-3] DEBUG com.zaxxer.hikari.HikariConfig - keepaliveTime...................120000
2026-04-01 15:45:12 [Thread-3] DEBUG com.zaxxer.hikari.HikariConfig - leakDetectionThreshold..........0
2026-04-01 15:45:12 [Thread-3] DEBUG com.zaxxer.hikari.HikariConfig - maxLifetime.....................1800000
2026-04-01 15:45:12 [Thread-3] DEBUG com.zaxxer.hikari.HikariConfig - maximumPoolSize.................20
2026-04-01 15:45:12 [Thread-3] DEBUG com.zaxxer.hikari.HikariConfig - metricRegistry..................none
2026-04-01 15:45:12 [Thread-3] DEBUG com.zaxxer.hikari.HikariConfig - metricsTrackerFactory...........none
2026-04-01 15:45:12 [Thread-3] DEBUG com.zaxxer.hikari.HikariConfig - minimumIdle.....................20
2026-04-01 15:45:12 [Thread-3] DEBUG com.zaxxer.hikari.HikariConfig - password........................<masked>
2026-04-01 15:45:12 [Thread-3] DEBUG com.zaxxer.hikari.HikariConfig - poolName........................"HikariPool-1"
2026-04-01 15:45:12 [Thread-3] DEBUG com.zaxxer.hikari.HikariConfig - readOnly........................false
2026-04-01 15:45:12 [Thread-3] DEBUG com.zaxxer.hikari.HikariConfig - registerMbeans..................false
2026-04-01 15:45:12 [Thread-3] DEBUG com.zaxxer.hikari.HikariConfig - scheduledExecutor...............none
2026-04-01 15:45:12 [Thread-3] DEBUG com.zaxxer.hikari.HikariConfig - schema..........................none
2026-04-01 15:45:12 [Thread-3] DEBUG com.zaxxer.hikari.HikariConfig - threadFactory...................internal
2026-04-01 15:45:12 [Thread-3] DEBUG com.zaxxer.hikari.HikariConfig - transactionIsolation............default
2026-04-01 15:45:12 [Thread-3] DEBUG com.zaxxer.hikari.HikariConfig - username........................"app2"
2026-04-01 15:45:12 [Thread-3] DEBUG com.zaxxer.hikari.HikariConfig - validationTimeout...............5000
2026-04-01 15:45:12 [Thread-3] INFO  com.zaxxer.hikari.HikariDataSource - HikariPool-1 - Starting...
2026-04-01 15:45:12 [Thread-3] DEBUG com.zaxxer.hikari.pool.PoolBase - HikariPool-1 - Attempting to create/setup new connection (b89af0cb-4dd1-4456-bcae-ca4b6a267b3a)
2026-04-01 15:45:12 [Thread-3] DEBUG com.zaxxer.hikari.pool.PoolBase - HikariPool-1 - Established new connection (b89af0cb-4dd1-4456-bcae-ca4b6a267b3a)
2026-04-01 15:45:12 [Thread-3] INFO  com.zaxxer.hikari.pool.HikariPool - HikariPool-1 - Added connection com.mysql.cj.jdbc.ConnectionImpl@103c39da
2026-04-01 15:45:12 [Thread-3] INFO  com.zaxxer.hikari.HikariDataSource - HikariPool-1 - Start completed.
2026-04-01 15:45:12 [Thread-3] DEBUG o.a.i.t.jdbc.JdbcTransaction - Setting autocommit to false on JDBC Connection [HikariProxyConnection@201129079 wrapping com.mysql.cj.jdbc.ConnectionImpl@103c39da]
2026-04-01 15:45:12 [Thread-3] DEBUG a.r.m.S.selectMaintenance - ==>  Preparing: SELECT STM.id AS stockTypeId, STM.stock_type, STM.stock_code, STM.name AS stockTypeName, STM.del AS delFlg FROM stock_type_master STM WHERE 1 = 1 ORDER BY STM.stock_type, STM.stock_code
2026-04-01 15:45:12 [Thread-3] DEBUG a.r.m.S.selectMaintenance - ==> Parameters: 
2026-04-01 15:45:12 [Thread-3] DEBUG a.r.m.S.selectMaintenance - <==      Total: 17
2026-04-01 15:45:12 [Thread-3] DEBUG o.a.i.t.jdbc.JdbcTransaction - Resetting autocommit to true on JDBC Connection [HikariProxyConnection@201129079 wrapping com.mysql.cj.jdbc.ConnectionImpl@103c39da]
2026-04-01 15:45:12 [Thread-3] DEBUG o.a.i.t.jdbc.JdbcTransaction - Closing JDBC Connection [HikariProxyConnection@201129079 wrapping com.mysql.cj.jdbc.ConnectionImpl@103c39da]
2026-04-01 15:45:12 [HikariPool-1:housekeeper] DEBUG com.zaxxer.hikari.pool.HikariPool - HikariPool-1 - Pool stats (total=1/20, idle=1/20, active=0, waiting=0)
2026-04-01 15:45:12 [HikariPool-1:connection-adder] DEBUG com.zaxxer.hikari.pool.PoolBase - HikariPool-1 - Attempting to create/setup new connection (3e1e739f-3a94-4720-a446-2bcc93ee6e3e)
2026-04-01 15:45:12 [HikariPool-1:connection-adder] DEBUG com.zaxxer.hikari.pool.PoolBase - HikariPool-1 - Established new connection (3e1e739f-3a94-4720-a446-2bcc93ee6e3e)
2026-04-01 15:45:12 [HikariPool-1:connection-adder] DEBUG com.zaxxer.hikari.pool.HikariPool - HikariPool-1 - Added connection com.mysql.cj.jdbc.ConnectionImpl@3eefc13d
2026-04-01 15:45:12 [HikariPool-1:connection-adder] DEBUG com.zaxxer.hikari.pool.HikariPool - HikariPool-1 - After adding stats (total=2/20, idle=2/20, active=0, waiting=0)
2026-04-01 15:45:12 [HikariPool-1:connection-adder] DEBUG com.zaxxer.hikari.pool.PoolBase - HikariPool-1 - Attempting to create/setup new connection (0d877954-8341-4d44-8fed-db6cd0b447a8)
2026-04-01 15:45:12 [HikariPool-1:connection-adder] DEBUG com.zaxxer.hikari.pool.PoolBase - HikariPool-1 - Established new connection (0d877954-8341-4d44-8fed-db6cd0b447a8)
2026-04-01 15:45:12 [HikariPool-1:connection-adder] DEBUG com.zaxxer.hikari.pool.HikariPool - HikariPool-1 - Added connection com.mysql.cj.jdbc.ConnectionImpl@e414fcd
2026-04-01 15:45:12 [HikariPool-1:connection-adder] DEBUG com.zaxxer.hikari.pool.HikariPool - HikariPool-1 - After adding stats (total=3/20, idle=3/20, active=0, waiting=0)
2026-04-01 15:45:12 [HikariPool-1:connection-adder] DEBUG com.zaxxer.hikari.pool.PoolBase - HikariPool-1 - Attempting to create/setup new connection (62401c52-32c2-4ccb-8be9-df1c29ddba7f)
2026-04-01 15:45:12 [HikariPool-1:connection-adder] DEBUG com.zaxxer.hikari.pool.PoolBase - HikariPool-1 - Established new connection (62401c52-32c2-4ccb-8be9-df1c29ddba7f)
2026-04-01 15:45:12 [HikariPool-1:connection-adder] DEBUG com.zaxxer.hikari.pool.HikariPool - HikariPool-1 - Added connection com.mysql.cj.jdbc.ConnectionImpl@761e4b77
2026-04-01 15:45:12 [HikariPool-1:connection-adder] DEBUG com.zaxxer.hikari.pool.HikariPool - HikariPool-1 - After adding stats (total=4/20, idle=4/20, active=0, waiting=0)
2026-04-01 15:45:12 [HikariPool-1:connection-adder] DEBUG com.zaxxer.hikari.pool.PoolBase - HikariPool-1 - Attempting to create/setup new connection (b1a35943-7750-4f8e-9d72-48cd14ac91b2)
2026-04-01 15:45:12 [HikariPool-1:connection-adder] DEBUG com.zaxxer.hikari.pool.PoolBase - HikariPool-1 - Established new connection (b1a35943-7750-4f8e-9d72-48cd14ac91b2)
2026-04-01 15:45:12 [HikariPool-1:connection-adder] DEBUG com.zaxxer.hikari.pool.HikariPool - HikariPool-1 - Added connection com.mysql.cj.jdbc.ConnectionImpl@1b462f5c
2026-04-01 15:45:12 [HikariPool-1:connection-adder] DEBUG com.zaxxer.hikari.pool.HikariPool - HikariPool-1 - After adding stats (total=5/20, idle=5/20, active=0, waiting=0)
2026-04-01 15:45:12 [HikariPool-1:connection-adder] DEBUG com.zaxxer.hikari.pool.PoolBase - HikariPool-1 - Attempting to create/setup new connection (440ed03f-7222-4ebe-8117-5dd0c6b487fa)
2026-04-01 15:45:12 [HikariPool-1:connection-adder] DEBUG com.zaxxer.hikari.pool.PoolBase - HikariPool-1 - Established new connection (440ed03f-7222-4ebe-8117-5dd0c6b487fa)
2026-04-01 15:45:12 [HikariPool-1:connection-adder] DEBUG com.zaxxer.hikari.pool.HikariPool - HikariPool-1 - Added connection com.mysql.cj.jdbc.ConnectionImpl@6d1a6183
2026-04-01 15:45:12 [HikariPool-1:connection-adder] DEBUG com.zaxxer.hikari.pool.HikariPool - HikariPool-1 - After adding stats (total=6/20, idle=6/20, active=0, waiting=0)
2026-04-01 15:45:12 [HikariPool-1:connection-adder] DEBUG com.zaxxer.hikari.pool.PoolBase - HikariPool-1 - Attempting to create/setup new connection (2ff822db-8b3b-482e-adde-069dd19ccc5c)
2026-04-01 15:45:12 [HikariPool-1:connection-adder] DEBUG com.zaxxer.hikari.pool.PoolBase - HikariPool-1 - Established new connection (2ff822db-8b3b-482e-adde-069dd19ccc5c)
2026-04-01 15:45:12 [HikariPool-1:connection-adder] DEBUG com.zaxxer.hikari.pool.HikariPool - HikariPool-1 - Added connection com.mysql.cj.jdbc.ConnectionImpl@3125aff0
2026-04-01 15:45:12 [HikariPool-1:connection-adder] DEBUG com.zaxxer.hikari.pool.HikariPool - HikariPool-1 - After adding stats (total=7/20, idle=7/20, active=0, waiting=0)
2026-04-01 15:45:12 [HikariPool-1:connection-adder] DEBUG com.zaxxer.hikari.pool.PoolBase - HikariPool-1 - Attempting to create/setup new connection (6a691a4b-797d-4122-9155-f3fae309073e)
2026-04-01 15:45:12 [HikariPool-1:connection-adder] DEBUG com.zaxxer.hikari.pool.PoolBase - HikariPool-1 - Established new connection (6a691a4b-797d-4122-9155-f3fae309073e)
2026-04-01 15:45:12 [HikariPool-1:connection-adder] DEBUG com.zaxxer.hikari.pool.HikariPool - HikariPool-1 - Added connection com.mysql.cj.jdbc.ConnectionImpl@383066eb
2026-04-01 15:45:12 [HikariPool-1:connection-adder] DEBUG com.zaxxer.hikari.pool.HikariPool - HikariPool-1 - After adding stats (total=8/20, idle=8/20, active=0, waiting=0)
2026-04-01 15:45:12 [HikariPool-1:connection-adder] DEBUG com.zaxxer.hikari.pool.PoolBase - HikariPool-1 - Attempting to create/setup new connection (9a745eb5-274f-4086-9b1b-0abae8e36f68)
2026-04-01 15:45:12 [HikariPool-1:connection-adder] DEBUG com.zaxxer.hikari.pool.PoolBase - HikariPool-1 - Established new connection (9a745eb5-274f-4086-9b1b-0abae8e36f68)
2026-04-01 15:45:12 [HikariPool-1:connection-adder] DEBUG com.zaxxer.hikari.pool.HikariPool - HikariPool-1 - Added connection com.mysql.cj.jdbc.ConnectionImpl@25bc3fff
2026-04-01 15:45:12 [HikariPool-1:connection-adder] DEBUG com.zaxxer.hikari.pool.HikariPool - HikariPool-1 - After adding stats (total=9/20, idle=9/20, active=0, waiting=0)
2026-04-01 15:45:12 [HikariPool-1:connection-adder] DEBUG com.zaxxer.hikari.pool.PoolBase - HikariPool-1 - Attempting to create/setup new connection (5a1d7ffa-39de-48e6-aef8-42a6e9d03b02)
2026-04-01 15:45:12 [HikariPool-1:connection-adder] DEBUG com.zaxxer.hikari.pool.PoolBase - HikariPool-1 - Established new connection (5a1d7ffa-39de-48e6-aef8-42a6e9d03b02)
2026-04-01 15:45:12 [HikariPool-1:connection-adder] DEBUG com.zaxxer.hikari.pool.HikariPool - HikariPool-1 - Added connection com.mysql.cj.jdbc.ConnectionImpl@5890d133
2026-04-01 15:45:12 [HikariPool-1:connection-adder] DEBUG com.zaxxer.hikari.pool.HikariPool - HikariPool-1 - After adding stats (total=10/20, idle=10/20, active=0, waiting=0)
2026-04-01 15:45:12 [HikariPool-1:connection-adder] DEBUG com.zaxxer.hikari.pool.PoolBase - HikariPool-1 - Attempting to create/setup new connection (66f30b95-5a44-46cd-9a5d-e614bd909fe3)
2026-04-01 15:45:12 [HikariPool-1:connection-adder] DEBUG com.zaxxer.hikari.pool.PoolBase - HikariPool-1 - Established new connection (66f30b95-5a44-46cd-9a5d-e614bd909fe3)
2026-04-01 15:45:12 [HikariPool-1:connection-adder] DEBUG com.zaxxer.hikari.pool.HikariPool - HikariPool-1 - Added connection com.mysql.cj.jdbc.ConnectionImpl@77eeefde
2026-04-01 15:45:12 [HikariPool-1:connection-adder] DEBUG com.zaxxer.hikari.pool.HikariPool - HikariPool-1 - After adding stats (total=11/20, idle=11/20, active=0, waiting=0)
2026-04-01 15:45:12 [HikariPool-1:connection-adder] DEBUG com.zaxxer.hikari.pool.PoolBase - HikariPool-1 - Attempting to create/setup new connection (2365a59c-4b06-416d-a1ce-8dc5a9a82fdb)
2026-04-01 15:45:12 [HikariPool-1:connection-adder] DEBUG com.zaxxer.hikari.pool.PoolBase - HikariPool-1 - Established new connection (2365a59c-4b06-416d-a1ce-8dc5a9a82fdb)
2026-04-01 15:45:12 [HikariPool-1:connection-adder] DEBUG com.zaxxer.hikari.pool.HikariPool - HikariPool-1 - Added connection com.mysql.cj.jdbc.ConnectionImpl@2da54bda
2026-04-01 15:45:12 [HikariPool-1:connection-adder] DEBUG com.zaxxer.hikari.pool.HikariPool - HikariPool-1 - After adding stats (total=12/20, idle=12/20, active=0, waiting=0)
2026-04-01 15:45:12 [HikariPool-1:connection-adder] DEBUG com.zaxxer.hikari.pool.PoolBase - HikariPool-1 - Attempting to create/setup new connection (aa6a1f25-1e71-462a-b25c-98de55c15b96)
2026-04-01 15:45:12 [HikariPool-1:connection-adder] DEBUG com.zaxxer.hikari.pool.PoolBase - HikariPool-1 - Established new connection (aa6a1f25-1e71-462a-b25c-98de55c15b96)
2026-04-01 15:45:12 [HikariPool-1:connection-adder] DEBUG com.zaxxer.hikari.pool.HikariPool - HikariPool-1 - Added connection com.mysql.cj.jdbc.ConnectionImpl@55c8fb2a
2026-04-01 15:45:12 [HikariPool-1:connection-adder] DEBUG com.zaxxer.hikari.pool.HikariPool - HikariPool-1 - After adding stats (total=13/20, idle=13/20, active=0, waiting=0)
2026-04-01 15:45:12 [HikariPool-1:connection-adder] DEBUG com.zaxxer.hikari.pool.PoolBase - HikariPool-1 - Attempting to create/setup new connection (4353882c-dff9-445f-bde9-3461b56c9ea9)
2026-04-01 15:45:12 [HikariPool-1:connection-adder] DEBUG com.zaxxer.hikari.pool.PoolBase - HikariPool-1 - Established new connection (4353882c-dff9-445f-bde9-3461b56c9ea9)
2026-04-01 15:45:12 [HikariPool-1:connection-adder] DEBUG com.zaxxer.hikari.pool.HikariPool - HikariPool-1 - Added connection com.mysql.cj.jdbc.ConnectionImpl@311b2ea7
2026-04-01 15:45:12 [HikariPool-1:connection-adder] DEBUG com.zaxxer.hikari.pool.HikariPool - HikariPool-1 - After adding stats (total=14/20, idle=14/20, active=0, waiting=0)
2026-04-01 15:45:12 [HikariPool-1:connection-adder] DEBUG com.zaxxer.hikari.pool.PoolBase - HikariPool-1 - Attempting to create/setup new connection (71151629-945f-4a24-97e1-2f18ffa74117)
2026-04-01 15:45:12 [HikariPool-1:connection-adder] DEBUG com.zaxxer.hikari.pool.PoolBase - HikariPool-1 - Established new connection (71151629-945f-4a24-97e1-2f18ffa74117)
2026-04-01 15:45:12 [HikariPool-1:connection-adder] DEBUG com.zaxxer.hikari.pool.HikariPool - HikariPool-1 - Added connection com.mysql.cj.jdbc.ConnectionImpl@35a4d2cf
2026-04-01 15:45:12 [HikariPool-1:connection-adder] DEBUG com.zaxxer.hikari.pool.HikariPool - HikariPool-1 - After adding stats (total=15/20, idle=15/20, active=0, waiting=0)
2026-04-01 15:45:12 [HikariPool-1:connection-adder] DEBUG com.zaxxer.hikari.pool.PoolBase - HikariPool-1 - Attempting to create/setup new connection (2b670e0a-a80a-4de2-b626-260a09a80e41)
2026-04-01 15:45:12 [HikariPool-1:connection-adder] DEBUG com.zaxxer.hikari.pool.PoolBase - HikariPool-1 - Established new connection (2b670e0a-a80a-4de2-b626-260a09a80e41)
2026-04-01 15:45:12 [HikariPool-1:connection-adder] DEBUG com.zaxxer.hikari.pool.HikariPool - HikariPool-1 - Added connection com.mysql.cj.jdbc.ConnectionImpl@510815d9
2026-04-01 15:45:12 [HikariPool-1:connection-adder] DEBUG com.zaxxer.hikari.pool.HikariPool - HikariPool-1 - After adding stats (total=16/20, idle=16/20, active=0, waiting=0)
2026-04-01 15:45:12 [HikariPool-1:connection-adder] DEBUG com.zaxxer.hikari.pool.PoolBase - HikariPool-1 - Attempting to create/setup new connection (c30e1b41-2c0a-4684-9a18-19e7bb89429b)
2026-04-01 15:45:12 [HikariPool-1:connection-adder] DEBUG com.zaxxer.hikari.pool.PoolBase - HikariPool-1 - Established new connection (c30e1b41-2c0a-4684-9a18-19e7bb89429b)
2026-04-01 15:45:12 [HikariPool-1:connection-adder] DEBUG com.zaxxer.hikari.pool.HikariPool - HikariPool-1 - Added connection com.mysql.cj.jdbc.ConnectionImpl@5ef7f0a1
2026-04-01 15:45:12 [HikariPool-1:connection-adder] DEBUG com.zaxxer.hikari.pool.HikariPool - HikariPool-1 - After adding stats (total=17/20, idle=17/20, active=0, waiting=0)
2026-04-01 15:45:12 [HikariPool-1:connection-adder] DEBUG com.zaxxer.hikari.pool.PoolBase - HikariPool-1 - Attempting to create/setup new connection (c7ff06af-6ca0-4584-a4cc-e4fd8cb80804)
2026-04-01 15:45:12 [HikariPool-1:connection-adder] DEBUG com.zaxxer.hikari.pool.PoolBase - HikariPool-1 - Established new connection (c7ff06af-6ca0-4584-a4cc-e4fd8cb80804)
2026-04-01 15:45:12 [HikariPool-1:connection-adder] DEBUG com.zaxxer.hikari.pool.HikariPool - HikariPool-1 - Added connection com.mysql.cj.jdbc.ConnectionImpl@556fc0c
2026-04-01 15:45:13 [HikariPool-1:connection-adder] DEBUG com.zaxxer.hikari.pool.HikariPool - HikariPool-1 - After adding stats (total=18/20, idle=18/20, active=0, waiting=0)
2026-04-01 15:45:13 [HikariPool-1:connection-adder] DEBUG com.zaxxer.hikari.pool.PoolBase - HikariPool-1 - Attempting to create/setup new connection (3ad10884-dfdb-4234-879e-0698b153c787)
2026-04-01 15:45:13 [HikariPool-1:connection-adder] DEBUG com.zaxxer.hikari.pool.PoolBase - HikariPool-1 - Established new connection (3ad10884-dfdb-4234-879e-0698b153c787)
2026-04-01 15:45:13 [HikariPool-1:connection-adder] DEBUG com.zaxxer.hikari.pool.HikariPool - HikariPool-1 - Added connection com.mysql.cj.jdbc.ConnectionImpl@1a66a5ee
2026-04-01 15:45:13 [HikariPool-1:connection-adder] DEBUG com.zaxxer.hikari.pool.HikariPool - HikariPool-1 - After adding stats (total=19/20, idle=19/20, active=0, waiting=0)
2026-04-01 15:45:13 [HikariPool-1:connection-adder] DEBUG com.zaxxer.hikari.pool.PoolBase - HikariPool-1 - Attempting to create/setup new connection (06bae099-1a82-4495-b03b-7b39d8c62c35)
2026-04-01 15:45:13 [HikariPool-1:connection-adder] DEBUG com.zaxxer.hikari.pool.PoolBase - HikariPool-1 - Established new connection (06bae099-1a82-4495-b03b-7b39d8c62c35)
2026-04-01 15:45:13 [HikariPool-1:connection-adder] DEBUG com.zaxxer.hikari.pool.HikariPool - HikariPool-1 - Added connection com.mysql.cj.jdbc.ConnectionImpl@30b76455
2026-04-01 15:45:13 [HikariPool-1:connection-adder] DEBUG com.zaxxer.hikari.pool.HikariPool - HikariPool-1 - After adding stats (total=20/20, idle=20/20, active=0, waiting=0)
2026-04-01 15:45:19 [JavaFX Application Thread] INFO  application.java.manager.LogManager - [備品分類マスタ メンテナンス] ： [登録]ボタン押下
2026-04-01 15:45:19 [JavaFX Application Thread] DEBUG application.java.manager.LogManager - [SQL操作クラス] ： クエリ発行処理
2026-04-01 15:45:19 [JavaFX Application Thread] DEBUG application.java.manager.LogManager - [備品分類マスタ メンテナンス] ： DB 備品分類マスタ存在確認
2026-04-01 15:45:19 [JavaFX Application Thread] DEBUG o.a.i.t.jdbc.JdbcTransaction - Opening JDBC Connection
2026-04-01 15:45:19 [JavaFX Application Thread] DEBUG o.a.i.t.jdbc.JdbcTransaction - Setting autocommit to false on JDBC Connection [HikariProxyConnection@658959564 wrapping com.mysql.cj.jdbc.ConnectionImpl@103c39da]
2026-04-01 15:45:19 [JavaFX Application Thread] DEBUG a.r.m.S.existsStockType - ==>  Preparing: SELECT EXISTS ( SELECT 1 FROM stock_type_master WHERE 1 = 1 AND stock_type = ? AND stock_code = ? ) AS IS_EXISTS
2026-04-01 15:45:19 [JavaFX Application Thread] DEBUG a.r.m.S.existsStockType - ==> Parameters: 1(Integer), 1(String)
2026-04-01 15:45:19 [JavaFX Application Thread] DEBUG a.r.m.S.existsStockType - <==      Total: 1
2026-04-01 15:45:19 [JavaFX Application Thread] DEBUG o.a.i.t.jdbc.JdbcTransaction - Resetting autocommit to true on JDBC Connection [HikariProxyConnection@658959564 wrapping com.mysql.cj.jdbc.ConnectionImpl@103c39da]
2026-04-01 15:45:19 [JavaFX Application Thread] DEBUG o.a.i.t.jdbc.JdbcTransaction - Closing JDBC Connection [HikariProxyConnection@658959564 wrapping com.mysql.cj.jdbc.ConnectionImpl@103c39da]
2026-04-01 15:45:19 [JavaFX Application Thread] DEBUG application.java.manager.LogManager - 既に同じ備品分類が登録されています。
2026-04-01 15:45:19 [JavaFX Application Thread] DEBUG application.java.manager.LogManager - [備品分類マスタ メンテナンス] ： 選択行: [-1] カラム番号 [-1]
2026-04-01 15:45:39 [JavaFX Application Thread] INFO  application.java.manager.LogManager - [備品分類マスタ メンテナンス] ： [登録]ボタン押下
2026-04-01 15:45:39 [JavaFX Application Thread] DEBUG application.java.manager.LogManager - [SQL操作クラス] ： クエリ発行処理
2026-04-01 15:45:39 [JavaFX Application Thread] DEBUG application.java.manager.LogManager - [備品分類マスタ メンテナンス] ： DB 備品分類マスタ存在確認
2026-04-01 15:45:39 [JavaFX Application Thread] DEBUG o.a.i.t.jdbc.JdbcTransaction - Opening JDBC Connection
2026-04-01 15:45:39 [JavaFX Application Thread] DEBUG o.a.i.t.jdbc.JdbcTransaction - Setting autocommit to false on JDBC Connection [HikariProxyConnection@431469210 wrapping com.mysql.cj.jdbc.ConnectionImpl@103c39da]
2026-04-01 15:45:39 [JavaFX Application Thread] DEBUG a.r.m.S.existsStockType - ==>  Preparing: SELECT EXISTS ( SELECT 1 FROM stock_type_master WHERE 1 = 1 AND stock_type = ? AND stock_code = ? ) AS IS_EXISTS
2026-04-01 15:45:39 [JavaFX Application Thread] DEBUG a.r.m.S.existsStockType - ==> Parameters: 1(Integer), 100(String)
2026-04-01 15:45:39 [JavaFX Application Thread] DEBUG a.r.m.S.existsStockType - <==      Total: 1
2026-04-01 15:45:39 [JavaFX Application Thread] DEBUG o.a.i.t.jdbc.JdbcTransaction - Resetting autocommit to true on JDBC Connection [HikariProxyConnection@431469210 wrapping com.mysql.cj.jdbc.ConnectionImpl@103c39da]
2026-04-01 15:45:39 [JavaFX Application Thread] DEBUG o.a.i.t.jdbc.JdbcTransaction - Closing JDBC Connection [HikariProxyConnection@431469210 wrapping com.mysql.cj.jdbc.ConnectionImpl@103c39da]
2026-04-01 15:45:39 [JavaFX Application Thread] DEBUG application.java.manager.LogManager - [備品分類マスタ メンテナンス] ： 備品分類マスタ登録処理
2026-04-01 15:45:39 [JavaFX Application Thread] DEBUG application.java.manager.LogManager - [備品分類マスタ メンテナンス] ： リスト再表示処理
2026-04-01 15:45:39 [JavaFX Application Thread] DEBUG application.java.manager.LogManager - [SQL操作クラス] ： 非同期処理 SELECT句発行
2026-04-01 15:45:39 [Thread-4] DEBUG application.java.manager.LogManager - [SQL操作クラス] ： SELECT句発行
2026-04-01 15:45:39 [Thread-4] DEBUG application.java.manager.LogManager - [備品分類マスタ メンテナンス] ： DB 備品分類マスタ取得処理
2026-04-01 15:45:39 [Thread-4] DEBUG o.a.i.t.jdbc.JdbcTransaction - Opening JDBC Connection
2026-04-01 15:45:39 [Thread-4] DEBUG o.a.i.t.jdbc.JdbcTransaction - Setting autocommit to false on JDBC Connection [HikariProxyConnection@366555849 wrapping com.mysql.cj.jdbc.ConnectionImpl@103c39da]
2026-04-01 15:45:39 [Thread-4] DEBUG a.r.m.S.selectMaintenance - ==>  Preparing: SELECT STM.id AS stockTypeId, STM.stock_type, STM.stock_code, STM.name AS stockTypeName, STM.del AS delFlg FROM stock_type_master STM WHERE 1 = 1 ORDER BY STM.stock_type, STM.stock_code
2026-04-01 15:45:39 [Thread-4] DEBUG a.r.m.S.selectMaintenance - ==> Parameters: 
2026-04-01 15:45:39 [Thread-4] DEBUG a.r.m.S.selectMaintenance - <==      Total: 17
2026-04-01 15:45:39 [Thread-4] DEBUG o.a.i.t.jdbc.JdbcTransaction - Resetting autocommit to true on JDBC Connection [HikariProxyConnection@366555849 wrapping com.mysql.cj.jdbc.ConnectionImpl@103c39da]
2026-04-01 15:45:39 [Thread-4] DEBUG o.a.i.t.jdbc.JdbcTransaction - Closing JDBC Connection [HikariProxyConnection@366555849 wrapping com.mysql.cj.jdbc.ConnectionImpl@103c39da]
2026-04-01 15:45:42 [HikariPool-1:housekeeper] DEBUG com.zaxxer.hikari.pool.HikariPool - HikariPool-1 - Pool stats (total=20/20, idle=20/20, active=0, waiting=0)
2026-04-01 15:45:42 [HikariPool-1:housekeeper] DEBUG com.zaxxer.hikari.pool.HikariPool - HikariPool-1 - Fill pool skipped, pool has sufficient level or currently being filled.
2026-04-01 15:45:44 [JavaFX Application Thread] INFO  application.java.manager.LogManager - [備品分類マスタ メンテナンス] ： [メニューに戻る]ボタン押下
2026-04-01 15:45:44 [JavaFX Application Thread] INFO  application.java.manager.LogManager - [備品管理システム メニュー画面] ： 初期化処理
2026-04-01 15:45:44 [JavaFX Application Thread] INFO  application.java.manager.LogManager - 呼出中[Page](備品分類マスタ メンテナンス)の終了処理(dispose)を実行
2026-04-01 15:45:44 [JavaFX Application Thread] INFO  application.java.manager.LogManager - 画面展開 [setPage] ： 画面設定・表示処理 開始
2026-04-01 15:45:44 [JavaFX Application Thread] DEBUG application.java.manager.LogManager - Window切替 [setWindowFrame] : TRANSPARENT(透明枠・背景色透明)
2026-04-01 15:45:44 [JavaFX Application Thread] INFO  application.java.manager.LogManager - /application/resources/css/MenuMacFinderStyle.css

2026-04-01 15:45:44 [JavaFX Application Thread] INFO  application.java.manager.LogManager - 画面展開 [setPage] : 備品管理システム メニュー画面
2026-04-01 15:45:47 [JavaFX Application Thread] DEBUG application.java.manager.LogManager - [SQL操作クラス] ： 非同期処理 スレッドプール解放
2026-04-01 15:45:47 [JavaFX Application Thread] INFO  com.zaxxer.hikari.HikariDataSource - HikariPool-1 - Shutdown initiated...
2026-04-01 15:45:47 [JavaFX Application Thread] DEBUG com.zaxxer.hikari.pool.HikariPool - HikariPool-1 - Before shutdown stats (total=20/20, idle=20/20, active=0, waiting=0)
2026-04-01 15:45:47 [HikariPool-1:connection-closer] DEBUG com.zaxxer.hikari.pool.PoolBase - HikariPool-1 - Closing connection com.mysql.cj.jdbc.ConnectionImpl@103c39da: (connection evicted)
2026-04-01 15:45:47 [HikariPool-1:connection-closer] DEBUG com.zaxxer.hikari.pool.PoolBase - HikariPool-1 - Closing connection com.mysql.cj.jdbc.ConnectionImpl@3eefc13d: (connection evicted)
2026-04-01 15:45:47 [HikariPool-1:connection-closer] DEBUG com.zaxxer.hikari.pool.PoolBase - HikariPool-1 - Closing connection com.mysql.cj.jdbc.ConnectionImpl@e414fcd: (connection evicted)
2026-04-01 15:45:47 [HikariPool-1:connection-closer] DEBUG com.zaxxer.hikari.pool.PoolBase - HikariPool-1 - Closing connection com.mysql.cj.jdbc.ConnectionImpl@761e4b77: (connection evicted)
2026-04-01 15:45:47 [HikariPool-1:connection-closer] DEBUG com.zaxxer.hikari.pool.PoolBase - HikariPool-1 - Closing connection com.mysql.cj.jdbc.ConnectionImpl@1b462f5c: (connection evicted)
2026-04-01 15:45:47 [HikariPool-1:connection-closer] DEBUG com.zaxxer.hikari.pool.PoolBase - HikariPool-1 - Closing connection com.mysql.cj.jdbc.ConnectionImpl@6d1a6183: (connection evicted)
2026-04-01 15:45:47 [HikariPool-1:connection-closer] DEBUG com.zaxxer.hikari.pool.PoolBase - HikariPool-1 - Closing connection com.mysql.cj.jdbc.ConnectionImpl@3125aff0: (connection evicted)
2026-04-01 15:45:47 [HikariPool-1:connection-closer] DEBUG com.zaxxer.hikari.pool.PoolBase - HikariPool-1 - Closing connection com.mysql.cj.jdbc.ConnectionImpl@383066eb: (connection evicted)
2026-04-01 15:45:47 [HikariPool-1:connection-closer] DEBUG com.zaxxer.hikari.pool.PoolBase - HikariPool-1 - Closing connection com.mysql.cj.jdbc.ConnectionImpl@25bc3fff: (connection evicted)
2026-04-01 15:45:47 [HikariPool-1:connection-closer] DEBUG com.zaxxer.hikari.pool.PoolBase - HikariPool-1 - Closing connection com.mysql.cj.jdbc.ConnectionImpl@5890d133: (connection evicted)
2026-04-01 15:45:47 [HikariPool-1:connection-closer] DEBUG com.zaxxer.hikari.pool.PoolBase - HikariPool-1 - Closing connection com.mysql.cj.jdbc.ConnectionImpl@77eeefde: (connection evicted)
2026-04-01 15:45:47 [HikariPool-1:connection-closer] DEBUG com.zaxxer.hikari.pool.PoolBase - HikariPool-1 - Closing connection com.mysql.cj.jdbc.ConnectionImpl@2da54bda: (connection evicted)
2026-04-01 15:45:47 [HikariPool-1:connection-closer] DEBUG com.zaxxer.hikari.pool.PoolBase - HikariPool-1 - Closing connection com.mysql.cj.jdbc.ConnectionImpl@55c8fb2a: (connection evicted)
2026-04-01 15:45:47 [HikariPool-1:connection-closer] DEBUG com.zaxxer.hikari.pool.PoolBase - HikariPool-1 - Closing connection com.mysql.cj.jdbc.ConnectionImpl@311b2ea7: (connection evicted)
2026-04-01 15:45:47 [HikariPool-1:connection-closer] DEBUG com.zaxxer.hikari.pool.PoolBase - HikariPool-1 - Closing connection com.mysql.cj.jdbc.ConnectionImpl@35a4d2cf: (connection evicted)
2026-04-01 15:45:47 [HikariPool-1:connection-closer] DEBUG com.zaxxer.hikari.pool.PoolBase - HikariPool-1 - Closing connection com.mysql.cj.jdbc.ConnectionImpl@510815d9: (connection evicted)
2026-04-01 15:45:47 [HikariPool-1:connection-closer] DEBUG com.zaxxer.hikari.pool.PoolBase - HikariPool-1 - Closing connection com.mysql.cj.jdbc.ConnectionImpl@5ef7f0a1: (connection evicted)
2026-04-01 15:45:47 [HikariPool-1:connection-closer] DEBUG com.zaxxer.hikari.pool.PoolBase - HikariPool-1 - Closing connection com.mysql.cj.jdbc.ConnectionImpl@556fc0c: (connection evicted)
2026-04-01 15:45:47 [HikariPool-1:connection-closer] DEBUG com.zaxxer.hikari.pool.PoolBase - HikariPool-1 - Closing connection com.mysql.cj.jdbc.ConnectionImpl@1a66a5ee: (connection evicted)
2026-04-01 15:45:47 [HikariPool-1:connection-closer] DEBUG com.zaxxer.hikari.pool.PoolBase - HikariPool-1 - Closing connection com.mysql.cj.jdbc.ConnectionImpl@30b76455: (connection evicted)
2026-04-01 15:45:47 [JavaFX Application Thread] DEBUG com.zaxxer.hikari.pool.HikariPool - HikariPool-1 - After  shutdown stats (total=0/20, idle=0/20, active=0, waiting=0)
2026-04-01 15:45:47 [JavaFX Application Thread] INFO  com.zaxxer.hikari.HikariDataSource - HikariPool-1 - Shutdown completed.
2026-04-01 15:45:47 [JavaFX Application Thread] DEBUG application.java.manager.LogManager - [SQL操作クラス] ： コネクションプール(HikariCP) Closeing
2026-04-01 15:45:47 [JavaFX Application Thread] INFO  application.java.manager.LogManager - 終了処理 : 完了
2026-04-01 16:10:09 [main] INFO  application.java.manager.LogManager - 備品管理システム : 起動
2026-04-01 16:10:09 [JavaFX Application Thread] INFO  application.java.manager.LogManager - 開始処理 : 画面ウィンドウ枠生成
2026-04-01 16:10:09 [JavaFX Application Thread] INFO  application.java.manager.LogManager - [備品管理システム メニュー画面] ： 初期化処理
2026-04-01 16:10:09 [JavaFX Application Thread] INFO  application.java.manager.LogManager - 画面展開 [setPage] ： 画面設定・表示処理 開始
2026-04-01 16:10:09 [JavaFX Application Thread] DEBUG application.java.manager.LogManager - Window切替 [setWindowFrame] : TRANSPARENT(透明枠・背景色透明)
2026-04-01 16:10:09 [JavaFX Application Thread] INFO  application.java.manager.LogManager - /application/resources/css/MenuMacFinderStyle.css

2026-04-01 16:10:09 [JavaFX Application Thread] INFO  application.java.manager.LogManager - 画面展開 [setPage] : 備品管理システム メニュー画面
2026-04-01 16:10:12 [JavaFX Application Thread] INFO  application.java.manager.LogManager - [備品管理システム メニュー画面] ： [マスタメンテナンス]ボタン押下
2026-04-01 16:10:14 [JavaFX Application Thread] INFO  application.java.manager.LogManager - [備品管理システム メニュー画面] ： [備品分類マスタ メンテナンス]ボタン押下
2026-04-01 16:10:14 [JavaFX Application Thread] INFO  application.java.manager.LogManager - [備品分類マスタ メンテナンス] ： 初期化処理
2026-04-01 16:10:14 [JavaFX Application Thread] INFO  application.java.manager.LogManager - スライドショーのTimelineを停止しました
2026-04-01 16:10:14 [JavaFX Application Thread] INFO  application.java.manager.LogManager - 呼出中[Page](備品管理システム メニュー画面)の終了処理(dispose)を実行
2026-04-01 16:10:14 [JavaFX Application Thread] INFO  application.java.manager.LogManager - 画面展開 [setPage] ： 画面設定・表示処理 開始
2026-04-01 16:10:14 [JavaFX Application Thread] DEBUG application.java.manager.LogManager - Window切替 [setWindowFrame] : DECORATED(標準)
2026-04-01 16:10:14 [JavaFX Application Thread] INFO  application.java.manager.LogManager - [SQL操作クラス] ： 非同期処理 スレッドプール作成
2026-04-01 16:10:14 [JavaFX Application Thread] INFO  application.java.manager.LogManager - [SQL操作クラス] ： SQL Session生成
2026-04-01 16:10:14 [JavaFX Application Thread] DEBUG application.java.manager.LogManager - [SQL操作クラス] ： mybatis有効化
2026-04-01 16:10:14 [JavaFX Application Thread] DEBUG o.apache.ibatis.logging.LogFactory - Logging initialized using 'class org.apache.ibatis.logging.slf4j.Slf4jImpl' adapter.
2026-04-01 16:10:14 [JavaFX Application Thread] DEBUG o.apache.ibatis.logging.LogFactory - Logging initialized using 'class org.apache.ibatis.logging.slf4j.Slf4jImpl' adapter.
2026-04-01 16:10:14 [JavaFX Application Thread] DEBUG com.zaxxer.hikari.util.UtilityElf - Class com.mysql.cj.jdbc.Driver found in Thread context class loader jdk.internal.loader.ClassLoaders$AppClassLoader@568db2f2
2026-04-01 16:10:14 [JavaFX Application Thread] DEBUG application.java.manager.LogManager - [備品分類マスタ メンテナンス] ： リスト表示処理
2026-04-01 16:10:14 [JavaFX Application Thread] DEBUG application.java.manager.LogManager - [SQL操作クラス] ： 非同期処理 SELECT句発行
2026-04-01 16:10:14 [Thread-3] DEBUG application.java.manager.LogManager - [SQL操作クラス] ： SELECT句発行
2026-04-01 16:10:14 [Thread-3] DEBUG application.java.manager.LogManager - [備品分類マスタ メンテナンス] ： DB 備品分類マスタ取得処理
2026-04-01 16:10:14 [JavaFX Application Thread] INFO  application.java.manager.LogManager - /application/resources/css/StockTypeMasterStyle.css

2026-04-01 16:10:14 [JavaFX Application Thread] INFO  application.java.manager.LogManager - 画面展開 [setPage] : 備品分類マスタ メンテナンス
2026-04-01 16:10:14 [Thread-3] DEBUG o.a.i.t.jdbc.JdbcTransaction - Opening JDBC Connection
2026-04-01 16:10:14 [Thread-3] DEBUG com.zaxxer.hikari.HikariConfig - HikariPool-1 - configuration:
2026-04-01 16:10:14 [Thread-3] DEBUG com.zaxxer.hikari.HikariConfig - allowPoolSuspension.............false
2026-04-01 16:10:14 [Thread-3] DEBUG com.zaxxer.hikari.HikariConfig - autoCommit......................true
2026-04-01 16:10:14 [Thread-3] DEBUG com.zaxxer.hikari.HikariConfig - catalog.........................none
2026-04-01 16:10:14 [Thread-3] DEBUG com.zaxxer.hikari.HikariConfig - connectionInitSql...............none
2026-04-01 16:10:14 [Thread-3] DEBUG com.zaxxer.hikari.HikariConfig - connectionTestQuery.............none
2026-04-01 16:10:14 [Thread-3] DEBUG com.zaxxer.hikari.HikariConfig - connectionTimeout...............30000
2026-04-01 16:10:14 [Thread-3] DEBUG com.zaxxer.hikari.HikariConfig - credentials.....................com.zaxxer.hikari.util.Credentials@5cee44d6
2026-04-01 16:10:14 [Thread-3] DEBUG com.zaxxer.hikari.HikariConfig - credentialsProvider.............none
2026-04-01 16:10:14 [Thread-3] DEBUG com.zaxxer.hikari.HikariConfig - credentialsProviderClassName....none
2026-04-01 16:10:14 [Thread-3] DEBUG com.zaxxer.hikari.HikariConfig - dataSource......................none
2026-04-01 16:10:14 [Thread-3] DEBUG com.zaxxer.hikari.HikariConfig - dataSourceClassName.............none
2026-04-01 16:10:14 [Thread-3] DEBUG com.zaxxer.hikari.HikariConfig - dataSourceJNDI..................none
2026-04-01 16:10:14 [Thread-3] DEBUG com.zaxxer.hikari.HikariConfig - dataSourceProperties............{password=<masked>}
2026-04-01 16:10:14 [Thread-3] DEBUG com.zaxxer.hikari.HikariConfig - driverClassName................."com.mysql.cj.jdbc.Driver"
2026-04-01 16:10:14 [Thread-3] DEBUG com.zaxxer.hikari.HikariConfig - exceptionOverride...............none
2026-04-01 16:10:14 [Thread-3] DEBUG com.zaxxer.hikari.HikariConfig - exceptionOverrideClassName......none
2026-04-01 16:10:14 [Thread-3] DEBUG com.zaxxer.hikari.HikariConfig - healthCheckProperties...........{}
2026-04-01 16:10:14 [Thread-3] DEBUG com.zaxxer.hikari.HikariConfig - healthCheckRegistry.............none
2026-04-01 16:10:14 [Thread-3] DEBUG com.zaxxer.hikari.HikariConfig - idleTimeout.....................600000
2026-04-01 16:10:14 [Thread-3] DEBUG com.zaxxer.hikari.HikariConfig - initializationFailTimeout.......1
2026-04-01 16:10:14 [Thread-3] DEBUG com.zaxxer.hikari.HikariConfig - isolateInternalQueries..........false
2026-04-01 16:10:14 [Thread-3] DEBUG com.zaxxer.hikari.HikariConfig - jdbcUrl.........................jdbc:mysql://localhost:3306/test?useUnicode=true&characterEncoding=UTF-8&serverTimezone=GMT%2B9&useSSL=false&allowPublicKeyRetrieval=true&useCursorFetch=true
2026-04-01 16:10:14 [Thread-3] DEBUG com.zaxxer.hikari.HikariConfig - keepaliveTime...................120000
2026-04-01 16:10:14 [Thread-3] DEBUG com.zaxxer.hikari.HikariConfig - leakDetectionThreshold..........0
2026-04-01 16:10:14 [Thread-3] DEBUG com.zaxxer.hikari.HikariConfig - maxLifetime.....................1800000
2026-04-01 16:10:14 [Thread-3] DEBUG com.zaxxer.hikari.HikariConfig - maximumPoolSize.................20
2026-04-01 16:10:14 [Thread-3] DEBUG com.zaxxer.hikari.HikariConfig - metricRegistry..................none
2026-04-01 16:10:14 [Thread-3] DEBUG com.zaxxer.hikari.HikariConfig - metricsTrackerFactory...........none
2026-04-01 16:10:14 [Thread-3] DEBUG com.zaxxer.hikari.HikariConfig - minimumIdle.....................20
2026-04-01 16:10:14 [Thread-3] DEBUG com.zaxxer.hikari.HikariConfig - password........................<masked>
2026-04-01 16:10:14 [Thread-3] DEBUG com.zaxxer.hikari.HikariConfig - poolName........................"HikariPool-1"
2026-04-01 16:10:14 [Thread-3] DEBUG com.zaxxer.hikari.HikariConfig - readOnly........................false
2026-04-01 16:10:14 [Thread-3] DEBUG com.zaxxer.hikari.HikariConfig - registerMbeans..................false
2026-04-01 16:10:14 [Thread-3] DEBUG com.zaxxer.hikari.HikariConfig - scheduledExecutor...............none
2026-04-01 16:10:14 [Thread-3] DEBUG com.zaxxer.hikari.HikariConfig - schema..........................none
2026-04-01 16:10:14 [Thread-3] DEBUG com.zaxxer.hikari.HikariConfig - threadFactory...................internal
2026-04-01 16:10:14 [Thread-3] DEBUG com.zaxxer.hikari.HikariConfig - transactionIsolation............default
2026-04-01 16:10:14 [Thread-3] DEBUG com.zaxxer.hikari.HikariConfig - username........................"app2"
2026-04-01 16:10:14 [Thread-3] DEBUG com.zaxxer.hikari.HikariConfig - validationTimeout...............5000
2026-04-01 16:10:14 [Thread-3] INFO  com.zaxxer.hikari.HikariDataSource - HikariPool-1 - Starting...
2026-04-01 16:10:14 [Thread-3] DEBUG com.zaxxer.hikari.pool.PoolBase - HikariPool-1 - Attempting to create/setup new connection (31949dc2-e908-482e-8fa7-9b6a3216bf52)
2026-04-01 16:10:14 [Thread-3] DEBUG com.zaxxer.hikari.pool.PoolBase - HikariPool-1 - Established new connection (31949dc2-e908-482e-8fa7-9b6a3216bf52)
2026-04-01 16:10:14 [Thread-3] INFO  com.zaxxer.hikari.pool.HikariPool - HikariPool-1 - Added connection com.mysql.cj.jdbc.ConnectionImpl@35dfdf35
2026-04-01 16:10:14 [Thread-3] INFO  com.zaxxer.hikari.HikariDataSource - HikariPool-1 - Start completed.
2026-04-01 16:10:14 [Thread-3] DEBUG o.a.i.t.jdbc.JdbcTransaction - Setting autocommit to false on JDBC Connection [HikariProxyConnection@1989448150 wrapping com.mysql.cj.jdbc.ConnectionImpl@35dfdf35]
2026-04-01 16:10:14 [Thread-3] DEBUG a.r.m.S.selectMaintenance - ==>  Preparing: SELECT STM.id AS stockTypeId, STM.stock_type, STM.stock_code, STM.name AS stockTypeName, STM.del AS delFlg FROM stock_type_master STM WHERE 1 = 1 ORDER BY STM.stock_type, STM.stock_code
2026-04-01 16:10:14 [Thread-3] DEBUG a.r.m.S.selectMaintenance - ==> Parameters: 
2026-04-01 16:10:14 [Thread-3] DEBUG a.r.m.S.selectMaintenance - <==      Total: 17
2026-04-01 16:10:14 [Thread-3] DEBUG o.a.i.t.jdbc.JdbcTransaction - Resetting autocommit to true on JDBC Connection [HikariProxyConnection@1989448150 wrapping com.mysql.cj.jdbc.ConnectionImpl@35dfdf35]
2026-04-01 16:10:14 [Thread-3] DEBUG o.a.i.t.jdbc.JdbcTransaction - Closing JDBC Connection [HikariProxyConnection@1989448150 wrapping com.mysql.cj.jdbc.ConnectionImpl@35dfdf35]
2026-04-01 16:10:14 [HikariPool-1:housekeeper] DEBUG com.zaxxer.hikari.pool.HikariPool - HikariPool-1 - Pool stats (total=1/20, idle=1/20, active=0, waiting=0)
2026-04-01 16:10:14 [HikariPool-1:connection-adder] DEBUG com.zaxxer.hikari.pool.PoolBase - HikariPool-1 - Attempting to create/setup new connection (ea45b8aa-bd1a-4bf2-9249-6da44cf84a68)
2026-04-01 16:10:14 [HikariPool-1:connection-adder] DEBUG com.zaxxer.hikari.pool.PoolBase - HikariPool-1 - Established new connection (ea45b8aa-bd1a-4bf2-9249-6da44cf84a68)
2026-04-01 16:10:14 [HikariPool-1:connection-adder] DEBUG com.zaxxer.hikari.pool.HikariPool - HikariPool-1 - Added connection com.mysql.cj.jdbc.ConnectionImpl@525347ea
2026-04-01 16:10:14 [HikariPool-1:connection-adder] DEBUG com.zaxxer.hikari.pool.HikariPool - HikariPool-1 - After adding stats (total=2/20, idle=2/20, active=0, waiting=0)
2026-04-01 16:10:14 [HikariPool-1:connection-adder] DEBUG com.zaxxer.hikari.pool.PoolBase - HikariPool-1 - Attempting to create/setup new connection (c97363ab-cdd1-472b-ab4c-b972d5a5673f)
2026-04-01 16:10:14 [HikariPool-1:connection-adder] DEBUG com.zaxxer.hikari.pool.PoolBase - HikariPool-1 - Established new connection (c97363ab-cdd1-472b-ab4c-b972d5a5673f)
2026-04-01 16:10:14 [HikariPool-1:connection-adder] DEBUG com.zaxxer.hikari.pool.HikariPool - HikariPool-1 - Added connection com.mysql.cj.jdbc.ConnectionImpl@6a93a946
2026-04-01 16:10:14 [HikariPool-1:connection-adder] DEBUG com.zaxxer.hikari.pool.HikariPool - HikariPool-1 - After adding stats (total=3/20, idle=3/20, active=0, waiting=0)
2026-04-01 16:10:14 [HikariPool-1:connection-adder] DEBUG com.zaxxer.hikari.pool.PoolBase - HikariPool-1 - Attempting to create/setup new connection (25c23267-06c1-4548-8975-ce236435fdee)
2026-04-01 16:10:14 [HikariPool-1:connection-adder] DEBUG com.zaxxer.hikari.pool.PoolBase - HikariPool-1 - Established new connection (25c23267-06c1-4548-8975-ce236435fdee)
2026-04-01 16:10:14 [HikariPool-1:connection-adder] DEBUG com.zaxxer.hikari.pool.HikariPool - HikariPool-1 - Added connection com.mysql.cj.jdbc.ConnectionImpl@12a065de
2026-04-01 16:10:14 [HikariPool-1:connection-adder] DEBUG com.zaxxer.hikari.pool.HikariPool - HikariPool-1 - After adding stats (total=4/20, idle=4/20, active=0, waiting=0)
2026-04-01 16:10:14 [HikariPool-1:connection-adder] DEBUG com.zaxxer.hikari.pool.PoolBase - HikariPool-1 - Attempting to create/setup new connection (345f3e7d-a694-448c-a697-62e19137400f)
2026-04-01 16:10:14 [HikariPool-1:connection-adder] DEBUG com.zaxxer.hikari.pool.PoolBase - HikariPool-1 - Established new connection (345f3e7d-a694-448c-a697-62e19137400f)
2026-04-01 16:10:14 [HikariPool-1:connection-adder] DEBUG com.zaxxer.hikari.pool.HikariPool - HikariPool-1 - Added connection com.mysql.cj.jdbc.ConnectionImpl@46ffc29
2026-04-01 16:10:14 [HikariPool-1:connection-adder] DEBUG com.zaxxer.hikari.pool.HikariPool - HikariPool-1 - After adding stats (total=5/20, idle=5/20, active=0, waiting=0)
2026-04-01 16:10:14 [HikariPool-1:connection-adder] DEBUG com.zaxxer.hikari.pool.PoolBase - HikariPool-1 - Attempting to create/setup new connection (94743fc2-9032-48cf-9800-49aa946bac6e)
2026-04-01 16:10:14 [HikariPool-1:connection-adder] DEBUG com.zaxxer.hikari.pool.PoolBase - HikariPool-1 - Established new connection (94743fc2-9032-48cf-9800-49aa946bac6e)
2026-04-01 16:10:14 [HikariPool-1:connection-adder] DEBUG com.zaxxer.hikari.pool.HikariPool - HikariPool-1 - Added connection com.mysql.cj.jdbc.ConnectionImpl@9a42b86
2026-04-01 16:10:14 [HikariPool-1:connection-adder] DEBUG com.zaxxer.hikari.pool.HikariPool - HikariPool-1 - After adding stats (total=6/20, idle=6/20, active=0, waiting=0)
2026-04-01 16:10:14 [HikariPool-1:connection-adder] DEBUG com.zaxxer.hikari.pool.PoolBase - HikariPool-1 - Attempting to create/setup new connection (8972e1ed-acd7-4b1f-98fc-ae75d8b1ed37)
2026-04-01 16:10:14 [HikariPool-1:connection-adder] DEBUG com.zaxxer.hikari.pool.PoolBase - HikariPool-1 - Established new connection (8972e1ed-acd7-4b1f-98fc-ae75d8b1ed37)
2026-04-01 16:10:14 [HikariPool-1:connection-adder] DEBUG com.zaxxer.hikari.pool.HikariPool - HikariPool-1 - Added connection com.mysql.cj.jdbc.ConnectionImpl@c7a8912
2026-04-01 16:10:14 [HikariPool-1:connection-adder] DEBUG com.zaxxer.hikari.pool.HikariPool - HikariPool-1 - After adding stats (total=7/20, idle=7/20, active=0, waiting=0)
2026-04-01 16:10:14 [HikariPool-1:connection-adder] DEBUG com.zaxxer.hikari.pool.PoolBase - HikariPool-1 - Attempting to create/setup new connection (c46639b7-8776-4fa8-bdf7-fedb8fd006e2)
2026-04-01 16:10:14 [HikariPool-1:connection-adder] DEBUG com.zaxxer.hikari.pool.PoolBase - HikariPool-1 - Established new connection (c46639b7-8776-4fa8-bdf7-fedb8fd006e2)
2026-04-01 16:10:14 [HikariPool-1:connection-adder] DEBUG com.zaxxer.hikari.pool.HikariPool - HikariPool-1 - Added connection com.mysql.cj.jdbc.ConnectionImpl@65ceb48a
2026-04-01 16:10:14 [HikariPool-1:connection-adder] DEBUG com.zaxxer.hikari.pool.HikariPool - HikariPool-1 - After adding stats (total=8/20, idle=8/20, active=0, waiting=0)
2026-04-01 16:10:14 [HikariPool-1:connection-adder] DEBUG com.zaxxer.hikari.pool.PoolBase - HikariPool-1 - Attempting to create/setup new connection (662930bc-aa7d-443e-b98d-b59e956de765)
2026-04-01 16:10:14 [HikariPool-1:connection-adder] DEBUG com.zaxxer.hikari.pool.PoolBase - HikariPool-1 - Established new connection (662930bc-aa7d-443e-b98d-b59e956de765)
2026-04-01 16:10:14 [HikariPool-1:connection-adder] DEBUG com.zaxxer.hikari.pool.HikariPool - HikariPool-1 - Added connection com.mysql.cj.jdbc.ConnectionImpl@37ca376f
2026-04-01 16:10:14 [HikariPool-1:connection-adder] DEBUG com.zaxxer.hikari.pool.HikariPool - HikariPool-1 - After adding stats (total=9/20, idle=9/20, active=0, waiting=0)
2026-04-01 16:10:14 [HikariPool-1:connection-adder] DEBUG com.zaxxer.hikari.pool.PoolBase - HikariPool-1 - Attempting to create/setup new connection (d82d24b5-4887-4eb4-a107-7cd7d93d8994)
2026-04-01 16:10:14 [HikariPool-1:connection-adder] DEBUG com.zaxxer.hikari.pool.PoolBase - HikariPool-1 - Established new connection (d82d24b5-4887-4eb4-a107-7cd7d93d8994)
2026-04-01 16:10:14 [HikariPool-1:connection-adder] DEBUG com.zaxxer.hikari.pool.HikariPool - HikariPool-1 - Added connection com.mysql.cj.jdbc.ConnectionImpl@18643b31
2026-04-01 16:10:14 [HikariPool-1:connection-adder] DEBUG com.zaxxer.hikari.pool.HikariPool - HikariPool-1 - After adding stats (total=10/20, idle=10/20, active=0, waiting=0)
2026-04-01 16:10:14 [HikariPool-1:connection-adder] DEBUG com.zaxxer.hikari.pool.PoolBase - HikariPool-1 - Attempting to create/setup new connection (e9a95a27-09f2-489c-b8b8-334682077733)
2026-04-01 16:10:14 [HikariPool-1:connection-adder] DEBUG com.zaxxer.hikari.pool.PoolBase - HikariPool-1 - Established new connection (e9a95a27-09f2-489c-b8b8-334682077733)
2026-04-01 16:10:14 [HikariPool-1:connection-adder] DEBUG com.zaxxer.hikari.pool.HikariPool - HikariPool-1 - Added connection com.mysql.cj.jdbc.ConnectionImpl@11b03568
2026-04-01 16:10:15 [HikariPool-1:connection-adder] DEBUG com.zaxxer.hikari.pool.HikariPool - HikariPool-1 - After adding stats (total=11/20, idle=11/20, active=0, waiting=0)
2026-04-01 16:10:15 [HikariPool-1:connection-adder] DEBUG com.zaxxer.hikari.pool.PoolBase - HikariPool-1 - Attempting to create/setup new connection (e11835c9-2fd5-426d-af2d-5ad43b63f486)
2026-04-01 16:10:15 [HikariPool-1:connection-adder] DEBUG com.zaxxer.hikari.pool.PoolBase - HikariPool-1 - Established new connection (e11835c9-2fd5-426d-af2d-5ad43b63f486)
2026-04-01 16:10:15 [HikariPool-1:connection-adder] DEBUG com.zaxxer.hikari.pool.HikariPool - HikariPool-1 - Added connection com.mysql.cj.jdbc.ConnectionImpl@5575cc4a
2026-04-01 16:10:15 [HikariPool-1:connection-adder] DEBUG com.zaxxer.hikari.pool.HikariPool - HikariPool-1 - After adding stats (total=12/20, idle=12/20, active=0, waiting=0)
2026-04-01 16:10:15 [HikariPool-1:connection-adder] DEBUG com.zaxxer.hikari.pool.PoolBase - HikariPool-1 - Attempting to create/setup new connection (d6c05f5d-fcf1-4c79-9d6f-bad9bc11b835)
2026-04-01 16:10:15 [HikariPool-1:connection-adder] DEBUG com.zaxxer.hikari.pool.PoolBase - HikariPool-1 - Established new connection (d6c05f5d-fcf1-4c79-9d6f-bad9bc11b835)
2026-04-01 16:10:15 [HikariPool-1:connection-adder] DEBUG com.zaxxer.hikari.pool.HikariPool - HikariPool-1 - Added connection com.mysql.cj.jdbc.ConnectionImpl@abb44e6
2026-04-01 16:10:15 [HikariPool-1:connection-adder] DEBUG com.zaxxer.hikari.pool.HikariPool - HikariPool-1 - After adding stats (total=13/20, idle=13/20, active=0, waiting=0)
2026-04-01 16:10:15 [HikariPool-1:connection-adder] DEBUG com.zaxxer.hikari.pool.PoolBase - HikariPool-1 - Attempting to create/setup new connection (4982d32e-e9c2-4c1b-8d17-08bb88540ce4)
2026-04-01 16:10:15 [HikariPool-1:connection-adder] DEBUG com.zaxxer.hikari.pool.PoolBase - HikariPool-1 - Established new connection (4982d32e-e9c2-4c1b-8d17-08bb88540ce4)
2026-04-01 16:10:15 [HikariPool-1:connection-adder] DEBUG com.zaxxer.hikari.pool.HikariPool - HikariPool-1 - Added connection com.mysql.cj.jdbc.ConnectionImpl@133e2754
2026-04-01 16:10:15 [HikariPool-1:connection-adder] DEBUG com.zaxxer.hikari.pool.HikariPool - HikariPool-1 - After adding stats (total=14/20, idle=14/20, active=0, waiting=0)
2026-04-01 16:10:15 [HikariPool-1:connection-adder] DEBUG com.zaxxer.hikari.pool.PoolBase - HikariPool-1 - Attempting to create/setup new connection (55524537-ead0-40e9-9d7a-f15806b9c8c6)
2026-04-01 16:10:15 [HikariPool-1:connection-adder] DEBUG com.zaxxer.hikari.pool.PoolBase - HikariPool-1 - Established new connection (55524537-ead0-40e9-9d7a-f15806b9c8c6)
2026-04-01 16:10:15 [HikariPool-1:connection-adder] DEBUG com.zaxxer.hikari.pool.HikariPool - HikariPool-1 - Added connection com.mysql.cj.jdbc.ConnectionImpl@5894e056
2026-04-01 16:10:15 [HikariPool-1:connection-adder] DEBUG com.zaxxer.hikari.pool.HikariPool - HikariPool-1 - After adding stats (total=15/20, idle=15/20, active=0, waiting=0)
2026-04-01 16:10:15 [HikariPool-1:connection-adder] DEBUG com.zaxxer.hikari.pool.PoolBase - HikariPool-1 - Attempting to create/setup new connection (04e231da-def1-449d-89bc-886c7a8899f5)
2026-04-01 16:10:15 [HikariPool-1:connection-adder] DEBUG com.zaxxer.hikari.pool.PoolBase - HikariPool-1 - Established new connection (04e231da-def1-449d-89bc-886c7a8899f5)
2026-04-01 16:10:15 [HikariPool-1:connection-adder] DEBUG com.zaxxer.hikari.pool.HikariPool - HikariPool-1 - Added connection com.mysql.cj.jdbc.ConnectionImpl@47d1c3d8
2026-04-01 16:10:15 [HikariPool-1:connection-adder] DEBUG com.zaxxer.hikari.pool.HikariPool - HikariPool-1 - After adding stats (total=16/20, idle=16/20, active=0, waiting=0)
2026-04-01 16:10:15 [HikariPool-1:connection-adder] DEBUG com.zaxxer.hikari.pool.PoolBase - HikariPool-1 - Attempting to create/setup new connection (c2829b25-ea05-490c-8afa-08b3afcbe253)
2026-04-01 16:10:15 [HikariPool-1:connection-adder] DEBUG com.zaxxer.hikari.pool.PoolBase - HikariPool-1 - Established new connection (c2829b25-ea05-490c-8afa-08b3afcbe253)
2026-04-01 16:10:15 [HikariPool-1:connection-adder] DEBUG com.zaxxer.hikari.pool.HikariPool - HikariPool-1 - Added connection com.mysql.cj.jdbc.ConnectionImpl@70e6fb6b
2026-04-01 16:10:15 [HikariPool-1:connection-adder] DEBUG com.zaxxer.hikari.pool.HikariPool - HikariPool-1 - After adding stats (total=17/20, idle=17/20, active=0, waiting=0)
2026-04-01 16:10:15 [HikariPool-1:connection-adder] DEBUG com.zaxxer.hikari.pool.PoolBase - HikariPool-1 - Attempting to create/setup new connection (cccdd6ec-5cca-4824-942c-df767d176d16)
2026-04-01 16:10:15 [HikariPool-1:connection-adder] DEBUG com.zaxxer.hikari.pool.PoolBase - HikariPool-1 - Established new connection (cccdd6ec-5cca-4824-942c-df767d176d16)
2026-04-01 16:10:15 [HikariPool-1:connection-adder] DEBUG com.zaxxer.hikari.pool.HikariPool - HikariPool-1 - Added connection com.mysql.cj.jdbc.ConnectionImpl@26ed1a40
2026-04-01 16:10:15 [HikariPool-1:connection-adder] DEBUG com.zaxxer.hikari.pool.HikariPool - HikariPool-1 - After adding stats (total=18/20, idle=18/20, active=0, waiting=0)
2026-04-01 16:10:15 [HikariPool-1:connection-adder] DEBUG com.zaxxer.hikari.pool.PoolBase - HikariPool-1 - Attempting to create/setup new connection (6d576f20-1a06-4e98-add2-7fd19e5521eb)
2026-04-01 16:10:15 [HikariPool-1:connection-adder] DEBUG com.zaxxer.hikari.pool.PoolBase - HikariPool-1 - Established new connection (6d576f20-1a06-4e98-add2-7fd19e5521eb)
2026-04-01 16:10:15 [HikariPool-1:connection-adder] DEBUG com.zaxxer.hikari.pool.HikariPool - HikariPool-1 - Added connection com.mysql.cj.jdbc.ConnectionImpl@170a3d8b
2026-04-01 16:10:15 [HikariPool-1:connection-adder] DEBUG com.zaxxer.hikari.pool.HikariPool - HikariPool-1 - After adding stats (total=19/20, idle=19/20, active=0, waiting=0)
2026-04-01 16:10:15 [HikariPool-1:connection-adder] DEBUG com.zaxxer.hikari.pool.PoolBase - HikariPool-1 - Attempting to create/setup new connection (1cc1ad15-9c07-4ab5-9429-0a86335b00cd)
2026-04-01 16:10:15 [HikariPool-1:connection-adder] DEBUG com.zaxxer.hikari.pool.PoolBase - HikariPool-1 - Established new connection (1cc1ad15-9c07-4ab5-9429-0a86335b00cd)
2026-04-01 16:10:15 [HikariPool-1:connection-adder] DEBUG com.zaxxer.hikari.pool.HikariPool - HikariPool-1 - Added connection com.mysql.cj.jdbc.ConnectionImpl@687a456c
2026-04-01 16:10:15 [HikariPool-1:connection-adder] DEBUG com.zaxxer.hikari.pool.HikariPool - HikariPool-1 - After adding stats (total=20/20, idle=20/20, active=0, waiting=0)
2026-04-01 16:10:37 [JavaFX Application Thread] INFO  application.java.manager.LogManager - [備品分類マスタ メンテナンス] ： [登録]ボタン押下
2026-04-01 16:10:37 [JavaFX Application Thread] DEBUG application.java.manager.LogManager - [SQL操作クラス] ： クエリ発行処理
2026-04-01 16:10:37 [JavaFX Application Thread] DEBUG application.java.manager.LogManager - [備品分類マスタ メンテナンス] ： DB 備品分類マスタ存在確認
2026-04-01 16:10:37 [JavaFX Application Thread] DEBUG o.a.i.t.jdbc.JdbcTransaction - Opening JDBC Connection
2026-04-01 16:10:37 [JavaFX Application Thread] DEBUG o.a.i.t.jdbc.JdbcTransaction - Setting autocommit to false on JDBC Connection [HikariProxyConnection@305494805 wrapping com.mysql.cj.jdbc.ConnectionImpl@35dfdf35]
2026-04-01 16:10:37 [JavaFX Application Thread] DEBUG a.r.m.S.existsStockType - ==>  Preparing: SELECT EXISTS ( SELECT 1 FROM stock_type_master WHERE 1 = 1 AND stock_type = ? AND stock_code = ? ) AS IS_EXISTS
2026-04-01 16:10:37 [JavaFX Application Thread] DEBUG a.r.m.S.existsStockType - ==> Parameters: 3(Integer), 3(String)
2026-04-01 16:10:37 [JavaFX Application Thread] DEBUG a.r.m.S.existsStockType - <==      Total: 1
2026-04-01 16:10:37 [JavaFX Application Thread] DEBUG o.a.i.t.jdbc.JdbcTransaction - Resetting autocommit to true on JDBC Connection [HikariProxyConnection@305494805 wrapping com.mysql.cj.jdbc.ConnectionImpl@35dfdf35]
2026-04-01 16:10:37 [JavaFX Application Thread] DEBUG o.a.i.t.jdbc.JdbcTransaction - Closing JDBC Connection [HikariProxyConnection@305494805 wrapping com.mysql.cj.jdbc.ConnectionImpl@35dfdf35]
2026-04-01 16:10:43 [JavaFX Application Thread] INFO  application.java.manager.LogManager - [備品分類マスタ メンテナンス] ： [登録]ボタン押下
2026-04-01 16:10:43 [JavaFX Application Thread] DEBUG application.java.manager.LogManager - [SQL操作クラス] ： クエリ発行処理
2026-04-01 16:10:43 [JavaFX Application Thread] DEBUG application.java.manager.LogManager - [備品分類マスタ メンテナンス] ： DB 備品分類マスタ存在確認
2026-04-01 16:10:43 [JavaFX Application Thread] DEBUG o.a.i.t.jdbc.JdbcTransaction - Opening JDBC Connection
2026-04-01 16:10:43 [JavaFX Application Thread] DEBUG o.a.i.t.jdbc.JdbcTransaction - Setting autocommit to false on JDBC Connection [HikariProxyConnection@1392093041 wrapping com.mysql.cj.jdbc.ConnectionImpl@35dfdf35]
2026-04-01 16:10:43 [JavaFX Application Thread] DEBUG a.r.m.S.existsStockType - ==>  Preparing: SELECT EXISTS ( SELECT 1 FROM stock_type_master WHERE 1 = 1 AND stock_type = ? AND stock_code = ? ) AS IS_EXISTS
2026-04-01 16:10:43 [JavaFX Application Thread] DEBUG a.r.m.S.existsStockType - ==> Parameters: 3(Integer), 3(String)
2026-04-01 16:10:43 [JavaFX Application Thread] DEBUG a.r.m.S.existsStockType - <==      Total: 1
2026-04-01 16:10:43 [JavaFX Application Thread] DEBUG o.a.i.t.jdbc.JdbcTransaction - Resetting autocommit to true on JDBC Connection [HikariProxyConnection@1392093041 wrapping com.mysql.cj.jdbc.ConnectionImpl@35dfdf35]
2026-04-01 16:10:43 [JavaFX Application Thread] DEBUG o.a.i.t.jdbc.JdbcTransaction - Closing JDBC Connection [HikariProxyConnection@1392093041 wrapping com.mysql.cj.jdbc.ConnectionImpl@35dfdf35]
2026-04-01 16:10:44 [HikariPool-1:housekeeper] DEBUG com.zaxxer.hikari.pool.HikariPool - HikariPool-1 - Pool stats (total=20/20, idle=20/20, active=0, waiting=0)
2026-04-01 16:10:44 [HikariPool-1:housekeeper] DEBUG com.zaxxer.hikari.pool.HikariPool - HikariPool-1 - Fill pool skipped, pool has sufficient level or currently being filled.
2026-04-01 16:10:51 [JavaFX Application Thread] INFO  application.java.manager.LogManager - [備品分類マスタ メンテナンス] ： [登録]ボタン押下
2026-04-01 16:10:51 [JavaFX Application Thread] DEBUG application.java.manager.LogManager - [SQL操作クラス] ： クエリ発行処理
2026-04-01 16:10:51 [JavaFX Application Thread] DEBUG application.java.manager.LogManager - [備品分類マスタ メンテナンス] ： DB 備品分類マスタ存在確認
2026-04-01 16:10:51 [JavaFX Application Thread] DEBUG o.a.i.t.jdbc.JdbcTransaction - Opening JDBC Connection
2026-04-01 16:10:51 [JavaFX Application Thread] DEBUG o.a.i.t.jdbc.JdbcTransaction - Setting autocommit to false on JDBC Connection [HikariProxyConnection@567262478 wrapping com.mysql.cj.jdbc.ConnectionImpl@35dfdf35]
2026-04-01 16:10:51 [JavaFX Application Thread] DEBUG a.r.m.S.existsStockType - ==>  Preparing: SELECT EXISTS ( SELECT 1 FROM stock_type_master WHERE 1 = 1 AND stock_type = ? AND stock_code = ? ) AS IS_EXISTS
2026-04-01 16:10:51 [JavaFX Application Thread] DEBUG a.r.m.S.existsStockType - ==> Parameters: 3(Integer), 3(String)
2026-04-01 16:10:51 [JavaFX Application Thread] DEBUG a.r.m.S.existsStockType - <==      Total: 1
2026-04-01 16:10:51 [JavaFX Application Thread] DEBUG o.a.i.t.jdbc.JdbcTransaction - Resetting autocommit to true on JDBC Connection [HikariProxyConnection@567262478 wrapping com.mysql.cj.jdbc.ConnectionImpl@35dfdf35]
2026-04-01 16:10:51 [JavaFX Application Thread] DEBUG o.a.i.t.jdbc.JdbcTransaction - Closing JDBC Connection [HikariProxyConnection@567262478 wrapping com.mysql.cj.jdbc.ConnectionImpl@35dfdf35]
2026-04-01 16:11:05 [JavaFX Application Thread] INFO  application.java.manager.LogManager - [備品分類マスタ メンテナンス] ： [登録]ボタン押下
2026-04-01 16:11:13 [JavaFX Application Thread] INFO  application.java.manager.LogManager - [備品分類マスタ メンテナンス] ： [登録]ボタン押下
2026-04-01 16:11:14 [HikariPool-1:housekeeper] DEBUG com.zaxxer.hikari.pool.HikariPool - HikariPool-1 - Pool stats (total=20/20, idle=20/20, active=0, waiting=0)
2026-04-01 16:11:14 [HikariPool-1:housekeeper] DEBUG com.zaxxer.hikari.pool.HikariPool - HikariPool-1 - Fill pool skipped, pool has sufficient level or currently being filled.
2026-04-01 16:11:20 [JavaFX Application Thread] INFO  application.java.manager.LogManager - [備品分類マスタ メンテナンス] ： [登録]ボタン押下
2026-04-01 16:11:20 [JavaFX Application Thread] DEBUG application.java.manager.LogManager - [SQL操作クラス] ： クエリ発行処理
2026-04-01 16:11:20 [JavaFX Application Thread] DEBUG application.java.manager.LogManager - [備品分類マスタ メンテナンス] ： DB 備品分類マスタ存在確認
2026-04-01 16:11:20 [JavaFX Application Thread] DEBUG o.a.i.t.jdbc.JdbcTransaction - Opening JDBC Connection
2026-04-01 16:11:20 [JavaFX Application Thread] DEBUG o.a.i.t.jdbc.JdbcTransaction - Setting autocommit to false on JDBC Connection [HikariProxyConnection@2145286669 wrapping com.mysql.cj.jdbc.ConnectionImpl@35dfdf35]
2026-04-01 16:11:20 [JavaFX Application Thread] DEBUG a.r.m.S.existsStockType - ==>  Preparing: SELECT EXISTS ( SELECT 1 FROM stock_type_master WHERE 1 = 1 AND stock_type = ? AND stock_code = ? ) AS IS_EXISTS
2026-04-01 16:11:20 [JavaFX Application Thread] DEBUG a.r.m.S.existsStockType - ==> Parameters: 3(Integer), 6(String)
2026-04-01 16:11:20 [JavaFX Application Thread] DEBUG a.r.m.S.existsStockType - <==      Total: 1
2026-04-01 16:11:20 [JavaFX Application Thread] DEBUG o.a.i.t.jdbc.JdbcTransaction - Resetting autocommit to true on JDBC Connection [HikariProxyConnection@2145286669 wrapping com.mysql.cj.jdbc.ConnectionImpl@35dfdf35]
2026-04-01 16:11:20 [JavaFX Application Thread] DEBUG o.a.i.t.jdbc.JdbcTransaction - Closing JDBC Connection [HikariProxyConnection@2145286669 wrapping com.mysql.cj.jdbc.ConnectionImpl@35dfdf35]
2026-04-01 16:11:20 [JavaFX Application Thread] DEBUG application.java.manager.LogManager - [備品分類マスタ メンテナンス] ： 備品分類マスタ登録処理
2026-04-01 16:11:20 [JavaFX Application Thread] DEBUG application.java.manager.LogManager - [備品分類マスタ メンテナンス] ： リスト再表示処理
2026-04-01 16:11:20 [JavaFX Application Thread] DEBUG application.java.manager.LogManager - [SQL操作クラス] ： 非同期処理 SELECT句発行
2026-04-01 16:11:20 [Thread-4] DEBUG application.java.manager.LogManager - [SQL操作クラス] ： SELECT句発行
2026-04-01 16:11:20 [Thread-4] DEBUG application.java.manager.LogManager - [備品分類マスタ メンテナンス] ： DB 備品分類マスタ取得処理
2026-04-01 16:11:20 [Thread-4] DEBUG o.a.i.t.jdbc.JdbcTransaction - Opening JDBC Connection
2026-04-01 16:11:20 [Thread-4] DEBUG o.a.i.t.jdbc.JdbcTransaction - Setting autocommit to false on JDBC Connection [HikariProxyConnection@1605012141 wrapping com.mysql.cj.jdbc.ConnectionImpl@35dfdf35]
2026-04-01 16:11:20 [Thread-4] DEBUG a.r.m.S.selectMaintenance - ==>  Preparing: SELECT STM.id AS stockTypeId, STM.stock_type, STM.stock_code, STM.name AS stockTypeName, STM.del AS delFlg FROM stock_type_master STM WHERE 1 = 1 ORDER BY STM.stock_type, STM.stock_code
2026-04-01 16:11:20 [Thread-4] DEBUG a.r.m.S.selectMaintenance - ==> Parameters: 
2026-04-01 16:11:20 [Thread-4] DEBUG a.r.m.S.selectMaintenance - <==      Total: 17
2026-04-01 16:11:20 [Thread-4] DEBUG o.a.i.t.jdbc.JdbcTransaction - Resetting autocommit to true on JDBC Connection [HikariProxyConnection@1605012141 wrapping com.mysql.cj.jdbc.ConnectionImpl@35dfdf35]
2026-04-01 16:11:20 [Thread-4] DEBUG o.a.i.t.jdbc.JdbcTransaction - Closing JDBC Connection [HikariProxyConnection@1605012141 wrapping com.mysql.cj.jdbc.ConnectionImpl@35dfdf35]
2026-04-01 16:11:27 [JavaFX Application Thread] INFO  application.java.manager.LogManager - [備品分類マスタ メンテナンス] ： [メニューに戻る]ボタン押下
2026-04-01 16:11:27 [JavaFX Application Thread] INFO  application.java.manager.LogManager - [備品管理システム メニュー画面] ： 初期化処理
2026-04-01 16:11:27 [JavaFX Application Thread] INFO  application.java.manager.LogManager - 呼出中[Page](備品分類マスタ メンテナンス)の終了処理(dispose)を実行
2026-04-01 16:11:27 [JavaFX Application Thread] INFO  application.java.manager.LogManager - 画面展開 [setPage] ： 画面設定・表示処理 開始
2026-04-01 16:11:27 [JavaFX Application Thread] DEBUG application.java.manager.LogManager - Window切替 [setWindowFrame] : TRANSPARENT(透明枠・背景色透明)
2026-04-01 16:11:27 [JavaFX Application Thread] INFO  application.java.manager.LogManager - /application/resources/css/MenuMacFinderStyle.css

2026-04-01 16:11:27 [JavaFX Application Thread] INFO  application.java.manager.LogManager - 画面展開 [setPage] : 備品管理システム メニュー画面
2026-04-01 16:11:30 [JavaFX Application Thread] INFO  application.java.manager.LogManager - [備品管理システム メニュー画面] ： [貸出業務]ボタン押下
2026-04-01 16:11:30 [JavaFX Application Thread] INFO  application.java.manager.LogManager - [備品一覧画面] ： 初期化処理
2026-04-01 16:11:30 [JavaFX Application Thread] INFO  application.java.manager.LogManager - スライドショーのTimelineを停止しました
2026-04-01 16:11:30 [JavaFX Application Thread] INFO  application.java.manager.LogManager - 呼出中[Page](備品管理システム メニュー画面)の終了処理(dispose)を実行
2026-04-01 16:11:30 [JavaFX Application Thread] INFO  application.java.manager.LogManager - 画面展開 [setPage] ： 画面設定・表示処理 開始
2026-04-01 16:11:30 [JavaFX Application Thread] DEBUG application.java.manager.LogManager - Window切替 [setWindowFrame] : DECORATED(標準)
2026-04-01 16:11:30 [JavaFX Application Thread] DEBUG application.java.manager.LogManager - [備品一覧画面] ： リスト表示処理
2026-04-01 16:11:30 [JavaFX Application Thread] DEBUG application.java.manager.LogManager - [SQL操作クラス] ： 非同期処理 SELECT句発行
2026-04-01 16:11:30 [Thread-5] DEBUG application.java.manager.LogManager - [SQL操作クラス] ： SELECT句発行
2026-04-01 16:11:30 [JavaFX Application Thread] INFO  application.java.manager.LogManager - /application/resources/css/InventoryListStyle.css

2026-04-01 16:11:30 [JavaFX Application Thread] INFO  application.java.manager.LogManager - 画面展開 [setPage] : 備品一覧画面
2026-04-01 16:11:30 [Thread-5] DEBUG o.a.i.t.jdbc.JdbcTransaction - Opening JDBC Connection
2026-04-01 16:11:30 [Thread-5] DEBUG o.a.i.t.jdbc.JdbcTransaction - Setting autocommit to false on JDBC Connection [HikariProxyConnection@1368359188 wrapping com.mysql.cj.jdbc.ConnectionImpl@35dfdf35]
2026-04-01 16:11:30 [Thread-5] DEBUG a.r.m.I.getTableRecords - ==>  Preparing: WITH SUB_TOTAL AS ( SELECT ST.stock_type , ST.stock_code , SUM(CASE WHEN SD.staff_no IS NOT NULL AND (DATEDIFF(CURRENT_DATE(), SD.confirmed_date) <= 365 ) THEN 1 ELSE 0 END) AS lending_count -- 貸出備品の数 , SUM(CASE /* 在庫 = [staff_no]：貸出先ユーザーの社員番号 が未設定(NULL) 且つ [return_date]：返却日が未設定(NULL) 且つ [confirmed_date]：最終所在確認日 が１年以内 */ WHEN SD.staff_no IS NULL AND (DATEDIFF(CURRENT_DATE(), SD.confirmed_date) <= 365 ) THEN 1 ELSE 0 END) AS stock_count -- 在庫備品の数 , SUM(CASE /* 不明 = [return_date]：返却日が未設定(NULL) 且つ [confirmed_date]：最終所在確認日 が１年前以前 ※ 貸出中・在庫を問わず１年前以前のデータを不明とする */ WHEN (DATEDIFF(CURRENT_DATE(), SD.confirmed_date) > 365 ) THEN 1 ELSE 0 END) AS unknown_count -- 不明備品の数 FROM (SELECT stock_type , stock_code FROM stock_type_master WHERE 1 = 1 AND del = FALSE) ST INNER JOIN stock_master SM ON ST.stock_type = SM.stock_type AND ST.stock_code = SM.stock_code AND SM.del = FALSE /* 未登録データを考慮しLEFT JOINとする */ LEFT JOIN stock_data SD ON SM.serial_no = SD.serial_no /* 返却済データの除去 */ AND SD.return_date IS NULL AND SD.del = FALSE WHERE 1 = 1 GROUP BY ST.stock_type , ST.stock_code ) SELECT ST.stock_type AS type, ST.stock_code AS code, ST.name AS itemName, IFNULL(S.lending_count, 0) AS loanCount, IFNULL(S.stock_count, 0) AS returnCount, IFNULL(S.unknown_count, 0) AS unknownCount, IFNULL(S.lending_count + S.stock_count, 0) AS totalCount /* 追加項目：遷移先画面サイズ */ , IFNULL( GCM.value_1, '1') AS windowSize FROM stock_type_master ST INNER JOIN SUB_TOTAL S ON ST.stock_type = S.stock_type AND ST.stock_code = S.stock_code /* 追加項目 遷移先画面サイズ */ LEFT JOIN generic_code_master GCM ON CAST(ST.stock_type AS CHAR) = GCM.type_key AND ST.stock_code = GCM.code AND GCM.generic_key = 'WINDOW_SIZE' WHERE 1 = 1 ORDER BY ST.stock_type , St.stock_code
2026-04-01 16:11:30 [Thread-5] DEBUG a.r.m.I.getTableRecords - ==> Parameters: 
2026-04-01 16:11:31 [Thread-5] DEBUG a.r.m.I.getTableRecords - <==      Total: 16
2026-04-01 16:11:31 [Thread-5] DEBUG o.a.i.t.jdbc.JdbcTransaction - Resetting autocommit to true on JDBC Connection [HikariProxyConnection@1368359188 wrapping com.mysql.cj.jdbc.ConnectionImpl@35dfdf35]
2026-04-01 16:11:31 [Thread-5] DEBUG o.a.i.t.jdbc.JdbcTransaction - Closing JDBC Connection [HikariProxyConnection@1368359188 wrapping com.mysql.cj.jdbc.ConnectionImpl@35dfdf35]
2026-04-01 16:11:32 [JavaFX Application Thread] INFO  application.java.manager.LogManager - [備品一覧画面] ： [メニューに戻る]ボタン押下
2026-04-01 16:11:32 [JavaFX Application Thread] INFO  application.java.manager.LogManager - [備品管理システム メニュー画面] ： 初期化処理
2026-04-01 16:11:32 [JavaFX Application Thread] INFO  application.java.manager.LogManager - 呼出中[Page](備品一覧画面)の終了処理(dispose)を実行
2026-04-01 16:11:32 [JavaFX Application Thread] INFO  application.java.manager.LogManager - 画面展開 [setPage] ： 画面設定・表示処理 開始
2026-04-01 16:11:32 [JavaFX Application Thread] DEBUG application.java.manager.LogManager - Window切替 [setWindowFrame] : TRANSPARENT(透明枠・背景色透明)
2026-04-01 16:11:32 [JavaFX Application Thread] INFO  application.java.manager.LogManager - /application/resources/css/MenuMacFinderStyle.css

2026-04-01 16:11:32 [JavaFX Application Thread] INFO  application.java.manager.LogManager - 画面展開 [setPage] : 備品管理システム メニュー画面
2026-04-01 16:11:34 [JavaFX Application Thread] DEBUG application.java.manager.LogManager - [SQL操作クラス] ： 非同期処理 スレッドプール解放
2026-04-01 16:11:34 [JavaFX Application Thread] INFO  com.zaxxer.hikari.HikariDataSource - HikariPool-1 - Shutdown initiated...
2026-04-01 16:11:34 [JavaFX Application Thread] DEBUG com.zaxxer.hikari.pool.HikariPool - HikariPool-1 - Before shutdown stats (total=20/20, idle=20/20, active=0, waiting=0)
2026-04-01 16:11:34 [HikariPool-1:connection-closer] DEBUG com.zaxxer.hikari.pool.PoolBase - HikariPool-1 - Closing connection com.mysql.cj.jdbc.ConnectionImpl@35dfdf35: (connection evicted)
2026-04-01 16:11:34 [HikariPool-1:connection-closer] DEBUG com.zaxxer.hikari.pool.PoolBase - HikariPool-1 - Closing connection com.mysql.cj.jdbc.ConnectionImpl@525347ea: (connection evicted)
2026-04-01 16:11:34 [HikariPool-1:connection-closer] DEBUG com.zaxxer.hikari.pool.PoolBase - HikariPool-1 - Closing connection com.mysql.cj.jdbc.ConnectionImpl@6a93a946: (connection evicted)
2026-04-01 16:11:34 [HikariPool-1:connection-closer] DEBUG com.zaxxer.hikari.pool.PoolBase - HikariPool-1 - Closing connection com.mysql.cj.jdbc.ConnectionImpl@12a065de: (connection evicted)
2026-04-01 16:11:34 [HikariPool-1:connection-closer] DEBUG com.zaxxer.hikari.pool.PoolBase - HikariPool-1 - Closing connection com.mysql.cj.jdbc.ConnectionImpl@46ffc29: (connection evicted)
2026-04-01 16:11:34 [HikariPool-1:connection-closer] DEBUG com.zaxxer.hikari.pool.PoolBase - HikariPool-1 - Closing connection com.mysql.cj.jdbc.ConnectionImpl@9a42b86: (connection evicted)
2026-04-01 16:11:34 [HikariPool-1:connection-closer] DEBUG com.zaxxer.hikari.pool.PoolBase - HikariPool-1 - Closing connection com.mysql.cj.jdbc.ConnectionImpl@c7a8912: (connection evicted)
2026-04-01 16:11:34 [HikariPool-1:connection-closer] DEBUG com.zaxxer.hikari.pool.PoolBase - HikariPool-1 - Closing connection com.mysql.cj.jdbc.ConnectionImpl@65ceb48a: (connection evicted)
2026-04-01 16:11:34 [HikariPool-1:connection-closer] DEBUG com.zaxxer.hikari.pool.PoolBase - HikariPool-1 - Closing connection com.mysql.cj.jdbc.ConnectionImpl@37ca376f: (connection evicted)
2026-04-01 16:11:34 [HikariPool-1:connection-closer] DEBUG com.zaxxer.hikari.pool.PoolBase - HikariPool-1 - Closing connection com.mysql.cj.jdbc.ConnectionImpl@18643b31: (connection evicted)
2026-04-01 16:11:34 [HikariPool-1:connection-closer] DEBUG com.zaxxer.hikari.pool.PoolBase - HikariPool-1 - Closing connection com.mysql.cj.jdbc.ConnectionImpl@11b03568: (connection evicted)
2026-04-01 16:11:34 [HikariPool-1:connection-closer] DEBUG com.zaxxer.hikari.pool.PoolBase - HikariPool-1 - Closing connection com.mysql.cj.jdbc.ConnectionImpl@5575cc4a: (connection evicted)
2026-04-01 16:11:34 [HikariPool-1:connection-closer] DEBUG com.zaxxer.hikari.pool.PoolBase - HikariPool-1 - Closing connection com.mysql.cj.jdbc.ConnectionImpl@abb44e6: (connection evicted)
2026-04-01 16:11:34 [HikariPool-1:connection-closer] DEBUG com.zaxxer.hikari.pool.PoolBase - HikariPool-1 - Closing connection com.mysql.cj.jdbc.ConnectionImpl@133e2754: (connection evicted)
2026-04-01 16:11:34 [HikariPool-1:connection-closer] DEBUG com.zaxxer.hikari.pool.PoolBase - HikariPool-1 - Closing connection com.mysql.cj.jdbc.ConnectionImpl@5894e056: (connection evicted)
2026-04-01 16:11:34 [HikariPool-1:connection-closer] DEBUG com.zaxxer.hikari.pool.PoolBase - HikariPool-1 - Closing connection com.mysql.cj.jdbc.ConnectionImpl@47d1c3d8: (connection evicted)
2026-04-01 16:11:34 [HikariPool-1:connection-closer] DEBUG com.zaxxer.hikari.pool.PoolBase - HikariPool-1 - Closing connection com.mysql.cj.jdbc.ConnectionImpl@70e6fb6b: (connection evicted)
2026-04-01 16:11:34 [HikariPool-1:connection-closer] DEBUG com.zaxxer.hikari.pool.PoolBase - HikariPool-1 - Closing connection com.mysql.cj.jdbc.ConnectionImpl@26ed1a40: (connection evicted)
2026-04-01 16:11:34 [HikariPool-1:connection-closer] DEBUG com.zaxxer.hikari.pool.PoolBase - HikariPool-1 - Closing connection com.mysql.cj.jdbc.ConnectionImpl@170a3d8b: (connection evicted)
2026-04-01 16:11:34 [HikariPool-1:connection-closer] DEBUG com.zaxxer.hikari.pool.PoolBase - HikariPool-1 - Closing connection com.mysql.cj.jdbc.ConnectionImpl@687a456c: (connection evicted)
2026-04-01 16:11:34 [JavaFX Application Thread] DEBUG com.zaxxer.hikari.pool.HikariPool - HikariPool-1 - After  shutdown stats (total=0/20, idle=0/20, active=0, waiting=0)
2026-04-01 16:11:34 [JavaFX Application Thread] INFO  com.zaxxer.hikari.HikariDataSource - HikariPool-1 - Shutdown completed.
2026-04-01 16:11:34 [JavaFX Application Thread] DEBUG application.java.manager.LogManager - [SQL操作クラス] ： コネクションプール(HikariCP) Closeing
2026-04-01 16:11:34 [JavaFX Application Thread] INFO  application.java.manager.LogManager - 終了処理 : 完了
2026-04-01 17:35:37 [main] INFO  application.java.manager.LogManager - 備品管理システム : 起動
2026-04-01 17:35:37 [JavaFX Application Thread] INFO  application.java.manager.LogManager - 開始処理 : 画面ウィンドウ枠生成
2026-04-01 17:35:37 [JavaFX Application Thread] INFO  application.java.manager.LogManager - [備品管理システム メニュー画面] ： 初期化処理
2026-04-01 17:35:37 [JavaFX Application Thread] INFO  application.java.manager.LogManager - 画面展開 [setPage] ： 画面設定・表示処理 開始
2026-04-01 17:35:37 [JavaFX Application Thread] DEBUG application.java.manager.LogManager - Window切替 [setWindowFrame] : TRANSPARENT(透明枠・背景色透明)
2026-04-01 17:35:38 [JavaFX Application Thread] INFO  application.java.manager.LogManager - /application/resources/css/MenuMacFinderStyle.css

2026-04-01 17:35:38 [JavaFX Application Thread] INFO  application.java.manager.LogManager - 画面展開 [setPage] : 備品管理システム メニュー画面
2026-04-01 17:35:40 [JavaFX Application Thread] INFO  application.java.manager.LogManager - [備品管理システム メニュー画面] ： [貸出業務]ボタン押下
2026-04-01 17:35:40 [JavaFX Application Thread] INFO  application.java.manager.LogManager - [備品一覧画面] ： 初期化処理
2026-04-01 17:35:40 [JavaFX Application Thread] INFO  application.java.manager.LogManager - スライドショーのTimelineを停止しました
2026-04-01 17:35:40 [JavaFX Application Thread] INFO  application.java.manager.LogManager - 呼出中[Page](備品管理システム メニュー画面)の終了処理(dispose)を実行
2026-04-01 17:35:40 [JavaFX Application Thread] INFO  application.java.manager.LogManager - 画面展開 [setPage] ： 画面設定・表示処理 開始
2026-04-01 17:35:40 [JavaFX Application Thread] DEBUG application.java.manager.LogManager - Window切替 [setWindowFrame] : DECORATED(標準)
2026-04-01 17:35:40 [JavaFX Application Thread] INFO  application.java.manager.LogManager - [SQL操作クラス] ： 非同期処理 スレッドプール作成
2026-04-01 17:35:40 [JavaFX Application Thread] INFO  application.java.manager.LogManager - [SQL操作クラス] ： SQL Session生成
2026-04-01 17:35:40 [JavaFX Application Thread] DEBUG application.java.manager.LogManager - [SQL操作クラス] ： mybatis有効化
2026-04-01 17:35:40 [JavaFX Application Thread] DEBUG o.apache.ibatis.logging.LogFactory - Logging initialized using 'class org.apache.ibatis.logging.slf4j.Slf4jImpl' adapter.
2026-04-01 17:35:40 [JavaFX Application Thread] DEBUG o.apache.ibatis.logging.LogFactory - Logging initialized using 'class org.apache.ibatis.logging.slf4j.Slf4jImpl' adapter.
2026-04-01 17:35:40 [JavaFX Application Thread] DEBUG com.zaxxer.hikari.util.UtilityElf - Class com.mysql.cj.jdbc.Driver found in Thread context class loader jdk.internal.loader.ClassLoaders$AppClassLoader@568db2f2
2026-04-01 17:35:40 [JavaFX Application Thread] DEBUG application.java.manager.LogManager - [備品一覧画面] ： リスト表示処理
2026-04-01 17:35:40 [JavaFX Application Thread] DEBUG application.java.manager.LogManager - [SQL操作クラス] ： 非同期処理 SELECT句発行
2026-04-01 17:35:40 [Thread-3] DEBUG application.java.manager.LogManager - [SQL操作クラス] ： SELECT句発行
2026-04-01 17:35:40 [JavaFX Application Thread] INFO  application.java.manager.LogManager - /application/resources/css/InventoryListStyle.css

2026-04-01 17:35:40 [JavaFX Application Thread] INFO  application.java.manager.LogManager - 画面展開 [setPage] : 備品一覧画面
2026-04-01 17:35:40 [Thread-3] DEBUG o.a.i.t.jdbc.JdbcTransaction - Opening JDBC Connection
2026-04-01 17:35:40 [Thread-3] DEBUG com.zaxxer.hikari.HikariConfig - HikariPool-1 - configuration:
2026-04-01 17:35:40 [Thread-3] DEBUG com.zaxxer.hikari.HikariConfig - allowPoolSuspension.............false
2026-04-01 17:35:40 [Thread-3] DEBUG com.zaxxer.hikari.HikariConfig - autoCommit......................true
2026-04-01 17:35:40 [Thread-3] DEBUG com.zaxxer.hikari.HikariConfig - catalog.........................none
2026-04-01 17:35:40 [Thread-3] DEBUG com.zaxxer.hikari.HikariConfig - connectionInitSql...............none
2026-04-01 17:35:40 [Thread-3] DEBUG com.zaxxer.hikari.HikariConfig - connectionTestQuery.............none
2026-04-01 17:35:40 [Thread-3] DEBUG com.zaxxer.hikari.HikariConfig - connectionTimeout...............30000
2026-04-01 17:35:40 [Thread-3] DEBUG com.zaxxer.hikari.HikariConfig - credentials.....................com.zaxxer.hikari.util.Credentials@1d3bfd2f
2026-04-01 17:35:40 [Thread-3] DEBUG com.zaxxer.hikari.HikariConfig - credentialsProvider.............none
2026-04-01 17:35:40 [Thread-3] DEBUG com.zaxxer.hikari.HikariConfig - credentialsProviderClassName....none
2026-04-01 17:35:40 [Thread-3] DEBUG com.zaxxer.hikari.HikariConfig - dataSource......................none
2026-04-01 17:35:40 [Thread-3] DEBUG com.zaxxer.hikari.HikariConfig - dataSourceClassName.............none
2026-04-01 17:35:40 [Thread-3] DEBUG com.zaxxer.hikari.HikariConfig - dataSourceJNDI..................none
2026-04-01 17:35:40 [Thread-3] DEBUG com.zaxxer.hikari.HikariConfig - dataSourceProperties............{password=<masked>}
2026-04-01 17:35:40 [Thread-3] DEBUG com.zaxxer.hikari.HikariConfig - driverClassName................."com.mysql.cj.jdbc.Driver"
2026-04-01 17:35:40 [Thread-3] DEBUG com.zaxxer.hikari.HikariConfig - exceptionOverride...............none
2026-04-01 17:35:40 [Thread-3] DEBUG com.zaxxer.hikari.HikariConfig - exceptionOverrideClassName......none
2026-04-01 17:35:40 [Thread-3] DEBUG com.zaxxer.hikari.HikariConfig - healthCheckProperties...........{}
2026-04-01 17:35:40 [Thread-3] DEBUG com.zaxxer.hikari.HikariConfig - healthCheckRegistry.............none
2026-04-01 17:35:40 [Thread-3] DEBUG com.zaxxer.hikari.HikariConfig - idleTimeout.....................600000
2026-04-01 17:35:40 [Thread-3] DEBUG com.zaxxer.hikari.HikariConfig - initializationFailTimeout.......1
2026-04-01 17:35:40 [Thread-3] DEBUG com.zaxxer.hikari.HikariConfig - isolateInternalQueries..........false
2026-04-01 17:35:40 [Thread-3] DEBUG com.zaxxer.hikari.HikariConfig - jdbcUrl.........................jdbc:mysql://localhost:3306/test?useUnicode=true&characterEncoding=UTF-8&serverTimezone=GMT%2B9&useSSL=false&allowPublicKeyRetrieval=true&useCursorFetch=true
2026-04-01 17:35:40 [Thread-3] DEBUG com.zaxxer.hikari.HikariConfig - keepaliveTime...................120000
2026-04-01 17:35:40 [Thread-3] DEBUG com.zaxxer.hikari.HikariConfig - leakDetectionThreshold..........0
2026-04-01 17:35:40 [Thread-3] DEBUG com.zaxxer.hikari.HikariConfig - maxLifetime.....................1800000
2026-04-01 17:35:40 [Thread-3] DEBUG com.zaxxer.hikari.HikariConfig - maximumPoolSize.................20
2026-04-01 17:35:40 [Thread-3] DEBUG com.zaxxer.hikari.HikariConfig - metricRegistry..................none
2026-04-01 17:35:40 [Thread-3] DEBUG com.zaxxer.hikari.HikariConfig - metricsTrackerFactory...........none
2026-04-01 17:35:40 [Thread-3] DEBUG com.zaxxer.hikari.HikariConfig - minimumIdle.....................20
2026-04-01 17:35:40 [Thread-3] DEBUG com.zaxxer.hikari.HikariConfig - password........................<masked>
2026-04-01 17:35:40 [Thread-3] DEBUG com.zaxxer.hikari.HikariConfig - poolName........................"HikariPool-1"
2026-04-01 17:35:40 [Thread-3] DEBUG com.zaxxer.hikari.HikariConfig - readOnly........................false
2026-04-01 17:35:40 [Thread-3] DEBUG com.zaxxer.hikari.HikariConfig - registerMbeans..................false
2026-04-01 17:35:40 [Thread-3] DEBUG com.zaxxer.hikari.HikariConfig - scheduledExecutor...............none
2026-04-01 17:35:40 [Thread-3] DEBUG com.zaxxer.hikari.HikariConfig - schema..........................none
2026-04-01 17:35:40 [Thread-3] DEBUG com.zaxxer.hikari.HikariConfig - threadFactory...................internal
2026-04-01 17:35:40 [Thread-3] DEBUG com.zaxxer.hikari.HikariConfig - transactionIsolation............default
2026-04-01 17:35:40 [Thread-3] DEBUG com.zaxxer.hikari.HikariConfig - username........................"app2"
2026-04-01 17:35:40 [Thread-3] DEBUG com.zaxxer.hikari.HikariConfig - validationTimeout...............5000
2026-04-01 17:35:40 [Thread-3] INFO  com.zaxxer.hikari.HikariDataSource - HikariPool-1 - Starting...
2026-04-01 17:35:40 [Thread-3] DEBUG com.zaxxer.hikari.pool.PoolBase - HikariPool-1 - Attempting to create/setup new connection (82b266ca-9fb0-42ad-bcdf-ed34a1b0749c)
2026-04-01 17:35:40 [Thread-3] DEBUG com.zaxxer.hikari.pool.PoolBase - HikariPool-1 - Established new connection (82b266ca-9fb0-42ad-bcdf-ed34a1b0749c)
2026-04-01 17:35:40 [Thread-3] INFO  com.zaxxer.hikari.pool.HikariPool - HikariPool-1 - Added connection com.mysql.cj.jdbc.ConnectionImpl@6220fc79
2026-04-01 17:35:40 [Thread-3] INFO  com.zaxxer.hikari.HikariDataSource - HikariPool-1 - Start completed.
2026-04-01 17:35:40 [Thread-3] DEBUG o.a.i.t.jdbc.JdbcTransaction - Setting autocommit to false on JDBC Connection [HikariProxyConnection@1687779409 wrapping com.mysql.cj.jdbc.ConnectionImpl@6220fc79]
2026-04-01 17:35:40 [Thread-3] DEBUG a.r.m.I.getTableRecords - ==>  Preparing: WITH SUB_TOTAL AS ( SELECT ST.stock_type , ST.stock_code , SUM(CASE WHEN SD.staff_no IS NOT NULL AND (DATEDIFF(CURRENT_DATE(), SD.confirmed_date) <= 365 ) THEN 1 ELSE 0 END) AS lending_count -- 貸出備品の数 , SUM(CASE /* 在庫 = [staff_no]：貸出先ユーザーの社員番号 が未設定(NULL) 且つ [return_date]：返却日が未設定(NULL) 且つ [confirmed_date]：最終所在確認日 が１年以内 */ WHEN SD.staff_no IS NULL AND (DATEDIFF(CURRENT_DATE(), SD.confirmed_date) <= 365 ) THEN 1 ELSE 0 END) AS stock_count -- 在庫備品の数 , SUM(CASE /* 不明 = [return_date]：返却日が未設定(NULL) 且つ [confirmed_date]：最終所在確認日 が１年前以前 ※ 貸出中・在庫を問わず１年前以前のデータを不明とする */ WHEN (DATEDIFF(CURRENT_DATE(), SD.confirmed_date) > 365 ) THEN 1 ELSE 0 END) AS unknown_count -- 不明備品の数 FROM (SELECT stock_type , stock_code FROM stock_type_master WHERE 1 = 1 AND del = FALSE) ST INNER JOIN stock_master SM ON ST.stock_type = SM.stock_type AND ST.stock_code = SM.stock_code AND SM.del = FALSE /* 未登録データを考慮しLEFT JOINとする */ LEFT JOIN stock_data SD ON SM.serial_no = SD.serial_no /* 返却済データの除去 */ AND SD.return_date IS NULL AND SD.del = FALSE WHERE 1 = 1 GROUP BY ST.stock_type , ST.stock_code ) SELECT ST.stock_type AS type, ST.stock_code AS code, ST.name AS itemName, IFNULL(S.lending_count, 0) AS loanCount, IFNULL(S.stock_count, 0) AS returnCount, IFNULL(S.unknown_count, 0) AS unknownCount, IFNULL(S.lending_count + S.stock_count, 0) AS totalCount /* 追加項目：遷移先画面サイズ */ , IFNULL( GCM.value_1, '1') AS windowSize FROM stock_type_master ST INNER JOIN SUB_TOTAL S ON ST.stock_type = S.stock_type AND ST.stock_code = S.stock_code /* 追加項目 遷移先画面サイズ */ LEFT JOIN generic_code_master GCM ON CAST(ST.stock_type AS CHAR) = GCM.type_key AND ST.stock_code = GCM.code AND GCM.generic_key = 'WINDOW_SIZE' WHERE 1 = 1 ORDER BY ST.stock_type , St.stock_code
2026-04-01 17:35:40 [Thread-3] DEBUG a.r.m.I.getTableRecords - ==> Parameters: 
2026-04-01 17:35:40 [HikariPool-1:housekeeper] DEBUG com.zaxxer.hikari.pool.HikariPool - HikariPool-1 - Pool stats (total=1/20, idle=0/20, active=1, waiting=0)
2026-04-01 17:35:40 [HikariPool-1:connection-adder] DEBUG com.zaxxer.hikari.pool.PoolBase - HikariPool-1 - Attempting to create/setup new connection (0357efe0-b62a-41a1-93ed-d1ce51f12ae1)
2026-04-01 17:35:40 [HikariPool-1:connection-adder] DEBUG com.zaxxer.hikari.pool.PoolBase - HikariPool-1 - Established new connection (0357efe0-b62a-41a1-93ed-d1ce51f12ae1)
2026-04-01 17:35:40 [HikariPool-1:connection-adder] DEBUG com.zaxxer.hikari.pool.HikariPool - HikariPool-1 - Added connection com.mysql.cj.jdbc.ConnectionImpl@23358da0
2026-04-01 17:35:40 [Thread-3] DEBUG a.r.m.I.getTableRecords - <==      Total: 16
2026-04-01 17:35:40 [Thread-3] DEBUG o.a.i.t.jdbc.JdbcTransaction - Resetting autocommit to true on JDBC Connection [HikariProxyConnection@1687779409 wrapping com.mysql.cj.jdbc.ConnectionImpl@6220fc79]
2026-04-01 17:35:40 [Thread-3] DEBUG o.a.i.t.jdbc.JdbcTransaction - Closing JDBC Connection [HikariProxyConnection@1687779409 wrapping com.mysql.cj.jdbc.ConnectionImpl@6220fc79]
2026-04-01 17:35:40 [HikariPool-1:connection-adder] DEBUG com.zaxxer.hikari.pool.HikariPool - HikariPool-1 - After adding stats (total=2/20, idle=2/20, active=0, waiting=0)
2026-04-01 17:35:40 [HikariPool-1:connection-adder] DEBUG com.zaxxer.hikari.pool.PoolBase - HikariPool-1 - Attempting to create/setup new connection (e7f4c037-32a1-4398-96ff-6a78d8e6e9db)
2026-04-01 17:35:40 [HikariPool-1:connection-adder] DEBUG com.zaxxer.hikari.pool.PoolBase - HikariPool-1 - Established new connection (e7f4c037-32a1-4398-96ff-6a78d8e6e9db)
2026-04-01 17:35:40 [HikariPool-1:connection-adder] DEBUG com.zaxxer.hikari.pool.HikariPool - HikariPool-1 - Added connection com.mysql.cj.jdbc.ConnectionImpl@5cf7dcb2
2026-04-01 17:35:41 [HikariPool-1:connection-adder] DEBUG com.zaxxer.hikari.pool.HikariPool - HikariPool-1 - After adding stats (total=3/20, idle=3/20, active=0, waiting=0)
2026-04-01 17:35:41 [HikariPool-1:connection-adder] DEBUG com.zaxxer.hikari.pool.PoolBase - HikariPool-1 - Attempting to create/setup new connection (75313bd3-1438-407d-9588-564770fce470)
2026-04-01 17:35:41 [HikariPool-1:connection-adder] DEBUG com.zaxxer.hikari.pool.PoolBase - HikariPool-1 - Established new connection (75313bd3-1438-407d-9588-564770fce470)
2026-04-01 17:35:41 [HikariPool-1:connection-adder] DEBUG com.zaxxer.hikari.pool.HikariPool - HikariPool-1 - Added connection com.mysql.cj.jdbc.ConnectionImpl@24b50786
2026-04-01 17:35:41 [HikariPool-1:connection-adder] DEBUG com.zaxxer.hikari.pool.HikariPool - HikariPool-1 - After adding stats (total=4/20, idle=4/20, active=0, waiting=0)
2026-04-01 17:35:41 [HikariPool-1:connection-adder] DEBUG com.zaxxer.hikari.pool.PoolBase - HikariPool-1 - Attempting to create/setup new connection (16cd3af2-7e38-4b2f-892b-297555e9dba4)
2026-04-01 17:35:41 [HikariPool-1:connection-adder] DEBUG com.zaxxer.hikari.pool.PoolBase - HikariPool-1 - Established new connection (16cd3af2-7e38-4b2f-892b-297555e9dba4)
2026-04-01 17:35:41 [HikariPool-1:connection-adder] DEBUG com.zaxxer.hikari.pool.HikariPool - HikariPool-1 - Added connection com.mysql.cj.jdbc.ConnectionImpl@60d7266e
2026-04-01 17:35:41 [HikariPool-1:connection-adder] DEBUG com.zaxxer.hikari.pool.HikariPool - HikariPool-1 - After adding stats (total=5/20, idle=5/20, active=0, waiting=0)
2026-04-01 17:35:41 [HikariPool-1:connection-adder] DEBUG com.zaxxer.hikari.pool.PoolBase - HikariPool-1 - Attempting to create/setup new connection (dbb15530-6036-4a78-bc95-822b85192ad5)
2026-04-01 17:35:41 [HikariPool-1:connection-adder] DEBUG com.zaxxer.hikari.pool.PoolBase - HikariPool-1 - Established new connection (dbb15530-6036-4a78-bc95-822b85192ad5)
2026-04-01 17:35:41 [HikariPool-1:connection-adder] DEBUG com.zaxxer.hikari.pool.HikariPool - HikariPool-1 - Added connection com.mysql.cj.jdbc.ConnectionImpl@3fb128a8
2026-04-01 17:35:41 [HikariPool-1:connection-adder] DEBUG com.zaxxer.hikari.pool.HikariPool - HikariPool-1 - After adding stats (total=6/20, idle=6/20, active=0, waiting=0)
2026-04-01 17:35:41 [HikariPool-1:connection-adder] DEBUG com.zaxxer.hikari.pool.PoolBase - HikariPool-1 - Attempting to create/setup new connection (2f199073-e171-4532-9279-f2e34ae355b1)
2026-04-01 17:35:41 [HikariPool-1:connection-adder] DEBUG com.zaxxer.hikari.pool.PoolBase - HikariPool-1 - Established new connection (2f199073-e171-4532-9279-f2e34ae355b1)
2026-04-01 17:35:41 [HikariPool-1:connection-adder] DEBUG com.zaxxer.hikari.pool.HikariPool - HikariPool-1 - Added connection com.mysql.cj.jdbc.ConnectionImpl@5fd4a4a7
2026-04-01 17:35:41 [HikariPool-1:connection-adder] DEBUG com.zaxxer.hikari.pool.HikariPool - HikariPool-1 - After adding stats (total=7/20, idle=7/20, active=0, waiting=0)
2026-04-01 17:35:41 [HikariPool-1:connection-adder] DEBUG com.zaxxer.hikari.pool.PoolBase - HikariPool-1 - Attempting to create/setup new connection (c0700a49-4f8c-47ce-95f5-ec095f0e4a97)
2026-04-01 17:35:41 [HikariPool-1:connection-adder] DEBUG com.zaxxer.hikari.pool.PoolBase - HikariPool-1 - Established new connection (c0700a49-4f8c-47ce-95f5-ec095f0e4a97)
2026-04-01 17:35:41 [HikariPool-1:connection-adder] DEBUG com.zaxxer.hikari.pool.HikariPool - HikariPool-1 - Added connection com.mysql.cj.jdbc.ConnectionImpl@7e367584
2026-04-01 17:35:41 [HikariPool-1:connection-adder] DEBUG com.zaxxer.hikari.pool.HikariPool - HikariPool-1 - After adding stats (total=8/20, idle=8/20, active=0, waiting=0)
2026-04-01 17:35:41 [HikariPool-1:connection-adder] DEBUG com.zaxxer.hikari.pool.PoolBase - HikariPool-1 - Attempting to create/setup new connection (5996bcc6-b84b-4701-8383-8dcdb81dbc9e)
2026-04-01 17:35:41 [HikariPool-1:connection-adder] DEBUG com.zaxxer.hikari.pool.PoolBase - HikariPool-1 - Established new connection (5996bcc6-b84b-4701-8383-8dcdb81dbc9e)
2026-04-01 17:35:41 [HikariPool-1:connection-adder] DEBUG com.zaxxer.hikari.pool.HikariPool - HikariPool-1 - Added connection com.mysql.cj.jdbc.ConnectionImpl@4a28cca9
2026-04-01 17:35:41 [HikariPool-1:connection-adder] DEBUG com.zaxxer.hikari.pool.HikariPool - HikariPool-1 - After adding stats (total=9/20, idle=9/20, active=0, waiting=0)
2026-04-01 17:35:41 [HikariPool-1:connection-adder] DEBUG com.zaxxer.hikari.pool.PoolBase - HikariPool-1 - Attempting to create/setup new connection (7a1d34bf-01aa-4ef2-8744-1407f3383e6f)
2026-04-01 17:35:41 [HikariPool-1:connection-adder] DEBUG com.zaxxer.hikari.pool.PoolBase - HikariPool-1 - Established new connection (7a1d34bf-01aa-4ef2-8744-1407f3383e6f)
2026-04-01 17:35:41 [HikariPool-1:connection-adder] DEBUG com.zaxxer.hikari.pool.HikariPool - HikariPool-1 - Added connection com.mysql.cj.jdbc.ConnectionImpl@68e658e1
2026-04-01 17:35:41 [HikariPool-1:connection-adder] DEBUG com.zaxxer.hikari.pool.HikariPool - HikariPool-1 - After adding stats (total=10/20, idle=10/20, active=0, waiting=0)
2026-04-01 17:35:41 [HikariPool-1:connection-adder] DEBUG com.zaxxer.hikari.pool.PoolBase - HikariPool-1 - Attempting to create/setup new connection (46a0658e-bac9-44a0-bb6f-6db95295205b)
2026-04-01 17:35:41 [HikariPool-1:connection-adder] DEBUG com.zaxxer.hikari.pool.PoolBase - HikariPool-1 - Established new connection (46a0658e-bac9-44a0-bb6f-6db95295205b)
2026-04-01 17:35:41 [HikariPool-1:connection-adder] DEBUG com.zaxxer.hikari.pool.HikariPool - HikariPool-1 - Added connection com.mysql.cj.jdbc.ConnectionImpl@49159c6b
2026-04-01 17:35:41 [HikariPool-1:connection-adder] DEBUG com.zaxxer.hikari.pool.HikariPool - HikariPool-1 - After adding stats (total=11/20, idle=11/20, active=0, waiting=0)
2026-04-01 17:35:41 [HikariPool-1:connection-adder] DEBUG com.zaxxer.hikari.pool.PoolBase - HikariPool-1 - Attempting to create/setup new connection (26ca8554-4cd6-4253-bc77-dde31df18f95)
2026-04-01 17:35:41 [HikariPool-1:connection-adder] DEBUG com.zaxxer.hikari.pool.PoolBase - HikariPool-1 - Established new connection (26ca8554-4cd6-4253-bc77-dde31df18f95)
2026-04-01 17:35:41 [HikariPool-1:connection-adder] DEBUG com.zaxxer.hikari.pool.HikariPool - HikariPool-1 - Added connection com.mysql.cj.jdbc.ConnectionImpl@3a6a764f
2026-04-01 17:35:41 [HikariPool-1:connection-adder] DEBUG com.zaxxer.hikari.pool.HikariPool - HikariPool-1 - After adding stats (total=12/20, idle=12/20, active=0, waiting=0)
2026-04-01 17:35:41 [HikariPool-1:connection-adder] DEBUG com.zaxxer.hikari.pool.PoolBase - HikariPool-1 - Attempting to create/setup new connection (f197077a-a70f-4dec-a370-680ce7c009fc)
2026-04-01 17:35:41 [HikariPool-1:connection-adder] DEBUG com.zaxxer.hikari.pool.PoolBase - HikariPool-1 - Established new connection (f197077a-a70f-4dec-a370-680ce7c009fc)
2026-04-01 17:35:41 [HikariPool-1:connection-adder] DEBUG com.zaxxer.hikari.pool.HikariPool - HikariPool-1 - Added connection com.mysql.cj.jdbc.ConnectionImpl@3825deda
2026-04-01 17:35:41 [HikariPool-1:connection-adder] DEBUG com.zaxxer.hikari.pool.HikariPool - HikariPool-1 - After adding stats (total=13/20, idle=13/20, active=0, waiting=0)
2026-04-01 17:35:41 [HikariPool-1:connection-adder] DEBUG com.zaxxer.hikari.pool.PoolBase - HikariPool-1 - Attempting to create/setup new connection (02096eff-b166-4890-bee8-6be872df5afe)
2026-04-01 17:35:41 [HikariPool-1:connection-adder] DEBUG com.zaxxer.hikari.pool.PoolBase - HikariPool-1 - Established new connection (02096eff-b166-4890-bee8-6be872df5afe)
2026-04-01 17:35:41 [HikariPool-1:connection-adder] DEBUG com.zaxxer.hikari.pool.HikariPool - HikariPool-1 - Added connection com.mysql.cj.jdbc.ConnectionImpl@39b23088
2026-04-01 17:35:41 [HikariPool-1:connection-adder] DEBUG com.zaxxer.hikari.pool.HikariPool - HikariPool-1 - After adding stats (total=14/20, idle=14/20, active=0, waiting=0)
2026-04-01 17:35:41 [HikariPool-1:connection-adder] DEBUG com.zaxxer.hikari.pool.PoolBase - HikariPool-1 - Attempting to create/setup new connection (18ce7889-ea95-4553-80c2-3eb6b1cba193)
2026-04-01 17:35:41 [HikariPool-1:connection-adder] DEBUG com.zaxxer.hikari.pool.PoolBase - HikariPool-1 - Established new connection (18ce7889-ea95-4553-80c2-3eb6b1cba193)
2026-04-01 17:35:41 [HikariPool-1:connection-adder] DEBUG com.zaxxer.hikari.pool.HikariPool - HikariPool-1 - Added connection com.mysql.cj.jdbc.ConnectionImpl@451587ac
2026-04-01 17:35:41 [HikariPool-1:connection-adder] DEBUG com.zaxxer.hikari.pool.HikariPool - HikariPool-1 - After adding stats (total=15/20, idle=15/20, active=0, waiting=0)
2026-04-01 17:35:41 [HikariPool-1:connection-adder] DEBUG com.zaxxer.hikari.pool.PoolBase - HikariPool-1 - Attempting to create/setup new connection (9b1c589f-8301-4c34-9935-ccc86d174b29)
2026-04-01 17:35:41 [HikariPool-1:connection-adder] DEBUG com.zaxxer.hikari.pool.PoolBase - HikariPool-1 - Established new connection (9b1c589f-8301-4c34-9935-ccc86d174b29)
2026-04-01 17:35:41 [HikariPool-1:connection-adder] DEBUG com.zaxxer.hikari.pool.HikariPool - HikariPool-1 - Added connection com.mysql.cj.jdbc.ConnectionImpl@2221894c
2026-04-01 17:35:41 [HikariPool-1:connection-adder] DEBUG com.zaxxer.hikari.pool.HikariPool - HikariPool-1 - After adding stats (total=16/20, idle=16/20, active=0, waiting=0)
2026-04-01 17:35:41 [HikariPool-1:connection-adder] DEBUG com.zaxxer.hikari.pool.PoolBase - HikariPool-1 - Attempting to create/setup new connection (f83c3b19-9e4f-44a1-873b-733d346ceeb4)
2026-04-01 17:35:41 [HikariPool-1:connection-adder] DEBUG com.zaxxer.hikari.pool.PoolBase - HikariPool-1 - Established new connection (f83c3b19-9e4f-44a1-873b-733d346ceeb4)
2026-04-01 17:35:41 [HikariPool-1:connection-adder] DEBUG com.zaxxer.hikari.pool.HikariPool - HikariPool-1 - Added connection com.mysql.cj.jdbc.ConnectionImpl@1ae1cce5
2026-04-01 17:35:41 [HikariPool-1:connection-adder] DEBUG com.zaxxer.hikari.pool.HikariPool - HikariPool-1 - After adding stats (total=17/20, idle=17/20, active=0, waiting=0)
2026-04-01 17:35:41 [HikariPool-1:connection-adder] DEBUG com.zaxxer.hikari.pool.PoolBase - HikariPool-1 - Attempting to create/setup new connection (edd34ef8-3815-47c3-a240-726fdd204296)
2026-04-01 17:35:41 [HikariPool-1:connection-adder] DEBUG com.zaxxer.hikari.pool.PoolBase - HikariPool-1 - Established new connection (edd34ef8-3815-47c3-a240-726fdd204296)
2026-04-01 17:35:41 [HikariPool-1:connection-adder] DEBUG com.zaxxer.hikari.pool.HikariPool - HikariPool-1 - Added connection com.mysql.cj.jdbc.ConnectionImpl@4098cee2
2026-04-01 17:35:41 [HikariPool-1:connection-adder] DEBUG com.zaxxer.hikari.pool.HikariPool - HikariPool-1 - After adding stats (total=18/20, idle=18/20, active=0, waiting=0)
2026-04-01 17:35:41 [HikariPool-1:connection-adder] DEBUG com.zaxxer.hikari.pool.PoolBase - HikariPool-1 - Attempting to create/setup new connection (ae650dcf-7e59-4c13-ba0b-78541625bb79)
2026-04-01 17:35:41 [HikariPool-1:connection-adder] DEBUG com.zaxxer.hikari.pool.PoolBase - HikariPool-1 - Established new connection (ae650dcf-7e59-4c13-ba0b-78541625bb79)
2026-04-01 17:35:41 [HikariPool-1:connection-adder] DEBUG com.zaxxer.hikari.pool.HikariPool - HikariPool-1 - Added connection com.mysql.cj.jdbc.ConnectionImpl@27b7b113
2026-04-01 17:35:41 [HikariPool-1:connection-adder] DEBUG com.zaxxer.hikari.pool.HikariPool - HikariPool-1 - After adding stats (total=19/20, idle=19/20, active=0, waiting=0)
2026-04-01 17:35:41 [HikariPool-1:connection-adder] DEBUG com.zaxxer.hikari.pool.PoolBase - HikariPool-1 - Attempting to create/setup new connection (ca1b8a87-94d9-4edc-9ed8-1f87dfbf1e87)
2026-04-01 17:35:41 [HikariPool-1:connection-adder] DEBUG com.zaxxer.hikari.pool.PoolBase - HikariPool-1 - Established new connection (ca1b8a87-94d9-4edc-9ed8-1f87dfbf1e87)
2026-04-01 17:35:41 [HikariPool-1:connection-adder] DEBUG com.zaxxer.hikari.pool.HikariPool - HikariPool-1 - Added connection com.mysql.cj.jdbc.ConnectionImpl@250b6088
2026-04-01 17:35:41 [HikariPool-1:connection-adder] DEBUG com.zaxxer.hikari.pool.HikariPool - HikariPool-1 - After adding stats (total=20/20, idle=20/20, active=0, waiting=0)
2026-04-01 17:35:41 [HikariPool-1:connection-adder] DEBUG com.zaxxer.hikari.pool.HikariPool - HikariPool-1 - Connection not added, stats (total=20/20, idle=20/20, active=0, waiting=0)
2026-04-01 17:35:45 [JavaFX Application Thread] DEBUG application.java.manager.LogManager - [備品一覧画面] ： 選択行 分類種別: 8 分類コード: 4 遷移先画面サイズ : [2]
2026-04-01 17:35:45 [JavaFX Application Thread] INFO  application.java.manager.LogManager - [備品詳細画面] ： 初期化処理
2026-04-01 17:35:45 [JavaFX Application Thread] INFO  application.java.manager.LogManager - 呼出中[Page](備品一覧画面)の終了処理(dispose)を実行
2026-04-01 17:35:45 [JavaFX Application Thread] INFO  application.java.manager.LogManager - 画面展開 [setPage] ： 画面設定・表示処理 開始
2026-04-01 17:35:45 [JavaFX Application Thread] DEBUG application.java.manager.LogManager - [備品詳細画面] ： リスト表示処理
2026-04-01 17:35:45 [JavaFX Application Thread] DEBUG application.java.manager.LogManager - [SQL操作クラス] ： 非同期処理 SELECT句発行
2026-04-01 17:35:45 [Thread-4] DEBUG application.java.manager.LogManager - [SQL操作クラス] ： SELECT句発行
2026-04-01 17:35:45 [Thread-4] DEBUG application.java.manager.LogManager - [備品詳細画面] ： DB 備品詳細データ取得処理
2026-04-01 17:35:45 [JavaFX Application Thread] INFO  application.java.manager.LogManager - /application/resources/css/InventoryDetailsStyle.css

2026-04-01 17:35:45 [Thread-4] DEBUG o.a.i.t.jdbc.JdbcTransaction - Opening JDBC Connection
2026-04-01 17:35:45 [Thread-4] DEBUG o.a.i.t.jdbc.JdbcTransaction - Setting autocommit to false on JDBC Connection [HikariProxyConnection@2119659990 wrapping com.mysql.cj.jdbc.ConnectionImpl@6220fc79]
2026-04-01 17:35:45 [Thread-4] DEBUG a.r.m.I.getTableDetailRecords - ==>  Preparing: WITH BASE_TABLE AS ( SELECT DISTINCT SM.serial_no , SD.id FROM stock_type_master STM /* 参照権限を考慮する場合に用いる INNER JOIN stock_type_data STD ON STM.stock_type = STD.stock_type AND STM.stock_code = STD.stock_code*/ INNER JOIN stock_master SM ON STM.stock_type = SM.stock_type AND STM.stock_code = SM.stock_code AND STM.del = FALSE AND SM.del = FALSE /* 未登録データを考慮しLEFT JOINとする */ LEFT JOIN stock_data SD ON SM.serial_no = SD.serial_no /* 返却済データの除去 ≒ 最新の備品データを取得 */ AND SD.return_date IS NULL AND SD.del = FALSE WHERE 1 = 1 AND STM.stock_type = ? AND STM.stock_code = ? ) SELECT STM.name AS type_name , SM.serial_no AS serialNo , IFNULL(STF.name, '') AS staffName -- 貸出先ユーザー /* DataViewとの整合性を考慮しString型とする */ , CASE WHEN SM.rent_flg THEN '4' -- 不可 / 貸出可否(TRUEの場合、貸出不可) /* 返却処理に含めるため、[貸出中]で[不明]のデータを分ける */ WHEN SD.staff_no IS NOT NULL AND DATEDIFF(CURRENT_DATE (), SD.confirmed_date) > 365 THEN '5' -- 不明 / 可否表示は不明だがデータの種別は分ける [confirmed_date]：最終所在確認日 が１年前以前(可・貸出中に関わらず不明とする) WHEN DATEDIFF(CURRENT_DATE (), SD.confirmed_date) > 365 THEN '3' -- 不明 / [confirmed_date]：最終所在確認日 が１年前以前(可・貸出中に関わらず不明とする) WHEN SD.staff_no IS NOT NULL AND (DATEDIFF(CURRENT_DATE(), SD.confirmed_date) <= 365 ) THEN '2' -- 貸出中 WHEN SD.staff_no IS NULL AND (DATEDIFF(CURRENT_DATE(), SD.confirmed_date) <= 365 ) THEN '1' -- 可 ELSE '4' -- 不可 / 備品データが未登録の場合など、異常なデータ END AS rentFlg , IFNULL(DATE_FORMAT(SD.start_date, '%Y/%m/%d'), '-') AS startDate , IFNULL(DATE_FORMAT(SD.limit_date, '%Y/%m/%d'), '-') AS limitDate , IFNULL(DATE_FORMAT(SD.confirmed_date, '%Y/%m/%d'), '-') AS confirmedDate , SM.name AS model , SM.maker AS maker , IFNULL(SD.parent_stock_code, '-') AS destinationSerialNo -- 親シリアルナンバー , GCM.value_1 AS type , IFNULL(DATE_FORMAT(SM.expiry_date, '%Y/%m/%d'), '-') AS leaseDate , SM.remarks AS remarks , SM.stock_type , SM.stock_code , SD.id AS stockDataId , SD.staff_no AS staff_no FROM BASE_TABLE B INNER JOIN stock_master SM ON B.serial_no = SM.serial_no INNER JOIN stock_type_master STM ON SM.stock_type = STM.stock_type AND SM.stock_code = STM.stock_code /* 未登録データを考慮しLEFT JOINとする */ LEFT JOIN stock_data SD ON B.id = SD.id /* 未登録データを考慮しLEFT JOINとする */ LEFT JOIN staff_master STF ON SD.staff_no = STF.staff_no /* 未登録データを考慮しLEFT JOINとする */ LEFT JOIN generic_code_master GCM ON SM.asset_type = GCM.type_key AND GCM.generic_key = 'ASSET_TYPE' WHERE 1 = 1 ORDER BY SM.serial_no
2026-04-01 17:35:45 [Thread-4] DEBUG a.r.m.I.getTableDetailRecords - ==> Parameters: 8(Integer), 4(String)
2026-04-01 17:35:45 [Thread-4] DEBUG a.r.m.I.getTableDetailRecords - <==      Total: 2
2026-04-01 17:35:45 [Thread-4] DEBUG o.a.i.t.jdbc.JdbcTransaction - Resetting autocommit to true on JDBC Connection [HikariProxyConnection@2119659990 wrapping com.mysql.cj.jdbc.ConnectionImpl@6220fc79]
2026-04-01 17:35:45 [Thread-4] DEBUG o.a.i.t.jdbc.JdbcTransaction - Closing JDBC Connection [HikariProxyConnection@2119659990 wrapping com.mysql.cj.jdbc.ConnectionImpl@6220fc79]
2026-04-01 17:35:45 [JavaFX Application Thread] INFO  application.java.manager.LogManager - 画面展開 [setPage] : 備品詳細画面
2026-04-01 17:35:51 [JavaFX Application Thread] INFO  application.java.manager.LogManager - [備品詳細画面] ： [返却]ボタン押下
2026-04-01 17:35:51 [JavaFX Application Thread] INFO  application.java.manager.LogManager - [備品返却画面] ： 初期化処理
2026-04-01 17:35:51 [JavaFX Application Thread] INFO  application.java.manager.LogManager - 呼出中[Page](備品詳細画面)の終了処理(dispose)を実行
2026-04-01 17:35:51 [JavaFX Application Thread] INFO  application.java.manager.LogManager - 画面展開 [setPage] ： 画面設定・表示処理 開始
2026-04-01 17:35:51 [JavaFX Application Thread] DEBUG application.java.manager.LogManager - [備品返却画面] ： リスト表示処理
2026-04-01 17:35:51 [JavaFX Application Thread] DEBUG application.java.manager.LogManager - [SQL操作クラス] ： 非同期処理 SELECT句発行
2026-04-01 17:35:51 [Thread-5] DEBUG application.java.manager.LogManager - [SQL操作クラス] ： SELECT句発行
2026-04-01 17:35:51 [Thread-5] DEBUG application.java.manager.LogManager - [備品返却画面] ： DB 備品(返却≒貸出中)データ取得処理
2026-04-01 17:35:51 [JavaFX Application Thread] INFO  application.java.manager.LogManager - /application/resources/css/InventoryReturnStyle.css

2026-04-01 17:35:51 [Thread-5] DEBUG o.a.i.t.jdbc.JdbcTransaction - Opening JDBC Connection
2026-04-01 17:35:51 [Thread-5] DEBUG o.a.i.t.jdbc.JdbcTransaction - Setting autocommit to false on JDBC Connection [HikariProxyConnection@1413311185 wrapping com.mysql.cj.jdbc.ConnectionImpl@6220fc79]
2026-04-01 17:35:51 [Thread-5] DEBUG a.r.m.I.getTableLoanableStockData - ==>  Preparing: WITH BASE_TABLE AS ( SELECT DISTINCT SM.serial_no , SD.id FROM stock_type_master STM /* 参照権限を考慮する場合に用いる INNER JOIN stock_type_data STD ON STM.stock_type = STD.stock_type AND STM.stock_code = STD.stock_code*/ INNER JOIN stock_master SM ON STM.stock_type = SM.stock_type AND STM.stock_code = SM.stock_code AND STM.del = FALSE AND SM.del = FALSE AND SM.rent_flg = FALSE INNER JOIN stock_data SD ON SM.serial_no = SD.serial_no /* 返却済データの除去 ≒ 最新の備品データを取得 */ AND SD.return_date IS NULL AND SD.del = FALSE /* [貸出中]データの取得 */ AND SD.staff_no IS NOT NULL /* 返却処理においては[不明]を考慮しない ⇐ [不明]のデータは対象としない */ /* AND (DATEDIFF(CURRENT_DATE(), SD.confirmed_date) <= 365 ) */ WHERE 1 = 1 AND STM.stock_type = ? AND STM.stock_code = ? ) SELECT STM.name AS type_name , SM.serial_no AS serialNo , SFM.name AS staffName , IFNULL(DATE_FORMAT(SD.start_date, '%Y/%m/%d'), '') AS startDate , IFNULL(DATE_FORMAT(SD.limit_date, '%Y/%m/%d'), '') AS limitDate , SM.remarks AS remarks , SM.stock_type , SM.stock_code , SD.id AS stockDataId , SD.staff_no AS staff_no FROM BASE_TABLE B INNER JOIN stock_master SM ON B.serial_no = SM.serial_no INNER JOIN stock_type_master STM ON SM.stock_type = STM.stock_type AND SM.stock_code = STM.stock_code INNER JOIN stock_data SD ON B.id = SD.id LEFT JOIN staff_master SFM ON SD.staff_no = SFM.staff_no WHERE 1 = 1 ORDER BY SM.serial_no
2026-04-01 17:35:51 [Thread-5] DEBUG a.r.m.I.getTableLoanableStockData - ==> Parameters: 8(Integer), 4(String)
2026-04-01 17:35:51 [Thread-5] DEBUG a.r.m.I.getTableLoanableStockData - <==      Total: 2
2026-04-01 17:35:51 [Thread-5] DEBUG o.a.i.t.jdbc.JdbcTransaction - Resetting autocommit to true on JDBC Connection [HikariProxyConnection@1413311185 wrapping com.mysql.cj.jdbc.ConnectionImpl@6220fc79]
2026-04-01 17:35:51 [Thread-5] DEBUG o.a.i.t.jdbc.JdbcTransaction - Closing JDBC Connection [HikariProxyConnection@1413311185 wrapping com.mysql.cj.jdbc.ConnectionImpl@6220fc79]
2026-04-01 17:35:51 [JavaFX Application Thread] INFO  application.java.manager.LogManager - 画面展開 [setPage] : 備品返却画面
2026-04-01 17:35:54 [JavaFX Application Thread] INFO  application.java.manager.LogManager - [備品返却画面] ： [戻る]ボタン押下
2026-04-01 17:35:54 [JavaFX Application Thread] INFO  application.java.manager.LogManager - [備品詳細画面] ： 初期化処理
2026-04-01 17:35:54 [JavaFX Application Thread] INFO  application.java.manager.LogManager - 呼出中[Page](備品返却画面)の終了処理(dispose)を実行
2026-04-01 17:35:54 [JavaFX Application Thread] INFO  application.java.manager.LogManager - 画面展開 [setPage] ： 画面設定・表示処理 開始
2026-04-01 17:35:54 [JavaFX Application Thread] DEBUG application.java.manager.LogManager - [備品詳細画面] ： リスト表示処理
2026-04-01 17:35:54 [JavaFX Application Thread] DEBUG application.java.manager.LogManager - [SQL操作クラス] ： 非同期処理 SELECT句発行
2026-04-01 17:35:54 [Thread-6] DEBUG application.java.manager.LogManager - [SQL操作クラス] ： SELECT句発行
2026-04-01 17:35:54 [Thread-6] DEBUG application.java.manager.LogManager - [備品詳細画面] ： DB 備品詳細データ取得処理
2026-04-01 17:35:54 [Thread-6] DEBUG o.a.i.t.jdbc.JdbcTransaction - Opening JDBC Connection
2026-04-01 17:35:54 [Thread-6] DEBUG o.a.i.t.jdbc.JdbcTransaction - Setting autocommit to false on JDBC Connection [HikariProxyConnection@456803558 wrapping com.mysql.cj.jdbc.ConnectionImpl@6220fc79]
2026-04-01 17:35:54 [JavaFX Application Thread] INFO  application.java.manager.LogManager - /application/resources/css/InventoryDetailsStyle.css

2026-04-01 17:35:54 [Thread-6] DEBUG a.r.m.I.getTableDetailRecords - ==>  Preparing: WITH BASE_TABLE AS ( SELECT DISTINCT SM.serial_no , SD.id FROM stock_type_master STM /* 参照権限を考慮する場合に用いる INNER JOIN stock_type_data STD ON STM.stock_type = STD.stock_type AND STM.stock_code = STD.stock_code*/ INNER JOIN stock_master SM ON STM.stock_type = SM.stock_type AND STM.stock_code = SM.stock_code AND STM.del = FALSE AND SM.del = FALSE /* 未登録データを考慮しLEFT JOINとする */ LEFT JOIN stock_data SD ON SM.serial_no = SD.serial_no /* 返却済データの除去 ≒ 最新の備品データを取得 */ AND SD.return_date IS NULL AND SD.del = FALSE WHERE 1 = 1 AND STM.stock_type = ? AND STM.stock_code = ? ) SELECT STM.name AS type_name , SM.serial_no AS serialNo , IFNULL(STF.name, '') AS staffName -- 貸出先ユーザー /* DataViewとの整合性を考慮しString型とする */ , CASE WHEN SM.rent_flg THEN '4' -- 不可 / 貸出可否(TRUEの場合、貸出不可) /* 返却処理に含めるため、[貸出中]で[不明]のデータを分ける */ WHEN SD.staff_no IS NOT NULL AND DATEDIFF(CURRENT_DATE (), SD.confirmed_date) > 365 THEN '5' -- 不明 / 可否表示は不明だがデータの種別は分ける [confirmed_date]：最終所在確認日 が１年前以前(可・貸出中に関わらず不明とする) WHEN DATEDIFF(CURRENT_DATE (), SD.confirmed_date) > 365 THEN '3' -- 不明 / [confirmed_date]：最終所在確認日 が１年前以前(可・貸出中に関わらず不明とする) WHEN SD.staff_no IS NOT NULL AND (DATEDIFF(CURRENT_DATE(), SD.confirmed_date) <= 365 ) THEN '2' -- 貸出中 WHEN SD.staff_no IS NULL AND (DATEDIFF(CURRENT_DATE(), SD.confirmed_date) <= 365 ) THEN '1' -- 可 ELSE '4' -- 不可 / 備品データが未登録の場合など、異常なデータ END AS rentFlg , IFNULL(DATE_FORMAT(SD.start_date, '%Y/%m/%d'), '-') AS startDate , IFNULL(DATE_FORMAT(SD.limit_date, '%Y/%m/%d'), '-') AS limitDate , IFNULL(DATE_FORMAT(SD.confirmed_date, '%Y/%m/%d'), '-') AS confirmedDate , SM.name AS model , SM.maker AS maker , IFNULL(SD.parent_stock_code, '-') AS destinationSerialNo -- 親シリアルナンバー , GCM.value_1 AS type , IFNULL(DATE_FORMAT(SM.expiry_date, '%Y/%m/%d'), '-') AS leaseDate , SM.remarks AS remarks , SM.stock_type , SM.stock_code , SD.id AS stockDataId , SD.staff_no AS staff_no FROM BASE_TABLE B INNER JOIN stock_master SM ON B.serial_no = SM.serial_no INNER JOIN stock_type_master STM ON SM.stock_type = STM.stock_type AND SM.stock_code = STM.stock_code /* 未登録データを考慮しLEFT JOINとする */ LEFT JOIN stock_data SD ON B.id = SD.id /* 未登録データを考慮しLEFT JOINとする */ LEFT JOIN staff_master STF ON SD.staff_no = STF.staff_no /* 未登録データを考慮しLEFT JOINとする */ LEFT JOIN generic_code_master GCM ON SM.asset_type = GCM.type_key AND GCM.generic_key = 'ASSET_TYPE' WHERE 1 = 1 ORDER BY SM.serial_no
2026-04-01 17:35:54 [Thread-6] DEBUG a.r.m.I.getTableDetailRecords - ==> Parameters: 8(Integer), 4(String)
2026-04-01 17:35:54 [Thread-6] DEBUG a.r.m.I.getTableDetailRecords - <==      Total: 2
2026-04-01 17:35:54 [Thread-6] DEBUG o.a.i.t.jdbc.JdbcTransaction - Resetting autocommit to true on JDBC Connection [HikariProxyConnection@456803558 wrapping com.mysql.cj.jdbc.ConnectionImpl@6220fc79]
2026-04-01 17:35:54 [Thread-6] DEBUG o.a.i.t.jdbc.JdbcTransaction - Closing JDBC Connection [HikariProxyConnection@456803558 wrapping com.mysql.cj.jdbc.ConnectionImpl@6220fc79]
2026-04-01 17:35:54 [JavaFX Application Thread] INFO  application.java.manager.LogManager - 画面展開 [setPage] : 備品詳細画面
2026-04-01 17:35:57 [JavaFX Application Thread] INFO  application.java.manager.LogManager - [備品詳細画面] ： [返却]ボタン押下
2026-04-01 17:35:57 [JavaFX Application Thread] INFO  application.java.manager.LogManager - [備品返却画面] ： 初期化処理
2026-04-01 17:35:57 [JavaFX Application Thread] INFO  application.java.manager.LogManager - 呼出中[Page](備品詳細画面)の終了処理(dispose)を実行
2026-04-01 17:35:57 [JavaFX Application Thread] INFO  application.java.manager.LogManager - 画面展開 [setPage] ： 画面設定・表示処理 開始
2026-04-01 17:35:57 [JavaFX Application Thread] DEBUG application.java.manager.LogManager - [備品返却画面] ： リスト表示処理
2026-04-01 17:35:57 [JavaFX Application Thread] DEBUG application.java.manager.LogManager - [SQL操作クラス] ： 非同期処理 SELECT句発行
2026-04-01 17:35:57 [Thread-7] DEBUG application.java.manager.LogManager - [SQL操作クラス] ： SELECT句発行
2026-04-01 17:35:57 [Thread-7] DEBUG application.java.manager.LogManager - [備品返却画面] ： DB 備品(返却≒貸出中)データ取得処理
2026-04-01 17:35:57 [Thread-7] DEBUG o.a.i.t.jdbc.JdbcTransaction - Opening JDBC Connection
2026-04-01 17:35:57 [Thread-7] DEBUG o.a.i.t.jdbc.JdbcTransaction - Setting autocommit to false on JDBC Connection [HikariProxyConnection@1432091442 wrapping com.mysql.cj.jdbc.ConnectionImpl@6220fc79]
2026-04-01 17:35:57 [JavaFX Application Thread] INFO  application.java.manager.LogManager - /application/resources/css/InventoryReturnStyle.css

2026-04-01 17:35:57 [Thread-7] DEBUG a.r.m.I.getTableLoanableStockData - ==>  Preparing: WITH BASE_TABLE AS ( SELECT DISTINCT SM.serial_no , SD.id FROM stock_type_master STM /* 参照権限を考慮する場合に用いる INNER JOIN stock_type_data STD ON STM.stock_type = STD.stock_type AND STM.stock_code = STD.stock_code*/ INNER JOIN stock_master SM ON STM.stock_type = SM.stock_type AND STM.stock_code = SM.stock_code AND STM.del = FALSE AND SM.del = FALSE AND SM.rent_flg = FALSE INNER JOIN stock_data SD ON SM.serial_no = SD.serial_no /* 返却済データの除去 ≒ 最新の備品データを取得 */ AND SD.return_date IS NULL AND SD.del = FALSE /* [貸出中]データの取得 */ AND SD.staff_no IS NOT NULL /* 返却処理においては[不明]を考慮しない ⇐ [不明]のデータは対象としない */ /* AND (DATEDIFF(CURRENT_DATE(), SD.confirmed_date) <= 365 ) */ WHERE 1 = 1 AND STM.stock_type = ? AND STM.stock_code = ? ) SELECT STM.name AS type_name , SM.serial_no AS serialNo , SFM.name AS staffName , IFNULL(DATE_FORMAT(SD.start_date, '%Y/%m/%d'), '') AS startDate , IFNULL(DATE_FORMAT(SD.limit_date, '%Y/%m/%d'), '') AS limitDate , SM.remarks AS remarks , SM.stock_type , SM.stock_code , SD.id AS stockDataId , SD.staff_no AS staff_no FROM BASE_TABLE B INNER JOIN stock_master SM ON B.serial_no = SM.serial_no INNER JOIN stock_type_master STM ON SM.stock_type = STM.stock_type AND SM.stock_code = STM.stock_code INNER JOIN stock_data SD ON B.id = SD.id LEFT JOIN staff_master SFM ON SD.staff_no = SFM.staff_no WHERE 1 = 1 ORDER BY SM.serial_no
2026-04-01 17:35:57 [Thread-7] DEBUG a.r.m.I.getTableLoanableStockData - ==> Parameters: 8(Integer), 4(String)
2026-04-01 17:35:57 [Thread-7] DEBUG a.r.m.I.getTableLoanableStockData - <==      Total: 2
2026-04-01 17:35:57 [Thread-7] DEBUG o.a.i.t.jdbc.JdbcTransaction - Resetting autocommit to true on JDBC Connection [HikariProxyConnection@1432091442 wrapping com.mysql.cj.jdbc.ConnectionImpl@6220fc79]
2026-04-01 17:35:57 [Thread-7] DEBUG o.a.i.t.jdbc.JdbcTransaction - Closing JDBC Connection [HikariProxyConnection@1432091442 wrapping com.mysql.cj.jdbc.ConnectionImpl@6220fc79]
2026-04-01 17:35:57 [JavaFX Application Thread] INFO  application.java.manager.LogManager - 画面展開 [setPage] : 備品返却画面
2026-04-01 17:36:00 [JavaFX Application Thread] INFO  application.java.manager.LogManager - [備品返却画面] ： [返却]ボタン押下
2026-04-01 17:36:03 [JavaFX Application Thread] DEBUG application.java.manager.LogManager - [備品返却画面] ： 返却(更新・登録)処理
2026-04-01 17:36:03 [JavaFX Application Thread] DEBUG application.java.manager.LogManager - [SQL操作クラス] ： トランザクション使用 Bulk処理
2026-04-01 17:36:03 [JavaFX Application Thread] DEBUG application.java.manager.LogManager - [備品返却画面] ： DB 備品(貸出中)データ更新・登録(返却)処理
2026-04-01 17:36:03 [JavaFX Application Thread] DEBUG o.a.i.t.jdbc.JdbcTransaction - Opening JDBC Connection
2026-04-01 17:36:03 [JavaFX Application Thread] DEBUG o.a.i.t.jdbc.JdbcTransaction - Setting autocommit to false on JDBC Connection [HikariProxyConnection@173832145 wrapping com.mysql.cj.jdbc.ConnectionImpl@6220fc79]
2026-04-01 17:36:03 [JavaFX Application Thread] DEBUG a.r.m.I.updStockDataReturn - ==>  Preparing: UPDATE stock_data SD SET SD.return_date = ?, SD.confirmed_date = ? WHERE 1 = 1 AND SD.id = ?
2026-04-01 17:36:03 [JavaFX Application Thread] DEBUG a.r.m.I.updStockDataReturn - ==> Parameters: 2026-04-01(LocalDate), 2026-04-01(LocalDate), 37(Integer)
2026-04-01 17:36:03 [JavaFX Application Thread] DEBUG a.r.m.I.insCopySerialNewStockData - ==>  Preparing: INSERT INTO stock_data ( serial_no , parent_stock_code , staff_no , start_date , limit_date , return_date , confirmed_date , del ) VALUES ( ? , NULL , NULL , NULL , NULL , NULL , ? , FALSE )
2026-04-01 17:36:03 [JavaFX Application Thread] DEBUG a.r.m.I.insCopySerialNewStockData - ==> Parameters: S000000032(String), 2026-04-01(LocalDate)
2026-04-01 17:36:03 [JavaFX Application Thread] DEBUG o.a.i.t.jdbc.JdbcTransaction - Committing JDBC Connection [HikariProxyConnection@173832145 wrapping com.mysql.cj.jdbc.ConnectionImpl@6220fc79]
2026-04-01 17:36:03 [JavaFX Application Thread] DEBUG o.a.i.t.jdbc.JdbcTransaction - Resetting autocommit to true on JDBC Connection [HikariProxyConnection@173832145 wrapping com.mysql.cj.jdbc.ConnectionImpl@6220fc79]
2026-04-01 17:36:03 [JavaFX Application Thread] DEBUG o.a.i.t.jdbc.JdbcTransaction - Closing JDBC Connection [HikariProxyConnection@173832145 wrapping com.mysql.cj.jdbc.ConnectionImpl@6220fc79]
2026-04-01 17:36:03 [JavaFX Application Thread] DEBUG application.java.manager.LogManager - [備品返却画面] ： リスト再表示処理
2026-04-01 17:36:03 [JavaFX Application Thread] DEBUG application.java.manager.LogManager - [SQL操作クラス] ： 非同期処理 SELECT句発行
2026-04-01 17:36:03 [Thread-8] DEBUG application.java.manager.LogManager - [SQL操作クラス] ： SELECT句発行
2026-04-01 17:36:03 [Thread-8] DEBUG application.java.manager.LogManager - [備品返却画面] ： DB 備品(返却≒貸出中)データ取得処理
2026-04-01 17:36:03 [Thread-8] DEBUG o.a.i.t.jdbc.JdbcTransaction - Opening JDBC Connection
2026-04-01 17:36:03 [Thread-8] DEBUG o.a.i.t.jdbc.JdbcTransaction - Setting autocommit to false on JDBC Connection [HikariProxyConnection@1017096548 wrapping com.mysql.cj.jdbc.ConnectionImpl@6220fc79]
2026-04-01 17:36:03 [Thread-8] DEBUG a.r.m.I.getTableLoanableStockData - ==>  Preparing: WITH BASE_TABLE AS ( SELECT DISTINCT SM.serial_no , SD.id FROM stock_type_master STM /* 参照権限を考慮する場合に用いる INNER JOIN stock_type_data STD ON STM.stock_type = STD.stock_type AND STM.stock_code = STD.stock_code*/ INNER JOIN stock_master SM ON STM.stock_type = SM.stock_type AND STM.stock_code = SM.stock_code AND STM.del = FALSE AND SM.del = FALSE AND SM.rent_flg = FALSE INNER JOIN stock_data SD ON SM.serial_no = SD.serial_no /* 返却済データの除去 ≒ 最新の備品データを取得 */ AND SD.return_date IS NULL AND SD.del = FALSE /* [貸出中]データの取得 */ AND SD.staff_no IS NOT NULL /* 返却処理においては[不明]を考慮しない ⇐ [不明]のデータは対象としない */ /* AND (DATEDIFF(CURRENT_DATE(), SD.confirmed_date) <= 365 ) */ WHERE 1 = 1 AND STM.stock_type = ? AND STM.stock_code = ? ) SELECT STM.name AS type_name , SM.serial_no AS serialNo , SFM.name AS staffName , IFNULL(DATE_FORMAT(SD.start_date, '%Y/%m/%d'), '') AS startDate , IFNULL(DATE_FORMAT(SD.limit_date, '%Y/%m/%d'), '') AS limitDate , SM.remarks AS remarks , SM.stock_type , SM.stock_code , SD.id AS stockDataId , SD.staff_no AS staff_no FROM BASE_TABLE B INNER JOIN stock_master SM ON B.serial_no = SM.serial_no INNER JOIN stock_type_master STM ON SM.stock_type = STM.stock_type AND SM.stock_code = STM.stock_code INNER JOIN stock_data SD ON B.id = SD.id LEFT JOIN staff_master SFM ON SD.staff_no = SFM.staff_no WHERE 1 = 1 ORDER BY SM.serial_no
2026-04-01 17:36:03 [Thread-8] DEBUG a.r.m.I.getTableLoanableStockData - ==> Parameters: 8(Integer), 4(String)
2026-04-01 17:36:03 [Thread-8] DEBUG a.r.m.I.getTableLoanableStockData - <==      Total: 1
2026-04-01 17:36:03 [Thread-8] DEBUG o.a.i.t.jdbc.JdbcTransaction - Resetting autocommit to true on JDBC Connection [HikariProxyConnection@1017096548 wrapping com.mysql.cj.jdbc.ConnectionImpl@6220fc79]
2026-04-01 17:36:03 [Thread-8] DEBUG o.a.i.t.jdbc.JdbcTransaction - Closing JDBC Connection [HikariProxyConnection@1017096548 wrapping com.mysql.cj.jdbc.ConnectionImpl@6220fc79]
2026-04-01 17:36:04 [JavaFX Application Thread] INFO  application.java.manager.LogManager - [備品返却画面] ： [戻る]ボタン押下
2026-04-01 17:36:04 [JavaFX Application Thread] INFO  application.java.manager.LogManager - [備品詳細画面] ： 初期化処理
2026-04-01 17:36:04 [JavaFX Application Thread] INFO  application.java.manager.LogManager - 呼出中[Page](備品返却画面)の終了処理(dispose)を実行
2026-04-01 17:36:04 [JavaFX Application Thread] INFO  application.java.manager.LogManager - 画面展開 [setPage] ： 画面設定・表示処理 開始
2026-04-01 17:36:04 [JavaFX Application Thread] DEBUG application.java.manager.LogManager - [備品詳細画面] ： リスト表示処理
2026-04-01 17:36:04 [JavaFX Application Thread] DEBUG application.java.manager.LogManager - [SQL操作クラス] ： 非同期処理 SELECT句発行
2026-04-01 17:36:04 [Thread-9] DEBUG application.java.manager.LogManager - [SQL操作クラス] ： SELECT句発行
2026-04-01 17:36:04 [Thread-9] DEBUG application.java.manager.LogManager - [備品詳細画面] ： DB 備品詳細データ取得処理
2026-04-01 17:36:04 [Thread-9] DEBUG o.a.i.t.jdbc.JdbcTransaction - Opening JDBC Connection
2026-04-01 17:36:04 [JavaFX Application Thread] INFO  application.java.manager.LogManager - /application/resources/css/InventoryDetailsStyle.css

2026-04-01 17:36:04 [Thread-9] DEBUG o.a.i.t.jdbc.JdbcTransaction - Setting autocommit to false on JDBC Connection [HikariProxyConnection@444691623 wrapping com.mysql.cj.jdbc.ConnectionImpl@6220fc79]
2026-04-01 17:36:04 [Thread-9] DEBUG a.r.m.I.getTableDetailRecords - ==>  Preparing: WITH BASE_TABLE AS ( SELECT DISTINCT SM.serial_no , SD.id FROM stock_type_master STM /* 参照権限を考慮する場合に用いる INNER JOIN stock_type_data STD ON STM.stock_type = STD.stock_type AND STM.stock_code = STD.stock_code*/ INNER JOIN stock_master SM ON STM.stock_type = SM.stock_type AND STM.stock_code = SM.stock_code AND STM.del = FALSE AND SM.del = FALSE /* 未登録データを考慮しLEFT JOINとする */ LEFT JOIN stock_data SD ON SM.serial_no = SD.serial_no /* 返却済データの除去 ≒ 最新の備品データを取得 */ AND SD.return_date IS NULL AND SD.del = FALSE WHERE 1 = 1 AND STM.stock_type = ? AND STM.stock_code = ? ) SELECT STM.name AS type_name , SM.serial_no AS serialNo , IFNULL(STF.name, '') AS staffName -- 貸出先ユーザー /* DataViewとの整合性を考慮しString型とする */ , CASE WHEN SM.rent_flg THEN '4' -- 不可 / 貸出可否(TRUEの場合、貸出不可) /* 返却処理に含めるため、[貸出中]で[不明]のデータを分ける */ WHEN SD.staff_no IS NOT NULL AND DATEDIFF(CURRENT_DATE (), SD.confirmed_date) > 365 THEN '5' -- 不明 / 可否表示は不明だがデータの種別は分ける [confirmed_date]：最終所在確認日 が１年前以前(可・貸出中に関わらず不明とする) WHEN DATEDIFF(CURRENT_DATE (), SD.confirmed_date) > 365 THEN '3' -- 不明 / [confirmed_date]：最終所在確認日 が１年前以前(可・貸出中に関わらず不明とする) WHEN SD.staff_no IS NOT NULL AND (DATEDIFF(CURRENT_DATE(), SD.confirmed_date) <= 365 ) THEN '2' -- 貸出中 WHEN SD.staff_no IS NULL AND (DATEDIFF(CURRENT_DATE(), SD.confirmed_date) <= 365 ) THEN '1' -- 可 ELSE '4' -- 不可 / 備品データが未登録の場合など、異常なデータ END AS rentFlg , IFNULL(DATE_FORMAT(SD.start_date, '%Y/%m/%d'), '-') AS startDate , IFNULL(DATE_FORMAT(SD.limit_date, '%Y/%m/%d'), '-') AS limitDate , IFNULL(DATE_FORMAT(SD.confirmed_date, '%Y/%m/%d'), '-') AS confirmedDate , SM.name AS model , SM.maker AS maker , IFNULL(SD.parent_stock_code, '-') AS destinationSerialNo -- 親シリアルナンバー , GCM.value_1 AS type , IFNULL(DATE_FORMAT(SM.expiry_date, '%Y/%m/%d'), '-') AS leaseDate , SM.remarks AS remarks , SM.stock_type , SM.stock_code , SD.id AS stockDataId , SD.staff_no AS staff_no FROM BASE_TABLE B INNER JOIN stock_master SM ON B.serial_no = SM.serial_no INNER JOIN stock_type_master STM ON SM.stock_type = STM.stock_type AND SM.stock_code = STM.stock_code /* 未登録データを考慮しLEFT JOINとする */ LEFT JOIN stock_data SD ON B.id = SD.id /* 未登録データを考慮しLEFT JOINとする */ LEFT JOIN staff_master STF ON SD.staff_no = STF.staff_no /* 未登録データを考慮しLEFT JOINとする */ LEFT JOIN generic_code_master GCM ON SM.asset_type = GCM.type_key AND GCM.generic_key = 'ASSET_TYPE' WHERE 1 = 1 ORDER BY SM.serial_no
2026-04-01 17:36:04 [Thread-9] DEBUG a.r.m.I.getTableDetailRecords - ==> Parameters: 8(Integer), 4(String)
2026-04-01 17:36:04 [Thread-9] DEBUG a.r.m.I.getTableDetailRecords - <==      Total: 2
2026-04-01 17:36:04 [Thread-9] DEBUG o.a.i.t.jdbc.JdbcTransaction - Resetting autocommit to true on JDBC Connection [HikariProxyConnection@444691623 wrapping com.mysql.cj.jdbc.ConnectionImpl@6220fc79]
2026-04-01 17:36:04 [Thread-9] DEBUG o.a.i.t.jdbc.JdbcTransaction - Closing JDBC Connection [HikariProxyConnection@444691623 wrapping com.mysql.cj.jdbc.ConnectionImpl@6220fc79]
2026-04-01 17:36:04 [JavaFX Application Thread] INFO  application.java.manager.LogManager - 画面展開 [setPage] : 備品詳細画面
2026-04-01 17:36:07 [JavaFX Application Thread] INFO  application.java.manager.LogManager - [備品詳細画面] ： [一覧に戻る]ボタン押下
2026-04-01 17:36:07 [JavaFX Application Thread] INFO  application.java.manager.LogManager - [備品一覧画面] ： 初期化処理
2026-04-01 17:36:07 [JavaFX Application Thread] INFO  application.java.manager.LogManager - 呼出中[Page](備品詳細画面)の終了処理(dispose)を実行
2026-04-01 17:36:07 [JavaFX Application Thread] INFO  application.java.manager.LogManager - 画面展開 [setPage] ： 画面設定・表示処理 開始
2026-04-01 17:36:07 [JavaFX Application Thread] DEBUG application.java.manager.LogManager - [備品一覧画面] ： リスト表示処理
2026-04-01 17:36:07 [JavaFX Application Thread] DEBUG application.java.manager.LogManager - [SQL操作クラス] ： 非同期処理 SELECT句発行
2026-04-01 17:36:07 [Thread-10] DEBUG application.java.manager.LogManager - [SQL操作クラス] ： SELECT句発行
2026-04-01 17:36:07 [Thread-10] DEBUG o.a.i.t.jdbc.JdbcTransaction - Opening JDBC Connection
2026-04-01 17:36:07 [JavaFX Application Thread] INFO  application.java.manager.LogManager - /application/resources/css/InventoryListStyle.css

2026-04-01 17:36:07 [Thread-10] DEBUG o.a.i.t.jdbc.JdbcTransaction - Setting autocommit to false on JDBC Connection [HikariProxyConnection@393952209 wrapping com.mysql.cj.jdbc.ConnectionImpl@6220fc79]
2026-04-01 17:36:07 [Thread-10] DEBUG a.r.m.I.getTableRecords - ==>  Preparing: WITH SUB_TOTAL AS ( SELECT ST.stock_type , ST.stock_code , SUM(CASE WHEN SD.staff_no IS NOT NULL AND (DATEDIFF(CURRENT_DATE(), SD.confirmed_date) <= 365 ) THEN 1 ELSE 0 END) AS lending_count -- 貸出備品の数 , SUM(CASE /* 在庫 = [staff_no]：貸出先ユーザーの社員番号 が未設定(NULL) 且つ [return_date]：返却日が未設定(NULL) 且つ [confirmed_date]：最終所在確認日 が１年以内 */ WHEN SD.staff_no IS NULL AND (DATEDIFF(CURRENT_DATE(), SD.confirmed_date) <= 365 ) THEN 1 ELSE 0 END) AS stock_count -- 在庫備品の数 , SUM(CASE /* 不明 = [return_date]：返却日が未設定(NULL) 且つ [confirmed_date]：最終所在確認日 が１年前以前 ※ 貸出中・在庫を問わず１年前以前のデータを不明とする */ WHEN (DATEDIFF(CURRENT_DATE(), SD.confirmed_date) > 365 ) THEN 1 ELSE 0 END) AS unknown_count -- 不明備品の数 FROM (SELECT stock_type , stock_code FROM stock_type_master WHERE 1 = 1 AND del = FALSE) ST INNER JOIN stock_master SM ON ST.stock_type = SM.stock_type AND ST.stock_code = SM.stock_code AND SM.del = FALSE /* 未登録データを考慮しLEFT JOINとする */ LEFT JOIN stock_data SD ON SM.serial_no = SD.serial_no /* 返却済データの除去 */ AND SD.return_date IS NULL AND SD.del = FALSE WHERE 1 = 1 GROUP BY ST.stock_type , ST.stock_code ) SELECT ST.stock_type AS type, ST.stock_code AS code, ST.name AS itemName, IFNULL(S.lending_count, 0) AS loanCount, IFNULL(S.stock_count, 0) AS returnCount, IFNULL(S.unknown_count, 0) AS unknownCount, IFNULL(S.lending_count + S.stock_count, 0) AS totalCount /* 追加項目：遷移先画面サイズ */ , IFNULL( GCM.value_1, '1') AS windowSize FROM stock_type_master ST INNER JOIN SUB_TOTAL S ON ST.stock_type = S.stock_type AND ST.stock_code = S.stock_code /* 追加項目 遷移先画面サイズ */ LEFT JOIN generic_code_master GCM ON CAST(ST.stock_type AS CHAR) = GCM.type_key AND ST.stock_code = GCM.code AND GCM.generic_key = 'WINDOW_SIZE' WHERE 1 = 1 ORDER BY ST.stock_type , St.stock_code
2026-04-01 17:36:07 [Thread-10] DEBUG a.r.m.I.getTableRecords - ==> Parameters: 
2026-04-01 17:36:07 [Thread-10] DEBUG a.r.m.I.getTableRecords - <==      Total: 16
2026-04-01 17:36:07 [Thread-10] DEBUG o.a.i.t.jdbc.JdbcTransaction - Resetting autocommit to true on JDBC Connection [HikariProxyConnection@393952209 wrapping com.mysql.cj.jdbc.ConnectionImpl@6220fc79]
2026-04-01 17:36:07 [Thread-10] DEBUG o.a.i.t.jdbc.JdbcTransaction - Closing JDBC Connection [HikariProxyConnection@393952209 wrapping com.mysql.cj.jdbc.ConnectionImpl@6220fc79]
2026-04-01 17:36:07 [JavaFX Application Thread] INFO  application.java.manager.LogManager - 画面展開 [setPage] : 備品一覧画面
2026-04-01 17:36:08 [JavaFX Application Thread] INFO  application.java.manager.LogManager - [備品一覧画面] ： [メニューに戻る]ボタン押下
2026-04-01 17:36:08 [JavaFX Application Thread] INFO  application.java.manager.LogManager - [備品管理システム メニュー画面] ： 初期化処理
2026-04-01 17:36:08 [JavaFX Application Thread] INFO  application.java.manager.LogManager - 呼出中[Page](備品一覧画面)の終了処理(dispose)を実行
2026-04-01 17:36:08 [JavaFX Application Thread] INFO  application.java.manager.LogManager - 画面展開 [setPage] ： 画面設定・表示処理 開始
2026-04-01 17:36:08 [JavaFX Application Thread] DEBUG application.java.manager.LogManager - Window切替 [setWindowFrame] : TRANSPARENT(透明枠・背景色透明)
2026-04-01 17:36:08 [JavaFX Application Thread] INFO  application.java.manager.LogManager - /application/resources/css/MenuMacFinderStyle.css

2026-04-01 17:36:08 [JavaFX Application Thread] INFO  application.java.manager.LogManager - 画面展開 [setPage] : 備品管理システム メニュー画面
2026-04-01 17:36:10 [JavaFX Application Thread] INFO  application.java.manager.LogManager - [備品管理システム メニュー画面] ： [棚卸業務]ボタン押下
2026-04-01 17:36:10 [JavaFX Application Thread] INFO  application.java.manager.LogManager - [棚卸画面] ： 初期化処理
2026-04-01 17:36:10 [JavaFX Application Thread] INFO  application.java.manager.LogManager - スライドショーのTimelineを停止しました
2026-04-01 17:36:10 [JavaFX Application Thread] INFO  application.java.manager.LogManager - 呼出中[Page](備品管理システム メニュー画面)の終了処理(dispose)を実行
2026-04-01 17:36:10 [JavaFX Application Thread] INFO  application.java.manager.LogManager - 画面展開 [setPage] ： 画面設定・表示処理 開始
2026-04-01 17:36:10 [JavaFX Application Thread] DEBUG application.java.manager.LogManager - Window切替 [setWindowFrame] : DECORATED(標準)
2026-04-01 17:36:10 [JavaFX Application Thread] DEBUG application.java.manager.LogManager - [SQL操作クラス] ： 非同期処理 SELECT句発行
2026-04-01 17:36:10 [Thread-3] DEBUG application.java.manager.LogManager - [SQL操作クラス] ： SELECT句発行
2026-04-01 17:36:10 [Thread-3] DEBUG application.java.manager.LogManager - [棚卸画面] ： DB 備品分類マスタ取得処理
2026-04-01 17:36:10 [JavaFX Application Thread] DEBUG application.java.manager.LogManager - [SQL操作クラス] ： 非同期処理 SELECT句発行
2026-04-01 17:36:10 [Thread-4] DEBUG application.java.manager.LogManager - [SQL操作クラス] ： SELECT句発行
2026-04-01 17:36:10 [Thread-4] DEBUG application.java.manager.LogManager - [棚卸画面] ： DB 社員マスタ取得処理
2026-04-01 17:36:10 [Thread-3] DEBUG o.a.i.t.jdbc.JdbcTransaction - Opening JDBC Connection
2026-04-01 17:36:10 [Thread-4] DEBUG o.a.i.t.jdbc.JdbcTransaction - Opening JDBC Connection
2026-04-01 17:36:10 [Thread-4] DEBUG o.a.i.t.jdbc.JdbcTransaction - Setting autocommit to false on JDBC Connection [HikariProxyConnection@253342256 wrapping com.mysql.cj.jdbc.ConnectionImpl@23358da0]
2026-04-01 17:36:10 [Thread-3] DEBUG o.a.i.t.jdbc.JdbcTransaction - Setting autocommit to false on JDBC Connection [HikariProxyConnection@1392187621 wrapping com.mysql.cj.jdbc.ConnectionImpl@6220fc79]
2026-04-01 17:36:10 [Thread-3] DEBUG a.r.m.P.getStockTypeMasterData - ==>  Preparing: SELECT STM.id AS stockTypeId, STM.name AS stockTypeName FROM stock_type_master STM WHERE 1 = 1 AND STM.del = FALSE ORDER BY STM.stock_type , STM.stock_code
2026-04-01 17:36:10 [Thread-4] DEBUG a.r.m.P.getStaffMasterData - ==>  Preparing: SELECT SM.staff_no AS staffNo, SM.name AS staffName FROM staff_master SM WHERE 1 = 1 /* 棚卸のため削除フラグを考慮しない */ ORDER BY SM.staff_no
2026-04-01 17:36:10 [Thread-3] DEBUG a.r.m.P.getStockTypeMasterData - ==> Parameters: 
2026-04-01 17:36:10 [Thread-4] DEBUG a.r.m.P.getStaffMasterData - ==> Parameters: 
2026-04-01 17:36:10 [Thread-4] DEBUG a.r.m.P.getStaffMasterData - <==      Total: 5
2026-04-01 17:36:10 [Thread-3] DEBUG a.r.m.P.getStockTypeMasterData - <==      Total: 16
2026-04-01 17:36:10 [Thread-3] DEBUG o.a.i.t.jdbc.JdbcTransaction - Resetting autocommit to true on JDBC Connection [HikariProxyConnection@1392187621 wrapping com.mysql.cj.jdbc.ConnectionImpl@6220fc79]
2026-04-01 17:36:10 [Thread-4] DEBUG o.a.i.t.jdbc.JdbcTransaction - Resetting autocommit to true on JDBC Connection [HikariProxyConnection@253342256 wrapping com.mysql.cj.jdbc.ConnectionImpl@23358da0]
2026-04-01 17:36:10 [Thread-3] DEBUG o.a.i.t.jdbc.JdbcTransaction - Closing JDBC Connection [HikariProxyConnection@1392187621 wrapping com.mysql.cj.jdbc.ConnectionImpl@6220fc79]
2026-04-01 17:36:10 [Thread-4] DEBUG o.a.i.t.jdbc.JdbcTransaction - Closing JDBC Connection [HikariProxyConnection@253342256 wrapping com.mysql.cj.jdbc.ConnectionImpl@23358da0]
2026-04-01 17:36:10 [JavaFX Application Thread] DEBUG application.java.manager.LogManager - [棚卸画面] ： リスト表示処理
2026-04-01 17:36:10 [JavaFX Application Thread] DEBUG application.java.manager.LogManager - [SQL操作クラス] ： 非同期処理 SELECT句発行
2026-04-01 17:36:10 [Thread-5] DEBUG application.java.manager.LogManager - [SQL操作クラス] ： SELECT句発行
2026-04-01 17:36:10 [Thread-5] DEBUG application.java.manager.LogManager - [棚卸画面] ： DB 棚卸データ取得処理
2026-04-01 17:36:10 [JavaFX Application Thread] INFO  application.java.manager.LogManager - /application/resources/css/PerformInventoryStyle.css

2026-04-01 17:36:10 [JavaFX Application Thread] INFO  application.java.manager.LogManager - 画面展開 [setPage] : 棚卸画面
2026-04-01 17:36:10 [Thread-5] DEBUG o.a.i.t.jdbc.JdbcTransaction - Opening JDBC Connection
2026-04-01 17:36:10 [Thread-5] DEBUG o.a.i.t.jdbc.JdbcTransaction - Setting autocommit to false on JDBC Connection [HikariProxyConnection@936899081 wrapping com.mysql.cj.jdbc.ConnectionImpl@6220fc79]
2026-04-01 17:36:10 [Thread-5] DEBUG a.r.m.P.getTableInventoryRecords - ==>  Preparing: WITH BASE_TABLE AS ( SELECT DISTINCT SM.serial_no , SD.id FROM stock_type_master STM /* 参照権限を考慮する場合に用いる INNER JOIN stock_type_data STD ON STM.stock_type = STD.stock_type AND STM.stock_code = STD.stock_code*/ INNER JOIN stock_master SM ON STM.stock_type = SM.stock_type AND STM.stock_code = SM.stock_code AND STM.del = FALSE AND SM.del = FALSE /* 棚卸のため、INNER JOINとする */ INNER JOIN stock_data SD ON SM.serial_no = SD.serial_no /* 返却済データの除去 ≒ 最新の備品データを取得 */ AND SD.return_date IS NULL AND SD.del = FALSE WHERE 1 = 1 ) , SOURCE_RECORDS AS ( SELECT SM.serial_no AS serialNo , STM.name AS type_name , IFNULL(SM.name, '') AS model , CASE WHEN SM.rent_flg THEN '4' -- 不可 / 貸出可否(TRUEの場合、貸出不可) WHEN SD.confirmed_date < DATE_SUB(CURRENT_DATE(), INTERVAL 1 YEAR) THEN '3' -- 不明 / [confirmed_date]：最終所在確認日 が１年前以前(可・貸出中に関わらず不明とする) WHEN SD.staff_no IS NOT NULL AND (DATEDIFF(CURRENT_DATE(), SD.confirmed_date) <= 365 ) THEN '2' -- 貸出中 WHEN SD.staff_no IS NULL AND (DATEDIFF(CURRENT_DATE(), SD.confirmed_date) <= 365 ) THEN '1' -- 可 ELSE '4' -- 不可 / 備品データが未登録の場合など、異常なデータ END AS rentFlg , IFNULL(STF.name, '') AS staffName -- 貸出先ユーザー , IFNULL(DATE_FORMAT(SD.start_date, '%Y/%m/%d'), '-') AS startDate , IFNULL(DATE_FORMAT(SD.limit_date, '%Y/%m/%d'), '-') AS limitDate , IFNULL(DATE_FORMAT(SD.confirmed_date, '%Y/%m/%d'), '-') AS confirmedDate , SM.remarks AS remarks , ? AS inventoryDate -- 初期値の設定(画面側との整合性を保つため、保持した値を用いる) , SM.remarks AS remarksMasterValue -- 更新比較用に現在の「備考」の値を取得ー , SD.id AS stockDataId , STM.id AS stockTypeId , STM.stock_type AS stockTypeType , STM.stock_code AS stockTypeCode , SD.limit_date AS returnDate , SD.confirmed_date AS confDate , STF.staff_no AS staffNo FROM BASE_TABLE B INNER JOIN stock_master SM ON B.serial_no = SM.serial_no INNER JOIN stock_type_master STM ON SM.stock_type = STM.stock_type AND SM.stock_code = STM.stock_code /* 棚卸のため、INNER JOINとする */ INNER JOIN stock_data SD ON B.id = SD.id /* 未登録データを考慮しLEFT JOINとする 棚卸のため削除フラグを考慮しない */ LEFT JOIN staff_master STF ON SD.staff_no = STF.staff_no WHERE 1 = 1 ) SELECT S.* FROM SOURCE_RECORDS S ORDER BY S.stockTypeType , S.stockTypeCode , S.serialNo
2026-04-01 17:36:10 [Thread-5] DEBUG a.r.m.P.getTableInventoryRecords - ==> Parameters: 2026/04/01(String)
2026-04-01 17:36:10 [Thread-5] DEBUG a.r.m.P.getTableInventoryRecords - <==      Total: 42
2026-04-01 17:36:10 [Thread-5] DEBUG o.a.i.t.jdbc.JdbcTransaction - Resetting autocommit to true on JDBC Connection [HikariProxyConnection@936899081 wrapping com.mysql.cj.jdbc.ConnectionImpl@6220fc79]
2026-04-01 17:36:10 [Thread-5] DEBUG o.a.i.t.jdbc.JdbcTransaction - Closing JDBC Connection [HikariProxyConnection@936899081 wrapping com.mysql.cj.jdbc.ConnectionImpl@6220fc79]
2026-04-01 17:36:10 [HikariPool-1:housekeeper] DEBUG com.zaxxer.hikari.pool.HikariPool - HikariPool-1 - Pool stats (total=20/20, idle=20/20, active=0, waiting=0)
2026-04-01 17:36:10 [HikariPool-1:housekeeper] DEBUG com.zaxxer.hikari.pool.HikariPool - HikariPool-1 - Fill pool skipped, pool has sufficient level or currently being filled.
2026-04-01 17:36:22 [JavaFX Application Thread] INFO  application.java.manager.LogManager - [棚卸画面] ： [棚卸]ボタン押下
2026-04-01 17:36:22 [JavaFX Application Thread] DEBUG application.java.manager.LogManager - [棚卸画面] ： 棚卸チェック処理
2026-04-01 17:36:24 [JavaFX Application Thread] DEBUG application.java.manager.LogManager - [棚卸画面] ： 棚卸(更新)処理
2026-04-01 17:36:24 [JavaFX Application Thread] DEBUG application.java.manager.LogManager - [SQL操作クラス] ： トランザクション使用 Bulk処理
2026-04-01 17:36:24 [JavaFX Application Thread] DEBUG application.java.manager.LogManager - [棚卸画面] ： DB 備品(棚卸)データ更新処理
2026-04-01 17:36:24 [JavaFX Application Thread] DEBUG o.a.i.t.jdbc.JdbcTransaction - Opening JDBC Connection
2026-04-01 17:36:24 [JavaFX Application Thread] DEBUG o.a.i.t.jdbc.JdbcTransaction - Setting autocommit to false on JDBC Connection [HikariProxyConnection@920642273 wrapping com.mysql.cj.jdbc.ConnectionImpl@6220fc79]
2026-04-01 17:36:24 [JavaFX Application Thread] DEBUG a.r.m.P.updConfirmedDate - ==>  Preparing: UPDATE stock_data SET confirmed_date = STR_TO_DATE( ?, '%Y/%m/%d') WHERE id = ?
2026-04-01 17:36:24 [JavaFX Application Thread] DEBUG a.r.m.P.updConfirmedDate - ==> Parameters: 2026/04/01(String), 27(Integer)
2026-04-01 17:36:24 [JavaFX Application Thread] DEBUG a.r.m.P.updConfirmedDate - ==> Parameters: 2026/04/01(String), 28(Integer)
2026-04-01 17:36:24 [JavaFX Application Thread] DEBUG a.r.m.P.updConfirmedDate - ==> Parameters: 2026/04/01(String), 29(Integer)
2026-04-01 17:36:24 [JavaFX Application Thread] DEBUG o.a.i.t.jdbc.JdbcTransaction - Committing JDBC Connection [HikariProxyConnection@920642273 wrapping com.mysql.cj.jdbc.ConnectionImpl@6220fc79]
2026-04-01 17:36:24 [JavaFX Application Thread] DEBUG o.a.i.t.jdbc.JdbcTransaction - Resetting autocommit to true on JDBC Connection [HikariProxyConnection@920642273 wrapping com.mysql.cj.jdbc.ConnectionImpl@6220fc79]
2026-04-01 17:36:24 [JavaFX Application Thread] DEBUG o.a.i.t.jdbc.JdbcTransaction - Closing JDBC Connection [HikariProxyConnection@920642273 wrapping com.mysql.cj.jdbc.ConnectionImpl@6220fc79]
2026-04-01 17:36:24 [JavaFX Application Thread] DEBUG application.java.manager.LogManager - [棚卸画面] ： リスト再表示処理
2026-04-01 17:36:24 [JavaFX Application Thread] DEBUG application.java.manager.LogManager - [SQL操作クラス] ： 非同期処理 SELECT句発行
2026-04-01 17:36:24 [Thread-6] DEBUG application.java.manager.LogManager - [SQL操作クラス] ： SELECT句発行
2026-04-01 17:36:24 [Thread-6] DEBUG application.java.manager.LogManager - [棚卸画面] ： DB 棚卸データ取得処理
2026-04-01 17:36:24 [Thread-6] DEBUG o.a.i.t.jdbc.JdbcTransaction - Opening JDBC Connection
2026-04-01 17:36:24 [Thread-6] DEBUG o.a.i.t.jdbc.JdbcTransaction - Setting autocommit to false on JDBC Connection [HikariProxyConnection@583211348 wrapping com.mysql.cj.jdbc.ConnectionImpl@6220fc79]
2026-04-01 17:36:24 [Thread-6] DEBUG a.r.m.P.getTableInventoryRecords - ==>  Preparing: WITH BASE_TABLE AS ( SELECT DISTINCT SM.serial_no , SD.id FROM stock_type_master STM /* 参照権限を考慮する場合に用いる INNER JOIN stock_type_data STD ON STM.stock_type = STD.stock_type AND STM.stock_code = STD.stock_code*/ INNER JOIN stock_master SM ON STM.stock_type = SM.stock_type AND STM.stock_code = SM.stock_code AND STM.del = FALSE AND SM.del = FALSE /* 棚卸のため、INNER JOINとする */ INNER JOIN stock_data SD ON SM.serial_no = SD.serial_no /* 返却済データの除去 ≒ 最新の備品データを取得 */ AND SD.return_date IS NULL AND SD.del = FALSE WHERE 1 = 1 ) , SOURCE_RECORDS AS ( SELECT SM.serial_no AS serialNo , STM.name AS type_name , IFNULL(SM.name, '') AS model , CASE WHEN SM.rent_flg THEN '4' -- 不可 / 貸出可否(TRUEの場合、貸出不可) WHEN SD.confirmed_date < DATE_SUB(CURRENT_DATE(), INTERVAL 1 YEAR) THEN '3' -- 不明 / [confirmed_date]：最終所在確認日 が１年前以前(可・貸出中に関わらず不明とする) WHEN SD.staff_no IS NOT NULL AND (DATEDIFF(CURRENT_DATE(), SD.confirmed_date) <= 365 ) THEN '2' -- 貸出中 WHEN SD.staff_no IS NULL AND (DATEDIFF(CURRENT_DATE(), SD.confirmed_date) <= 365 ) THEN '1' -- 可 ELSE '4' -- 不可 / 備品データが未登録の場合など、異常なデータ END AS rentFlg , IFNULL(STF.name, '') AS staffName -- 貸出先ユーザー , IFNULL(DATE_FORMAT(SD.start_date, '%Y/%m/%d'), '-') AS startDate , IFNULL(DATE_FORMAT(SD.limit_date, '%Y/%m/%d'), '-') AS limitDate , IFNULL(DATE_FORMAT(SD.confirmed_date, '%Y/%m/%d'), '-') AS confirmedDate , SM.remarks AS remarks , ? AS inventoryDate -- 初期値の設定(画面側との整合性を保つため、保持した値を用いる) , SM.remarks AS remarksMasterValue -- 更新比較用に現在の「備考」の値を取得ー , SD.id AS stockDataId , STM.id AS stockTypeId , STM.stock_type AS stockTypeType , STM.stock_code AS stockTypeCode , SD.limit_date AS returnDate , SD.confirmed_date AS confDate , STF.staff_no AS staffNo FROM BASE_TABLE B INNER JOIN stock_master SM ON B.serial_no = SM.serial_no INNER JOIN stock_type_master STM ON SM.stock_type = STM.stock_type AND SM.stock_code = STM.stock_code /* 棚卸のため、INNER JOINとする */ INNER JOIN stock_data SD ON B.id = SD.id /* 未登録データを考慮しLEFT JOINとする 棚卸のため削除フラグを考慮しない */ LEFT JOIN staff_master STF ON SD.staff_no = STF.staff_no WHERE 1 = 1 ) SELECT S.* FROM SOURCE_RECORDS S ORDER BY S.stockTypeType , S.stockTypeCode , S.serialNo
2026-04-01 17:36:24 [Thread-6] DEBUG a.r.m.P.getTableInventoryRecords - ==> Parameters: 2026/04/01(String)
2026-04-01 17:36:24 [Thread-6] DEBUG a.r.m.P.getTableInventoryRecords - <==      Total: 42
2026-04-01 17:36:24 [Thread-6] DEBUG o.a.i.t.jdbc.JdbcTransaction - Resetting autocommit to true on JDBC Connection [HikariProxyConnection@583211348 wrapping com.mysql.cj.jdbc.ConnectionImpl@6220fc79]
2026-04-01 17:36:24 [Thread-6] DEBUG o.a.i.t.jdbc.JdbcTransaction - Closing JDBC Connection [HikariProxyConnection@583211348 wrapping com.mysql.cj.jdbc.ConnectionImpl@6220fc79]
2026-04-01 17:36:30 [JavaFX Application Thread] INFO  application.java.manager.LogManager - [棚卸画面] ： [メニューに戻る]ボタン押下
2026-04-01 17:36:30 [JavaFX Application Thread] INFO  application.java.manager.LogManager - [備品管理システム メニュー画面] ： 初期化処理
2026-04-01 17:36:30 [JavaFX Application Thread] INFO  application.java.manager.LogManager - 呼出中[Page](棚卸画面)の終了処理(dispose)を実行
2026-04-01 17:36:30 [JavaFX Application Thread] INFO  application.java.manager.LogManager - 画面展開 [setPage] ： 画面設定・表示処理 開始
2026-04-01 17:36:30 [JavaFX Application Thread] DEBUG application.java.manager.LogManager - Window切替 [setWindowFrame] : TRANSPARENT(透明枠・背景色透明)
2026-04-01 17:36:30 [JavaFX Application Thread] INFO  application.java.manager.LogManager - /application/resources/css/MenuMacFinderStyle.css

2026-04-01 17:36:30 [JavaFX Application Thread] INFO  application.java.manager.LogManager - 画面展開 [setPage] : 備品管理システム メニュー画面
2026-04-01 17:36:32 [JavaFX Application Thread] DEBUG application.java.manager.LogManager - [SQL操作クラス] ： 非同期処理 スレッドプール解放
2026-04-01 17:36:32 [JavaFX Application Thread] INFO  com.zaxxer.hikari.HikariDataSource - HikariPool-1 - Shutdown initiated...
2026-04-01 17:36:32 [JavaFX Application Thread] DEBUG com.zaxxer.hikari.pool.HikariPool - HikariPool-1 - Before shutdown stats (total=20/20, idle=20/20, active=0, waiting=0)
2026-04-01 17:36:32 [HikariPool-1:connection-closer] DEBUG com.zaxxer.hikari.pool.PoolBase - HikariPool-1 - Closing connection com.mysql.cj.jdbc.ConnectionImpl@6220fc79: (connection evicted)
2026-04-01 17:36:32 [HikariPool-1:connection-closer] DEBUG com.zaxxer.hikari.pool.PoolBase - HikariPool-1 - Closing connection com.mysql.cj.jdbc.ConnectionImpl@23358da0: (connection evicted)
2026-04-01 17:36:32 [HikariPool-1:connection-closer] DEBUG com.zaxxer.hikari.pool.PoolBase - HikariPool-1 - Closing connection com.mysql.cj.jdbc.ConnectionImpl@5cf7dcb2: (connection evicted)
2026-04-01 17:36:32 [HikariPool-1:connection-closer] DEBUG com.zaxxer.hikari.pool.PoolBase - HikariPool-1 - Closing connection com.mysql.cj.jdbc.ConnectionImpl@24b50786: (connection evicted)
2026-04-01 17:36:32 [HikariPool-1:connection-closer] DEBUG com.zaxxer.hikari.pool.PoolBase - HikariPool-1 - Closing connection com.mysql.cj.jdbc.ConnectionImpl@60d7266e: (connection evicted)
2026-04-01 17:36:32 [HikariPool-1:connection-closer] DEBUG com.zaxxer.hikari.pool.PoolBase - HikariPool-1 - Closing connection com.mysql.cj.jdbc.ConnectionImpl@3fb128a8: (connection evicted)
2026-04-01 17:36:32 [HikariPool-1:connection-closer] DEBUG com.zaxxer.hikari.pool.PoolBase - HikariPool-1 - Closing connection com.mysql.cj.jdbc.ConnectionImpl@5fd4a4a7: (connection evicted)
2026-04-01 17:36:32 [HikariPool-1:connection-closer] DEBUG com.zaxxer.hikari.pool.PoolBase - HikariPool-1 - Closing connection com.mysql.cj.jdbc.ConnectionImpl@7e367584: (connection evicted)
2026-04-01 17:36:32 [HikariPool-1:connection-closer] DEBUG com.zaxxer.hikari.pool.PoolBase - HikariPool-1 - Closing connection com.mysql.cj.jdbc.ConnectionImpl@4a28cca9: (connection evicted)
2026-04-01 17:36:32 [HikariPool-1:connection-closer] DEBUG com.zaxxer.hikari.pool.PoolBase - HikariPool-1 - Closing connection com.mysql.cj.jdbc.ConnectionImpl@68e658e1: (connection evicted)
2026-04-01 17:36:32 [HikariPool-1:connection-closer] DEBUG com.zaxxer.hikari.pool.PoolBase - HikariPool-1 - Closing connection com.mysql.cj.jdbc.ConnectionImpl@49159c6b: (connection evicted)
2026-04-01 17:36:32 [HikariPool-1:connection-closer] DEBUG com.zaxxer.hikari.pool.PoolBase - HikariPool-1 - Closing connection com.mysql.cj.jdbc.ConnectionImpl@3a6a764f: (connection evicted)
2026-04-01 17:36:32 [HikariPool-1:connection-closer] DEBUG com.zaxxer.hikari.pool.PoolBase - HikariPool-1 - Closing connection com.mysql.cj.jdbc.ConnectionImpl@3825deda: (connection evicted)
2026-04-01 17:36:32 [HikariPool-1:connection-closer] DEBUG com.zaxxer.hikari.pool.PoolBase - HikariPool-1 - Closing connection com.mysql.cj.jdbc.ConnectionImpl@39b23088: (connection evicted)
2026-04-01 17:36:32 [HikariPool-1:connection-closer] DEBUG com.zaxxer.hikari.pool.PoolBase - HikariPool-1 - Closing connection com.mysql.cj.jdbc.ConnectionImpl@451587ac: (connection evicted)
2026-04-01 17:36:32 [HikariPool-1:connection-closer] DEBUG com.zaxxer.hikari.pool.PoolBase - HikariPool-1 - Closing connection com.mysql.cj.jdbc.ConnectionImpl@2221894c: (connection evicted)
2026-04-01 17:36:32 [HikariPool-1:connection-closer] DEBUG com.zaxxer.hikari.pool.PoolBase - HikariPool-1 - Closing connection com.mysql.cj.jdbc.ConnectionImpl@1ae1cce5: (connection evicted)
2026-04-01 17:36:32 [HikariPool-1:connection-closer] DEBUG com.zaxxer.hikari.pool.PoolBase - HikariPool-1 - Closing connection com.mysql.cj.jdbc.ConnectionImpl@4098cee2: (connection evicted)
2026-04-01 17:36:32 [HikariPool-1:connection-closer] DEBUG com.zaxxer.hikari.pool.PoolBase - HikariPool-1 - Closing connection com.mysql.cj.jdbc.ConnectionImpl@27b7b113: (connection evicted)
2026-04-01 17:36:32 [HikariPool-1:connection-closer] DEBUG com.zaxxer.hikari.pool.PoolBase - HikariPool-1 - Closing connection com.mysql.cj.jdbc.ConnectionImpl@250b6088: (connection evicted)
2026-04-01 17:36:32 [JavaFX Application Thread] DEBUG com.zaxxer.hikari.pool.HikariPool - HikariPool-1 - After  shutdown stats (total=0/20, idle=0/20, active=0, waiting=0)
2026-04-01 17:36:32 [JavaFX Application Thread] INFO  com.zaxxer.hikari.HikariDataSource - HikariPool-1 - Shutdown completed.
2026-04-01 17:36:32 [JavaFX Application Thread] DEBUG application.java.manager.LogManager - [SQL操作クラス] ： コネクションプール(HikariCP) Closeing
2026-04-01 17:36:32 [JavaFX Application Thread] INFO  application.java.manager.LogManager - 終了処理 : 完了
2026-04-01 18:52:04 [main] INFO  application.java.manager.LogManager - 備品管理システム : 起動
2026-04-01 18:52:04 [JavaFX Application Thread] INFO  application.java.manager.LogManager - 開始処理 : 画面ウィンドウ枠生成
2026-04-01 18:52:04 [JavaFX Application Thread] INFO  application.java.manager.LogManager - [備品管理システム メニュー画面] ： 初期化処理
2026-04-01 18:52:04 [JavaFX Application Thread] INFO  application.java.manager.LogManager - 画面展開 [setPage] ： 画面設定・表示処理 開始
2026-04-01 18:52:04 [JavaFX Application Thread] DEBUG application.java.manager.LogManager - Window切替 [setWindowFrame] : TRANSPARENT(透明枠・背景色透明)
2026-04-01 18:52:04 [JavaFX Application Thread] INFO  application.java.manager.LogManager - /application/resources/css/MenuMacFinderStyle.css

2026-04-01 18:52:04 [JavaFX Application Thread] INFO  application.java.manager.LogManager - 画面展開 [setPage] : 備品管理システム メニュー画面
2026-04-01 18:52:06 [JavaFX Application Thread] INFO  application.java.manager.LogManager - [備品管理システム メニュー画面] ： [マスタメンテナンス]ボタン押下
2026-04-01 18:52:07 [JavaFX Application Thread] INFO  application.java.manager.LogManager - [備品管理システム メニュー画面] ： [備品分類マスタ メンテナンス]ボタン押下
2026-04-01 18:52:07 [JavaFX Application Thread] INFO  application.java.manager.LogManager - [備品分類マスタ メンテナンス] ： 初期化処理
2026-04-01 18:52:07 [JavaFX Application Thread] INFO  application.java.manager.LogManager - スライドショーのTimelineを停止しました
2026-04-01 18:52:07 [JavaFX Application Thread] INFO  application.java.manager.LogManager - 呼出中[Page](備品管理システム メニュー画面)の終了処理(dispose)を実行
2026-04-01 18:52:07 [JavaFX Application Thread] INFO  application.java.manager.LogManager - 画面展開 [setPage] ： 画面設定・表示処理 開始
2026-04-01 18:52:07 [JavaFX Application Thread] DEBUG application.java.manager.LogManager - Window切替 [setWindowFrame] : DECORATED(標準)
2026-04-01 18:52:07 [JavaFX Application Thread] INFO  application.java.manager.LogManager - [SQL操作クラス] ： 非同期処理 スレッドプール作成
2026-04-01 18:52:07 [JavaFX Application Thread] INFO  application.java.manager.LogManager - [SQL操作クラス] ： SQL Session生成
2026-04-01 18:52:07 [JavaFX Application Thread] DEBUG application.java.manager.LogManager - [SQL操作クラス] ： mybatis有効化
2026-04-01 18:52:07 [JavaFX Application Thread] DEBUG o.apache.ibatis.logging.LogFactory - Logging initialized using 'class org.apache.ibatis.logging.slf4j.Slf4jImpl' adapter.
2026-04-01 18:52:07 [JavaFX Application Thread] DEBUG o.apache.ibatis.logging.LogFactory - Logging initialized using 'class org.apache.ibatis.logging.slf4j.Slf4jImpl' adapter.
2026-04-01 18:52:07 [JavaFX Application Thread] DEBUG com.zaxxer.hikari.util.UtilityElf - Class com.mysql.cj.jdbc.Driver found in Thread context class loader jdk.internal.loader.ClassLoaders$AppClassLoader@568db2f2
2026-04-01 18:52:07 [JavaFX Application Thread] DEBUG application.java.manager.LogManager - [備品分類マスタ メンテナンス] ： リスト表示処理
2026-04-01 18:52:07 [JavaFX Application Thread] DEBUG application.java.manager.LogManager - [SQL操作クラス] ： 非同期処理 SELECT句発行
2026-04-01 18:52:07 [Thread-3] DEBUG application.java.manager.LogManager - [SQL操作クラス] ： SELECT句発行
2026-04-01 18:52:07 [Thread-3] DEBUG application.java.manager.LogManager - [備品分類マスタ メンテナンス] ： DB 備品分類マスタ取得処理
2026-04-01 18:52:07 [JavaFX Application Thread] INFO  application.java.manager.LogManager - /application/resources/css/StockTypeMasterStyle.css

2026-04-01 18:52:07 [JavaFX Application Thread] INFO  application.java.manager.LogManager - 画面展開 [setPage] : 備品分類マスタ メンテナンス
2026-04-01 18:52:07 [Thread-3] DEBUG o.a.i.t.jdbc.JdbcTransaction - Opening JDBC Connection
2026-04-01 18:52:07 [Thread-3] DEBUG com.zaxxer.hikari.HikariConfig - HikariPool-1 - configuration:
2026-04-01 18:52:07 [Thread-3] DEBUG com.zaxxer.hikari.HikariConfig - allowPoolSuspension.............false
2026-04-01 18:52:07 [Thread-3] DEBUG com.zaxxer.hikari.HikariConfig - autoCommit......................true
2026-04-01 18:52:07 [Thread-3] DEBUG com.zaxxer.hikari.HikariConfig - catalog.........................none
2026-04-01 18:52:07 [Thread-3] DEBUG com.zaxxer.hikari.HikariConfig - connectionInitSql...............none
2026-04-01 18:52:07 [Thread-3] DEBUG com.zaxxer.hikari.HikariConfig - connectionTestQuery.............none
2026-04-01 18:52:07 [Thread-3] DEBUG com.zaxxer.hikari.HikariConfig - connectionTimeout...............30000
2026-04-01 18:52:07 [Thread-3] DEBUG com.zaxxer.hikari.HikariConfig - credentials.....................com.zaxxer.hikari.util.Credentials@6ccbc32f
2026-04-01 18:52:07 [Thread-3] DEBUG com.zaxxer.hikari.HikariConfig - credentialsProvider.............none
2026-04-01 18:52:07 [Thread-3] DEBUG com.zaxxer.hikari.HikariConfig - credentialsProviderClassName....none
2026-04-01 18:52:07 [Thread-3] DEBUG com.zaxxer.hikari.HikariConfig - dataSource......................none
2026-04-01 18:52:07 [Thread-3] DEBUG com.zaxxer.hikari.HikariConfig - dataSourceClassName.............none
2026-04-01 18:52:07 [Thread-3] DEBUG com.zaxxer.hikari.HikariConfig - dataSourceJNDI..................none
2026-04-01 18:52:07 [Thread-3] DEBUG com.zaxxer.hikari.HikariConfig - dataSourceProperties............{password=<masked>}
2026-04-01 18:52:07 [Thread-3] DEBUG com.zaxxer.hikari.HikariConfig - driverClassName................."com.mysql.cj.jdbc.Driver"
2026-04-01 18:52:07 [Thread-3] DEBUG com.zaxxer.hikari.HikariConfig - exceptionOverride...............none
2026-04-01 18:52:07 [Thread-3] DEBUG com.zaxxer.hikari.HikariConfig - exceptionOverrideClassName......none
2026-04-01 18:52:07 [Thread-3] DEBUG com.zaxxer.hikari.HikariConfig - healthCheckProperties...........{}
2026-04-01 18:52:07 [Thread-3] DEBUG com.zaxxer.hikari.HikariConfig - healthCheckRegistry.............none
2026-04-01 18:52:07 [Thread-3] DEBUG com.zaxxer.hikari.HikariConfig - idleTimeout.....................600000
2026-04-01 18:52:07 [Thread-3] DEBUG com.zaxxer.hikari.HikariConfig - initializationFailTimeout.......1
2026-04-01 18:52:07 [Thread-3] DEBUG com.zaxxer.hikari.HikariConfig - isolateInternalQueries..........false
2026-04-01 18:52:07 [Thread-3] DEBUG com.zaxxer.hikari.HikariConfig - jdbcUrl.........................jdbc:mysql://localhost:3306/test?useUnicode=true&characterEncoding=UTF-8&serverTimezone=GMT%2B9&useSSL=false&allowPublicKeyRetrieval=true&useCursorFetch=true
2026-04-01 18:52:07 [Thread-3] DEBUG com.zaxxer.hikari.HikariConfig - keepaliveTime...................120000
2026-04-01 18:52:07 [Thread-3] DEBUG com.zaxxer.hikari.HikariConfig - leakDetectionThreshold..........0
2026-04-01 18:52:07 [Thread-3] DEBUG com.zaxxer.hikari.HikariConfig - maxLifetime.....................1800000
2026-04-01 18:52:07 [Thread-3] DEBUG com.zaxxer.hikari.HikariConfig - maximumPoolSize.................20
2026-04-01 18:52:07 [Thread-3] DEBUG com.zaxxer.hikari.HikariConfig - metricRegistry..................none
2026-04-01 18:52:07 [Thread-3] DEBUG com.zaxxer.hikari.HikariConfig - metricsTrackerFactory...........none
2026-04-01 18:52:07 [Thread-3] DEBUG com.zaxxer.hikari.HikariConfig - minimumIdle.....................20
2026-04-01 18:52:07 [Thread-3] DEBUG com.zaxxer.hikari.HikariConfig - password........................<masked>
2026-04-01 18:52:07 [Thread-3] DEBUG com.zaxxer.hikari.HikariConfig - poolName........................"HikariPool-1"
2026-04-01 18:52:07 [Thread-3] DEBUG com.zaxxer.hikari.HikariConfig - readOnly........................false
2026-04-01 18:52:07 [Thread-3] DEBUG com.zaxxer.hikari.HikariConfig - registerMbeans..................false
2026-04-01 18:52:07 [Thread-3] DEBUG com.zaxxer.hikari.HikariConfig - scheduledExecutor...............none
2026-04-01 18:52:07 [Thread-3] DEBUG com.zaxxer.hikari.HikariConfig - schema..........................none
2026-04-01 18:52:07 [Thread-3] DEBUG com.zaxxer.hikari.HikariConfig - threadFactory...................internal
2026-04-01 18:52:07 [Thread-3] DEBUG com.zaxxer.hikari.HikariConfig - transactionIsolation............default
2026-04-01 18:52:07 [Thread-3] DEBUG com.zaxxer.hikari.HikariConfig - username........................"app2"
2026-04-01 18:52:07 [Thread-3] DEBUG com.zaxxer.hikari.HikariConfig - validationTimeout...............5000
2026-04-01 18:52:07 [Thread-3] INFO  com.zaxxer.hikari.HikariDataSource - HikariPool-1 - Starting...
2026-04-01 18:52:07 [Thread-3] DEBUG com.zaxxer.hikari.pool.PoolBase - HikariPool-1 - Attempting to create/setup new connection (099cd9d2-f649-47fb-8452-f5758906c341)
2026-04-01 18:52:07 [Thread-3] DEBUG com.zaxxer.hikari.pool.PoolBase - HikariPool-1 - Established new connection (099cd9d2-f649-47fb-8452-f5758906c341)
2026-04-01 18:52:07 [Thread-3] INFO  com.zaxxer.hikari.pool.HikariPool - HikariPool-1 - Added connection com.mysql.cj.jdbc.ConnectionImpl@1082aab4
2026-04-01 18:52:07 [Thread-3] INFO  com.zaxxer.hikari.HikariDataSource - HikariPool-1 - Start completed.
2026-04-01 18:52:07 [Thread-3] DEBUG o.a.i.t.jdbc.JdbcTransaction - Setting autocommit to false on JDBC Connection [HikariProxyConnection@385193468 wrapping com.mysql.cj.jdbc.ConnectionImpl@1082aab4]
2026-04-01 18:52:07 [Thread-3] DEBUG a.r.m.S.selectMaintenance - ==>  Preparing: SELECT STM.id AS stockTypeId, STM.stock_type, STM.stock_code, STM.name AS stockTypeName, STM.del AS delFlg FROM stock_type_master STM WHERE 1 = 1 ORDER BY STM.stock_type, STM.stock_code
2026-04-01 18:52:07 [Thread-3] DEBUG a.r.m.S.selectMaintenance - ==> Parameters: 
2026-04-01 18:52:08 [Thread-3] DEBUG a.r.m.S.selectMaintenance - <==      Total: 17
2026-04-01 18:52:08 [Thread-3] DEBUG o.a.i.t.jdbc.JdbcTransaction - Resetting autocommit to true on JDBC Connection [HikariProxyConnection@385193468 wrapping com.mysql.cj.jdbc.ConnectionImpl@1082aab4]
2026-04-01 18:52:08 [Thread-3] DEBUG o.a.i.t.jdbc.JdbcTransaction - Closing JDBC Connection [HikariProxyConnection@385193468 wrapping com.mysql.cj.jdbc.ConnectionImpl@1082aab4]
2026-04-01 18:52:08 [HikariPool-1:housekeeper] DEBUG com.zaxxer.hikari.pool.HikariPool - HikariPool-1 - Pool stats (total=1/20, idle=1/20, active=0, waiting=0)
2026-04-01 18:52:08 [HikariPool-1:connection-adder] DEBUG com.zaxxer.hikari.pool.PoolBase - HikariPool-1 - Attempting to create/setup new connection (fe692178-3356-4fee-9cf1-72bc66e22adb)
2026-04-01 18:52:08 [HikariPool-1:connection-adder] DEBUG com.zaxxer.hikari.pool.PoolBase - HikariPool-1 - Established new connection (fe692178-3356-4fee-9cf1-72bc66e22adb)
2026-04-01 18:52:08 [HikariPool-1:connection-adder] DEBUG com.zaxxer.hikari.pool.HikariPool - HikariPool-1 - Added connection com.mysql.cj.jdbc.ConnectionImpl@784e0601
2026-04-01 18:52:08 [HikariPool-1:connection-adder] DEBUG com.zaxxer.hikari.pool.HikariPool - HikariPool-1 - After adding stats (total=2/20, idle=2/20, active=0, waiting=0)
2026-04-01 18:52:08 [HikariPool-1:connection-adder] DEBUG com.zaxxer.hikari.pool.PoolBase - HikariPool-1 - Attempting to create/setup new connection (1982c51c-fca2-4ee1-9490-cd095c4012d8)
2026-04-01 18:52:08 [HikariPool-1:connection-adder] DEBUG com.zaxxer.hikari.pool.PoolBase - HikariPool-1 - Established new connection (1982c51c-fca2-4ee1-9490-cd095c4012d8)
2026-04-01 18:52:08 [HikariPool-1:connection-adder] DEBUG com.zaxxer.hikari.pool.HikariPool - HikariPool-1 - Added connection com.mysql.cj.jdbc.ConnectionImpl@76d142
2026-04-01 18:52:08 [HikariPool-1:connection-adder] DEBUG com.zaxxer.hikari.pool.HikariPool - HikariPool-1 - After adding stats (total=3/20, idle=3/20, active=0, waiting=0)
2026-04-01 18:52:08 [HikariPool-1:connection-adder] DEBUG com.zaxxer.hikari.pool.PoolBase - HikariPool-1 - Attempting to create/setup new connection (1d0ca179-19cc-45f0-92ea-86357f5ed126)
2026-04-01 18:52:08 [HikariPool-1:connection-adder] DEBUG com.zaxxer.hikari.pool.PoolBase - HikariPool-1 - Established new connection (1d0ca179-19cc-45f0-92ea-86357f5ed126)
2026-04-01 18:52:08 [HikariPool-1:connection-adder] DEBUG com.zaxxer.hikari.pool.HikariPool - HikariPool-1 - Added connection com.mysql.cj.jdbc.ConnectionImpl@786f329e
2026-04-01 18:52:08 [HikariPool-1:connection-adder] DEBUG com.zaxxer.hikari.pool.HikariPool - HikariPool-1 - After adding stats (total=4/20, idle=4/20, active=0, waiting=0)
2026-04-01 18:52:08 [HikariPool-1:connection-adder] DEBUG com.zaxxer.hikari.pool.PoolBase - HikariPool-1 - Attempting to create/setup new connection (d35b35aa-6299-476a-8959-655a3f1122b5)
2026-04-01 18:52:08 [HikariPool-1:connection-adder] DEBUG com.zaxxer.hikari.pool.PoolBase - HikariPool-1 - Established new connection (d35b35aa-6299-476a-8959-655a3f1122b5)
2026-04-01 18:52:08 [HikariPool-1:connection-adder] DEBUG com.zaxxer.hikari.pool.HikariPool - HikariPool-1 - Added connection com.mysql.cj.jdbc.ConnectionImpl@6f96c5dd
2026-04-01 18:52:08 [HikariPool-1:connection-adder] DEBUG com.zaxxer.hikari.pool.HikariPool - HikariPool-1 - After adding stats (total=5/20, idle=5/20, active=0, waiting=0)
2026-04-01 18:52:08 [HikariPool-1:connection-adder] DEBUG com.zaxxer.hikari.pool.PoolBase - HikariPool-1 - Attempting to create/setup new connection (97d8f327-e9e5-4fb1-a1fb-04d6e8381367)
2026-04-01 18:52:08 [HikariPool-1:connection-adder] DEBUG com.zaxxer.hikari.pool.PoolBase - HikariPool-1 - Established new connection (97d8f327-e9e5-4fb1-a1fb-04d6e8381367)
2026-04-01 18:52:08 [HikariPool-1:connection-adder] DEBUG com.zaxxer.hikari.pool.HikariPool - HikariPool-1 - Added connection com.mysql.cj.jdbc.ConnectionImpl@636b5ecb
2026-04-01 18:52:08 [HikariPool-1:connection-adder] DEBUG com.zaxxer.hikari.pool.HikariPool - HikariPool-1 - After adding stats (total=6/20, idle=6/20, active=0, waiting=0)
2026-04-01 18:52:08 [HikariPool-1:connection-adder] DEBUG com.zaxxer.hikari.pool.PoolBase - HikariPool-1 - Attempting to create/setup new connection (d11ee785-553e-4c86-8caa-8b014f8bd2ae)
2026-04-01 18:52:08 [HikariPool-1:connection-adder] DEBUG com.zaxxer.hikari.pool.PoolBase - HikariPool-1 - Established new connection (d11ee785-553e-4c86-8caa-8b014f8bd2ae)
2026-04-01 18:52:08 [HikariPool-1:connection-adder] DEBUG com.zaxxer.hikari.pool.HikariPool - HikariPool-1 - Added connection com.mysql.cj.jdbc.ConnectionImpl@47340da
2026-04-01 18:52:08 [HikariPool-1:connection-adder] DEBUG com.zaxxer.hikari.pool.HikariPool - HikariPool-1 - After adding stats (total=7/20, idle=7/20, active=0, waiting=0)
2026-04-01 18:52:08 [HikariPool-1:connection-adder] DEBUG com.zaxxer.hikari.pool.PoolBase - HikariPool-1 - Attempting to create/setup new connection (17587e3e-4193-4401-b5d0-dfc6790c72cb)
2026-04-01 18:52:08 [HikariPool-1:connection-adder] DEBUG com.zaxxer.hikari.pool.PoolBase - HikariPool-1 - Established new connection (17587e3e-4193-4401-b5d0-dfc6790c72cb)
2026-04-01 18:52:08 [HikariPool-1:connection-adder] DEBUG com.zaxxer.hikari.pool.HikariPool - HikariPool-1 - Added connection com.mysql.cj.jdbc.ConnectionImpl@54f14ab5
2026-04-01 18:52:08 [HikariPool-1:connection-adder] DEBUG com.zaxxer.hikari.pool.HikariPool - HikariPool-1 - After adding stats (total=8/20, idle=8/20, active=0, waiting=0)
2026-04-01 18:52:08 [HikariPool-1:connection-adder] DEBUG com.zaxxer.hikari.pool.PoolBase - HikariPool-1 - Attempting to create/setup new connection (161fa92a-47a2-4b84-991a-e69626430fe8)
2026-04-01 18:52:08 [HikariPool-1:connection-adder] DEBUG com.zaxxer.hikari.pool.PoolBase - HikariPool-1 - Established new connection (161fa92a-47a2-4b84-991a-e69626430fe8)
2026-04-01 18:52:08 [HikariPool-1:connection-adder] DEBUG com.zaxxer.hikari.pool.HikariPool - HikariPool-1 - Added connection com.mysql.cj.jdbc.ConnectionImpl@1374e9c
2026-04-01 18:52:08 [HikariPool-1:connection-adder] DEBUG com.zaxxer.hikari.pool.HikariPool - HikariPool-1 - After adding stats (total=9/20, idle=9/20, active=0, waiting=0)
2026-04-01 18:52:08 [HikariPool-1:connection-adder] DEBUG com.zaxxer.hikari.pool.PoolBase - HikariPool-1 - Attempting to create/setup new connection (4ac8517e-a7a0-44e5-810d-c6dfaa7ffe87)
2026-04-01 18:52:08 [HikariPool-1:connection-adder] DEBUG com.zaxxer.hikari.pool.PoolBase - HikariPool-1 - Established new connection (4ac8517e-a7a0-44e5-810d-c6dfaa7ffe87)
2026-04-01 18:52:08 [HikariPool-1:connection-adder] DEBUG com.zaxxer.hikari.pool.HikariPool - HikariPool-1 - Added connection com.mysql.cj.jdbc.ConnectionImpl@1cbd6f2b
2026-04-01 18:52:08 [HikariPool-1:connection-adder] DEBUG com.zaxxer.hikari.pool.HikariPool - HikariPool-1 - After adding stats (total=10/20, idle=10/20, active=0, waiting=0)
2026-04-01 18:52:08 [HikariPool-1:connection-adder] DEBUG com.zaxxer.hikari.pool.PoolBase - HikariPool-1 - Attempting to create/setup new connection (e37640fb-791c-41a4-8b00-c76ded787dbc)
2026-04-01 18:52:08 [HikariPool-1:connection-adder] DEBUG com.zaxxer.hikari.pool.PoolBase - HikariPool-1 - Established new connection (e37640fb-791c-41a4-8b00-c76ded787dbc)
2026-04-01 18:52:08 [HikariPool-1:connection-adder] DEBUG com.zaxxer.hikari.pool.HikariPool - HikariPool-1 - Added connection com.mysql.cj.jdbc.ConnectionImpl@5d2240a8
2026-04-01 18:52:08 [HikariPool-1:connection-adder] DEBUG com.zaxxer.hikari.pool.HikariPool - HikariPool-1 - After adding stats (total=11/20, idle=11/20, active=0, waiting=0)
2026-04-01 18:52:08 [HikariPool-1:connection-adder] DEBUG com.zaxxer.hikari.pool.PoolBase - HikariPool-1 - Attempting to create/setup new connection (96fca805-630a-48e0-a2e0-b932f0e3f3f5)
2026-04-01 18:52:08 [HikariPool-1:connection-adder] DEBUG com.zaxxer.hikari.pool.PoolBase - HikariPool-1 - Established new connection (96fca805-630a-48e0-a2e0-b932f0e3f3f5)
2026-04-01 18:52:08 [HikariPool-1:connection-adder] DEBUG com.zaxxer.hikari.pool.HikariPool - HikariPool-1 - Added connection com.mysql.cj.jdbc.ConnectionImpl@51247367
2026-04-01 18:52:08 [HikariPool-1:connection-adder] DEBUG com.zaxxer.hikari.pool.HikariPool - HikariPool-1 - After adding stats (total=12/20, idle=12/20, active=0, waiting=0)
2026-04-01 18:52:08 [HikariPool-1:connection-adder] DEBUG com.zaxxer.hikari.pool.PoolBase - HikariPool-1 - Attempting to create/setup new connection (cf8a6ef8-aa0a-4a40-89d1-1779498b726a)
2026-04-01 18:52:08 [HikariPool-1:connection-adder] DEBUG com.zaxxer.hikari.pool.PoolBase - HikariPool-1 - Established new connection (cf8a6ef8-aa0a-4a40-89d1-1779498b726a)
2026-04-01 18:52:08 [HikariPool-1:connection-adder] DEBUG com.zaxxer.hikari.pool.HikariPool - HikariPool-1 - Added connection com.mysql.cj.jdbc.ConnectionImpl@2daf3b4b
2026-04-01 18:52:08 [HikariPool-1:connection-adder] DEBUG com.zaxxer.hikari.pool.HikariPool - HikariPool-1 - After adding stats (total=13/20, idle=13/20, active=0, waiting=0)
2026-04-01 18:52:08 [HikariPool-1:connection-adder] DEBUG com.zaxxer.hikari.pool.PoolBase - HikariPool-1 - Attempting to create/setup new connection (d5a0698f-04f3-4846-b984-c99f407670ae)
2026-04-01 18:52:08 [HikariPool-1:connection-adder] DEBUG com.zaxxer.hikari.pool.PoolBase - HikariPool-1 - Established new connection (d5a0698f-04f3-4846-b984-c99f407670ae)
2026-04-01 18:52:08 [HikariPool-1:connection-adder] DEBUG com.zaxxer.hikari.pool.HikariPool - HikariPool-1 - Added connection com.mysql.cj.jdbc.ConnectionImpl@45ca22d7
2026-04-01 18:52:08 [HikariPool-1:connection-adder] DEBUG com.zaxxer.hikari.pool.HikariPool - HikariPool-1 - After adding stats (total=14/20, idle=14/20, active=0, waiting=0)
2026-04-01 18:52:08 [HikariPool-1:connection-adder] DEBUG com.zaxxer.hikari.pool.PoolBase - HikariPool-1 - Attempting to create/setup new connection (fe4551c4-7b65-494b-82e3-898b95a20714)
2026-04-01 18:52:08 [HikariPool-1:connection-adder] DEBUG com.zaxxer.hikari.pool.PoolBase - HikariPool-1 - Established new connection (fe4551c4-7b65-494b-82e3-898b95a20714)
2026-04-01 18:52:08 [HikariPool-1:connection-adder] DEBUG com.zaxxer.hikari.pool.HikariPool - HikariPool-1 - Added connection com.mysql.cj.jdbc.ConnectionImpl@4b73355f
2026-04-01 18:52:08 [HikariPool-1:connection-adder] DEBUG com.zaxxer.hikari.pool.HikariPool - HikariPool-1 - After adding stats (total=15/20, idle=15/20, active=0, waiting=0)
2026-04-01 18:52:08 [HikariPool-1:connection-adder] DEBUG com.zaxxer.hikari.pool.PoolBase - HikariPool-1 - Attempting to create/setup new connection (c7239e37-9e16-48c0-a3fb-467806286645)
2026-04-01 18:52:08 [HikariPool-1:connection-adder] DEBUG com.zaxxer.hikari.pool.PoolBase - HikariPool-1 - Established new connection (c7239e37-9e16-48c0-a3fb-467806286645)
2026-04-01 18:52:08 [HikariPool-1:connection-adder] DEBUG com.zaxxer.hikari.pool.HikariPool - HikariPool-1 - Added connection com.mysql.cj.jdbc.ConnectionImpl@5635fd30
2026-04-01 18:52:08 [HikariPool-1:connection-adder] DEBUG com.zaxxer.hikari.pool.HikariPool - HikariPool-1 - After adding stats (total=16/20, idle=16/20, active=0, waiting=0)
2026-04-01 18:52:08 [HikariPool-1:connection-adder] DEBUG com.zaxxer.hikari.pool.PoolBase - HikariPool-1 - Attempting to create/setup new connection (248e6d1d-627d-4fa3-bb7a-db7d967801dd)
2026-04-01 18:52:08 [HikariPool-1:connection-adder] DEBUG com.zaxxer.hikari.pool.PoolBase - HikariPool-1 - Established new connection (248e6d1d-627d-4fa3-bb7a-db7d967801dd)
2026-04-01 18:52:08 [HikariPool-1:connection-adder] DEBUG com.zaxxer.hikari.pool.HikariPool - HikariPool-1 - Added connection com.mysql.cj.jdbc.ConnectionImpl@a66e63c
2026-04-01 18:52:08 [HikariPool-1:connection-adder] DEBUG com.zaxxer.hikari.pool.HikariPool - HikariPool-1 - After adding stats (total=17/20, idle=17/20, active=0, waiting=0)
2026-04-01 18:52:08 [HikariPool-1:connection-adder] DEBUG com.zaxxer.hikari.pool.PoolBase - HikariPool-1 - Attempting to create/setup new connection (801dd4ca-6814-4afe-afd9-1589e088f193)
2026-04-01 18:52:08 [HikariPool-1:connection-adder] DEBUG com.zaxxer.hikari.pool.PoolBase - HikariPool-1 - Established new connection (801dd4ca-6814-4afe-afd9-1589e088f193)
2026-04-01 18:52:08 [HikariPool-1:connection-adder] DEBUG com.zaxxer.hikari.pool.HikariPool - HikariPool-1 - Added connection com.mysql.cj.jdbc.ConnectionImpl@5c081519
2026-04-01 18:52:08 [HikariPool-1:connection-adder] DEBUG com.zaxxer.hikari.pool.HikariPool - HikariPool-1 - After adding stats (total=18/20, idle=18/20, active=0, waiting=0)
2026-04-01 18:52:08 [HikariPool-1:connection-adder] DEBUG com.zaxxer.hikari.pool.PoolBase - HikariPool-1 - Attempting to create/setup new connection (80552627-4b69-4dcf-a128-afea46171549)
2026-04-01 18:52:08 [HikariPool-1:connection-adder] DEBUG com.zaxxer.hikari.pool.PoolBase - HikariPool-1 - Established new connection (80552627-4b69-4dcf-a128-afea46171549)
2026-04-01 18:52:08 [HikariPool-1:connection-adder] DEBUG com.zaxxer.hikari.pool.HikariPool - HikariPool-1 - Added connection com.mysql.cj.jdbc.ConnectionImpl@56f58303
2026-04-01 18:52:08 [HikariPool-1:connection-adder] DEBUG com.zaxxer.hikari.pool.HikariPool - HikariPool-1 - After adding stats (total=19/20, idle=19/20, active=0, waiting=0)
2026-04-01 18:52:08 [HikariPool-1:connection-adder] DEBUG com.zaxxer.hikari.pool.PoolBase - HikariPool-1 - Attempting to create/setup new connection (456a8d16-7da5-443e-ac6c-de12beeaca99)
2026-04-01 18:52:08 [HikariPool-1:connection-adder] DEBUG com.zaxxer.hikari.pool.PoolBase - HikariPool-1 - Established new connection (456a8d16-7da5-443e-ac6c-de12beeaca99)
2026-04-01 18:52:08 [HikariPool-1:connection-adder] DEBUG com.zaxxer.hikari.pool.HikariPool - HikariPool-1 - Added connection com.mysql.cj.jdbc.ConnectionImpl@2abe582
2026-04-01 18:52:08 [HikariPool-1:connection-adder] DEBUG com.zaxxer.hikari.pool.HikariPool - HikariPool-1 - After adding stats (total=20/20, idle=20/20, active=0, waiting=0)
2026-04-01 18:52:23 [JavaFX Application Thread] INFO  application.java.manager.LogManager - [備品分類マスタ メンテナンス] ： [登録]ボタン押下
2026-04-01 18:52:23 [JavaFX Application Thread] DEBUG application.java.manager.LogManager - [SQL操作クラス] ： クエリ発行処理
2026-04-01 18:52:23 [JavaFX Application Thread] DEBUG application.java.manager.LogManager - [備品分類マスタ メンテナンス] ： DB 備品分類マスタ存在確認
2026-04-01 18:52:23 [JavaFX Application Thread] DEBUG o.a.i.t.jdbc.JdbcTransaction - Opening JDBC Connection
2026-04-01 18:52:23 [JavaFX Application Thread] DEBUG o.a.i.t.jdbc.JdbcTransaction - Setting autocommit to false on JDBC Connection [HikariProxyConnection@305494805 wrapping com.mysql.cj.jdbc.ConnectionImpl@1082aab4]
2026-04-01 18:52:23 [JavaFX Application Thread] DEBUG a.r.m.S.existsStockType - ==>  Preparing: SELECT EXISTS ( SELECT 1 FROM stock_type_master WHERE 1 = 1 AND stock_type = ? AND stock_code = ? ) AS IS_EXISTS
2026-04-01 18:52:23 [JavaFX Application Thread] DEBUG a.r.m.S.existsStockType - ==> Parameters: 3(Integer), 4(String)
2026-04-01 18:52:23 [JavaFX Application Thread] DEBUG a.r.m.S.existsStockType - <==      Total: 1
2026-04-01 18:52:23 [JavaFX Application Thread] DEBUG o.a.i.t.jdbc.JdbcTransaction - Resetting autocommit to true on JDBC Connection [HikariProxyConnection@305494805 wrapping com.mysql.cj.jdbc.ConnectionImpl@1082aab4]
2026-04-01 18:52:23 [JavaFX Application Thread] DEBUG o.a.i.t.jdbc.JdbcTransaction - Closing JDBC Connection [HikariProxyConnection@305494805 wrapping com.mysql.cj.jdbc.ConnectionImpl@1082aab4]
2026-04-01 18:52:25 [JavaFX Application Thread] DEBUG application.java.manager.LogManager - [備品分類マスタ メンテナンス] ： 備品分類マスタ登録処理
2026-04-01 18:52:25 [JavaFX Application Thread] DEBUG application.java.manager.LogManager - [SQL操作クラス] ： トランザクション使用 クエリ発行・操作処理
2026-04-01 18:52:25 [JavaFX Application Thread] DEBUG application.java.manager.LogManager - [備品分類マスタ メンテナンス] ： DB 備品分類マスタ登録
2026-04-01 18:52:25 [JavaFX Application Thread] DEBUG o.a.i.t.jdbc.JdbcTransaction - Opening JDBC Connection
2026-04-01 18:52:25 [JavaFX Application Thread] DEBUG o.a.i.t.jdbc.JdbcTransaction - Setting autocommit to false on JDBC Connection [HikariProxyConnection@1190130043 wrapping com.mysql.cj.jdbc.ConnectionImpl@1082aab4]
2026-04-01 18:52:25 [JavaFX Application Thread] DEBUG a.r.m.S.insStockTypeMasterOnes - ==>  Preparing: INSERT INTO stock_type_master ( stock_type, stock_code, name, del ) VALUES ( ? , ? , ? , ? )
2026-04-01 18:52:25 [JavaFX Application Thread] DEBUG a.r.m.S.insStockTypeMasterOnes - ==> Parameters: 3(Integer), 4(String), テスト備品分類(String), false(Boolean)
2026-04-01 18:52:25 [JavaFX Application Thread] DEBUG a.r.m.S.insStockTypeMasterOnes - <==    Updates: 1
2026-04-01 18:52:25 [JavaFX Application Thread] DEBUG o.a.i.t.jdbc.JdbcTransaction - Committing JDBC Connection [HikariProxyConnection@1190130043 wrapping com.mysql.cj.jdbc.ConnectionImpl@1082aab4]
2026-04-01 18:52:25 [JavaFX Application Thread] DEBUG o.a.i.t.jdbc.JdbcTransaction - Resetting autocommit to true on JDBC Connection [HikariProxyConnection@1190130043 wrapping com.mysql.cj.jdbc.ConnectionImpl@1082aab4]
2026-04-01 18:52:25 [JavaFX Application Thread] DEBUG o.a.i.t.jdbc.JdbcTransaction - Closing JDBC Connection [HikariProxyConnection@1190130043 wrapping com.mysql.cj.jdbc.ConnectionImpl@1082aab4]
2026-04-01 18:52:25 [JavaFX Application Thread] DEBUG application.java.manager.LogManager - [備品分類マスタ メンテナンス] ： リスト再表示処理
2026-04-01 18:52:25 [JavaFX Application Thread] DEBUG application.java.manager.LogManager - [SQL操作クラス] ： 非同期処理 SELECT句発行
2026-04-01 18:52:25 [Thread-4] DEBUG application.java.manager.LogManager - [SQL操作クラス] ： SELECT句発行
2026-04-01 18:52:25 [Thread-4] DEBUG application.java.manager.LogManager - [備品分類マスタ メンテナンス] ： DB 備品分類マスタ取得処理
2026-04-01 18:52:25 [Thread-4] DEBUG o.a.i.t.jdbc.JdbcTransaction - Opening JDBC Connection
2026-04-01 18:52:25 [Thread-4] DEBUG o.a.i.t.jdbc.JdbcTransaction - Setting autocommit to false on JDBC Connection [HikariProxyConnection@254324774 wrapping com.mysql.cj.jdbc.ConnectionImpl@1082aab4]
2026-04-01 18:52:25 [Thread-4] DEBUG a.r.m.S.selectMaintenance - ==>  Preparing: SELECT STM.id AS stockTypeId, STM.stock_type, STM.stock_code, STM.name AS stockTypeName, STM.del AS delFlg FROM stock_type_master STM WHERE 1 = 1 ORDER BY STM.stock_type, STM.stock_code
2026-04-01 18:52:25 [Thread-4] DEBUG a.r.m.S.selectMaintenance - ==> Parameters: 
2026-04-01 18:52:25 [Thread-4] DEBUG a.r.m.S.selectMaintenance - <==      Total: 18
2026-04-01 18:52:25 [Thread-4] DEBUG o.a.i.t.jdbc.JdbcTransaction - Resetting autocommit to true on JDBC Connection [HikariProxyConnection@254324774 wrapping com.mysql.cj.jdbc.ConnectionImpl@1082aab4]
2026-04-01 18:52:25 [Thread-4] DEBUG o.a.i.t.jdbc.JdbcTransaction - Closing JDBC Connection [HikariProxyConnection@254324774 wrapping com.mysql.cj.jdbc.ConnectionImpl@1082aab4]
2026-04-01 18:52:38 [HikariPool-1:housekeeper] DEBUG com.zaxxer.hikari.pool.HikariPool - HikariPool-1 - Pool stats (total=20/20, idle=20/20, active=0, waiting=0)
2026-04-01 18:52:38 [HikariPool-1:housekeeper] DEBUG com.zaxxer.hikari.pool.HikariPool - HikariPool-1 - Fill pool skipped, pool has sufficient level or currently being filled.
2026-04-01 18:52:57 [JavaFX Application Thread] INFO  application.java.manager.LogManager - [備品分類マスタ メンテナンス] ： [更新]ボタン押下
2026-04-01 18:53:08 [HikariPool-1:housekeeper] DEBUG com.zaxxer.hikari.pool.HikariPool - HikariPool-1 - Pool stats (total=20/20, idle=20/20, active=0, waiting=0)
2026-04-01 18:53:08 [HikariPool-1:housekeeper] DEBUG com.zaxxer.hikari.pool.HikariPool - HikariPool-1 - Fill pool skipped, pool has sufficient level or currently being filled.
2026-04-01 18:53:17 [JavaFX Application Thread] INFO  application.java.manager.LogManager - [備品分類マスタ メンテナンス] ： [新規]ボタン押下
2026-04-01 18:53:34 [JavaFX Application Thread] INFO  application.java.manager.LogManager - [備品分類マスタ メンテナンス] ： [登録]ボタン押下
2026-04-01 18:53:34 [JavaFX Application Thread] DEBUG application.java.manager.LogManager - [SQL操作クラス] ： クエリ発行処理
2026-04-01 18:53:34 [JavaFX Application Thread] DEBUG application.java.manager.LogManager - [備品分類マスタ メンテナンス] ： DB 備品分類マスタ存在確認
2026-04-01 18:53:34 [JavaFX Application Thread] DEBUG o.a.i.t.jdbc.JdbcTransaction - Opening JDBC Connection
2026-04-01 18:53:34 [JavaFX Application Thread] DEBUG o.a.i.t.jdbc.JdbcTransaction - Setting autocommit to false on JDBC Connection [HikariProxyConnection@1510800792 wrapping com.mysql.cj.jdbc.ConnectionImpl@1082aab4]
2026-04-01 18:53:34 [JavaFX Application Thread] DEBUG a.r.m.S.existsStockType - ==>  Preparing: SELECT EXISTS ( SELECT 1 FROM stock_type_master WHERE 1 = 1 AND stock_type = ? AND stock_code = ? ) AS IS_EXISTS
2026-04-01 18:53:34 [JavaFX Application Thread] DEBUG a.r.m.S.existsStockType - ==> Parameters: 3(Integer), 5(String)
2026-04-01 18:53:34 [JavaFX Application Thread] DEBUG a.r.m.S.existsStockType - <==      Total: 1
2026-04-01 18:53:34 [JavaFX Application Thread] DEBUG o.a.i.t.jdbc.JdbcTransaction - Resetting autocommit to true on JDBC Connection [HikariProxyConnection@1510800792 wrapping com.mysql.cj.jdbc.ConnectionImpl@1082aab4]
2026-04-01 18:53:34 [JavaFX Application Thread] DEBUG o.a.i.t.jdbc.JdbcTransaction - Closing JDBC Connection [HikariProxyConnection@1510800792 wrapping com.mysql.cj.jdbc.ConnectionImpl@1082aab4]
2026-04-01 18:53:38 [HikariPool-1:housekeeper] DEBUG com.zaxxer.hikari.pool.HikariPool - HikariPool-1 - Pool stats (total=20/20, idle=20/20, active=0, waiting=0)
2026-04-01 18:53:38 [HikariPool-1:housekeeper] DEBUG com.zaxxer.hikari.pool.HikariPool - HikariPool-1 - Fill pool skipped, pool has sufficient level or currently being filled.
2026-04-01 18:53:39 [JavaFX Application Thread] INFO  application.java.manager.LogManager - [備品分類マスタ メンテナンス] ： [メニューに戻る]ボタン押下
2026-04-01 18:53:39 [JavaFX Application Thread] INFO  application.java.manager.LogManager - [備品管理システム メニュー画面] ： 初期化処理
2026-04-01 18:53:39 [JavaFX Application Thread] INFO  application.java.manager.LogManager - 呼出中[Page](備品分類マスタ メンテナンス)の終了処理(dispose)を実行
2026-04-01 18:53:39 [JavaFX Application Thread] INFO  application.java.manager.LogManager - 画面展開 [setPage] ： 画面設定・表示処理 開始
2026-04-01 18:53:39 [JavaFX Application Thread] DEBUG application.java.manager.LogManager - Window切替 [setWindowFrame] : TRANSPARENT(透明枠・背景色透明)
2026-04-01 18:53:39 [JavaFX Application Thread] INFO  application.java.manager.LogManager - /application/resources/css/MenuMacFinderStyle.css

2026-04-01 18:53:39 [JavaFX Application Thread] INFO  application.java.manager.LogManager - 画面展開 [setPage] : 備品管理システム メニュー画面
2026-04-01 18:53:42 [JavaFX Application Thread] INFO  application.java.manager.LogManager - [備品管理システム メニュー画面] ： [棚卸業務]ボタン押下
2026-04-01 18:53:42 [JavaFX Application Thread] INFO  application.java.manager.LogManager - [棚卸画面] ： 初期化処理
2026-04-01 18:53:42 [JavaFX Application Thread] INFO  application.java.manager.LogManager - スライドショーのTimelineを停止しました
2026-04-01 18:53:42 [JavaFX Application Thread] INFO  application.java.manager.LogManager - 呼出中[Page](備品管理システム メニュー画面)の終了処理(dispose)を実行
2026-04-01 18:53:42 [JavaFX Application Thread] INFO  application.java.manager.LogManager - 画面展開 [setPage] ： 画面設定・表示処理 開始
2026-04-01 18:53:42 [JavaFX Application Thread] DEBUG application.java.manager.LogManager - Window切替 [setWindowFrame] : DECORATED(標準)
2026-04-01 18:53:42 [JavaFX Application Thread] DEBUG application.java.manager.LogManager - [SQL操作クラス] ： 非同期処理 SELECT句発行
2026-04-01 18:53:42 [Thread-5] DEBUG application.java.manager.LogManager - [SQL操作クラス] ： SELECT句発行
2026-04-01 18:53:42 [Thread-5] DEBUG application.java.manager.LogManager - [棚卸画面] ： DB 備品分類マスタ取得処理
2026-04-01 18:53:42 [JavaFX Application Thread] DEBUG application.java.manager.LogManager - [SQL操作クラス] ： 非同期処理 SELECT句発行
2026-04-01 18:53:42 [Thread-6] DEBUG application.java.manager.LogManager - [SQL操作クラス] ： SELECT句発行
2026-04-01 18:53:42 [Thread-6] DEBUG application.java.manager.LogManager - [棚卸画面] ： DB 社員マスタ取得処理
2026-04-01 18:53:42 [Thread-5] DEBUG o.a.i.t.jdbc.JdbcTransaction - Opening JDBC Connection
2026-04-01 18:53:42 [Thread-6] DEBUG o.a.i.t.jdbc.JdbcTransaction - Opening JDBC Connection
2026-04-01 18:53:42 [Thread-5] DEBUG o.a.i.t.jdbc.JdbcTransaction - Setting autocommit to false on JDBC Connection [HikariProxyConnection@50536929 wrapping com.mysql.cj.jdbc.ConnectionImpl@1082aab4]
2026-04-01 18:53:42 [Thread-6] DEBUG o.a.i.t.jdbc.JdbcTransaction - Setting autocommit to false on JDBC Connection [HikariProxyConnection@1237462745 wrapping com.mysql.cj.jdbc.ConnectionImpl@784e0601]
2026-04-01 18:53:42 [Thread-5] DEBUG a.r.m.P.getStockTypeMasterData - ==>  Preparing: SELECT STM.id AS stockTypeId, STM.name AS stockTypeName FROM stock_type_master STM WHERE 1 = 1 AND STM.del = FALSE ORDER BY STM.stock_type , STM.stock_code
2026-04-01 18:53:42 [Thread-6] DEBUG a.r.m.P.getStaffMasterData - ==>  Preparing: SELECT SM.staff_no AS staffNo, SM.name AS staffName FROM staff_master SM WHERE 1 = 1 /* 棚卸のため削除フラグを考慮しない */ ORDER BY SM.staff_no
2026-04-01 18:53:42 [Thread-5] DEBUG a.r.m.P.getStockTypeMasterData - ==> Parameters: 
2026-04-01 18:53:42 [Thread-6] DEBUG a.r.m.P.getStaffMasterData - ==> Parameters: 
2026-04-01 18:53:42 [Thread-6] DEBUG a.r.m.P.getStaffMasterData - <==      Total: 5
2026-04-01 18:53:42 [Thread-6] DEBUG o.a.i.t.jdbc.JdbcTransaction - Resetting autocommit to true on JDBC Connection [HikariProxyConnection@1237462745 wrapping com.mysql.cj.jdbc.ConnectionImpl@784e0601]
2026-04-01 18:53:42 [Thread-5] DEBUG a.r.m.P.getStockTypeMasterData - <==      Total: 17
2026-04-01 18:53:42 [Thread-6] DEBUG o.a.i.t.jdbc.JdbcTransaction - Closing JDBC Connection [HikariProxyConnection@1237462745 wrapping com.mysql.cj.jdbc.ConnectionImpl@784e0601]
2026-04-01 18:53:42 [Thread-5] DEBUG o.a.i.t.jdbc.JdbcTransaction - Resetting autocommit to true on JDBC Connection [HikariProxyConnection@50536929 wrapping com.mysql.cj.jdbc.ConnectionImpl@1082aab4]
2026-04-01 18:53:42 [Thread-5] DEBUG o.a.i.t.jdbc.JdbcTransaction - Closing JDBC Connection [HikariProxyConnection@50536929 wrapping com.mysql.cj.jdbc.ConnectionImpl@1082aab4]
2026-04-01 18:53:42 [JavaFX Application Thread] DEBUG application.java.manager.LogManager - [棚卸画面] ： リスト表示処理
2026-04-01 18:53:42 [JavaFX Application Thread] DEBUG application.java.manager.LogManager - [SQL操作クラス] ： 非同期処理 SELECT句発行
2026-04-01 18:53:42 [Thread-7] DEBUG application.java.manager.LogManager - [SQL操作クラス] ： SELECT句発行
2026-04-01 18:53:42 [Thread-7] DEBUG application.java.manager.LogManager - [棚卸画面] ： DB 棚卸データ取得処理
2026-04-01 18:53:42 [JavaFX Application Thread] INFO  application.java.manager.LogManager - /application/resources/css/PerformInventoryStyle.css

2026-04-01 18:53:42 [JavaFX Application Thread] INFO  application.java.manager.LogManager - 画面展開 [setPage] : 棚卸画面
2026-04-01 18:53:42 [Thread-7] DEBUG o.a.i.t.jdbc.JdbcTransaction - Opening JDBC Connection
2026-04-01 18:53:42 [Thread-7] DEBUG o.a.i.t.jdbc.JdbcTransaction - Setting autocommit to false on JDBC Connection [HikariProxyConnection@1056358151 wrapping com.mysql.cj.jdbc.ConnectionImpl@1082aab4]
2026-04-01 18:53:42 [Thread-7] DEBUG a.r.m.P.getTableInventoryRecords - ==>  Preparing: WITH BASE_TABLE AS ( SELECT DISTINCT SM.serial_no , SD.id FROM stock_type_master STM /* 参照権限を考慮する場合に用いる INNER JOIN stock_type_data STD ON STM.stock_type = STD.stock_type AND STM.stock_code = STD.stock_code*/ INNER JOIN stock_master SM ON STM.stock_type = SM.stock_type AND STM.stock_code = SM.stock_code AND STM.del = FALSE AND SM.del = FALSE /* 棚卸のため、INNER JOINとする */ INNER JOIN stock_data SD ON SM.serial_no = SD.serial_no /* 返却済データの除去 ≒ 最新の備品データを取得 */ AND SD.return_date IS NULL AND SD.del = FALSE WHERE 1 = 1 ) , SOURCE_RECORDS AS ( SELECT SM.serial_no AS serialNo , STM.name AS type_name , IFNULL(SM.name, '') AS model , CASE WHEN SM.rent_flg THEN '4' -- 不可 / 貸出可否(TRUEの場合、貸出不可) WHEN SD.confirmed_date < DATE_SUB(CURRENT_DATE(), INTERVAL 1 YEAR) THEN '3' -- 不明 / [confirmed_date]：最終所在確認日 が１年前以前(可・貸出中に関わらず不明とする) WHEN SD.staff_no IS NOT NULL AND (DATEDIFF(CURRENT_DATE(), SD.confirmed_date) <= 365 ) THEN '2' -- 貸出中 WHEN SD.staff_no IS NULL AND (DATEDIFF(CURRENT_DATE(), SD.confirmed_date) <= 365 ) THEN '1' -- 可 ELSE '4' -- 不可 / 備品データが未登録の場合など、異常なデータ END AS rentFlg , IFNULL(STF.name, '') AS staffName -- 貸出先ユーザー , IFNULL(DATE_FORMAT(SD.start_date, '%Y/%m/%d'), '-') AS startDate , IFNULL(DATE_FORMAT(SD.limit_date, '%Y/%m/%d'), '-') AS limitDate , IFNULL(DATE_FORMAT(SD.confirmed_date, '%Y/%m/%d'), '-') AS confirmedDate , SM.remarks AS remarks , ? AS inventoryDate -- 初期値の設定(画面側との整合性を保つため、保持した値を用いる) , SM.remarks AS remarksMasterValue -- 更新比較用に現在の「備考」の値を取得ー , SD.id AS stockDataId , STM.id AS stockTypeId , STM.stock_type AS stockTypeType , STM.stock_code AS stockTypeCode , SD.limit_date AS returnDate , SD.confirmed_date AS confDate , STF.staff_no AS staffNo FROM BASE_TABLE B INNER JOIN stock_master SM ON B.serial_no = SM.serial_no INNER JOIN stock_type_master STM ON SM.stock_type = STM.stock_type AND SM.stock_code = STM.stock_code /* 棚卸のため、INNER JOINとする */ INNER JOIN stock_data SD ON B.id = SD.id /* 未登録データを考慮しLEFT JOINとする 棚卸のため削除フラグを考慮しない */ LEFT JOIN staff_master STF ON SD.staff_no = STF.staff_no WHERE 1 = 1 ) SELECT S.* FROM SOURCE_RECORDS S ORDER BY S.stockTypeType , S.stockTypeCode , S.serialNo
2026-04-01 18:53:42 [Thread-7] DEBUG a.r.m.P.getTableInventoryRecords - ==> Parameters: 2026/04/01(String)
2026-04-01 18:53:42 [Thread-7] DEBUG a.r.m.P.getTableInventoryRecords - <==      Total: 42
2026-04-01 18:53:42 [Thread-7] DEBUG o.a.i.t.jdbc.JdbcTransaction - Resetting autocommit to true on JDBC Connection [HikariProxyConnection@1056358151 wrapping com.mysql.cj.jdbc.ConnectionImpl@1082aab4]
2026-04-01 18:53:42 [Thread-7] DEBUG o.a.i.t.jdbc.JdbcTransaction - Closing JDBC Connection [HikariProxyConnection@1056358151 wrapping com.mysql.cj.jdbc.ConnectionImpl@1082aab4]
2026-04-01 18:53:44 [HikariPool-1:housekeeper] DEBUG com.zaxxer.hikari.pool.HikariPool - HikariPool-1 - keepalive: connection com.mysql.cj.jdbc.ConnectionImpl@784e0601 is alive
2026-04-01 18:53:44 [JavaFX Application Thread] INFO  application.java.manager.LogManager - [棚卸画面] ： [メニューに戻る]ボタン押下
2026-04-01 18:53:44 [JavaFX Application Thread] INFO  application.java.manager.LogManager - [備品管理システム メニュー画面] ： 初期化処理
2026-04-01 18:53:44 [JavaFX Application Thread] INFO  application.java.manager.LogManager - 呼出中[Page](棚卸画面)の終了処理(dispose)を実行
2026-04-01 18:53:44 [JavaFX Application Thread] INFO  application.java.manager.LogManager - 画面展開 [setPage] ： 画面設定・表示処理 開始
2026-04-01 18:53:44 [JavaFX Application Thread] DEBUG application.java.manager.LogManager - Window切替 [setWindowFrame] : TRANSPARENT(透明枠・背景色透明)
2026-04-01 18:53:44 [JavaFX Application Thread] INFO  application.java.manager.LogManager - /application/resources/css/MenuMacFinderStyle.css

2026-04-01 18:53:44 [JavaFX Application Thread] INFO  application.java.manager.LogManager - 画面展開 [setPage] : 備品管理システム メニュー画面
2026-04-01 18:53:44 [HikariPool-1:housekeeper] DEBUG com.zaxxer.hikari.pool.HikariPool - HikariPool-1 - keepalive: connection com.mysql.cj.jdbc.ConnectionImpl@5c081519 is alive
2026-04-01 18:53:47 [HikariPool-1:housekeeper] DEBUG com.zaxxer.hikari.pool.HikariPool - HikariPool-1 - keepalive: connection com.mysql.cj.jdbc.ConnectionImpl@76d142 is alive
2026-04-01 18:53:47 [JavaFX Application Thread] DEBUG application.java.manager.LogManager - [SQL操作クラス] ： 非同期処理 スレッドプール解放
2026-04-01 18:53:47 [JavaFX Application Thread] INFO  com.zaxxer.hikari.HikariDataSource - HikariPool-1 - Shutdown initiated...
2026-04-01 18:53:47 [JavaFX Application Thread] DEBUG com.zaxxer.hikari.pool.HikariPool - HikariPool-1 - Before shutdown stats (total=20/20, idle=20/20, active=0, waiting=0)
2026-04-01 18:53:47 [HikariPool-1:connection-closer] DEBUG com.zaxxer.hikari.pool.PoolBase - HikariPool-1 - Closing connection com.mysql.cj.jdbc.ConnectionImpl@1082aab4: (connection evicted)
2026-04-01 18:53:47 [HikariPool-1:connection-closer] DEBUG com.zaxxer.hikari.pool.PoolBase - HikariPool-1 - Closing connection com.mysql.cj.jdbc.ConnectionImpl@784e0601: (connection evicted)
2026-04-01 18:53:47 [HikariPool-1:connection-closer] DEBUG com.zaxxer.hikari.pool.PoolBase - HikariPool-1 - Closing connection com.mysql.cj.jdbc.ConnectionImpl@76d142: (connection evicted)
2026-04-01 18:53:47 [HikariPool-1:connection-closer] DEBUG com.zaxxer.hikari.pool.PoolBase - HikariPool-1 - Closing connection com.mysql.cj.jdbc.ConnectionImpl@786f329e: (connection evicted)
2026-04-01 18:53:47 [HikariPool-1:connection-closer] DEBUG com.zaxxer.hikari.pool.PoolBase - HikariPool-1 - Closing connection com.mysql.cj.jdbc.ConnectionImpl@6f96c5dd: (connection evicted)
2026-04-01 18:53:47 [HikariPool-1:connection-closer] DEBUG com.zaxxer.hikari.pool.PoolBase - HikariPool-1 - Closing connection com.mysql.cj.jdbc.ConnectionImpl@636b5ecb: (connection evicted)
2026-04-01 18:53:47 [HikariPool-1:connection-closer] DEBUG com.zaxxer.hikari.pool.PoolBase - HikariPool-1 - Closing connection com.mysql.cj.jdbc.ConnectionImpl@47340da: (connection evicted)
2026-04-01 18:53:47 [HikariPool-1:connection-closer] DEBUG com.zaxxer.hikari.pool.PoolBase - HikariPool-1 - Closing connection com.mysql.cj.jdbc.ConnectionImpl@54f14ab5: (connection evicted)
2026-04-01 18:53:47 [HikariPool-1:connection-closer] DEBUG com.zaxxer.hikari.pool.PoolBase - HikariPool-1 - Closing connection com.mysql.cj.jdbc.ConnectionImpl@1374e9c: (connection evicted)
2026-04-01 18:53:47 [HikariPool-1:connection-closer] DEBUG com.zaxxer.hikari.pool.PoolBase - HikariPool-1 - Closing connection com.mysql.cj.jdbc.ConnectionImpl@1cbd6f2b: (connection evicted)
2026-04-01 18:53:47 [HikariPool-1:connection-closer] DEBUG com.zaxxer.hikari.pool.PoolBase - HikariPool-1 - Closing connection com.mysql.cj.jdbc.ConnectionImpl@5d2240a8: (connection evicted)
2026-04-01 18:53:47 [HikariPool-1:connection-closer] DEBUG com.zaxxer.hikari.pool.PoolBase - HikariPool-1 - Closing connection com.mysql.cj.jdbc.ConnectionImpl@51247367: (connection evicted)
2026-04-01 18:53:47 [HikariPool-1:connection-closer] DEBUG com.zaxxer.hikari.pool.PoolBase - HikariPool-1 - Closing connection com.mysql.cj.jdbc.ConnectionImpl@2daf3b4b: (connection evicted)
2026-04-01 18:53:47 [HikariPool-1:connection-closer] DEBUG com.zaxxer.hikari.pool.PoolBase - HikariPool-1 - Closing connection com.mysql.cj.jdbc.ConnectionImpl@45ca22d7: (connection evicted)
2026-04-01 18:53:47 [HikariPool-1:connection-closer] DEBUG com.zaxxer.hikari.pool.PoolBase - HikariPool-1 - Closing connection com.mysql.cj.jdbc.ConnectionImpl@4b73355f: (connection evicted)
2026-04-01 18:53:47 [HikariPool-1:connection-closer] DEBUG com.zaxxer.hikari.pool.PoolBase - HikariPool-1 - Closing connection com.mysql.cj.jdbc.ConnectionImpl@5635fd30: (connection evicted)
2026-04-01 18:53:47 [HikariPool-1:connection-closer] DEBUG com.zaxxer.hikari.pool.PoolBase - HikariPool-1 - Closing connection com.mysql.cj.jdbc.ConnectionImpl@a66e63c: (connection evicted)
2026-04-01 18:53:47 [HikariPool-1:connection-closer] DEBUG com.zaxxer.hikari.pool.PoolBase - HikariPool-1 - Closing connection com.mysql.cj.jdbc.ConnectionImpl@5c081519: (connection evicted)
2026-04-01 18:53:47 [HikariPool-1:connection-closer] DEBUG com.zaxxer.hikari.pool.PoolBase - HikariPool-1 - Closing connection com.mysql.cj.jdbc.ConnectionImpl@56f58303: (connection evicted)
2026-04-01 18:53:47 [HikariPool-1:connection-closer] DEBUG com.zaxxer.hikari.pool.PoolBase - HikariPool-1 - Closing connection com.mysql.cj.jdbc.ConnectionImpl@2abe582: (connection evicted)
2026-04-01 18:53:47 [JavaFX Application Thread] DEBUG com.zaxxer.hikari.pool.HikariPool - HikariPool-1 - After  shutdown stats (total=0/20, idle=0/20, active=0, waiting=0)
2026-04-01 18:53:47 [JavaFX Application Thread] INFO  com.zaxxer.hikari.HikariDataSource - HikariPool-1 - Shutdown completed.
2026-04-01 18:53:47 [JavaFX Application Thread] DEBUG application.java.manager.LogManager - [SQL操作クラス] ： コネクションプール(HikariCP) Closeing
2026-04-01 18:53:47 [JavaFX Application Thread] INFO  application.java.manager.LogManager - 終了処理 : 完了
