2026-06-11 00:05:39 [main] INFO  application.java.manager.LogManager - 備品管理システム : 起動
2026-06-11 00:05:39 [JavaFX Application Thread] INFO  application.java.manager.LogManager - 開始処理 : 画面ウィンドウ枠生成
2026-06-11 00:05:39 [JavaFX Application Thread] INFO  application.java.manager.LogManager - [ログイン画面] ： 初期化処理
2026-06-11 00:05:39 [JavaFX Application Thread] INFO  application.java.manager.LogManager - 画面展開 [setPage] ： 画面設定・表示処理 開始
2026-06-11 00:05:39 [JavaFX Application Thread] DEBUG application.java.manager.LogManager - Window切替 [setWindowFrame] : TRANSPARENT(透明枠・背景色透明)
2026-06-11 00:05:39 [JavaFX Application Thread] INFO  application.java.manager.LogManager - [SQL操作クラス] ： 非同期処理 スレッドプール作成
2026-06-11 00:05:39 [JavaFX Application Thread] INFO  application.java.manager.LogManager - [SQL操作クラス] ： SQL Session生成
2026-06-11 00:05:39 [JavaFX Application Thread] DEBUG application.java.manager.LogManager - [SQL操作クラス] ： mybatis有効化
2026-06-11 00:05:39 [JavaFX Application Thread] DEBUG o.apache.ibatis.logging.LogFactory - Logging initialized using 'class org.apache.ibatis.logging.slf4j.Slf4jImpl' adapter.
2026-06-11 00:05:39 [JavaFX Application Thread] DEBUG o.apache.ibatis.logging.LogFactory - Logging initialized using 'class org.apache.ibatis.logging.slf4j.Slf4jImpl' adapter.
2026-06-11 00:05:39 [JavaFX Application Thread] DEBUG com.zaxxer.hikari.util.UtilityElf - Class com.mysql.cj.jdbc.Driver found in Thread context class loader jdk.internal.loader.ClassLoaders$AppClassLoader@7699a589
2026-06-11 00:05:39 [JavaFX Application Thread] ERROR application.java.manager.LogManager - [ログイン画面] ： WebView2の初期化中にエラーが発生しました
2026-06-11 00:05:39 [JavaFX Application Thread] ERROR application.java.manager.LogManager - [SQL操作クラス] ： SQL Session生成失敗
java.lang.RuntimeException: [SQL操作クラス] ： SQL Session生成失敗
	at AssetManagementSystem/application.java.manager.MySqlManager.SqlSessionSettings(MySqlManager.java:662)
	at AssetManagementSystem/application.java.manager.MySqlManager.getSqlSessionFactory(MySqlManager.java:182)
	at AssetManagementSystem/application.java.window.LoginController.initialize(LoginController.java:97)
	at java.base/jdk.internal.reflect.DirectMethodHandleAccessor.invoke(DirectMethodHandleAccessor.java:104)
	at java.base/java.lang.reflect.Method.invoke(Method.java:565)
	at com.sun.javafx.reflect.Trampoline.invoke(MethodUtil.java:65)
	at java.base/jdk.internal.reflect.DirectMethodHandleAccessor.invoke(DirectMethodHandleAccessor.java:104)
	at java.base/java.lang.reflect.Method.invoke(Method.java:565)
	at javafx.base@25.0.2/com.sun.javafx.reflect.MethodUtil.invoke(MethodUtil.java:112)
	at javafx.fxml@25.0.2/com.sun.javafx.fxml.MethodHelper.invoke(MethodHelper.java:78)
	at javafx.fxml@25.0.2/javafx.fxml.FXMLLoader.loadImpl(FXMLLoader.java:2658)
	at javafx.fxml@25.0.2/javafx.fxml.FXMLLoader.load(FXMLLoader.java:2516)
	at AssetManagementSystem/application.java.manager.form.JavaFxManager.setPage(JavaFxManager.java:88)
	at AssetManagementSystem/application.Main.start(Main.java:45)
	at javafx.graphics@25.0.2/com.sun.javafx.application.LauncherImpl.lambda$launchApplication1$4(LauncherImpl.java:845)
	at javafx.graphics@25.0.2/com.sun.javafx.application.PlatformImpl.lambda$runAndWait$0(PlatformImpl.java:449)
	at javafx.graphics@25.0.2/com.sun.javafx.application.PlatformImpl.lambda$runLater$0(PlatformImpl.java:424)
	at javafx.graphics@25.0.2/com.sun.glass.ui.InvokeLaterDispatcher$Future.run(InvokeLaterDispatcher.java:95)
	at javafx.graphics@25.0.2/com.sun.glass.ui.win.WinApplication._runLoop(Native Method)
	at javafx.graphics@25.0.2/com.sun.glass.ui.win.WinApplication.lambda$runLoop$0(WinApplication.java:173)
	at java.base/java.lang.Thread.run(Thread.java:1474)
Caused by: org.apache.ibatis.exceptions.PersistenceException: 
### Error building SqlSession.
### The error may exist in application/resources/mapper/StaffMasterMapper.xml
### Cause: org.apache.ibatis.builder.BuilderException: Error parsing SQL Mapper Configuration. Cause: org.apache.ibatis.builder.BuilderException: Error parsing Mapper XML. The XML location is 'application/resources/mapper/StaffMasterMapper.xml'. Cause: org.apache.ibatis.builder.BuilderException: Error resolving class. Cause: org.apache.ibatis.type.TypeException: Could not resolve type alias 'application.resources.mapper.StaffMasterModel'.  Cause: java.lang.ClassNotFoundException: Cannot find class: application.resources.mapper.StaffMasterModel
	at org.mybatis@3.5.17/org.apache.ibatis.exceptions.ExceptionFactory.wrapException(ExceptionFactory.java:30)
	at org.mybatis@3.5.17/org.apache.ibatis.session.SqlSessionFactoryBuilder.build(SqlSessionFactoryBuilder.java:82)
	at org.mybatis@3.5.17/org.apache.ibatis.session.SqlSessionFactoryBuilder.build(SqlSessionFactoryBuilder.java:66)
	at AssetManagementSystem/application.java.manager.MySqlManager.BuildSqlSession(MySqlManager.java:695)
	at AssetManagementSystem/application.java.manager.MySqlManager.SqlSessionSettings(MySqlManager.java:659)
	... 20 common frames omitted
Caused by: org.apache.ibatis.builder.BuilderException: Error parsing SQL Mapper Configuration. Cause: org.apache.ibatis.builder.BuilderException: Error parsing Mapper XML. The XML location is 'application/resources/mapper/StaffMasterMapper.xml'. Cause: org.apache.ibatis.builder.BuilderException: Error resolving class. Cause: org.apache.ibatis.type.TypeException: Could not resolve type alias 'application.resources.mapper.StaffMasterModel'.  Cause: java.lang.ClassNotFoundException: Cannot find class: application.resources.mapper.StaffMasterModel
	at org.mybatis@3.5.17/org.apache.ibatis.builder.xml.XMLConfigBuilder.parseConfiguration(XMLConfigBuilder.java:133)
	at org.mybatis@3.5.17/org.apache.ibatis.builder.xml.XMLConfigBuilder.parse(XMLConfigBuilder.java:110)
	at org.mybatis@3.5.17/org.apache.ibatis.session.SqlSessionFactoryBuilder.build(SqlSessionFactoryBuilder.java:80)
	... 23 common frames omitted
Caused by: org.apache.ibatis.builder.BuilderException: Error parsing Mapper XML. The XML location is 'application/resources/mapper/StaffMasterMapper.xml'. Cause: org.apache.ibatis.builder.BuilderException: Error resolving class. Cause: org.apache.ibatis.type.TypeException: Could not resolve type alias 'application.resources.mapper.StaffMasterModel'.  Cause: java.lang.ClassNotFoundException: Cannot find class: application.resources.mapper.StaffMasterModel
	at org.mybatis@3.5.17/org.apache.ibatis.builder.xml.XMLMapperBuilder.configurationElement(XMLMapperBuilder.java:125)
	at org.mybatis@3.5.17/org.apache.ibatis.builder.xml.XMLMapperBuilder.parse(XMLMapperBuilder.java:98)
	at org.mybatis@3.5.17/org.apache.ibatis.builder.annotation.MapperAnnotationBuilder.loadXmlResource(MapperAnnotationBuilder.java:164)
	at org.mybatis@3.5.17/org.apache.ibatis.builder.annotation.MapperAnnotationBuilder.parse(MapperAnnotationBuilder.java:117)
	at org.mybatis@3.5.17/org.apache.ibatis.binding.MapperRegistry.addMapper(MapperRegistry.java:72)
	at org.mybatis@3.5.17/org.apache.ibatis.session.Configuration.addMapper(Configuration.java:943)
	at org.mybatis@3.5.17/org.apache.ibatis.builder.xml.XMLConfigBuilder.mappersElement(XMLConfigBuilder.java:416)
	at org.mybatis@3.5.17/org.apache.ibatis.builder.xml.XMLConfigBuilder.parseConfiguration(XMLConfigBuilder.java:131)
	... 25 common frames omitted
Caused by: org.apache.ibatis.builder.BuilderException: Error resolving class. Cause: org.apache.ibatis.type.TypeException: Could not resolve type alias 'application.resources.mapper.StaffMasterModel'.  Cause: java.lang.ClassNotFoundException: Cannot find class: application.resources.mapper.StaffMasterModel
	at org.mybatis@3.5.17/org.apache.ibatis.builder.BaseBuilder.resolveClass(BaseBuilder.java:103)
	at org.mybatis@3.5.17/org.apache.ibatis.builder.xml.XMLStatementBuilder.parseStatementNode(XMLStatementBuilder.java:105)
	at org.mybatis@3.5.17/org.apache.ibatis.builder.xml.XMLMapperBuilder.buildStatementFromContext(XMLMapperBuilder.java:141)
	at org.mybatis@3.5.17/org.apache.ibatis.builder.xml.XMLMapperBuilder.buildStatementFromContext(XMLMapperBuilder.java:133)
	at org.mybatis@3.5.17/org.apache.ibatis.builder.xml.XMLMapperBuilder.configurationElement(XMLMapperBuilder.java:123)
	... 32 common frames omitted
Caused by: org.apache.ibatis.type.TypeException: Could not resolve type alias 'application.resources.mapper.StaffMasterModel'.  Cause: java.lang.ClassNotFoundException: Cannot find class: application.resources.mapper.StaffMasterModel
	at org.mybatis@3.5.17/org.apache.ibatis.type.TypeAliasRegistry.resolveAlias(TypeAliasRegistry.java:128)
	at org.mybatis@3.5.17/org.apache.ibatis.builder.BaseBuilder.resolveAlias(BaseBuilder.java:132)
	at org.mybatis@3.5.17/org.apache.ibatis.builder.BaseBuilder.resolveClass(BaseBuilder.java:101)
	... 36 common frames omitted
Caused by: java.lang.ClassNotFoundException: Cannot find class: application.resources.mapper.StaffMasterModel
	at org.mybatis@3.5.17/org.apache.ibatis.io.ClassLoaderWrapper.classForName(ClassLoaderWrapper.java:226)
	at org.mybatis@3.5.17/org.apache.ibatis.io.ClassLoaderWrapper.classForName(ClassLoaderWrapper.java:103)
	at org.mybatis@3.5.17/org.apache.ibatis.io.Resources.classForName(Resources.java:322)
	at org.mybatis@3.5.17/org.apache.ibatis.type.TypeAliasRegistry.resolveAlias(TypeAliasRegistry.java:124)
	... 38 common frames omitted
2026-06-11 00:05:45 [JavaFX Application Thread] INFO  application.java.manager.LogManager - /application/resources/css/LoginStyle.css

2026-06-11 00:05:45 [JavaFX Application Thread] INFO  application.java.manager.LogManager - 画面展開 [setPage] : ログイン画面
2026-06-11 00:05:47 [JavaFX Application Thread] INFO  application.java.manager.LogManager - [ログイン画面] ： [システム終了]ボタン押下により、アプリを終了します
2026-06-11 00:05:47 [JavaFX Application Thread] DEBUG application.java.manager.LogManager - [SQL操作クラス] ： 非同期処理 スレッドプール解放
2026-06-11 00:05:47 [JavaFX Application Thread] INFO  application.java.manager.LogManager - 終了処理 : 完了
2026-06-11 00:07:09 [main] INFO  application.java.manager.LogManager - 備品管理システム : 起動
2026-06-11 00:07:09 [JavaFX Application Thread] INFO  application.java.manager.LogManager - 開始処理 : 画面ウィンドウ枠生成
2026-06-11 00:07:09 [JavaFX Application Thread] INFO  application.java.manager.LogManager - [ログイン画面] ： 初期化処理
2026-06-11 00:07:09 [JavaFX Application Thread] INFO  application.java.manager.LogManager - 画面展開 [setPage] ： 画面設定・表示処理 開始
2026-06-11 00:07:09 [JavaFX Application Thread] DEBUG application.java.manager.LogManager - Window切替 [setWindowFrame] : TRANSPARENT(透明枠・背景色透明)
2026-06-11 00:07:09 [JavaFX Application Thread] INFO  application.java.manager.LogManager - [SQL操作クラス] ： 非同期処理 スレッドプール作成
2026-06-11 00:07:09 [JavaFX Application Thread] INFO  application.java.manager.LogManager - [SQL操作クラス] ： SQL Session生成
2026-06-11 00:07:09 [JavaFX Application Thread] DEBUG application.java.manager.LogManager - [SQL操作クラス] ： mybatis有効化
2026-06-11 00:07:09 [JavaFX Application Thread] DEBUG o.apache.ibatis.logging.LogFactory - Logging initialized using 'class org.apache.ibatis.logging.slf4j.Slf4jImpl' adapter.
2026-06-11 00:07:09 [JavaFX Application Thread] DEBUG o.apache.ibatis.logging.LogFactory - Logging initialized using 'class org.apache.ibatis.logging.slf4j.Slf4jImpl' adapter.
2026-06-11 00:07:09 [JavaFX Application Thread] DEBUG com.zaxxer.hikari.util.UtilityElf - Class com.mysql.cj.jdbc.Driver found in Thread context class loader jdk.internal.loader.ClassLoaders$AppClassLoader@7699a589
2026-06-11 00:07:09 [JavaFX Application Thread] ERROR application.java.manager.LogManager - [ログイン画面] ： WebView2の初期化中にエラーが発生しました
2026-06-11 00:07:09 [JavaFX Application Thread] ERROR application.java.manager.LogManager - [SQL操作クラス] ： SQL Session生成失敗
java.lang.RuntimeException: [SQL操作クラス] ： SQL Session生成失敗
	at AssetManagementSystem/application.java.manager.MySqlManager.SqlSessionSettings(MySqlManager.java:662)
	at AssetManagementSystem/application.java.manager.MySqlManager.getSqlSessionFactory(MySqlManager.java:182)
	at AssetManagementSystem/application.java.window.LoginController.initialize(LoginController.java:97)
	at java.base/jdk.internal.reflect.DirectMethodHandleAccessor.invoke(DirectMethodHandleAccessor.java:104)
	at java.base/java.lang.reflect.Method.invoke(Method.java:565)
	at com.sun.javafx.reflect.Trampoline.invoke(MethodUtil.java:65)
	at java.base/jdk.internal.reflect.DirectMethodHandleAccessor.invoke(DirectMethodHandleAccessor.java:104)
	at java.base/java.lang.reflect.Method.invoke(Method.java:565)
	at javafx.base@25.0.2/com.sun.javafx.reflect.MethodUtil.invoke(MethodUtil.java:112)
	at javafx.fxml@25.0.2/com.sun.javafx.fxml.MethodHelper.invoke(MethodHelper.java:78)
	at javafx.fxml@25.0.2/javafx.fxml.FXMLLoader.loadImpl(FXMLLoader.java:2658)
	at javafx.fxml@25.0.2/javafx.fxml.FXMLLoader.load(FXMLLoader.java:2516)
	at AssetManagementSystem/application.java.manager.form.JavaFxManager.setPage(JavaFxManager.java:88)
	at AssetManagementSystem/application.Main.start(Main.java:45)
	at javafx.graphics@25.0.2/com.sun.javafx.application.LauncherImpl.lambda$launchApplication1$4(LauncherImpl.java:845)
	at javafx.graphics@25.0.2/com.sun.javafx.application.PlatformImpl.lambda$runAndWait$0(PlatformImpl.java:449)
	at javafx.graphics@25.0.2/com.sun.javafx.application.PlatformImpl.lambda$runLater$0(PlatformImpl.java:424)
	at javafx.graphics@25.0.2/com.sun.glass.ui.InvokeLaterDispatcher$Future.run(InvokeLaterDispatcher.java:95)
	at javafx.graphics@25.0.2/com.sun.glass.ui.win.WinApplication._runLoop(Native Method)
	at javafx.graphics@25.0.2/com.sun.glass.ui.win.WinApplication.lambda$runLoop$0(WinApplication.java:173)
	at java.base/java.lang.Thread.run(Thread.java:1474)
Caused by: org.apache.ibatis.exceptions.PersistenceException: 
### Error building SqlSession.
### The error may exist in application/resources/mapper/StaffMasterMapper.xml
### Cause: org.apache.ibatis.builder.BuilderException: Error parsing SQL Mapper Configuration. Cause: org.apache.ibatis.builder.BuilderException: Error parsing Mapper XML. The XML location is 'application/resources/mapper/StaffMasterMapper.xml'. Cause: org.apache.ibatis.builder.BuilderException: Error resolving class. Cause: org.apache.ibatis.type.TypeException: Could not resolve type alias 'application.resources.mapper.StaffMasterModel'.  Cause: java.lang.ClassNotFoundException: Cannot find class: application.resources.mapper.StaffMasterModel
	at org.mybatis@3.5.17/org.apache.ibatis.exceptions.ExceptionFactory.wrapException(ExceptionFactory.java:30)
	at org.mybatis@3.5.17/org.apache.ibatis.session.SqlSessionFactoryBuilder.build(SqlSessionFactoryBuilder.java:82)
	at org.mybatis@3.5.17/org.apache.ibatis.session.SqlSessionFactoryBuilder.build(SqlSessionFactoryBuilder.java:66)
	at AssetManagementSystem/application.java.manager.MySqlManager.BuildSqlSession(MySqlManager.java:695)
	at AssetManagementSystem/application.java.manager.MySqlManager.SqlSessionSettings(MySqlManager.java:659)
	... 20 common frames omitted
Caused by: org.apache.ibatis.builder.BuilderException: Error parsing SQL Mapper Configuration. Cause: org.apache.ibatis.builder.BuilderException: Error parsing Mapper XML. The XML location is 'application/resources/mapper/StaffMasterMapper.xml'. Cause: org.apache.ibatis.builder.BuilderException: Error resolving class. Cause: org.apache.ibatis.type.TypeException: Could not resolve type alias 'application.resources.mapper.StaffMasterModel'.  Cause: java.lang.ClassNotFoundException: Cannot find class: application.resources.mapper.StaffMasterModel
	at org.mybatis@3.5.17/org.apache.ibatis.builder.xml.XMLConfigBuilder.parseConfiguration(XMLConfigBuilder.java:133)
	at org.mybatis@3.5.17/org.apache.ibatis.builder.xml.XMLConfigBuilder.parse(XMLConfigBuilder.java:110)
	at org.mybatis@3.5.17/org.apache.ibatis.session.SqlSessionFactoryBuilder.build(SqlSessionFactoryBuilder.java:80)
	... 23 common frames omitted
Caused by: org.apache.ibatis.builder.BuilderException: Error parsing Mapper XML. The XML location is 'application/resources/mapper/StaffMasterMapper.xml'. Cause: org.apache.ibatis.builder.BuilderException: Error resolving class. Cause: org.apache.ibatis.type.TypeException: Could not resolve type alias 'application.resources.mapper.StaffMasterModel'.  Cause: java.lang.ClassNotFoundException: Cannot find class: application.resources.mapper.StaffMasterModel
	at org.mybatis@3.5.17/org.apache.ibatis.builder.xml.XMLMapperBuilder.configurationElement(XMLMapperBuilder.java:125)
	at org.mybatis@3.5.17/org.apache.ibatis.builder.xml.XMLMapperBuilder.parse(XMLMapperBuilder.java:98)
	at org.mybatis@3.5.17/org.apache.ibatis.builder.annotation.MapperAnnotationBuilder.loadXmlResource(MapperAnnotationBuilder.java:164)
	at org.mybatis@3.5.17/org.apache.ibatis.builder.annotation.MapperAnnotationBuilder.parse(MapperAnnotationBuilder.java:117)
	at org.mybatis@3.5.17/org.apache.ibatis.binding.MapperRegistry.addMapper(MapperRegistry.java:72)
	at org.mybatis@3.5.17/org.apache.ibatis.session.Configuration.addMapper(Configuration.java:943)
	at org.mybatis@3.5.17/org.apache.ibatis.builder.xml.XMLConfigBuilder.mappersElement(XMLConfigBuilder.java:416)
	at org.mybatis@3.5.17/org.apache.ibatis.builder.xml.XMLConfigBuilder.parseConfiguration(XMLConfigBuilder.java:131)
	... 25 common frames omitted
Caused by: org.apache.ibatis.builder.BuilderException: Error resolving class. Cause: org.apache.ibatis.type.TypeException: Could not resolve type alias 'application.resources.mapper.StaffMasterModel'.  Cause: java.lang.ClassNotFoundException: Cannot find class: application.resources.mapper.StaffMasterModel
	at org.mybatis@3.5.17/org.apache.ibatis.builder.BaseBuilder.resolveClass(BaseBuilder.java:103)
	at org.mybatis@3.5.17/org.apache.ibatis.builder.xml.XMLStatementBuilder.parseStatementNode(XMLStatementBuilder.java:105)
	at org.mybatis@3.5.17/org.apache.ibatis.builder.xml.XMLMapperBuilder.buildStatementFromContext(XMLMapperBuilder.java:141)
	at org.mybatis@3.5.17/org.apache.ibatis.builder.xml.XMLMapperBuilder.buildStatementFromContext(XMLMapperBuilder.java:133)
	at org.mybatis@3.5.17/org.apache.ibatis.builder.xml.XMLMapperBuilder.configurationElement(XMLMapperBuilder.java:123)
	... 32 common frames omitted
Caused by: org.apache.ibatis.type.TypeException: Could not resolve type alias 'application.resources.mapper.StaffMasterModel'.  Cause: java.lang.ClassNotFoundException: Cannot find class: application.resources.mapper.StaffMasterModel
	at org.mybatis@3.5.17/org.apache.ibatis.type.TypeAliasRegistry.resolveAlias(TypeAliasRegistry.java:128)
	at org.mybatis@3.5.17/org.apache.ibatis.builder.BaseBuilder.resolveAlias(BaseBuilder.java:132)
	at org.mybatis@3.5.17/org.apache.ibatis.builder.BaseBuilder.resolveClass(BaseBuilder.java:101)
	... 36 common frames omitted
Caused by: java.lang.ClassNotFoundException: Cannot find class: application.resources.mapper.StaffMasterModel
	at org.mybatis@3.5.17/org.apache.ibatis.io.ClassLoaderWrapper.classForName(ClassLoaderWrapper.java:226)
	at org.mybatis@3.5.17/org.apache.ibatis.io.ClassLoaderWrapper.classForName(ClassLoaderWrapper.java:103)
	at org.mybatis@3.5.17/org.apache.ibatis.io.Resources.classForName(Resources.java:322)
	at org.mybatis@3.5.17/org.apache.ibatis.type.TypeAliasRegistry.resolveAlias(TypeAliasRegistry.java:124)
	... 38 common frames omitted
2026-06-11 00:07:27 [JavaFX Application Thread] INFO  application.java.manager.LogManager - /application/resources/css/LoginStyle.css

2026-06-11 00:07:27 [JavaFX Application Thread] INFO  application.java.manager.LogManager - 画面展開 [setPage] : ログイン画面
2026-06-11 00:07:30 [JavaFX Application Thread] INFO  application.java.manager.LogManager - [ログイン画面] ： [システム終了]ボタン押下により、アプリを終了します
2026-06-11 00:07:30 [JavaFX Application Thread] DEBUG application.java.manager.LogManager - [SQL操作クラス] ： 非同期処理 スレッドプール解放
2026-06-11 00:07:30 [JavaFX Application Thread] INFO  application.java.manager.LogManager - 終了処理 : 完了
2026-06-11 00:08:36 [main] INFO  application.java.manager.LogManager - 備品管理システム : 起動
2026-06-11 00:08:36 [JavaFX Application Thread] INFO  application.java.manager.LogManager - 開始処理 : 画面ウィンドウ枠生成
2026-06-11 00:08:36 [JavaFX Application Thread] INFO  application.java.manager.LogManager - [ログイン画面] ： 初期化処理
2026-06-11 00:08:36 [JavaFX Application Thread] INFO  application.java.manager.LogManager - 画面展開 [setPage] ： 画面設定・表示処理 開始
2026-06-11 00:08:36 [JavaFX Application Thread] DEBUG application.java.manager.LogManager - Window切替 [setWindowFrame] : TRANSPARENT(透明枠・背景色透明)
2026-06-11 00:08:36 [JavaFX Application Thread] INFO  application.java.manager.LogManager - [SQL操作クラス] ： 非同期処理 スレッドプール作成
2026-06-11 00:08:36 [JavaFX Application Thread] INFO  application.java.manager.LogManager - [SQL操作クラス] ： SQL Session生成
2026-06-11 00:08:36 [JavaFX Application Thread] DEBUG application.java.manager.LogManager - [SQL操作クラス] ： mybatis有効化
2026-06-11 00:08:36 [JavaFX Application Thread] DEBUG o.apache.ibatis.logging.LogFactory - Logging initialized using 'class org.apache.ibatis.logging.slf4j.Slf4jImpl' adapter.
2026-06-11 00:08:36 [JavaFX Application Thread] DEBUG o.apache.ibatis.logging.LogFactory - Logging initialized using 'class org.apache.ibatis.logging.slf4j.Slf4jImpl' adapter.
2026-06-11 00:08:36 [JavaFX Application Thread] DEBUG com.zaxxer.hikari.util.UtilityElf - Class com.mysql.cj.jdbc.Driver found in Thread context class loader jdk.internal.loader.ClassLoaders$AppClassLoader@7699a589
2026-06-11 00:08:36 [JavaFX Application Thread] ERROR application.java.manager.LogManager - [ログイン画面] ： WebView2の初期化中にエラーが発生しました
2026-06-11 00:08:36 [JavaFX Application Thread] ERROR application.java.manager.LogManager - [SQL操作クラス] ： SQL Session生成失敗
java.lang.RuntimeException: [SQL操作クラス] ： SQL Session生成失敗
	at AssetManagementSystem/application.java.manager.MySqlManager.SqlSessionSettings(MySqlManager.java:662)
	at AssetManagementSystem/application.java.manager.MySqlManager.getSqlSessionFactory(MySqlManager.java:182)
	at AssetManagementSystem/application.java.window.LoginController.initialize(LoginController.java:97)
	at java.base/jdk.internal.reflect.DirectMethodHandleAccessor.invoke(DirectMethodHandleAccessor.java:104)
	at java.base/java.lang.reflect.Method.invoke(Method.java:565)
	at com.sun.javafx.reflect.Trampoline.invoke(MethodUtil.java:65)
	at java.base/jdk.internal.reflect.DirectMethodHandleAccessor.invoke(DirectMethodHandleAccessor.java:104)
	at java.base/java.lang.reflect.Method.invoke(Method.java:565)
	at javafx.base@25.0.2/com.sun.javafx.reflect.MethodUtil.invoke(MethodUtil.java:112)
	at javafx.fxml@25.0.2/com.sun.javafx.fxml.MethodHelper.invoke(MethodHelper.java:78)
	at javafx.fxml@25.0.2/javafx.fxml.FXMLLoader.loadImpl(FXMLLoader.java:2658)
	at javafx.fxml@25.0.2/javafx.fxml.FXMLLoader.load(FXMLLoader.java:2516)
	at AssetManagementSystem/application.java.manager.form.JavaFxManager.setPage(JavaFxManager.java:88)
	at AssetManagementSystem/application.Main.start(Main.java:45)
	at javafx.graphics@25.0.2/com.sun.javafx.application.LauncherImpl.lambda$launchApplication1$4(LauncherImpl.java:845)
	at javafx.graphics@25.0.2/com.sun.javafx.application.PlatformImpl.lambda$runAndWait$0(PlatformImpl.java:449)
	at javafx.graphics@25.0.2/com.sun.javafx.application.PlatformImpl.lambda$runLater$0(PlatformImpl.java:424)
	at javafx.graphics@25.0.2/com.sun.glass.ui.InvokeLaterDispatcher$Future.run(InvokeLaterDispatcher.java:95)
	at javafx.graphics@25.0.2/com.sun.glass.ui.win.WinApplication._runLoop(Native Method)
	at javafx.graphics@25.0.2/com.sun.glass.ui.win.WinApplication.lambda$runLoop$0(WinApplication.java:173)
	at java.base/java.lang.Thread.run(Thread.java:1474)
Caused by: org.apache.ibatis.exceptions.PersistenceException: 
### Error building SqlSession.
### The error may exist in application/resources/mapper/StaffMasterMapper.xml
### Cause: org.apache.ibatis.builder.BuilderException: Error parsing SQL Mapper Configuration. Cause: org.apache.ibatis.builder.BuilderException: Error parsing Mapper XML. The XML location is 'application/resources/mapper/StaffMasterMapper.xml'. Cause: org.apache.ibatis.builder.BuilderException: Error resolving class. Cause: org.apache.ibatis.type.TypeException: Could not resolve type alias 'application.resources.mapper.StaffMasterModel'.  Cause: java.lang.ClassNotFoundException: Cannot find class: application.resources.mapper.StaffMasterModel
	at org.mybatis@3.5.17/org.apache.ibatis.exceptions.ExceptionFactory.wrapException(ExceptionFactory.java:30)
	at org.mybatis@3.5.17/org.apache.ibatis.session.SqlSessionFactoryBuilder.build(SqlSessionFactoryBuilder.java:82)
	at org.mybatis@3.5.17/org.apache.ibatis.session.SqlSessionFactoryBuilder.build(SqlSessionFactoryBuilder.java:66)
	at AssetManagementSystem/application.java.manager.MySqlManager.BuildSqlSession(MySqlManager.java:695)
	at AssetManagementSystem/application.java.manager.MySqlManager.SqlSessionSettings(MySqlManager.java:659)
	... 20 common frames omitted
Caused by: org.apache.ibatis.builder.BuilderException: Error parsing SQL Mapper Configuration. Cause: org.apache.ibatis.builder.BuilderException: Error parsing Mapper XML. The XML location is 'application/resources/mapper/StaffMasterMapper.xml'. Cause: org.apache.ibatis.builder.BuilderException: Error resolving class. Cause: org.apache.ibatis.type.TypeException: Could not resolve type alias 'application.resources.mapper.StaffMasterModel'.  Cause: java.lang.ClassNotFoundException: Cannot find class: application.resources.mapper.StaffMasterModel
	at org.mybatis@3.5.17/org.apache.ibatis.builder.xml.XMLConfigBuilder.parseConfiguration(XMLConfigBuilder.java:133)
	at org.mybatis@3.5.17/org.apache.ibatis.builder.xml.XMLConfigBuilder.parse(XMLConfigBuilder.java:110)
	at org.mybatis@3.5.17/org.apache.ibatis.session.SqlSessionFactoryBuilder.build(SqlSessionFactoryBuilder.java:80)
	... 23 common frames omitted
Caused by: org.apache.ibatis.builder.BuilderException: Error parsing Mapper XML. The XML location is 'application/resources/mapper/StaffMasterMapper.xml'. Cause: org.apache.ibatis.builder.BuilderException: Error resolving class. Cause: org.apache.ibatis.type.TypeException: Could not resolve type alias 'application.resources.mapper.StaffMasterModel'.  Cause: java.lang.ClassNotFoundException: Cannot find class: application.resources.mapper.StaffMasterModel
	at org.mybatis@3.5.17/org.apache.ibatis.builder.xml.XMLMapperBuilder.configurationElement(XMLMapperBuilder.java:125)
	at org.mybatis@3.5.17/org.apache.ibatis.builder.xml.XMLMapperBuilder.parse(XMLMapperBuilder.java:98)
	at org.mybatis@3.5.17/org.apache.ibatis.builder.annotation.MapperAnnotationBuilder.loadXmlResource(MapperAnnotationBuilder.java:164)
	at org.mybatis@3.5.17/org.apache.ibatis.builder.annotation.MapperAnnotationBuilder.parse(MapperAnnotationBuilder.java:117)
	at org.mybatis@3.5.17/org.apache.ibatis.binding.MapperRegistry.addMapper(MapperRegistry.java:72)
	at org.mybatis@3.5.17/org.apache.ibatis.session.Configuration.addMapper(Configuration.java:943)
	at org.mybatis@3.5.17/org.apache.ibatis.builder.xml.XMLConfigBuilder.mappersElement(XMLConfigBuilder.java:416)
	at org.mybatis@3.5.17/org.apache.ibatis.builder.xml.XMLConfigBuilder.parseConfiguration(XMLConfigBuilder.java:131)
	... 25 common frames omitted
Caused by: org.apache.ibatis.builder.BuilderException: Error resolving class. Cause: org.apache.ibatis.type.TypeException: Could not resolve type alias 'application.resources.mapper.StaffMasterModel'.  Cause: java.lang.ClassNotFoundException: Cannot find class: application.resources.mapper.StaffMasterModel
	at org.mybatis@3.5.17/org.apache.ibatis.builder.BaseBuilder.resolveClass(BaseBuilder.java:103)
	at org.mybatis@3.5.17/org.apache.ibatis.builder.xml.XMLStatementBuilder.parseStatementNode(XMLStatementBuilder.java:105)
	at org.mybatis@3.5.17/org.apache.ibatis.builder.xml.XMLMapperBuilder.buildStatementFromContext(XMLMapperBuilder.java:141)
	at org.mybatis@3.5.17/org.apache.ibatis.builder.xml.XMLMapperBuilder.buildStatementFromContext(XMLMapperBuilder.java:133)
	at org.mybatis@3.5.17/org.apache.ibatis.builder.xml.XMLMapperBuilder.configurationElement(XMLMapperBuilder.java:123)
	... 32 common frames omitted
Caused by: org.apache.ibatis.type.TypeException: Could not resolve type alias 'application.resources.mapper.StaffMasterModel'.  Cause: java.lang.ClassNotFoundException: Cannot find class: application.resources.mapper.StaffMasterModel
	at org.mybatis@3.5.17/org.apache.ibatis.type.TypeAliasRegistry.resolveAlias(TypeAliasRegistry.java:128)
	at org.mybatis@3.5.17/org.apache.ibatis.builder.BaseBuilder.resolveAlias(BaseBuilder.java:132)
	at org.mybatis@3.5.17/org.apache.ibatis.builder.BaseBuilder.resolveClass(BaseBuilder.java:101)
	... 36 common frames omitted
Caused by: java.lang.ClassNotFoundException: Cannot find class: application.resources.mapper.StaffMasterModel
	at org.mybatis@3.5.17/org.apache.ibatis.io.ClassLoaderWrapper.classForName(ClassLoaderWrapper.java:226)
	at org.mybatis@3.5.17/org.apache.ibatis.io.ClassLoaderWrapper.classForName(ClassLoaderWrapper.java:103)
	at org.mybatis@3.5.17/org.apache.ibatis.io.Resources.classForName(Resources.java:322)
	at org.mybatis@3.5.17/org.apache.ibatis.type.TypeAliasRegistry.resolveAlias(TypeAliasRegistry.java:124)
	... 38 common frames omitted
2026-06-11 00:08:41 [JavaFX Application Thread] INFO  application.java.manager.LogManager - /application/resources/css/LoginStyle.css

2026-06-11 00:08:41 [JavaFX Application Thread] INFO  application.java.manager.LogManager - 画面展開 [setPage] : ログイン画面
2026-06-11 00:08:43 [JavaFX Application Thread] INFO  application.java.manager.LogManager - [ログイン画面] ： [システム終了]ボタン押下により、アプリを終了します
2026-06-11 00:08:43 [JavaFX Application Thread] DEBUG application.java.manager.LogManager - [SQL操作クラス] ： 非同期処理 スレッドプール解放
2026-06-11 00:08:43 [JavaFX Application Thread] INFO  application.java.manager.LogManager - 終了処理 : 完了
2026-06-11 00:09:11 [main] INFO  application.java.manager.LogManager - 備品管理システム : 起動
2026-06-11 00:09:11 [JavaFX Application Thread] INFO  application.java.manager.LogManager - 開始処理 : 画面ウィンドウ枠生成
2026-06-11 00:09:11 [JavaFX Application Thread] INFO  application.java.manager.LogManager - [ログイン画面] ： 初期化処理
2026-06-11 00:09:11 [JavaFX Application Thread] INFO  application.java.manager.LogManager - 画面展開 [setPage] ： 画面設定・表示処理 開始
2026-06-11 00:09:11 [JavaFX Application Thread] DEBUG application.java.manager.LogManager - Window切替 [setWindowFrame] : TRANSPARENT(透明枠・背景色透明)
2026-06-11 00:09:11 [JavaFX Application Thread] INFO  application.java.manager.LogManager - [SQL操作クラス] ： 非同期処理 スレッドプール作成
2026-06-11 00:09:11 [JavaFX Application Thread] INFO  application.java.manager.LogManager - [SQL操作クラス] ： SQL Session生成
2026-06-11 00:09:11 [JavaFX Application Thread] DEBUG application.java.manager.LogManager - [SQL操作クラス] ： mybatis有効化
2026-06-11 00:09:11 [JavaFX Application Thread] DEBUG o.apache.ibatis.logging.LogFactory - Logging initialized using 'class org.apache.ibatis.logging.slf4j.Slf4jImpl' adapter.
2026-06-11 00:09:11 [JavaFX Application Thread] DEBUG o.apache.ibatis.logging.LogFactory - Logging initialized using 'class org.apache.ibatis.logging.slf4j.Slf4jImpl' adapter.
2026-06-11 00:09:11 [JavaFX Application Thread] DEBUG com.zaxxer.hikari.util.UtilityElf - Class com.mysql.cj.jdbc.Driver found in Thread context class loader jdk.internal.loader.ClassLoaders$AppClassLoader@7699a589
2026-06-11 00:09:12 [JavaFX Application Thread] INFO  application.java.manager.LogManager - /application/resources/css/LoginStyle.css

2026-06-11 00:09:12 [JavaFX Application Thread] INFO  application.java.manager.LogManager - 画面展開 [setPage] : ログイン画面
2026-06-11 00:09:15 [JavaFX Application Thread] INFO  application.java.manager.LogManager - [ログイン画面] ： [QRコード認証]ボタン押下
2026-06-11 00:09:15 [JavaFX Application Thread] INFO  application.java.manager.LogManager - [Webサーバー操作クラス] ： 受信サーバー設定(LocalHost)
2026-06-11 00:09:15 [JavaFX Application Thread] INFO  application.java.manager.LogManager - [ログイン画面] ： 認証サーバーexeを起動します。
2026-06-11 00:09:16 [JavaFX Application Thread] DEBUG application.java.manager.LogManager - [ログイン画面] ： 標準ブラウザを起動します URL: https://localhost:7215?redirect_uri=http://localhost:8888/callback
2026-06-11 00:09:59 [HTTP-Dispatcher] INFO  application.java.manager.LogManager - [Webサーバー操作クラス] ： 認証サーバーからデータを受信しました
2026-06-11 00:10:01 [JavaFX Application Thread] INFO  application.java.manager.LogManager - [ログイン画面] ： ログイン(PassKey)成功
2026-06-11 00:10:01 [JavaFX Application Thread] DEBUG application.java.manager.LogManager - [ログイン画面] ： 受信したトークン情報: 1
2026-06-11 00:10:01 [JavaFX Application Thread] DEBUG application.java.manager.LogManager - [SQL操作クラス] ： SELECT句発行
2026-06-11 00:10:01 [JavaFX Application Thread] DEBUG application.java.manager.LogManager - [ログイン画面] ： DB 社員マスタ取得処理
2026-06-11 00:10:01 [JavaFX Application Thread] DEBUG o.a.i.t.jdbc.JdbcTransaction - Opening JDBC Connection
2026-06-11 00:10:01 [JavaFX Application Thread] DEBUG com.zaxxer.hikari.HikariConfig - HikariPool-1 - configuration:
2026-06-11 00:10:01 [JavaFX Application Thread] DEBUG com.zaxxer.hikari.HikariConfig - allowPoolSuspension.............false
2026-06-11 00:10:01 [JavaFX Application Thread] DEBUG com.zaxxer.hikari.HikariConfig - autoCommit......................true
2026-06-11 00:10:01 [JavaFX Application Thread] DEBUG com.zaxxer.hikari.HikariConfig - catalog.........................none
2026-06-11 00:10:01 [JavaFX Application Thread] DEBUG com.zaxxer.hikari.HikariConfig - connectionInitSql...............none
2026-06-11 00:10:01 [JavaFX Application Thread] DEBUG com.zaxxer.hikari.HikariConfig - connectionTestQuery.............none
2026-06-11 00:10:01 [JavaFX Application Thread] DEBUG com.zaxxer.hikari.HikariConfig - connectionTimeout...............30000
2026-06-11 00:10:01 [JavaFX Application Thread] DEBUG com.zaxxer.hikari.HikariConfig - credentials.....................com.zaxxer.hikari.util.Credentials@6174a278
2026-06-11 00:10:01 [JavaFX Application Thread] DEBUG com.zaxxer.hikari.HikariConfig - credentialsProvider.............none
2026-06-11 00:10:01 [JavaFX Application Thread] DEBUG com.zaxxer.hikari.HikariConfig - credentialsProviderClassName....none
2026-06-11 00:10:01 [JavaFX Application Thread] DEBUG com.zaxxer.hikari.HikariConfig - dataSource......................none
2026-06-11 00:10:01 [JavaFX Application Thread] DEBUG com.zaxxer.hikari.HikariConfig - dataSourceClassName.............none
2026-06-11 00:10:01 [JavaFX Application Thread] DEBUG com.zaxxer.hikari.HikariConfig - dataSourceJNDI..................none
2026-06-11 00:10:01 [JavaFX Application Thread] DEBUG com.zaxxer.hikari.HikariConfig - dataSourceProperties............{password=<masked>}
2026-06-11 00:10:01 [JavaFX Application Thread] DEBUG com.zaxxer.hikari.HikariConfig - driverClassName................."com.mysql.cj.jdbc.Driver"
2026-06-11 00:10:01 [JavaFX Application Thread] DEBUG com.zaxxer.hikari.HikariConfig - exceptionOverride...............none
2026-06-11 00:10:01 [JavaFX Application Thread] DEBUG com.zaxxer.hikari.HikariConfig - exceptionOverrideClassName......none
2026-06-11 00:10:01 [JavaFX Application Thread] DEBUG com.zaxxer.hikari.HikariConfig - healthCheckProperties...........{}
2026-06-11 00:10:01 [JavaFX Application Thread] DEBUG com.zaxxer.hikari.HikariConfig - healthCheckRegistry.............none
2026-06-11 00:10:01 [JavaFX Application Thread] DEBUG com.zaxxer.hikari.HikariConfig - idleTimeout.....................600000
2026-06-11 00:10:01 [JavaFX Application Thread] DEBUG com.zaxxer.hikari.HikariConfig - initializationFailTimeout.......1
2026-06-11 00:10:01 [JavaFX Application Thread] DEBUG com.zaxxer.hikari.HikariConfig - isolateInternalQueries..........false
2026-06-11 00:10:01 [JavaFX Application Thread] DEBUG com.zaxxer.hikari.HikariConfig - jdbcUrl.........................jdbc:mysql://localhost:3306/java_learning?useUnicode=true&characterEncoding=UTF-8&serverTimezone=GMT%2B9&useSSL=false&allowPublicKeyRetrieval=true&useCursorFetch=true
2026-06-11 00:10:01 [JavaFX Application Thread] DEBUG com.zaxxer.hikari.HikariConfig - keepaliveTime...................120000
2026-06-11 00:10:01 [JavaFX Application Thread] DEBUG com.zaxxer.hikari.HikariConfig - leakDetectionThreshold..........0
2026-06-11 00:10:01 [JavaFX Application Thread] DEBUG com.zaxxer.hikari.HikariConfig - maxLifetime.....................1800000
2026-06-11 00:10:01 [JavaFX Application Thread] DEBUG com.zaxxer.hikari.HikariConfig - maximumPoolSize.................20
2026-06-11 00:10:01 [JavaFX Application Thread] DEBUG com.zaxxer.hikari.HikariConfig - metricRegistry..................none
2026-06-11 00:10:01 [JavaFX Application Thread] DEBUG com.zaxxer.hikari.HikariConfig - metricsTrackerFactory...........none
2026-06-11 00:10:01 [JavaFX Application Thread] DEBUG com.zaxxer.hikari.HikariConfig - minimumIdle.....................20
2026-06-11 00:10:01 [JavaFX Application Thread] DEBUG com.zaxxer.hikari.HikariConfig - password........................<masked>
2026-06-11 00:10:01 [JavaFX Application Thread] DEBUG com.zaxxer.hikari.HikariConfig - poolName........................"HikariPool-1"
2026-06-11 00:10:01 [JavaFX Application Thread] DEBUG com.zaxxer.hikari.HikariConfig - readOnly........................false
2026-06-11 00:10:01 [JavaFX Application Thread] DEBUG com.zaxxer.hikari.HikariConfig - registerMbeans..................false
2026-06-11 00:10:01 [JavaFX Application Thread] DEBUG com.zaxxer.hikari.HikariConfig - scheduledExecutor...............none
2026-06-11 00:10:01 [JavaFX Application Thread] DEBUG com.zaxxer.hikari.HikariConfig - schema..........................none
2026-06-11 00:10:01 [JavaFX Application Thread] DEBUG com.zaxxer.hikari.HikariConfig - threadFactory...................internal
2026-06-11 00:10:01 [JavaFX Application Thread] DEBUG com.zaxxer.hikari.HikariConfig - transactionIsolation............default
2026-06-11 00:10:01 [JavaFX Application Thread] DEBUG com.zaxxer.hikari.HikariConfig - username........................"user"
2026-06-11 00:10:01 [JavaFX Application Thread] DEBUG com.zaxxer.hikari.HikariConfig - validationTimeout...............5000
2026-06-11 00:10:01 [JavaFX Application Thread] INFO  com.zaxxer.hikari.HikariDataSource - HikariPool-1 - Starting...
2026-06-11 00:10:01 [JavaFX Application Thread] DEBUG com.zaxxer.hikari.pool.PoolBase - HikariPool-1 - Attempting to create/setup new connection (161139c8-fbb4-4e7d-b2a7-f9f6df7633d1)
2026-06-11 00:10:01 [JavaFX Application Thread] DEBUG com.zaxxer.hikari.pool.PoolBase - HikariPool-1 - Established new connection (161139c8-fbb4-4e7d-b2a7-f9f6df7633d1)
2026-06-11 00:10:01 [JavaFX Application Thread] INFO  com.zaxxer.hikari.pool.HikariPool - HikariPool-1 - Added connection com.mysql.cj.jdbc.ConnectionImpl@565e5a28
2026-06-11 00:10:01 [JavaFX Application Thread] INFO  com.zaxxer.hikari.HikariDataSource - HikariPool-1 - Start completed.
2026-06-11 00:10:01 [JavaFX Application Thread] DEBUG o.a.i.t.jdbc.JdbcTransaction - Setting autocommit to false on JDBC Connection [HikariProxyConnection@570279388 wrapping com.mysql.cj.jdbc.ConnectionImpl@565e5a28]
2026-06-11 00:10:01 [JavaFX Application Thread] DEBUG a.r.m.StaffMasterMapper.selectByNo - ==>  Preparing: SELECT * FROM staff_master WHERE staff_no = ?
2026-06-11 00:10:01 [JavaFX Application Thread] DEBUG a.r.m.StaffMasterMapper.selectByNo - ==> Parameters: 1(Integer)
2026-06-11 00:10:01 [JavaFX Application Thread] DEBUG a.r.m.StaffMasterMapper.selectByNo - <==      Total: 1
2026-06-11 00:10:01 [JavaFX Application Thread] DEBUG o.a.i.t.jdbc.JdbcTransaction - Resetting autocommit to true on JDBC Connection [HikariProxyConnection@570279388 wrapping com.mysql.cj.jdbc.ConnectionImpl@565e5a28]
2026-06-11 00:10:01 [JavaFX Application Thread] DEBUG o.a.i.t.jdbc.JdbcTransaction - Closing JDBC Connection [HikariProxyConnection@570279388 wrapping com.mysql.cj.jdbc.ConnectionImpl@565e5a28]
2026-06-11 00:10:01 [JavaFX Application Thread] INFO  application.java.manager.LogManager - [ログイン画面] ： メニュー画面へ切替
2026-06-11 00:10:01 [JavaFX Application Thread] INFO  application.java.manager.LogManager - [備品管理システム メニュー画面] ： 初期化処理
2026-06-11 00:10:01 [JavaFX Application Thread] INFO  application.java.manager.LogManager - 呼出中[Page](ログイン画面)の終了処理(dispose)を実行
2026-06-11 00:10:01 [JavaFX Application Thread] INFO  application.java.manager.LogManager - 画面展開 [setPage] ： 画面設定・表示処理 開始
2026-06-11 00:10:01 [HikariPool-1:housekeeper] DEBUG com.zaxxer.hikari.pool.HikariPool - HikariPool-1 - Pool stats (total=1/20, idle=1/20, active=0, waiting=0)
2026-06-11 00:10:01 [HikariPool-1:connection-adder] DEBUG com.zaxxer.hikari.pool.PoolBase - HikariPool-1 - Attempting to create/setup new connection (b4e35b39-f32b-45b6-a32c-c3ddf41411e4)
2026-06-11 00:10:01 [HikariPool-1:connection-adder] DEBUG com.zaxxer.hikari.pool.PoolBase - HikariPool-1 - Established new connection (b4e35b39-f32b-45b6-a32c-c3ddf41411e4)
2026-06-11 00:10:01 [HikariPool-1:connection-adder] DEBUG com.zaxxer.hikari.pool.HikariPool - HikariPool-1 - Added connection com.mysql.cj.jdbc.ConnectionImpl@3c61587a
2026-06-11 00:10:01 [HikariPool-1:connection-adder] DEBUG com.zaxxer.hikari.pool.HikariPool - HikariPool-1 - After adding stats (total=2/20, idle=2/20, active=0, waiting=0)
2026-06-11 00:10:01 [HikariPool-1:connection-adder] DEBUG com.zaxxer.hikari.pool.PoolBase - HikariPool-1 - Attempting to create/setup new connection (2a861b33-9468-478f-ab7e-42de48423d95)
2026-06-11 00:10:01 [JavaFX Application Thread] INFO  application.java.manager.LogManager - /application/resources/css/MenuMacFinderStyle.css

2026-06-11 00:10:01 [HikariPool-1:connection-adder] DEBUG com.zaxxer.hikari.pool.PoolBase - HikariPool-1 - Established new connection (2a861b33-9468-478f-ab7e-42de48423d95)
2026-06-11 00:10:01 [HikariPool-1:connection-adder] DEBUG com.zaxxer.hikari.pool.HikariPool - HikariPool-1 - Added connection com.mysql.cj.jdbc.ConnectionImpl@7d5c5241
2026-06-11 00:10:01 [HikariPool-1:connection-adder] DEBUG com.zaxxer.hikari.pool.HikariPool - HikariPool-1 - After adding stats (total=3/20, idle=3/20, active=0, waiting=0)
2026-06-11 00:10:01 [HikariPool-1:connection-adder] DEBUG com.zaxxer.hikari.pool.PoolBase - HikariPool-1 - Attempting to create/setup new connection (4fad3038-f623-4124-90de-b93d989b5549)
2026-06-11 00:10:01 [HikariPool-1:connection-adder] DEBUG com.zaxxer.hikari.pool.PoolBase - HikariPool-1 - Established new connection (4fad3038-f623-4124-90de-b93d989b5549)
2026-06-11 00:10:01 [HikariPool-1:connection-adder] DEBUG com.zaxxer.hikari.pool.HikariPool - HikariPool-1 - Added connection com.mysql.cj.jdbc.ConnectionImpl@4ceb8c49
2026-06-11 00:10:01 [HikariPool-1:connection-adder] DEBUG com.zaxxer.hikari.pool.HikariPool - HikariPool-1 - After adding stats (total=4/20, idle=4/20, active=0, waiting=0)
2026-06-11 00:10:01 [HikariPool-1:connection-adder] DEBUG com.zaxxer.hikari.pool.PoolBase - HikariPool-1 - Attempting to create/setup new connection (b252202b-a10b-4075-a1f4-5e9936ed1ba5)
2026-06-11 00:10:01 [HikariPool-1:connection-adder] DEBUG com.zaxxer.hikari.pool.PoolBase - HikariPool-1 - Established new connection (b252202b-a10b-4075-a1f4-5e9936ed1ba5)
2026-06-11 00:10:01 [HikariPool-1:connection-adder] DEBUG com.zaxxer.hikari.pool.HikariPool - HikariPool-1 - Added connection com.mysql.cj.jdbc.ConnectionImpl@1d73ad0e
2026-06-11 00:10:01 [HikariPool-1:connection-adder] DEBUG com.zaxxer.hikari.pool.HikariPool - HikariPool-1 - After adding stats (total=5/20, idle=5/20, active=0, waiting=0)
2026-06-11 00:10:01 [HikariPool-1:connection-adder] DEBUG com.zaxxer.hikari.pool.PoolBase - HikariPool-1 - Attempting to create/setup new connection (900903cb-cb29-40bb-8952-cd6d83fff7e5)
2026-06-11 00:10:01 [HikariPool-1:connection-adder] DEBUG com.zaxxer.hikari.pool.PoolBase - HikariPool-1 - Established new connection (900903cb-cb29-40bb-8952-cd6d83fff7e5)
2026-06-11 00:10:01 [HikariPool-1:connection-adder] DEBUG com.zaxxer.hikari.pool.HikariPool - HikariPool-1 - Added connection com.mysql.cj.jdbc.ConnectionImpl@add4918
2026-06-11 00:10:01 [HikariPool-1:connection-adder] DEBUG com.zaxxer.hikari.pool.HikariPool - HikariPool-1 - After adding stats (total=6/20, idle=6/20, active=0, waiting=0)
2026-06-11 00:10:01 [HikariPool-1:connection-adder] DEBUG com.zaxxer.hikari.pool.PoolBase - HikariPool-1 - Attempting to create/setup new connection (b91418ea-5828-4416-ad97-be9874a147ef)
2026-06-11 00:10:01 [HikariPool-1:connection-adder] DEBUG com.zaxxer.hikari.pool.PoolBase - HikariPool-1 - Established new connection (b91418ea-5828-4416-ad97-be9874a147ef)
2026-06-11 00:10:01 [HikariPool-1:connection-adder] DEBUG com.zaxxer.hikari.pool.HikariPool - HikariPool-1 - Added connection com.mysql.cj.jdbc.ConnectionImpl@193dd4d4
2026-06-11 00:10:01 [JavaFX Application Thread] INFO  application.java.manager.LogManager - 画面展開 [setPage] : 備品管理システム メニュー画面
2026-06-11 00:10:01 [HikariPool-1:connection-adder] DEBUG com.zaxxer.hikari.pool.HikariPool - HikariPool-1 - After adding stats (total=7/20, idle=7/20, active=0, waiting=0)
2026-06-11 00:10:01 [HikariPool-1:connection-adder] DEBUG com.zaxxer.hikari.pool.PoolBase - HikariPool-1 - Attempting to create/setup new connection (9fddbbcc-1426-44a9-ab49-dd09ff9433c9)
2026-06-11 00:10:01 [HikariPool-1:connection-adder] DEBUG com.zaxxer.hikari.pool.PoolBase - HikariPool-1 - Established new connection (9fddbbcc-1426-44a9-ab49-dd09ff9433c9)
2026-06-11 00:10:01 [HikariPool-1:connection-adder] DEBUG com.zaxxer.hikari.pool.HikariPool - HikariPool-1 - Added connection com.mysql.cj.jdbc.ConnectionImpl@43085a3f
2026-06-11 00:10:01 [HikariPool-1:connection-adder] DEBUG com.zaxxer.hikari.pool.HikariPool - HikariPool-1 - After adding stats (total=8/20, idle=8/20, active=0, waiting=0)
2026-06-11 00:10:01 [HikariPool-1:connection-adder] DEBUG com.zaxxer.hikari.pool.PoolBase - HikariPool-1 - Attempting to create/setup new connection (edbc6310-c341-40f7-af9c-94b4aec89412)
2026-06-11 00:10:01 [HikariPool-1:connection-adder] DEBUG com.zaxxer.hikari.pool.PoolBase - HikariPool-1 - Established new connection (edbc6310-c341-40f7-af9c-94b4aec89412)
2026-06-11 00:10:01 [HikariPool-1:connection-adder] DEBUG com.zaxxer.hikari.pool.HikariPool - HikariPool-1 - Added connection com.mysql.cj.jdbc.ConnectionImpl@1de21605
2026-06-11 00:10:01 [HikariPool-1:connection-adder] DEBUG com.zaxxer.hikari.pool.HikariPool - HikariPool-1 - After adding stats (total=9/20, idle=9/20, active=0, waiting=0)
2026-06-11 00:10:01 [HikariPool-1:connection-adder] DEBUG com.zaxxer.hikari.pool.PoolBase - HikariPool-1 - Attempting to create/setup new connection (76a77607-142f-4548-b3b0-8a0bf3e90be1)
2026-06-11 00:10:01 [HikariPool-1:connection-adder] DEBUG com.zaxxer.hikari.pool.PoolBase - HikariPool-1 - Established new connection (76a77607-142f-4548-b3b0-8a0bf3e90be1)
2026-06-11 00:10:01 [HikariPool-1:connection-adder] DEBUG com.zaxxer.hikari.pool.HikariPool - HikariPool-1 - Added connection com.mysql.cj.jdbc.ConnectionImpl@5598d537
2026-06-11 00:10:01 [HikariPool-1:connection-adder] DEBUG com.zaxxer.hikari.pool.HikariPool - HikariPool-1 - After adding stats (total=10/20, idle=10/20, active=0, waiting=0)
2026-06-11 00:10:01 [HikariPool-1:connection-adder] DEBUG com.zaxxer.hikari.pool.PoolBase - HikariPool-1 - Attempting to create/setup new connection (9ecc42bf-df54-42e2-8bed-bb0425ae5621)
2026-06-11 00:10:01 [HikariPool-1:connection-adder] DEBUG com.zaxxer.hikari.pool.PoolBase - HikariPool-1 - Established new connection (9ecc42bf-df54-42e2-8bed-bb0425ae5621)
2026-06-11 00:10:01 [HikariPool-1:connection-adder] DEBUG com.zaxxer.hikari.pool.HikariPool - HikariPool-1 - Added connection com.mysql.cj.jdbc.ConnectionImpl@4573c78a
2026-06-11 00:10:02 [HikariPool-1:connection-adder] DEBUG com.zaxxer.hikari.pool.HikariPool - HikariPool-1 - After adding stats (total=11/20, idle=11/20, active=0, waiting=0)
2026-06-11 00:10:02 [HikariPool-1:connection-adder] DEBUG com.zaxxer.hikari.pool.PoolBase - HikariPool-1 - Attempting to create/setup new connection (e1998dcf-e4d7-4706-9ed2-ce1f42c31364)
2026-06-11 00:10:02 [HikariPool-1:connection-adder] DEBUG com.zaxxer.hikari.pool.PoolBase - HikariPool-1 - Established new connection (e1998dcf-e4d7-4706-9ed2-ce1f42c31364)
2026-06-11 00:10:02 [HikariPool-1:connection-adder] DEBUG com.zaxxer.hikari.pool.HikariPool - HikariPool-1 - Added connection com.mysql.cj.jdbc.ConnectionImpl@7e14460
2026-06-11 00:10:02 [HikariPool-1:connection-adder] DEBUG com.zaxxer.hikari.pool.HikariPool - HikariPool-1 - After adding stats (total=12/20, idle=12/20, active=0, waiting=0)
2026-06-11 00:10:02 [HikariPool-1:connection-adder] DEBUG com.zaxxer.hikari.pool.PoolBase - HikariPool-1 - Attempting to create/setup new connection (1791663d-95ab-4bdb-8aa6-64e75d0ee0d5)
2026-06-11 00:10:02 [HikariPool-1:connection-adder] DEBUG com.zaxxer.hikari.pool.PoolBase - HikariPool-1 - Established new connection (1791663d-95ab-4bdb-8aa6-64e75d0ee0d5)
2026-06-11 00:10:02 [HikariPool-1:connection-adder] DEBUG com.zaxxer.hikari.pool.HikariPool - HikariPool-1 - Added connection com.mysql.cj.jdbc.ConnectionImpl@7161a269
2026-06-11 00:10:02 [HikariPool-1:connection-adder] DEBUG com.zaxxer.hikari.pool.HikariPool - HikariPool-1 - After adding stats (total=13/20, idle=13/20, active=0, waiting=0)
2026-06-11 00:10:02 [HikariPool-1:connection-adder] DEBUG com.zaxxer.hikari.pool.PoolBase - HikariPool-1 - Attempting to create/setup new connection (dba1f3f3-4b45-4097-a6e7-2b0eb13bf7ed)
2026-06-11 00:10:02 [HikariPool-1:connection-adder] DEBUG com.zaxxer.hikari.pool.PoolBase - HikariPool-1 - Established new connection (dba1f3f3-4b45-4097-a6e7-2b0eb13bf7ed)
2026-06-11 00:10:02 [HikariPool-1:connection-adder] DEBUG com.zaxxer.hikari.pool.HikariPool - HikariPool-1 - Added connection com.mysql.cj.jdbc.ConnectionImpl@70b439e6
2026-06-11 00:10:02 [HikariPool-1:connection-adder] DEBUG com.zaxxer.hikari.pool.HikariPool - HikariPool-1 - After adding stats (total=14/20, idle=14/20, active=0, waiting=0)
2026-06-11 00:10:02 [HikariPool-1:connection-adder] DEBUG com.zaxxer.hikari.pool.PoolBase - HikariPool-1 - Attempting to create/setup new connection (27b32685-3949-46c2-8336-8aa843618c9e)
2026-06-11 00:10:02 [HikariPool-1:connection-adder] DEBUG com.zaxxer.hikari.pool.PoolBase - HikariPool-1 - Established new connection (27b32685-3949-46c2-8336-8aa843618c9e)
2026-06-11 00:10:02 [HikariPool-1:connection-adder] DEBUG com.zaxxer.hikari.pool.HikariPool - HikariPool-1 - Added connection com.mysql.cj.jdbc.ConnectionImpl@d371241
2026-06-11 00:10:02 [HikariPool-1:connection-adder] DEBUG com.zaxxer.hikari.pool.HikariPool - HikariPool-1 - After adding stats (total=15/20, idle=15/20, active=0, waiting=0)
2026-06-11 00:10:02 [HikariPool-1:connection-adder] DEBUG com.zaxxer.hikari.pool.PoolBase - HikariPool-1 - Attempting to create/setup new connection (608b2477-1f40-415b-be9a-4b1c761e66c1)
2026-06-11 00:10:02 [HikariPool-1:connection-adder] DEBUG com.zaxxer.hikari.pool.PoolBase - HikariPool-1 - Established new connection (608b2477-1f40-415b-be9a-4b1c761e66c1)
2026-06-11 00:10:02 [HikariPool-1:connection-adder] DEBUG com.zaxxer.hikari.pool.HikariPool - HikariPool-1 - Added connection com.mysql.cj.jdbc.ConnectionImpl@7cc55490
2026-06-11 00:10:02 [HikariPool-1:connection-adder] DEBUG com.zaxxer.hikari.pool.HikariPool - HikariPool-1 - After adding stats (total=16/20, idle=16/20, active=0, waiting=0)
2026-06-11 00:10:02 [HikariPool-1:connection-adder] DEBUG com.zaxxer.hikari.pool.PoolBase - HikariPool-1 - Attempting to create/setup new connection (3044bdd9-5634-4a48-ae19-fe9a60094618)
2026-06-11 00:10:02 [HikariPool-1:connection-adder] DEBUG com.zaxxer.hikari.pool.PoolBase - HikariPool-1 - Established new connection (3044bdd9-5634-4a48-ae19-fe9a60094618)
2026-06-11 00:10:02 [HikariPool-1:connection-adder] DEBUG com.zaxxer.hikari.pool.HikariPool - HikariPool-1 - Added connection com.mysql.cj.jdbc.ConnectionImpl@74f6ce26
2026-06-11 00:10:02 [HikariPool-1:connection-adder] DEBUG com.zaxxer.hikari.pool.HikariPool - HikariPool-1 - After adding stats (total=17/20, idle=17/20, active=0, waiting=0)
2026-06-11 00:10:02 [HikariPool-1:connection-adder] DEBUG com.zaxxer.hikari.pool.PoolBase - HikariPool-1 - Attempting to create/setup new connection (ef07fd86-4be5-41ac-a9d4-ad112ae24723)
2026-06-11 00:10:02 [HikariPool-1:connection-adder] DEBUG com.zaxxer.hikari.pool.PoolBase - HikariPool-1 - Established new connection (ef07fd86-4be5-41ac-a9d4-ad112ae24723)
2026-06-11 00:10:02 [HikariPool-1:connection-adder] DEBUG com.zaxxer.hikari.pool.HikariPool - HikariPool-1 - Added connection com.mysql.cj.jdbc.ConnectionImpl@7664b307
2026-06-11 00:10:02 [HikariPool-1:connection-adder] DEBUG com.zaxxer.hikari.pool.HikariPool - HikariPool-1 - After adding stats (total=18/20, idle=18/20, active=0, waiting=0)
2026-06-11 00:10:02 [HikariPool-1:connection-adder] DEBUG com.zaxxer.hikari.pool.PoolBase - HikariPool-1 - Attempting to create/setup new connection (171ea5fb-6b1a-490a-a13d-75339da69040)
2026-06-11 00:10:02 [HikariPool-1:connection-adder] DEBUG com.zaxxer.hikari.pool.PoolBase - HikariPool-1 - Established new connection (171ea5fb-6b1a-490a-a13d-75339da69040)
2026-06-11 00:10:02 [HikariPool-1:connection-adder] DEBUG com.zaxxer.hikari.pool.HikariPool - HikariPool-1 - Added connection com.mysql.cj.jdbc.ConnectionImpl@46ff9924
2026-06-11 00:10:02 [HikariPool-1:connection-adder] DEBUG com.zaxxer.hikari.pool.HikariPool - HikariPool-1 - After adding stats (total=19/20, idle=19/20, active=0, waiting=0)
2026-06-11 00:10:02 [HikariPool-1:connection-adder] DEBUG com.zaxxer.hikari.pool.PoolBase - HikariPool-1 - Attempting to create/setup new connection (39ebb49a-bcc9-4186-a376-ca95a1cc0bef)
2026-06-11 00:10:02 [HikariPool-1:connection-adder] DEBUG com.zaxxer.hikari.pool.PoolBase - HikariPool-1 - Established new connection (39ebb49a-bcc9-4186-a376-ca95a1cc0bef)
2026-06-11 00:10:02 [HikariPool-1:connection-adder] DEBUG com.zaxxer.hikari.pool.HikariPool - HikariPool-1 - Added connection com.mysql.cj.jdbc.ConnectionImpl@2da9f2b4
2026-06-11 00:10:02 [HikariPool-1:connection-adder] DEBUG com.zaxxer.hikari.pool.HikariPool - HikariPool-1 - After adding stats (total=20/20, idle=20/20, active=0, waiting=0)
2026-06-11 00:10:31 [HikariPool-1:housekeeper] DEBUG com.zaxxer.hikari.pool.HikariPool - HikariPool-1 - Pool stats (total=20/20, idle=20/20, active=0, waiting=0)
2026-06-11 00:10:31 [HikariPool-1:housekeeper] DEBUG com.zaxxer.hikari.pool.HikariPool - HikariPool-1 - Fill pool skipped, pool has sufficient level or currently being filled.
2026-06-11 00:11:01 [HikariPool-1:housekeeper] DEBUG com.zaxxer.hikari.pool.HikariPool - HikariPool-1 - Pool stats (total=20/20, idle=20/20, active=0, waiting=0)
2026-06-11 00:11:01 [HikariPool-1:housekeeper] DEBUG com.zaxxer.hikari.pool.HikariPool - HikariPool-1 - Fill pool skipped, pool has sufficient level or currently being filled.
2026-06-11 00:11:03 [JavaFX Application Thread] DEBUG application.java.manager.LogManager - [SQL操作クラス] ： 非同期処理 スレッドプール解放
2026-06-11 00:11:03 [JavaFX Application Thread] INFO  com.zaxxer.hikari.HikariDataSource - HikariPool-1 - Shutdown initiated...
2026-06-11 00:11:03 [JavaFX Application Thread] DEBUG com.zaxxer.hikari.pool.HikariPool - HikariPool-1 - Before shutdown stats (total=20/20, idle=20/20, active=0, waiting=0)
2026-06-11 00:11:03 [HikariPool-1:connection-closer] DEBUG com.zaxxer.hikari.pool.PoolBase - HikariPool-1 - Closing connection com.mysql.cj.jdbc.ConnectionImpl@565e5a28: (connection evicted)
2026-06-11 00:11:03 [HikariPool-1:connection-closer] DEBUG com.zaxxer.hikari.pool.PoolBase - HikariPool-1 - Closing connection com.mysql.cj.jdbc.ConnectionImpl@3c61587a: (connection evicted)
2026-06-11 00:11:03 [HikariPool-1:connection-closer] DEBUG com.zaxxer.hikari.pool.PoolBase - HikariPool-1 - Closing connection com.mysql.cj.jdbc.ConnectionImpl@7d5c5241: (connection evicted)
2026-06-11 00:11:03 [HikariPool-1:connection-closer] DEBUG com.zaxxer.hikari.pool.PoolBase - HikariPool-1 - Closing connection com.mysql.cj.jdbc.ConnectionImpl@4ceb8c49: (connection evicted)
2026-06-11 00:11:03 [HikariPool-1:connection-closer] DEBUG com.zaxxer.hikari.pool.PoolBase - HikariPool-1 - Closing connection com.mysql.cj.jdbc.ConnectionImpl@1d73ad0e: (connection evicted)
2026-06-11 00:11:03 [HikariPool-1:connection-closer] DEBUG com.zaxxer.hikari.pool.PoolBase - HikariPool-1 - Closing connection com.mysql.cj.jdbc.ConnectionImpl@add4918: (connection evicted)
2026-06-11 00:11:03 [HikariPool-1:connection-closer] DEBUG com.zaxxer.hikari.pool.PoolBase - HikariPool-1 - Closing connection com.mysql.cj.jdbc.ConnectionImpl@193dd4d4: (connection evicted)
2026-06-11 00:11:03 [HikariPool-1:connection-closer] DEBUG com.zaxxer.hikari.pool.PoolBase - HikariPool-1 - Closing connection com.mysql.cj.jdbc.ConnectionImpl@43085a3f: (connection evicted)
2026-06-11 00:11:03 [HikariPool-1:connection-closer] DEBUG com.zaxxer.hikari.pool.PoolBase - HikariPool-1 - Closing connection com.mysql.cj.jdbc.ConnectionImpl@1de21605: (connection evicted)
2026-06-11 00:11:03 [HikariPool-1:connection-closer] DEBUG com.zaxxer.hikari.pool.PoolBase - HikariPool-1 - Closing connection com.mysql.cj.jdbc.ConnectionImpl@5598d537: (connection evicted)
2026-06-11 00:11:03 [HikariPool-1:connection-closer] DEBUG com.zaxxer.hikari.pool.PoolBase - HikariPool-1 - Closing connection com.mysql.cj.jdbc.ConnectionImpl@4573c78a: (connection evicted)
2026-06-11 00:11:03 [HikariPool-1:connection-closer] DEBUG com.zaxxer.hikari.pool.PoolBase - HikariPool-1 - Closing connection com.mysql.cj.jdbc.ConnectionImpl@7e14460: (connection evicted)
2026-06-11 00:11:03 [HikariPool-1:connection-closer] DEBUG com.zaxxer.hikari.pool.PoolBase - HikariPool-1 - Closing connection com.mysql.cj.jdbc.ConnectionImpl@7161a269: (connection evicted)
2026-06-11 00:11:03 [HikariPool-1:connection-closer] DEBUG com.zaxxer.hikari.pool.PoolBase - HikariPool-1 - Closing connection com.mysql.cj.jdbc.ConnectionImpl@70b439e6: (connection evicted)
2026-06-11 00:11:03 [HikariPool-1:connection-closer] DEBUG com.zaxxer.hikari.pool.PoolBase - HikariPool-1 - Closing connection com.mysql.cj.jdbc.ConnectionImpl@d371241: (connection evicted)
2026-06-11 00:11:03 [HikariPool-1:connection-closer] DEBUG com.zaxxer.hikari.pool.PoolBase - HikariPool-1 - Closing connection com.mysql.cj.jdbc.ConnectionImpl@7cc55490: (connection evicted)
2026-06-11 00:11:03 [HikariPool-1:connection-closer] DEBUG com.zaxxer.hikari.pool.PoolBase - HikariPool-1 - Closing connection com.mysql.cj.jdbc.ConnectionImpl@74f6ce26: (connection evicted)
2026-06-11 00:11:03 [HikariPool-1:connection-closer] DEBUG com.zaxxer.hikari.pool.PoolBase - HikariPool-1 - Closing connection com.mysql.cj.jdbc.ConnectionImpl@7664b307: (connection evicted)
2026-06-11 00:11:03 [HikariPool-1:connection-closer] DEBUG com.zaxxer.hikari.pool.PoolBase - HikariPool-1 - Closing connection com.mysql.cj.jdbc.ConnectionImpl@46ff9924: (connection evicted)
2026-06-11 00:11:03 [HikariPool-1:connection-closer] DEBUG com.zaxxer.hikari.pool.PoolBase - HikariPool-1 - Closing connection com.mysql.cj.jdbc.ConnectionImpl@2da9f2b4: (connection evicted)
2026-06-11 00:11:03 [JavaFX Application Thread] DEBUG com.zaxxer.hikari.pool.HikariPool - HikariPool-1 - After  shutdown stats (total=0/20, idle=0/20, active=0, waiting=0)
2026-06-11 00:11:03 [JavaFX Application Thread] INFO  com.zaxxer.hikari.HikariDataSource - HikariPool-1 - Shutdown completed.
2026-06-11 00:11:03 [JavaFX Application Thread] DEBUG application.java.manager.LogManager - [SQL操作クラス] ： コネクションプール(HikariCP) Closeing
2026-06-11 00:11:03 [JavaFX Application Thread] INFO  application.java.manager.LogManager - 終了処理 : 完了
2026-06-11 00:11:17 [main] INFO  application.java.manager.LogManager - 備品管理システム : 起動
2026-06-11 00:11:17 [JavaFX Application Thread] INFO  application.java.manager.LogManager - 開始処理 : 画面ウィンドウ枠生成
2026-06-11 00:11:17 [JavaFX Application Thread] INFO  application.java.manager.LogManager - [ログイン画面] ： 初期化処理
2026-06-11 00:11:17 [JavaFX Application Thread] INFO  application.java.manager.LogManager - 画面展開 [setPage] ： 画面設定・表示処理 開始
2026-06-11 00:11:17 [JavaFX Application Thread] DEBUG application.java.manager.LogManager - Window切替 [setWindowFrame] : TRANSPARENT(透明枠・背景色透明)
2026-06-11 00:11:18 [JavaFX Application Thread] INFO  application.java.manager.LogManager - [SQL操作クラス] ： 非同期処理 スレッドプール作成
2026-06-11 00:11:18 [JavaFX Application Thread] INFO  application.java.manager.LogManager - [SQL操作クラス] ： SQL Session生成
2026-06-11 00:11:18 [JavaFX Application Thread] DEBUG application.java.manager.LogManager - [SQL操作クラス] ： mybatis有効化
2026-06-11 00:11:18 [JavaFX Application Thread] DEBUG o.apache.ibatis.logging.LogFactory - Logging initialized using 'class org.apache.ibatis.logging.slf4j.Slf4jImpl' adapter.
2026-06-11 00:11:18 [JavaFX Application Thread] DEBUG o.apache.ibatis.logging.LogFactory - Logging initialized using 'class org.apache.ibatis.logging.slf4j.Slf4jImpl' adapter.
2026-06-11 00:11:18 [JavaFX Application Thread] DEBUG com.zaxxer.hikari.util.UtilityElf - Class com.mysql.cj.jdbc.Driver found in Thread context class loader jdk.internal.loader.ClassLoaders$AppClassLoader@7699a589
2026-06-11 00:11:18 [JavaFX Application Thread] INFO  application.java.manager.LogManager - /application/resources/css/LoginStyle.css

2026-06-11 00:11:18 [JavaFX Application Thread] INFO  application.java.manager.LogManager - 画面展開 [setPage] : ログイン画面
2026-06-11 00:11:20 [JavaFX Application Thread] INFO  application.java.manager.LogManager - [ログイン画面] ： [QRコード認証]ボタン押下
2026-06-11 00:11:20 [JavaFX Application Thread] INFO  application.java.manager.LogManager - [Webサーバー操作クラス] ： 受信サーバー設定(LocalHost)
2026-06-11 00:11:20 [JavaFX Application Thread] INFO  application.java.manager.LogManager - [ログイン画面] ： 認証サーバーexeを起動します。
2026-06-11 00:11:20 [JavaFX Application Thread] DEBUG application.java.manager.LogManager - [ログイン画面] ： 標準ブラウザを起動します URL: https://localhost:7215?redirect_uri=http://localhost:8888/callback
2026-06-11 00:11:51 [HTTP-Dispatcher] INFO  application.java.manager.LogManager - [Webサーバー操作クラス] ： 認証サーバーからデータを受信しました
2026-06-11 00:13:03 [main] INFO  application.java.manager.LogManager - 備品管理システム : 起動
2026-06-11 00:13:03 [JavaFX Application Thread] INFO  application.java.manager.LogManager - 開始処理 : 画面ウィンドウ枠生成
2026-06-11 00:13:03 [JavaFX Application Thread] INFO  application.java.manager.LogManager - [ログイン画面] ： 初期化処理
2026-06-11 00:13:03 [JavaFX Application Thread] INFO  application.java.manager.LogManager - 画面展開 [setPage] ： 画面設定・表示処理 開始
2026-06-11 00:13:03 [JavaFX Application Thread] DEBUG application.java.manager.LogManager - Window切替 [setWindowFrame] : TRANSPARENT(透明枠・背景色透明)
2026-06-11 00:13:03 [JavaFX Application Thread] INFO  application.java.manager.LogManager - [SQL操作クラス] ： 非同期処理 スレッドプール作成
2026-06-11 00:13:03 [JavaFX Application Thread] INFO  application.java.manager.LogManager - [SQL操作クラス] ： SQL Session生成
2026-06-11 00:13:03 [JavaFX Application Thread] DEBUG application.java.manager.LogManager - [SQL操作クラス] ： mybatis有効化
2026-06-11 00:13:03 [JavaFX Application Thread] DEBUG o.apache.ibatis.logging.LogFactory - Logging initialized using 'class org.apache.ibatis.logging.slf4j.Slf4jImpl' adapter.
2026-06-11 00:13:03 [JavaFX Application Thread] DEBUG o.apache.ibatis.logging.LogFactory - Logging initialized using 'class org.apache.ibatis.logging.slf4j.Slf4jImpl' adapter.
2026-06-11 00:13:03 [JavaFX Application Thread] DEBUG com.zaxxer.hikari.util.UtilityElf - Class com.mysql.cj.jdbc.Driver found in Thread context class loader jdk.internal.loader.ClassLoaders$AppClassLoader@7699a589
2026-06-11 00:13:03 [JavaFX Application Thread] INFO  application.java.manager.LogManager - /application/resources/css/LoginStyle.css

2026-06-11 00:13:03 [JavaFX Application Thread] INFO  application.java.manager.LogManager - 画面展開 [setPage] : ログイン画面
2026-06-11 00:13:05 [JavaFX Application Thread] INFO  application.java.manager.LogManager - [ログイン画面] ： [QRコード認証]ボタン押下
2026-06-11 00:13:05 [JavaFX Application Thread] INFO  application.java.manager.LogManager - [Webサーバー操作クラス] ： 受信サーバー設定(LocalHost)
2026-06-11 00:13:06 [JavaFX Application Thread] INFO  application.java.manager.LogManager - [ログイン画面] ： 認証サーバーexeを起動します。
2026-06-11 00:13:06 [JavaFX Application Thread] DEBUG application.java.manager.LogManager - [ログイン画面] ： 標準ブラウザを起動します URL: https://localhost:7215?redirect_uri=http://localhost:8888/callback
2026-06-11 00:13:33 [HTTP-Dispatcher] INFO  application.java.manager.LogManager - [Webサーバー操作クラス] ： 認証サーバーからデータを受信しました
2026-06-11 00:13:34 [JavaFX Application Thread] INFO  application.java.manager.LogManager - [ログイン画面] ： ログイン(PassKey)成功
2026-06-11 00:13:34 [JavaFX Application Thread] DEBUG application.java.manager.LogManager - [ログイン画面] ： 受信したトークン情報: 1
2026-06-11 00:14:35 [JavaFX Application Thread] DEBUG application.java.manager.LogManager - [SQL操作クラス] ： SELECT句発行
2026-06-11 00:14:35 [JavaFX Application Thread] DEBUG application.java.manager.LogManager - [ログイン画面] ： DB 社員マスタ取得処理
2026-06-11 00:14:35 [JavaFX Application Thread] DEBUG o.a.i.t.jdbc.JdbcTransaction - Opening JDBC Connection
2026-06-11 00:14:35 [JavaFX Application Thread] DEBUG com.zaxxer.hikari.HikariConfig - HikariPool-1 - configuration:
2026-06-11 00:14:35 [JavaFX Application Thread] DEBUG com.zaxxer.hikari.HikariConfig - allowPoolSuspension.............false
2026-06-11 00:14:35 [JavaFX Application Thread] DEBUG com.zaxxer.hikari.HikariConfig - autoCommit......................true
2026-06-11 00:14:35 [JavaFX Application Thread] DEBUG com.zaxxer.hikari.HikariConfig - catalog.........................none
2026-06-11 00:14:35 [JavaFX Application Thread] DEBUG com.zaxxer.hikari.HikariConfig - connectionInitSql...............none
2026-06-11 00:14:35 [JavaFX Application Thread] DEBUG com.zaxxer.hikari.HikariConfig - connectionTestQuery.............none
2026-06-11 00:14:35 [JavaFX Application Thread] DEBUG com.zaxxer.hikari.HikariConfig - connectionTimeout...............30000
2026-06-11 00:14:35 [JavaFX Application Thread] DEBUG com.zaxxer.hikari.HikariConfig - credentials.....................com.zaxxer.hikari.util.Credentials@4ba9a1fd
2026-06-11 00:14:35 [JavaFX Application Thread] DEBUG com.zaxxer.hikari.HikariConfig - credentialsProvider.............none
2026-06-11 00:14:35 [JavaFX Application Thread] DEBUG com.zaxxer.hikari.HikariConfig - credentialsProviderClassName....none
2026-06-11 00:14:35 [JavaFX Application Thread] DEBUG com.zaxxer.hikari.HikariConfig - dataSource......................none
2026-06-11 00:14:35 [JavaFX Application Thread] DEBUG com.zaxxer.hikari.HikariConfig - dataSourceClassName.............none
2026-06-11 00:14:35 [JavaFX Application Thread] DEBUG com.zaxxer.hikari.HikariConfig - dataSourceJNDI..................none
2026-06-11 00:14:35 [JavaFX Application Thread] DEBUG com.zaxxer.hikari.HikariConfig - dataSourceProperties............{password=<masked>}
2026-06-11 00:14:35 [JavaFX Application Thread] DEBUG com.zaxxer.hikari.HikariConfig - driverClassName................."com.mysql.cj.jdbc.Driver"
2026-06-11 00:14:35 [JavaFX Application Thread] DEBUG com.zaxxer.hikari.HikariConfig - exceptionOverride...............none
2026-06-11 00:14:35 [JavaFX Application Thread] DEBUG com.zaxxer.hikari.HikariConfig - exceptionOverrideClassName......none
2026-06-11 00:14:35 [JavaFX Application Thread] DEBUG com.zaxxer.hikari.HikariConfig - healthCheckProperties...........{}
2026-06-11 00:14:35 [JavaFX Application Thread] DEBUG com.zaxxer.hikari.HikariConfig - healthCheckRegistry.............none
2026-06-11 00:14:35 [JavaFX Application Thread] DEBUG com.zaxxer.hikari.HikariConfig - idleTimeout.....................600000
2026-06-11 00:14:35 [JavaFX Application Thread] DEBUG com.zaxxer.hikari.HikariConfig - initializationFailTimeout.......1
2026-06-11 00:14:35 [JavaFX Application Thread] DEBUG com.zaxxer.hikari.HikariConfig - isolateInternalQueries..........false
2026-06-11 00:14:35 [JavaFX Application Thread] DEBUG com.zaxxer.hikari.HikariConfig - jdbcUrl.........................jdbc:mysql://localhost:3306/java_learning?useUnicode=true&characterEncoding=UTF-8&serverTimezone=GMT%2B9&useSSL=false&allowPublicKeyRetrieval=true&useCursorFetch=true
2026-06-11 00:14:35 [JavaFX Application Thread] DEBUG com.zaxxer.hikari.HikariConfig - keepaliveTime...................120000
2026-06-11 00:14:35 [JavaFX Application Thread] DEBUG com.zaxxer.hikari.HikariConfig - leakDetectionThreshold..........0
2026-06-11 00:14:35 [JavaFX Application Thread] DEBUG com.zaxxer.hikari.HikariConfig - maxLifetime.....................1800000
2026-06-11 00:14:35 [JavaFX Application Thread] DEBUG com.zaxxer.hikari.HikariConfig - maximumPoolSize.................20
2026-06-11 00:14:35 [JavaFX Application Thread] DEBUG com.zaxxer.hikari.HikariConfig - metricRegistry..................none
2026-06-11 00:14:35 [JavaFX Application Thread] DEBUG com.zaxxer.hikari.HikariConfig - metricsTrackerFactory...........none
2026-06-11 00:14:35 [JavaFX Application Thread] DEBUG com.zaxxer.hikari.HikariConfig - minimumIdle.....................20
2026-06-11 00:14:35 [JavaFX Application Thread] DEBUG com.zaxxer.hikari.HikariConfig - password........................<masked>
2026-06-11 00:14:35 [JavaFX Application Thread] DEBUG com.zaxxer.hikari.HikariConfig - poolName........................"HikariPool-1"
2026-06-11 00:14:35 [JavaFX Application Thread] DEBUG com.zaxxer.hikari.HikariConfig - readOnly........................false
2026-06-11 00:14:35 [JavaFX Application Thread] DEBUG com.zaxxer.hikari.HikariConfig - registerMbeans..................false
2026-06-11 00:14:35 [JavaFX Application Thread] DEBUG com.zaxxer.hikari.HikariConfig - scheduledExecutor...............none
2026-06-11 00:14:35 [JavaFX Application Thread] DEBUG com.zaxxer.hikari.HikariConfig - schema..........................none
2026-06-11 00:14:35 [JavaFX Application Thread] DEBUG com.zaxxer.hikari.HikariConfig - threadFactory...................internal
2026-06-11 00:14:35 [JavaFX Application Thread] DEBUG com.zaxxer.hikari.HikariConfig - transactionIsolation............default
2026-06-11 00:14:35 [JavaFX Application Thread] DEBUG com.zaxxer.hikari.HikariConfig - username........................"user"
2026-06-11 00:14:35 [JavaFX Application Thread] DEBUG com.zaxxer.hikari.HikariConfig - validationTimeout...............5000
2026-06-11 00:14:35 [JavaFX Application Thread] INFO  com.zaxxer.hikari.HikariDataSource - HikariPool-1 - Starting...
2026-06-11 00:14:35 [JavaFX Application Thread] DEBUG com.zaxxer.hikari.pool.PoolBase - HikariPool-1 - Attempting to create/setup new connection (a2940faf-a997-4cbd-8222-ea66d61902ec)
2026-06-11 00:14:35 [JavaFX Application Thread] DEBUG com.zaxxer.hikari.pool.PoolBase - HikariPool-1 - Established new connection (a2940faf-a997-4cbd-8222-ea66d61902ec)
2026-06-11 00:14:35 [JavaFX Application Thread] INFO  com.zaxxer.hikari.pool.HikariPool - HikariPool-1 - Added connection com.mysql.cj.jdbc.ConnectionImpl@3f76c0eb
2026-06-11 00:14:35 [JavaFX Application Thread] INFO  com.zaxxer.hikari.HikariDataSource - HikariPool-1 - Start completed.
2026-06-11 00:14:35 [JavaFX Application Thread] DEBUG o.a.i.t.jdbc.JdbcTransaction - Setting autocommit to false on JDBC Connection [HikariProxyConnection@2141750945 wrapping com.mysql.cj.jdbc.ConnectionImpl@3f76c0eb]
2026-06-11 00:14:35 [JavaFX Application Thread] DEBUG a.r.m.StaffMasterMapper.selectByNo - ==>  Preparing: SELECT * FROM staff_master WHERE staff_no = ?
2026-06-11 00:14:36 [JavaFX Application Thread] DEBUG a.r.m.StaffMasterMapper.selectByNo - ==> Parameters: 1(Integer)
2026-06-11 00:14:36 [JavaFX Application Thread] DEBUG a.r.m.StaffMasterMapper.selectByNo - <==      Total: 1
2026-06-11 00:14:36 [JavaFX Application Thread] DEBUG o.a.i.t.jdbc.JdbcTransaction - Resetting autocommit to true on JDBC Connection [HikariProxyConnection@2141750945 wrapping com.mysql.cj.jdbc.ConnectionImpl@3f76c0eb]
2026-06-11 00:14:36 [JavaFX Application Thread] DEBUG o.a.i.t.jdbc.JdbcTransaction - Closing JDBC Connection [HikariProxyConnection@2141750945 wrapping com.mysql.cj.jdbc.ConnectionImpl@3f76c0eb]
2026-06-11 00:14:36 [HikariPool-1:housekeeper] DEBUG com.zaxxer.hikari.pool.HikariPool - HikariPool-1 - Pool stats (total=1/20, idle=1/20, active=0, waiting=0)
2026-06-11 00:14:36 [HikariPool-1:connection-adder] DEBUG com.zaxxer.hikari.pool.PoolBase - HikariPool-1 - Attempting to create/setup new connection (8f0a4c0d-3138-4caa-acce-c1b67a23bc46)
2026-06-11 00:14:36 [HikariPool-1:connection-adder] DEBUG com.zaxxer.hikari.pool.PoolBase - HikariPool-1 - Established new connection (8f0a4c0d-3138-4caa-acce-c1b67a23bc46)
2026-06-11 00:14:36 [HikariPool-1:connection-adder] DEBUG com.zaxxer.hikari.pool.HikariPool - HikariPool-1 - Added connection com.mysql.cj.jdbc.ConnectionImpl@31921580
2026-06-11 00:14:36 [HikariPool-1:connection-adder] DEBUG com.zaxxer.hikari.pool.HikariPool - HikariPool-1 - After adding stats (total=2/20, idle=2/20, active=0, waiting=0)
2026-06-11 00:14:36 [HikariPool-1:connection-adder] DEBUG com.zaxxer.hikari.pool.PoolBase - HikariPool-1 - Attempting to create/setup new connection (d36fe7aa-cf31-4418-8da0-9160ba8fa617)
2026-06-11 00:14:36 [HikariPool-1:connection-adder] DEBUG com.zaxxer.hikari.pool.PoolBase - HikariPool-1 - Established new connection (d36fe7aa-cf31-4418-8da0-9160ba8fa617)
2026-06-11 00:14:36 [HikariPool-1:connection-adder] DEBUG com.zaxxer.hikari.pool.HikariPool - HikariPool-1 - Added connection com.mysql.cj.jdbc.ConnectionImpl@70af1fbb
2026-06-11 00:14:36 [HikariPool-1:connection-adder] DEBUG com.zaxxer.hikari.pool.HikariPool - HikariPool-1 - After adding stats (total=3/20, idle=3/20, active=0, waiting=0)
2026-06-11 00:14:36 [HikariPool-1:connection-adder] DEBUG com.zaxxer.hikari.pool.PoolBase - HikariPool-1 - Attempting to create/setup new connection (1a3a4109-8c10-4c92-afb1-e6d3391550d4)
2026-06-11 00:14:36 [HikariPool-1:connection-adder] DEBUG com.zaxxer.hikari.pool.PoolBase - HikariPool-1 - Established new connection (1a3a4109-8c10-4c92-afb1-e6d3391550d4)
2026-06-11 00:14:36 [HikariPool-1:connection-adder] DEBUG com.zaxxer.hikari.pool.HikariPool - HikariPool-1 - Added connection com.mysql.cj.jdbc.ConnectionImpl@41152f1c
2026-06-11 00:14:36 [HikariPool-1:connection-adder] DEBUG com.zaxxer.hikari.pool.HikariPool - HikariPool-1 - After adding stats (total=4/20, idle=4/20, active=0, waiting=0)
2026-06-11 00:14:36 [HikariPool-1:connection-adder] DEBUG com.zaxxer.hikari.pool.PoolBase - HikariPool-1 - Attempting to create/setup new connection (a58126a8-81b2-4531-bf65-a30ed214eced)
2026-06-11 00:14:36 [HikariPool-1:connection-adder] DEBUG com.zaxxer.hikari.pool.PoolBase - HikariPool-1 - Established new connection (a58126a8-81b2-4531-bf65-a30ed214eced)
2026-06-11 00:14:36 [HikariPool-1:connection-adder] DEBUG com.zaxxer.hikari.pool.HikariPool - HikariPool-1 - Added connection com.mysql.cj.jdbc.ConnectionImpl@1080e0f4
2026-06-11 00:14:36 [HikariPool-1:connection-adder] DEBUG com.zaxxer.hikari.pool.HikariPool - HikariPool-1 - After adding stats (total=5/20, idle=5/20, active=0, waiting=0)
2026-06-11 00:14:36 [HikariPool-1:connection-adder] DEBUG com.zaxxer.hikari.pool.PoolBase - HikariPool-1 - Attempting to create/setup new connection (d0260693-48f0-46dd-90a8-ab7e2622cce8)
2026-06-11 00:14:36 [HikariPool-1:connection-adder] DEBUG com.zaxxer.hikari.pool.PoolBase - HikariPool-1 - Established new connection (d0260693-48f0-46dd-90a8-ab7e2622cce8)
2026-06-11 00:14:36 [HikariPool-1:connection-adder] DEBUG com.zaxxer.hikari.pool.HikariPool - HikariPool-1 - Added connection com.mysql.cj.jdbc.ConnectionImpl@487b42e8
2026-06-11 00:14:36 [HikariPool-1:connection-adder] DEBUG com.zaxxer.hikari.pool.HikariPool - HikariPool-1 - After adding stats (total=6/20, idle=6/20, active=0, waiting=0)
2026-06-11 00:14:36 [HikariPool-1:connection-adder] DEBUG com.zaxxer.hikari.pool.PoolBase - HikariPool-1 - Attempting to create/setup new connection (1d810d3b-303d-49eb-96bd-133628ba67b3)
2026-06-11 00:14:36 [HikariPool-1:connection-adder] DEBUG com.zaxxer.hikari.pool.PoolBase - HikariPool-1 - Established new connection (1d810d3b-303d-49eb-96bd-133628ba67b3)
2026-06-11 00:14:36 [HikariPool-1:connection-adder] DEBUG com.zaxxer.hikari.pool.HikariPool - HikariPool-1 - Added connection com.mysql.cj.jdbc.ConnectionImpl@14ce9cc5
2026-06-11 00:14:36 [HikariPool-1:connection-adder] DEBUG com.zaxxer.hikari.pool.HikariPool - HikariPool-1 - After adding stats (total=7/20, idle=7/20, active=0, waiting=0)
2026-06-11 00:14:36 [HikariPool-1:connection-adder] DEBUG com.zaxxer.hikari.pool.PoolBase - HikariPool-1 - Attempting to create/setup new connection (e5cf9946-b14a-4447-bc69-f33741ad38ea)
2026-06-11 00:14:36 [HikariPool-1:connection-adder] DEBUG com.zaxxer.hikari.pool.PoolBase - HikariPool-1 - Established new connection (e5cf9946-b14a-4447-bc69-f33741ad38ea)
2026-06-11 00:14:36 [HikariPool-1:connection-adder] DEBUG com.zaxxer.hikari.pool.HikariPool - HikariPool-1 - Added connection com.mysql.cj.jdbc.ConnectionImpl@51b8f32e
2026-06-11 00:14:36 [HikariPool-1:connection-adder] DEBUG com.zaxxer.hikari.pool.HikariPool - HikariPool-1 - After adding stats (total=8/20, idle=8/20, active=0, waiting=0)
2026-06-11 00:14:36 [HikariPool-1:connection-adder] DEBUG com.zaxxer.hikari.pool.PoolBase - HikariPool-1 - Attempting to create/setup new connection (5d780282-8945-4f57-8e9b-5305eeccde6c)
2026-06-11 00:14:36 [HikariPool-1:connection-adder] DEBUG com.zaxxer.hikari.pool.PoolBase - HikariPool-1 - Established new connection (5d780282-8945-4f57-8e9b-5305eeccde6c)
2026-06-11 00:14:36 [HikariPool-1:connection-adder] DEBUG com.zaxxer.hikari.pool.HikariPool - HikariPool-1 - Added connection com.mysql.cj.jdbc.ConnectionImpl@4007fcf0
2026-06-11 00:14:36 [HikariPool-1:connection-adder] DEBUG com.zaxxer.hikari.pool.HikariPool - HikariPool-1 - After adding stats (total=9/20, idle=9/20, active=0, waiting=0)
2026-06-11 00:14:36 [HikariPool-1:connection-adder] DEBUG com.zaxxer.hikari.pool.PoolBase - HikariPool-1 - Attempting to create/setup new connection (59e4a67c-f60d-4410-8f7e-39526b39f746)
2026-06-11 00:14:36 [HikariPool-1:connection-adder] DEBUG com.zaxxer.hikari.pool.PoolBase - HikariPool-1 - Established new connection (59e4a67c-f60d-4410-8f7e-39526b39f746)
2026-06-11 00:14:36 [HikariPool-1:connection-adder] DEBUG com.zaxxer.hikari.pool.HikariPool - HikariPool-1 - Added connection com.mysql.cj.jdbc.ConnectionImpl@21ac4e77
2026-06-11 00:14:36 [HikariPool-1:connection-adder] DEBUG com.zaxxer.hikari.pool.HikariPool - HikariPool-1 - After adding stats (total=10/20, idle=10/20, active=0, waiting=0)
2026-06-11 00:14:36 [HikariPool-1:connection-adder] DEBUG com.zaxxer.hikari.pool.PoolBase - HikariPool-1 - Attempting to create/setup new connection (13c5bb93-563c-4fb6-a813-58170338799c)
2026-06-11 00:14:36 [HikariPool-1:connection-adder] DEBUG com.zaxxer.hikari.pool.PoolBase - HikariPool-1 - Established new connection (13c5bb93-563c-4fb6-a813-58170338799c)
2026-06-11 00:14:36 [HikariPool-1:connection-adder] DEBUG com.zaxxer.hikari.pool.HikariPool - HikariPool-1 - Added connection com.mysql.cj.jdbc.ConnectionImpl@50396b1
2026-06-11 00:14:36 [HikariPool-1:connection-adder] DEBUG com.zaxxer.hikari.pool.HikariPool - HikariPool-1 - After adding stats (total=11/20, idle=11/20, active=0, waiting=0)
2026-06-11 00:14:36 [HikariPool-1:connection-adder] DEBUG com.zaxxer.hikari.pool.PoolBase - HikariPool-1 - Attempting to create/setup new connection (02819dc9-d755-46dd-853f-eef4d466e92b)
2026-06-11 00:14:36 [HikariPool-1:connection-adder] DEBUG com.zaxxer.hikari.pool.PoolBase - HikariPool-1 - Established new connection (02819dc9-d755-46dd-853f-eef4d466e92b)
2026-06-11 00:14:36 [HikariPool-1:connection-adder] DEBUG com.zaxxer.hikari.pool.HikariPool - HikariPool-1 - Added connection com.mysql.cj.jdbc.ConnectionImpl@2e3d4a2f
2026-06-11 00:14:36 [HikariPool-1:connection-adder] DEBUG com.zaxxer.hikari.pool.HikariPool - HikariPool-1 - After adding stats (total=12/20, idle=12/20, active=0, waiting=0)
2026-06-11 00:14:36 [HikariPool-1:connection-adder] DEBUG com.zaxxer.hikari.pool.PoolBase - HikariPool-1 - Attempting to create/setup new connection (27d42344-ece0-4f41-ac99-cf6a1974970b)
2026-06-11 00:14:36 [HikariPool-1:connection-adder] DEBUG com.zaxxer.hikari.pool.PoolBase - HikariPool-1 - Established new connection (27d42344-ece0-4f41-ac99-cf6a1974970b)
2026-06-11 00:14:36 [HikariPool-1:connection-adder] DEBUG com.zaxxer.hikari.pool.HikariPool - HikariPool-1 - Added connection com.mysql.cj.jdbc.ConnectionImpl@2dbf335e
2026-06-11 00:14:36 [HikariPool-1:connection-adder] DEBUG com.zaxxer.hikari.pool.HikariPool - HikariPool-1 - After adding stats (total=13/20, idle=13/20, active=0, waiting=0)
2026-06-11 00:14:36 [HikariPool-1:connection-adder] DEBUG com.zaxxer.hikari.pool.PoolBase - HikariPool-1 - Attempting to create/setup new connection (b68309e9-b906-415d-a652-7e06f2a181ad)
2026-06-11 00:14:36 [HikariPool-1:connection-adder] DEBUG com.zaxxer.hikari.pool.PoolBase - HikariPool-1 - Established new connection (b68309e9-b906-415d-a652-7e06f2a181ad)
2026-06-11 00:14:36 [HikariPool-1:connection-adder] DEBUG com.zaxxer.hikari.pool.HikariPool - HikariPool-1 - Added connection com.mysql.cj.jdbc.ConnectionImpl@f208e21
2026-06-11 00:14:36 [HikariPool-1:connection-adder] DEBUG com.zaxxer.hikari.pool.HikariPool - HikariPool-1 - After adding stats (total=14/20, idle=14/20, active=0, waiting=0)
2026-06-11 00:14:36 [HikariPool-1:connection-adder] DEBUG com.zaxxer.hikari.pool.PoolBase - HikariPool-1 - Attempting to create/setup new connection (c83775fd-16ac-4691-b512-e0fda8d19312)
2026-06-11 00:14:36 [HikariPool-1:connection-adder] DEBUG com.zaxxer.hikari.pool.PoolBase - HikariPool-1 - Established new connection (c83775fd-16ac-4691-b512-e0fda8d19312)
2026-06-11 00:14:36 [HikariPool-1:connection-adder] DEBUG com.zaxxer.hikari.pool.HikariPool - HikariPool-1 - Added connection com.mysql.cj.jdbc.ConnectionImpl@6b9a8043
2026-06-11 00:14:36 [HikariPool-1:connection-adder] DEBUG com.zaxxer.hikari.pool.HikariPool - HikariPool-1 - After adding stats (total=15/20, idle=15/20, active=0, waiting=0)
2026-06-11 00:14:36 [HikariPool-1:connection-adder] DEBUG com.zaxxer.hikari.pool.PoolBase - HikariPool-1 - Attempting to create/setup new connection (753a853d-7e76-42fd-8b82-65ae5005e6af)
2026-06-11 00:14:36 [HikariPool-1:connection-adder] DEBUG com.zaxxer.hikari.pool.PoolBase - HikariPool-1 - Established new connection (753a853d-7e76-42fd-8b82-65ae5005e6af)
2026-06-11 00:14:36 [HikariPool-1:connection-adder] DEBUG com.zaxxer.hikari.pool.HikariPool - HikariPool-1 - Added connection com.mysql.cj.jdbc.ConnectionImpl@6d0fa531
2026-06-11 00:14:36 [HikariPool-1:connection-adder] DEBUG com.zaxxer.hikari.pool.HikariPool - HikariPool-1 - After adding stats (total=16/20, idle=16/20, active=0, waiting=0)
2026-06-11 00:14:36 [HikariPool-1:connection-adder] DEBUG com.zaxxer.hikari.pool.PoolBase - HikariPool-1 - Attempting to create/setup new connection (3e058e35-eed0-431c-ae0a-4d52e1df69cc)
2026-06-11 00:14:36 [HikariPool-1:connection-adder] DEBUG com.zaxxer.hikari.pool.PoolBase - HikariPool-1 - Established new connection (3e058e35-eed0-431c-ae0a-4d52e1df69cc)
2026-06-11 00:14:36 [HikariPool-1:connection-adder] DEBUG com.zaxxer.hikari.pool.HikariPool - HikariPool-1 - Added connection com.mysql.cj.jdbc.ConnectionImpl@362eb230
2026-06-11 00:14:36 [HikariPool-1:connection-adder] DEBUG com.zaxxer.hikari.pool.HikariPool - HikariPool-1 - After adding stats (total=17/20, idle=17/20, active=0, waiting=0)
2026-06-11 00:14:36 [HikariPool-1:connection-adder] DEBUG com.zaxxer.hikari.pool.PoolBase - HikariPool-1 - Attempting to create/setup new connection (39ab61df-fc8d-41b6-a80a-3fa378e8aca3)
2026-06-11 00:14:36 [HikariPool-1:connection-adder] DEBUG com.zaxxer.hikari.pool.PoolBase - HikariPool-1 - Established new connection (39ab61df-fc8d-41b6-a80a-3fa378e8aca3)
2026-06-11 00:14:36 [HikariPool-1:connection-adder] DEBUG com.zaxxer.hikari.pool.HikariPool - HikariPool-1 - Added connection com.mysql.cj.jdbc.ConnectionImpl@6bf21953
2026-06-11 00:14:36 [HikariPool-1:connection-adder] DEBUG com.zaxxer.hikari.pool.HikariPool - HikariPool-1 - After adding stats (total=18/20, idle=18/20, active=0, waiting=0)
2026-06-11 00:14:36 [HikariPool-1:connection-adder] DEBUG com.zaxxer.hikari.pool.PoolBase - HikariPool-1 - Attempting to create/setup new connection (ff82e5ba-7e4f-4fc8-9106-68b3d635b884)
2026-06-11 00:14:36 [HikariPool-1:connection-adder] DEBUG com.zaxxer.hikari.pool.PoolBase - HikariPool-1 - Established new connection (ff82e5ba-7e4f-4fc8-9106-68b3d635b884)
2026-06-11 00:14:36 [HikariPool-1:connection-adder] DEBUG com.zaxxer.hikari.pool.HikariPool - HikariPool-1 - Added connection com.mysql.cj.jdbc.ConnectionImpl@6c5de862
2026-06-11 00:14:36 [HikariPool-1:connection-adder] DEBUG com.zaxxer.hikari.pool.HikariPool - HikariPool-1 - After adding stats (total=19/20, idle=19/20, active=0, waiting=0)
2026-06-11 00:14:36 [HikariPool-1:connection-adder] DEBUG com.zaxxer.hikari.pool.PoolBase - HikariPool-1 - Attempting to create/setup new connection (b211c611-8cd1-49bf-bc4d-a00c0583d201)
2026-06-11 00:14:36 [HikariPool-1:connection-adder] DEBUG com.zaxxer.hikari.pool.PoolBase - HikariPool-1 - Established new connection (b211c611-8cd1-49bf-bc4d-a00c0583d201)
2026-06-11 00:14:36 [HikariPool-1:connection-adder] DEBUG com.zaxxer.hikari.pool.HikariPool - HikariPool-1 - Added connection com.mysql.cj.jdbc.ConnectionImpl@4ce8d2cc
2026-06-11 00:14:36 [HikariPool-1:connection-adder] DEBUG com.zaxxer.hikari.pool.HikariPool - HikariPool-1 - After adding stats (total=20/20, idle=20/20, active=0, waiting=0)
2026-06-11 00:15:06 [HikariPool-1:housekeeper] DEBUG com.zaxxer.hikari.pool.HikariPool - HikariPool-1 - Pool stats (total=20/20, idle=20/20, active=0, waiting=0)
2026-06-11 00:15:06 [HikariPool-1:housekeeper] DEBUG com.zaxxer.hikari.pool.HikariPool - HikariPool-1 - Fill pool skipped, pool has sufficient level or currently being filled.
2026-06-11 00:15:20 [JavaFX Application Thread] INFO  application.java.manager.LogManager - [ログイン画面] ： メニュー画面へ切替
2026-06-11 00:15:20 [JavaFX Application Thread] INFO  application.java.manager.LogManager - [備品管理システム メニュー画面] ： 初期化処理
2026-06-11 00:15:20 [JavaFX Application Thread] INFO  application.java.manager.LogManager - 呼出中[Page](ログイン画面)の終了処理(dispose)を実行
2026-06-11 00:15:20 [JavaFX Application Thread] INFO  application.java.manager.LogManager - 画面展開 [setPage] ： 画面設定・表示処理 開始
2026-06-11 00:15:36 [HikariPool-1:housekeeper] DEBUG com.zaxxer.hikari.pool.HikariPool - HikariPool-1 - Pool stats (total=20/20, idle=20/20, active=0, waiting=0)
2026-06-11 00:15:36 [HikariPool-1:housekeeper] DEBUG com.zaxxer.hikari.pool.HikariPool - HikariPool-1 - Fill pool skipped, pool has sufficient level or currently being filled.
2026-06-11 00:16:06 [HikariPool-1:housekeeper] DEBUG com.zaxxer.hikari.pool.HikariPool - HikariPool-1 - Pool stats (total=20/20, idle=20/20, active=0, waiting=0)
2026-06-11 00:16:06 [HikariPool-1:housekeeper] DEBUG com.zaxxer.hikari.pool.HikariPool - HikariPool-1 - Fill pool skipped, pool has sufficient level or currently being filled.
2026-06-11 00:16:12 [HikariPool-1:housekeeper] DEBUG com.zaxxer.hikari.pool.HikariPool - HikariPool-1 - keepalive: connection com.mysql.cj.jdbc.ConnectionImpl@31921580 is alive
2026-06-11 00:16:12 [HikariPool-1:housekeeper] DEBUG com.zaxxer.hikari.pool.HikariPool - HikariPool-1 - keepalive: connection com.mysql.cj.jdbc.ConnectionImpl@70af1fbb is alive
2026-06-11 00:16:14 [HikariPool-1:housekeeper] DEBUG com.zaxxer.hikari.pool.HikariPool - HikariPool-1 - keepalive: connection com.mysql.cj.jdbc.ConnectionImpl@6d0fa531 is alive
2026-06-11 00:16:14 [HikariPool-1:housekeeper] DEBUG com.zaxxer.hikari.pool.HikariPool - HikariPool-1 - keepalive: connection com.mysql.cj.jdbc.ConnectionImpl@6bf21953 is alive
2026-06-11 00:16:16 [HikariPool-1:housekeeper] DEBUG com.zaxxer.hikari.pool.HikariPool - HikariPool-1 - keepalive: connection com.mysql.cj.jdbc.ConnectionImpl@41152f1c is alive
2026-06-11 00:16:18 [HikariPool-1:housekeeper] DEBUG com.zaxxer.hikari.pool.HikariPool - HikariPool-1 - keepalive: connection com.mysql.cj.jdbc.ConnectionImpl@4ce8d2cc is alive
2026-06-11 00:16:18 [HikariPool-1:housekeeper] DEBUG com.zaxxer.hikari.pool.HikariPool - HikariPool-1 - keepalive: connection com.mysql.cj.jdbc.ConnectionImpl@2dbf335e is alive
2026-06-11 00:16:18 [HikariPool-1:housekeeper] DEBUG com.zaxxer.hikari.pool.HikariPool - HikariPool-1 - keepalive: connection com.mysql.cj.jdbc.ConnectionImpl@50396b1 is alive
2026-06-11 00:16:18 [HikariPool-1:housekeeper] DEBUG com.zaxxer.hikari.pool.HikariPool - HikariPool-1 - keepalive: connection com.mysql.cj.jdbc.ConnectionImpl@3f76c0eb is alive
2026-06-11 00:16:20 [HikariPool-1:housekeeper] DEBUG com.zaxxer.hikari.pool.HikariPool - HikariPool-1 - keepalive: connection com.mysql.cj.jdbc.ConnectionImpl@4007fcf0 is alive
2026-06-11 00:16:22 [HikariPool-1:housekeeper] DEBUG com.zaxxer.hikari.pool.HikariPool - HikariPool-1 - keepalive: connection com.mysql.cj.jdbc.ConnectionImpl@1080e0f4 is alive
2026-06-11 00:16:23 [HikariPool-1:housekeeper] DEBUG com.zaxxer.hikari.pool.HikariPool - HikariPool-1 - keepalive: connection com.mysql.cj.jdbc.ConnectionImpl@51b8f32e is alive
2026-06-11 00:16:24 [HikariPool-1:housekeeper] DEBUG com.zaxxer.hikari.pool.HikariPool - HikariPool-1 - keepalive: connection com.mysql.cj.jdbc.ConnectionImpl@362eb230 is alive
2026-06-11 00:16:26 [HikariPool-1:housekeeper] DEBUG com.zaxxer.hikari.pool.HikariPool - HikariPool-1 - keepalive: connection com.mysql.cj.jdbc.ConnectionImpl@21ac4e77 is alive
2026-06-11 00:16:26 [HikariPool-1:housekeeper] DEBUG com.zaxxer.hikari.pool.HikariPool - HikariPool-1 - keepalive: connection com.mysql.cj.jdbc.ConnectionImpl@2e3d4a2f is alive
2026-06-11 00:16:30 [HikariPool-1:housekeeper] DEBUG com.zaxxer.hikari.pool.HikariPool - HikariPool-1 - keepalive: connection com.mysql.cj.jdbc.ConnectionImpl@f208e21 is alive
2026-06-11 00:16:30 [HikariPool-1:housekeeper] DEBUG com.zaxxer.hikari.pool.HikariPool - HikariPool-1 - keepalive: connection com.mysql.cj.jdbc.ConnectionImpl@14ce9cc5 is alive
2026-06-11 00:16:34 [HikariPool-1:housekeeper] DEBUG com.zaxxer.hikari.pool.HikariPool - HikariPool-1 - keepalive: connection com.mysql.cj.jdbc.ConnectionImpl@6c5de862 is alive
2026-06-11 00:16:35 [HikariPool-1:housekeeper] DEBUG com.zaxxer.hikari.pool.HikariPool - HikariPool-1 - keepalive: connection com.mysql.cj.jdbc.ConnectionImpl@6b9a8043 is alive
2026-06-11 00:16:35 [HikariPool-1:housekeeper] DEBUG com.zaxxer.hikari.pool.HikariPool - HikariPool-1 - keepalive: connection com.mysql.cj.jdbc.ConnectionImpl@487b42e8 is alive
2026-06-11 00:16:36 [HikariPool-1:housekeeper] DEBUG com.zaxxer.hikari.pool.HikariPool - HikariPool-1 - Pool stats (total=20/20, idle=20/20, active=0, waiting=0)
2026-06-11 00:16:36 [HikariPool-1:housekeeper] DEBUG com.zaxxer.hikari.pool.HikariPool - HikariPool-1 - Fill pool skipped, pool has sufficient level or currently being filled.
2026-06-11 00:17:06 [HikariPool-1:housekeeper] DEBUG com.zaxxer.hikari.pool.HikariPool - HikariPool-1 - Pool stats (total=20/20, idle=20/20, active=0, waiting=0)
2026-06-11 00:17:06 [HikariPool-1:housekeeper] DEBUG com.zaxxer.hikari.pool.HikariPool - HikariPool-1 - Fill pool skipped, pool has sufficient level or currently being filled.
2026-06-11 00:17:36 [HikariPool-1:housekeeper] DEBUG com.zaxxer.hikari.pool.HikariPool - HikariPool-1 - Pool stats (total=20/20, idle=20/20, active=0, waiting=0)
2026-06-11 00:17:36 [HikariPool-1:housekeeper] DEBUG com.zaxxer.hikari.pool.HikariPool - HikariPool-1 - Fill pool skipped, pool has sufficient level or currently being filled.
2026-06-11 00:17:48 [HikariPool-1:housekeeper] DEBUG com.zaxxer.hikari.pool.HikariPool - HikariPool-1 - keepalive: connection com.mysql.cj.jdbc.ConnectionImpl@31921580 is alive
2026-06-11 00:17:48 [HikariPool-1:housekeeper] DEBUG com.zaxxer.hikari.pool.HikariPool - HikariPool-1 - keepalive: connection com.mysql.cj.jdbc.ConnectionImpl@70af1fbb is alive
2026-06-11 00:17:52 [HikariPool-1:housekeeper] DEBUG com.zaxxer.hikari.pool.HikariPool - HikariPool-1 - keepalive: connection com.mysql.cj.jdbc.ConnectionImpl@6d0fa531 is alive
2026-06-11 00:17:53 [HikariPool-1:housekeeper] DEBUG com.zaxxer.hikari.pool.HikariPool - HikariPool-1 - keepalive: connection com.mysql.cj.jdbc.ConnectionImpl@6bf21953 is alive
2026-06-11 00:17:55 [HikariPool-1:housekeeper] DEBUG com.zaxxer.hikari.pool.HikariPool - HikariPool-1 - keepalive: connection com.mysql.cj.jdbc.ConnectionImpl@41152f1c is alive
2026-06-11 00:18:00 [HikariPool-1:housekeeper] DEBUG com.zaxxer.hikari.pool.HikariPool - HikariPool-1 - keepalive: connection com.mysql.cj.jdbc.ConnectionImpl@4ce8d2cc is alive
2026-06-11 00:18:00 [HikariPool-1:housekeeper] DEBUG com.zaxxer.hikari.pool.HikariPool - HikariPool-1 - keepalive: connection com.mysql.cj.jdbc.ConnectionImpl@2dbf335e is alive
2026-06-11 00:18:00 [HikariPool-1:housekeeper] DEBUG com.zaxxer.hikari.pool.HikariPool - HikariPool-1 - keepalive: connection com.mysql.cj.jdbc.ConnectionImpl@50396b1 is alive
2026-06-11 00:18:01 [HikariPool-1:housekeeper] DEBUG com.zaxxer.hikari.pool.HikariPool - HikariPool-1 - keepalive: connection com.mysql.cj.jdbc.ConnectionImpl@3f76c0eb is alive
2026-06-11 00:18:04 [HikariPool-1:housekeeper] DEBUG com.zaxxer.hikari.pool.HikariPool - HikariPool-1 - keepalive: connection com.mysql.cj.jdbc.ConnectionImpl@4007fcf0 is alive
2026-06-11 00:18:06 [HikariPool-1:housekeeper] DEBUG com.zaxxer.hikari.pool.HikariPool - HikariPool-1 - Pool stats (total=20/20, idle=20/20, active=0, waiting=0)
2026-06-11 00:18:06 [HikariPool-1:housekeeper] DEBUG com.zaxxer.hikari.pool.HikariPool - HikariPool-1 - Fill pool skipped, pool has sufficient level or currently being filled.
2026-06-11 00:18:08 [HikariPool-1:housekeeper] DEBUG com.zaxxer.hikari.pool.HikariPool - HikariPool-1 - keepalive: connection com.mysql.cj.jdbc.ConnectionImpl@1080e0f4 is alive
2026-06-11 00:18:10 [HikariPool-1:housekeeper] DEBUG com.zaxxer.hikari.pool.HikariPool - HikariPool-1 - keepalive: connection com.mysql.cj.jdbc.ConnectionImpl@51b8f32e is alive
2026-06-11 00:18:11 [HikariPool-1:housekeeper] DEBUG com.zaxxer.hikari.pool.HikariPool - HikariPool-1 - keepalive: connection com.mysql.cj.jdbc.ConnectionImpl@362eb230 is alive
2026-06-11 00:18:15 [HikariPool-1:housekeeper] DEBUG com.zaxxer.hikari.pool.HikariPool - HikariPool-1 - keepalive: connection com.mysql.cj.jdbc.ConnectionImpl@21ac4e77 is alive
2026-06-11 00:18:16 [HikariPool-1:housekeeper] DEBUG com.zaxxer.hikari.pool.HikariPool - HikariPool-1 - keepalive: connection com.mysql.cj.jdbc.ConnectionImpl@2e3d4a2f is alive
2026-06-11 00:18:23 [HikariPool-1:housekeeper] DEBUG com.zaxxer.hikari.pool.HikariPool - HikariPool-1 - keepalive: connection com.mysql.cj.jdbc.ConnectionImpl@f208e21 is alive
2026-06-11 00:18:24 [HikariPool-1:housekeeper] DEBUG com.zaxxer.hikari.pool.HikariPool - HikariPool-1 - keepalive: connection com.mysql.cj.jdbc.ConnectionImpl@14ce9cc5 is alive
2026-06-11 00:18:32 [HikariPool-1:housekeeper] DEBUG com.zaxxer.hikari.pool.HikariPool - HikariPool-1 - keepalive: connection com.mysql.cj.jdbc.ConnectionImpl@6c5de862 is alive
2026-06-11 00:18:34 [HikariPool-1:housekeeper] DEBUG com.zaxxer.hikari.pool.HikariPool - HikariPool-1 - keepalive: connection com.mysql.cj.jdbc.ConnectionImpl@6b9a8043 is alive
2026-06-11 00:18:34 [HikariPool-1:housekeeper] DEBUG com.zaxxer.hikari.pool.HikariPool - HikariPool-1 - keepalive: connection com.mysql.cj.jdbc.ConnectionImpl@487b42e8 is alive
2026-06-11 00:18:36 [HikariPool-1:housekeeper] DEBUG com.zaxxer.hikari.pool.HikariPool - HikariPool-1 - Pool stats (total=20/20, idle=20/20, active=0, waiting=0)
2026-06-11 00:18:36 [HikariPool-1:housekeeper] DEBUG com.zaxxer.hikari.pool.HikariPool - HikariPool-1 - Fill pool skipped, pool has sufficient level or currently being filled.
2026-06-11 00:19:06 [HikariPool-1:housekeeper] DEBUG com.zaxxer.hikari.pool.HikariPool - HikariPool-1 - Pool stats (total=20/20, idle=20/20, active=0, waiting=0)
2026-06-11 00:19:06 [HikariPool-1:housekeeper] DEBUG com.zaxxer.hikari.pool.HikariPool - HikariPool-1 - Fill pool skipped, pool has sufficient level or currently being filled.
2026-06-11 00:19:24 [HikariPool-1:housekeeper] DEBUG com.zaxxer.hikari.pool.HikariPool - HikariPool-1 - keepalive: connection com.mysql.cj.jdbc.ConnectionImpl@31921580 is alive
2026-06-11 00:19:25 [HikariPool-1:housekeeper] DEBUG com.zaxxer.hikari.pool.HikariPool - HikariPool-1 - keepalive: connection com.mysql.cj.jdbc.ConnectionImpl@70af1fbb is alive
2026-06-11 00:19:28 [JavaFX Application Thread] INFO  application.java.manager.LogManager - /application/resources/css/MenuMacFinderStyle.css

2026-06-11 00:19:28 [JavaFX Application Thread] INFO  application.java.manager.LogManager - 画面展開 [setPage] : 備品管理システム メニュー画面
2026-06-11 00:19:29 [HikariPool-1:housekeeper] DEBUG com.zaxxer.hikari.pool.HikariPool - HikariPool-1 - keepalive: connection com.mysql.cj.jdbc.ConnectionImpl@6d0fa531 is alive
2026-06-11 00:19:31 [HikariPool-1:housekeeper] DEBUG com.zaxxer.hikari.pool.HikariPool - HikariPool-1 - keepalive: connection com.mysql.cj.jdbc.ConnectionImpl@6bf21953 is alive
2026-06-11 00:19:35 [HikariPool-1:housekeeper] DEBUG com.zaxxer.hikari.pool.HikariPool - HikariPool-1 - keepalive: connection com.mysql.cj.jdbc.ConnectionImpl@41152f1c is alive
2026-06-11 00:19:36 [HikariPool-1:housekeeper] DEBUG com.zaxxer.hikari.pool.HikariPool - HikariPool-1 - Pool stats (total=20/20, idle=20/20, active=0, waiting=0)
2026-06-11 00:19:36 [HikariPool-1:housekeeper] DEBUG com.zaxxer.hikari.pool.HikariPool - HikariPool-1 - Fill pool skipped, pool has sufficient level or currently being filled.
2026-06-11 00:19:38 [JavaFX Application Thread] DEBUG application.java.manager.LogManager - [SQL操作クラス] ： 非同期処理 スレッドプール解放
2026-06-11 00:19:38 [JavaFX Application Thread] INFO  com.zaxxer.hikari.HikariDataSource - HikariPool-1 - Shutdown initiated...
2026-06-11 00:19:38 [JavaFX Application Thread] DEBUG com.zaxxer.hikari.pool.HikariPool - HikariPool-1 - Before shutdown stats (total=20/20, idle=20/20, active=0, waiting=0)
2026-06-11 00:19:38 [HikariPool-1:connection-closer] DEBUG com.zaxxer.hikari.pool.PoolBase - HikariPool-1 - Closing connection com.mysql.cj.jdbc.ConnectionImpl@3f76c0eb: (connection evicted)
2026-06-11 00:19:38 [HikariPool-1:connection-closer] DEBUG com.zaxxer.hikari.pool.PoolBase - HikariPool-1 - Closing connection com.mysql.cj.jdbc.ConnectionImpl@31921580: (connection evicted)
2026-06-11 00:19:38 [HikariPool-1:connection-closer] DEBUG com.zaxxer.hikari.pool.PoolBase - HikariPool-1 - Closing connection com.mysql.cj.jdbc.ConnectionImpl@70af1fbb: (connection evicted)
2026-06-11 00:19:38 [HikariPool-1:connection-closer] DEBUG com.zaxxer.hikari.pool.PoolBase - HikariPool-1 - Closing connection com.mysql.cj.jdbc.ConnectionImpl@41152f1c: (connection evicted)
2026-06-11 00:19:38 [HikariPool-1:connection-closer] DEBUG com.zaxxer.hikari.pool.PoolBase - HikariPool-1 - Closing connection com.mysql.cj.jdbc.ConnectionImpl@1080e0f4: (connection evicted)
2026-06-11 00:19:38 [HikariPool-1:connection-closer] DEBUG com.zaxxer.hikari.pool.PoolBase - HikariPool-1 - Closing connection com.mysql.cj.jdbc.ConnectionImpl@487b42e8: (connection evicted)
2026-06-11 00:19:38 [HikariPool-1:connection-closer] DEBUG com.zaxxer.hikari.pool.PoolBase - HikariPool-1 - Closing connection com.mysql.cj.jdbc.ConnectionImpl@14ce9cc5: (connection evicted)
2026-06-11 00:19:38 [HikariPool-1:connection-closer] DEBUG com.zaxxer.hikari.pool.PoolBase - HikariPool-1 - Closing connection com.mysql.cj.jdbc.ConnectionImpl@51b8f32e: (connection evicted)
2026-06-11 00:19:38 [HikariPool-1:connection-closer] DEBUG com.zaxxer.hikari.pool.PoolBase - HikariPool-1 - Closing connection com.mysql.cj.jdbc.ConnectionImpl@4007fcf0: (connection evicted)
2026-06-11 00:19:38 [HikariPool-1:connection-closer] DEBUG com.zaxxer.hikari.pool.PoolBase - HikariPool-1 - Closing connection com.mysql.cj.jdbc.ConnectionImpl@21ac4e77: (connection evicted)
2026-06-11 00:19:38 [HikariPool-1:connection-closer] DEBUG com.zaxxer.hikari.pool.PoolBase - HikariPool-1 - Closing connection com.mysql.cj.jdbc.ConnectionImpl@50396b1: (connection evicted)
2026-06-11 00:19:38 [HikariPool-1:connection-closer] DEBUG com.zaxxer.hikari.pool.PoolBase - HikariPool-1 - Closing connection com.mysql.cj.jdbc.ConnectionImpl@2e3d4a2f: (connection evicted)
2026-06-11 00:19:38 [HikariPool-1:connection-closer] DEBUG com.zaxxer.hikari.pool.PoolBase - HikariPool-1 - Closing connection com.mysql.cj.jdbc.ConnectionImpl@2dbf335e: (connection evicted)
2026-06-11 00:19:38 [HikariPool-1:connection-closer] DEBUG com.zaxxer.hikari.pool.PoolBase - HikariPool-1 - Closing connection com.mysql.cj.jdbc.ConnectionImpl@f208e21: (connection evicted)
2026-06-11 00:19:38 [HikariPool-1:connection-closer] DEBUG com.zaxxer.hikari.pool.PoolBase - HikariPool-1 - Closing connection com.mysql.cj.jdbc.ConnectionImpl@6b9a8043: (connection evicted)
2026-06-11 00:19:38 [HikariPool-1:connection-closer] DEBUG com.zaxxer.hikari.pool.PoolBase - HikariPool-1 - Closing connection com.mysql.cj.jdbc.ConnectionImpl@6d0fa531: (connection evicted)
2026-06-11 00:19:38 [HikariPool-1:connection-closer] DEBUG com.zaxxer.hikari.pool.PoolBase - HikariPool-1 - Closing connection com.mysql.cj.jdbc.ConnectionImpl@362eb230: (connection evicted)
2026-06-11 00:19:38 [HikariPool-1:connection-closer] DEBUG com.zaxxer.hikari.pool.PoolBase - HikariPool-1 - Closing connection com.mysql.cj.jdbc.ConnectionImpl@6bf21953: (connection evicted)
2026-06-11 00:19:38 [HikariPool-1:connection-closer] DEBUG com.zaxxer.hikari.pool.PoolBase - HikariPool-1 - Closing connection com.mysql.cj.jdbc.ConnectionImpl@6c5de862: (connection evicted)
2026-06-11 00:19:38 [HikariPool-1:connection-closer] DEBUG com.zaxxer.hikari.pool.PoolBase - HikariPool-1 - Closing connection com.mysql.cj.jdbc.ConnectionImpl@4ce8d2cc: (connection evicted)
2026-06-11 00:19:38 [JavaFX Application Thread] DEBUG com.zaxxer.hikari.pool.HikariPool - HikariPool-1 - After  shutdown stats (total=0/20, idle=0/20, active=0, waiting=0)
2026-06-11 00:19:38 [JavaFX Application Thread] INFO  com.zaxxer.hikari.HikariDataSource - HikariPool-1 - Shutdown completed.
2026-06-11 00:19:38 [JavaFX Application Thread] DEBUG application.java.manager.LogManager - [SQL操作クラス] ： コネクションプール(HikariCP) Closeing
2026-06-11 00:19:38 [JavaFX Application Thread] INFO  application.java.manager.LogManager - 終了処理 : 完了
2026-06-11 00:22:30 [main] INFO  application.java.manager.LogManager - 備品管理システム : 起動
2026-06-11 00:22:30 [JavaFX Application Thread] INFO  application.java.manager.LogManager - 開始処理 : 画面ウィンドウ枠生成
2026-06-11 00:22:30 [JavaFX Application Thread] INFO  application.java.manager.LogManager - [ログイン画面] ： 初期化処理
2026-06-11 00:22:30 [JavaFX Application Thread] INFO  application.java.manager.LogManager - 画面展開 [setPage] ： 画面設定・表示処理 開始
2026-06-11 00:22:30 [JavaFX Application Thread] DEBUG application.java.manager.LogManager - Window切替 [setWindowFrame] : TRANSPARENT(透明枠・背景色透明)
2026-06-11 00:22:31 [JavaFX Application Thread] INFO  application.java.manager.LogManager - [SQL操作クラス] ： 非同期処理 スレッドプール作成
2026-06-11 00:22:31 [JavaFX Application Thread] INFO  application.java.manager.LogManager - [SQL操作クラス] ： SQL Session生成
2026-06-11 00:22:31 [JavaFX Application Thread] DEBUG application.java.manager.LogManager - [SQL操作クラス] ： mybatis有効化
2026-06-11 00:22:31 [JavaFX Application Thread] DEBUG o.apache.ibatis.logging.LogFactory - Logging initialized using 'class org.apache.ibatis.logging.slf4j.Slf4jImpl' adapter.
2026-06-11 00:22:31 [JavaFX Application Thread] DEBUG o.apache.ibatis.logging.LogFactory - Logging initialized using 'class org.apache.ibatis.logging.slf4j.Slf4jImpl' adapter.
2026-06-11 00:22:31 [JavaFX Application Thread] DEBUG com.zaxxer.hikari.util.UtilityElf - Class com.mysql.cj.jdbc.Driver found in Thread context class loader jdk.internal.loader.ClassLoaders$AppClassLoader@7699a589
2026-06-11 00:22:31 [JavaFX Application Thread] INFO  application.java.manager.LogManager - /application/resources/css/LoginStyle.css

2026-06-11 00:22:31 [JavaFX Application Thread] INFO  application.java.manager.LogManager - 画面展開 [setPage] : ログイン画面
2026-06-11 00:22:33 [JavaFX Application Thread] INFO  application.java.manager.LogManager - [ログイン画面] ： [QRコード認証]ボタン押下
2026-06-11 00:22:33 [JavaFX Application Thread] INFO  application.java.manager.LogManager - [Webサーバー操作クラス] ： 受信サーバー設定(LocalHost)
2026-06-11 00:22:33 [JavaFX Application Thread] INFO  application.java.manager.LogManager - [ログイン画面] ： 認証サーバーexeを起動します。
2026-06-11 00:22:33 [JavaFX Application Thread] DEBUG application.java.manager.LogManager - [ログイン画面] ： 標準ブラウザを起動します URL: https://localhost:7215?redirect_uri=http://localhost:8888/callback
2026-06-11 00:22:58 [HTTP-Dispatcher] INFO  application.java.manager.LogManager - [Webサーバー操作クラス] ： 認証サーバーからデータを受信しました
2026-06-11 00:22:59 [JavaFX Application Thread] INFO  application.java.manager.LogManager - [ログイン画面] ： ログイン(PassKey)成功
2026-06-11 00:22:59 [JavaFX Application Thread] DEBUG application.java.manager.LogManager - [ログイン画面] ： 受信したトークン情報: 1
2026-06-11 00:22:59 [JavaFX Application Thread] DEBUG application.java.manager.LogManager - [SQL操作クラス] ： SELECT句発行
2026-06-11 00:22:59 [JavaFX Application Thread] DEBUG application.java.manager.LogManager - [ログイン画面] ： DB 社員マスタ取得処理
2026-06-11 00:22:59 [JavaFX Application Thread] DEBUG o.a.i.t.jdbc.JdbcTransaction - Opening JDBC Connection
2026-06-11 00:22:59 [JavaFX Application Thread] DEBUG com.zaxxer.hikari.HikariConfig - HikariPool-1 - configuration:
2026-06-11 00:22:59 [JavaFX Application Thread] DEBUG com.zaxxer.hikari.HikariConfig - allowPoolSuspension.............false
2026-06-11 00:22:59 [JavaFX Application Thread] DEBUG com.zaxxer.hikari.HikariConfig - autoCommit......................true
2026-06-11 00:22:59 [JavaFX Application Thread] DEBUG com.zaxxer.hikari.HikariConfig - catalog.........................none
2026-06-11 00:22:59 [JavaFX Application Thread] DEBUG com.zaxxer.hikari.HikariConfig - connectionInitSql...............none
2026-06-11 00:22:59 [JavaFX Application Thread] DEBUG com.zaxxer.hikari.HikariConfig - connectionTestQuery.............none
2026-06-11 00:22:59 [JavaFX Application Thread] DEBUG com.zaxxer.hikari.HikariConfig - connectionTimeout...............30000
2026-06-11 00:22:59 [JavaFX Application Thread] DEBUG com.zaxxer.hikari.HikariConfig - credentials.....................com.zaxxer.hikari.util.Credentials@6174a278
2026-06-11 00:22:59 [JavaFX Application Thread] DEBUG com.zaxxer.hikari.HikariConfig - credentialsProvider.............none
2026-06-11 00:22:59 [JavaFX Application Thread] DEBUG com.zaxxer.hikari.HikariConfig - credentialsProviderClassName....none
2026-06-11 00:22:59 [JavaFX Application Thread] DEBUG com.zaxxer.hikari.HikariConfig - dataSource......................none
2026-06-11 00:22:59 [JavaFX Application Thread] DEBUG com.zaxxer.hikari.HikariConfig - dataSourceClassName.............none
2026-06-11 00:22:59 [JavaFX Application Thread] DEBUG com.zaxxer.hikari.HikariConfig - dataSourceJNDI..................none
2026-06-11 00:22:59 [JavaFX Application Thread] DEBUG com.zaxxer.hikari.HikariConfig - dataSourceProperties............{password=<masked>}
2026-06-11 00:22:59 [JavaFX Application Thread] DEBUG com.zaxxer.hikari.HikariConfig - driverClassName................."com.mysql.cj.jdbc.Driver"
2026-06-11 00:22:59 [JavaFX Application Thread] DEBUG com.zaxxer.hikari.HikariConfig - exceptionOverride...............none
2026-06-11 00:22:59 [JavaFX Application Thread] DEBUG com.zaxxer.hikari.HikariConfig - exceptionOverrideClassName......none
2026-06-11 00:22:59 [JavaFX Application Thread] DEBUG com.zaxxer.hikari.HikariConfig - healthCheckProperties...........{}
2026-06-11 00:22:59 [JavaFX Application Thread] DEBUG com.zaxxer.hikari.HikariConfig - healthCheckRegistry.............none
2026-06-11 00:22:59 [JavaFX Application Thread] DEBUG com.zaxxer.hikari.HikariConfig - idleTimeout.....................600000
2026-06-11 00:22:59 [JavaFX Application Thread] DEBUG com.zaxxer.hikari.HikariConfig - initializationFailTimeout.......1
2026-06-11 00:22:59 [JavaFX Application Thread] DEBUG com.zaxxer.hikari.HikariConfig - isolateInternalQueries..........false
2026-06-11 00:22:59 [JavaFX Application Thread] DEBUG com.zaxxer.hikari.HikariConfig - jdbcUrl.........................jdbc:mysql://localhost:3306/java_learning?useUnicode=true&characterEncoding=UTF-8&serverTimezone=GMT%2B9&useSSL=false&allowPublicKeyRetrieval=true&useCursorFetch=true
2026-06-11 00:22:59 [JavaFX Application Thread] DEBUG com.zaxxer.hikari.HikariConfig - keepaliveTime...................120000
2026-06-11 00:22:59 [JavaFX Application Thread] DEBUG com.zaxxer.hikari.HikariConfig - leakDetectionThreshold..........0
2026-06-11 00:22:59 [JavaFX Application Thread] DEBUG com.zaxxer.hikari.HikariConfig - maxLifetime.....................1800000
2026-06-11 00:22:59 [JavaFX Application Thread] DEBUG com.zaxxer.hikari.HikariConfig - maximumPoolSize.................20
2026-06-11 00:22:59 [JavaFX Application Thread] DEBUG com.zaxxer.hikari.HikariConfig - metricRegistry..................none
2026-06-11 00:22:59 [JavaFX Application Thread] DEBUG com.zaxxer.hikari.HikariConfig - metricsTrackerFactory...........none
2026-06-11 00:22:59 [JavaFX Application Thread] DEBUG com.zaxxer.hikari.HikariConfig - minimumIdle.....................20
2026-06-11 00:22:59 [JavaFX Application Thread] DEBUG com.zaxxer.hikari.HikariConfig - password........................<masked>
2026-06-11 00:22:59 [JavaFX Application Thread] DEBUG com.zaxxer.hikari.HikariConfig - poolName........................"HikariPool-1"
2026-06-11 00:22:59 [JavaFX Application Thread] DEBUG com.zaxxer.hikari.HikariConfig - readOnly........................false
2026-06-11 00:22:59 [JavaFX Application Thread] DEBUG com.zaxxer.hikari.HikariConfig - registerMbeans..................false
2026-06-11 00:22:59 [JavaFX Application Thread] DEBUG com.zaxxer.hikari.HikariConfig - scheduledExecutor...............none
2026-06-11 00:22:59 [JavaFX Application Thread] DEBUG com.zaxxer.hikari.HikariConfig - schema..........................none
2026-06-11 00:22:59 [JavaFX Application Thread] DEBUG com.zaxxer.hikari.HikariConfig - threadFactory...................internal
2026-06-11 00:22:59 [JavaFX Application Thread] DEBUG com.zaxxer.hikari.HikariConfig - transactionIsolation............default
2026-06-11 00:22:59 [JavaFX Application Thread] DEBUG com.zaxxer.hikari.HikariConfig - username........................"user"
2026-06-11 00:22:59 [JavaFX Application Thread] DEBUG com.zaxxer.hikari.HikariConfig - validationTimeout...............5000
2026-06-11 00:22:59 [JavaFX Application Thread] INFO  com.zaxxer.hikari.HikariDataSource - HikariPool-1 - Starting...
2026-06-11 00:22:59 [JavaFX Application Thread] DEBUG com.zaxxer.hikari.pool.PoolBase - HikariPool-1 - Attempting to create/setup new connection (c17cd5a7-94a8-41e4-979f-21cca782db3e)
2026-06-11 00:22:59 [JavaFX Application Thread] DEBUG com.zaxxer.hikari.pool.PoolBase - HikariPool-1 - Established new connection (c17cd5a7-94a8-41e4-979f-21cca782db3e)
2026-06-11 00:22:59 [JavaFX Application Thread] INFO  com.zaxxer.hikari.pool.HikariPool - HikariPool-1 - Added connection com.mysql.cj.jdbc.ConnectionImpl@565e5a28
2026-06-11 00:22:59 [JavaFX Application Thread] INFO  com.zaxxer.hikari.HikariDataSource - HikariPool-1 - Start completed.
2026-06-11 00:22:59 [JavaFX Application Thread] DEBUG o.a.i.t.jdbc.JdbcTransaction - Setting autocommit to false on JDBC Connection [HikariProxyConnection@570279388 wrapping com.mysql.cj.jdbc.ConnectionImpl@565e5a28]
2026-06-11 00:22:59 [JavaFX Application Thread] DEBUG a.r.m.StaffMasterMapper.selectByNo - ==>  Preparing: SELECT * FROM staff_master WHERE staff_no = ?
2026-06-11 00:22:59 [JavaFX Application Thread] DEBUG a.r.m.StaffMasterMapper.selectByNo - ==> Parameters: 1(Integer)
2026-06-11 00:22:59 [JavaFX Application Thread] DEBUG a.r.m.StaffMasterMapper.selectByNo - <==      Total: 1
2026-06-11 00:22:59 [JavaFX Application Thread] DEBUG o.a.i.t.jdbc.JdbcTransaction - Resetting autocommit to true on JDBC Connection [HikariProxyConnection@570279388 wrapping com.mysql.cj.jdbc.ConnectionImpl@565e5a28]
2026-06-11 00:22:59 [JavaFX Application Thread] DEBUG o.a.i.t.jdbc.JdbcTransaction - Closing JDBC Connection [HikariProxyConnection@570279388 wrapping com.mysql.cj.jdbc.ConnectionImpl@565e5a28]
2026-06-11 00:22:59 [JavaFX Application Thread] INFO  application.java.manager.LogManager - [ログイン画面] ： メニュー画面へ切替
2026-06-11 00:22:59 [JavaFX Application Thread] INFO  application.java.manager.LogManager - [備品管理システム メニュー画面] ： 初期化処理
2026-06-11 00:22:59 [JavaFX Application Thread] INFO  application.java.manager.LogManager - 呼出中[Page](ログイン画面)の終了処理(dispose)を実行
2026-06-11 00:22:59 [JavaFX Application Thread] INFO  application.java.manager.LogManager - 画面展開 [setPage] ： 画面設定・表示処理 開始
2026-06-11 00:22:59 [HikariPool-1:housekeeper] DEBUG com.zaxxer.hikari.pool.HikariPool - HikariPool-1 - Pool stats (total=1/20, idle=1/20, active=0, waiting=0)
2026-06-11 00:22:59 [HikariPool-1:connection-adder] DEBUG com.zaxxer.hikari.pool.PoolBase - HikariPool-1 - Attempting to create/setup new connection (bcfabb9f-f0fb-4bd0-b267-67349881e8bd)
2026-06-11 00:22:59 [HikariPool-1:connection-adder] DEBUG com.zaxxer.hikari.pool.PoolBase - HikariPool-1 - Established new connection (bcfabb9f-f0fb-4bd0-b267-67349881e8bd)
2026-06-11 00:22:59 [HikariPool-1:connection-adder] DEBUG com.zaxxer.hikari.pool.HikariPool - HikariPool-1 - Added connection com.mysql.cj.jdbc.ConnectionImpl@3d418ac1
2026-06-11 00:22:59 [JavaFX Application Thread] INFO  application.java.manager.LogManager - /application/resources/css/MenuMacFinderStyle.css

2026-06-11 00:22:59 [HikariPool-1:connection-adder] DEBUG com.zaxxer.hikari.pool.HikariPool - HikariPool-1 - After adding stats (total=2/20, idle=2/20, active=0, waiting=0)
2026-06-11 00:22:59 [HikariPool-1:connection-adder] DEBUG com.zaxxer.hikari.pool.PoolBase - HikariPool-1 - Attempting to create/setup new connection (4044b9a3-301d-4fb5-b8de-dabd8f93d57f)
2026-06-11 00:22:59 [HikariPool-1:connection-adder] DEBUG com.zaxxer.hikari.pool.PoolBase - HikariPool-1 - Established new connection (4044b9a3-301d-4fb5-b8de-dabd8f93d57f)
2026-06-11 00:22:59 [HikariPool-1:connection-adder] DEBUG com.zaxxer.hikari.pool.HikariPool - HikariPool-1 - Added connection com.mysql.cj.jdbc.ConnectionImpl@7c7c80fa
2026-06-11 00:22:59 [HikariPool-1:connection-adder] DEBUG com.zaxxer.hikari.pool.HikariPool - HikariPool-1 - After adding stats (total=3/20, idle=3/20, active=0, waiting=0)
2026-06-11 00:22:59 [HikariPool-1:connection-adder] DEBUG com.zaxxer.hikari.pool.PoolBase - HikariPool-1 - Attempting to create/setup new connection (ae97a9bf-5d23-4d57-8da9-40df1554f016)
2026-06-11 00:22:59 [HikariPool-1:connection-adder] DEBUG com.zaxxer.hikari.pool.PoolBase - HikariPool-1 - Established new connection (ae97a9bf-5d23-4d57-8da9-40df1554f016)
2026-06-11 00:22:59 [HikariPool-1:connection-adder] DEBUG com.zaxxer.hikari.pool.HikariPool - HikariPool-1 - Added connection com.mysql.cj.jdbc.ConnectionImpl@4d4aff10
2026-06-11 00:22:59 [HikariPool-1:connection-adder] DEBUG com.zaxxer.hikari.pool.HikariPool - HikariPool-1 - After adding stats (total=4/20, idle=4/20, active=0, waiting=0)
2026-06-11 00:22:59 [HikariPool-1:connection-adder] DEBUG com.zaxxer.hikari.pool.PoolBase - HikariPool-1 - Attempting to create/setup new connection (b92bdf48-209a-43ea-b95a-efa728d449e2)
2026-06-11 00:22:59 [HikariPool-1:connection-adder] DEBUG com.zaxxer.hikari.pool.PoolBase - HikariPool-1 - Established new connection (b92bdf48-209a-43ea-b95a-efa728d449e2)
2026-06-11 00:22:59 [HikariPool-1:connection-adder] DEBUG com.zaxxer.hikari.pool.HikariPool - HikariPool-1 - Added connection com.mysql.cj.jdbc.ConnectionImpl@1c537fb5
2026-06-11 00:23:00 [HikariPool-1:connection-adder] DEBUG com.zaxxer.hikari.pool.HikariPool - HikariPool-1 - After adding stats (total=5/20, idle=5/20, active=0, waiting=0)
2026-06-11 00:23:00 [HikariPool-1:connection-adder] DEBUG com.zaxxer.hikari.pool.PoolBase - HikariPool-1 - Attempting to create/setup new connection (5f1b877c-e4b8-476d-a49b-cc38d93f228c)
2026-06-11 00:23:00 [HikariPool-1:connection-adder] DEBUG com.zaxxer.hikari.pool.PoolBase - HikariPool-1 - Established new connection (5f1b877c-e4b8-476d-a49b-cc38d93f228c)
2026-06-11 00:23:00 [HikariPool-1:connection-adder] DEBUG com.zaxxer.hikari.pool.HikariPool - HikariPool-1 - Added connection com.mysql.cj.jdbc.ConnectionImpl@1926e66a
2026-06-11 00:23:00 [HikariPool-1:connection-adder] DEBUG com.zaxxer.hikari.pool.HikariPool - HikariPool-1 - After adding stats (total=6/20, idle=6/20, active=0, waiting=0)
2026-06-11 00:23:00 [HikariPool-1:connection-adder] DEBUG com.zaxxer.hikari.pool.PoolBase - HikariPool-1 - Attempting to create/setup new connection (7c3480dc-bd6d-4263-a4ff-3675bcfd2b66)
2026-06-11 00:23:00 [HikariPool-1:connection-adder] DEBUG com.zaxxer.hikari.pool.PoolBase - HikariPool-1 - Established new connection (7c3480dc-bd6d-4263-a4ff-3675bcfd2b66)
2026-06-11 00:23:00 [HikariPool-1:connection-adder] DEBUG com.zaxxer.hikari.pool.HikariPool - HikariPool-1 - Added connection com.mysql.cj.jdbc.ConnectionImpl@181d874f
2026-06-11 00:23:00 [HikariPool-1:connection-adder] DEBUG com.zaxxer.hikari.pool.HikariPool - HikariPool-1 - After adding stats (total=7/20, idle=7/20, active=0, waiting=0)
2026-06-11 00:23:00 [HikariPool-1:connection-adder] DEBUG com.zaxxer.hikari.pool.PoolBase - HikariPool-1 - Attempting to create/setup new connection (b66fd513-3eef-4a90-8e06-0c4dff90c39c)
2026-06-11 00:23:00 [HikariPool-1:connection-adder] DEBUG com.zaxxer.hikari.pool.PoolBase - HikariPool-1 - Established new connection (b66fd513-3eef-4a90-8e06-0c4dff90c39c)
2026-06-11 00:23:00 [HikariPool-1:connection-adder] DEBUG com.zaxxer.hikari.pool.HikariPool - HikariPool-1 - Added connection com.mysql.cj.jdbc.ConnectionImpl@448174b8
2026-06-11 00:23:00 [HikariPool-1:connection-adder] DEBUG com.zaxxer.hikari.pool.HikariPool - HikariPool-1 - After adding stats (total=8/20, idle=8/20, active=0, waiting=0)
2026-06-11 00:23:00 [HikariPool-1:connection-adder] DEBUG com.zaxxer.hikari.pool.PoolBase - HikariPool-1 - Attempting to create/setup new connection (f36276dd-9e31-4d4d-8885-5cd8b162f7e7)
2026-06-11 00:23:00 [HikariPool-1:connection-adder] DEBUG com.zaxxer.hikari.pool.PoolBase - HikariPool-1 - Established new connection (f36276dd-9e31-4d4d-8885-5cd8b162f7e7)
2026-06-11 00:23:00 [HikariPool-1:connection-adder] DEBUG com.zaxxer.hikari.pool.HikariPool - HikariPool-1 - Added connection com.mysql.cj.jdbc.ConnectionImpl@8b0c4ea
2026-06-11 00:23:00 [JavaFX Application Thread] INFO  application.java.manager.LogManager - 画面展開 [setPage] : 備品管理システム メニュー画面
2026-06-11 00:23:00 [HikariPool-1:connection-adder] DEBUG com.zaxxer.hikari.pool.HikariPool - HikariPool-1 - After adding stats (total=9/20, idle=9/20, active=0, waiting=0)
2026-06-11 00:23:00 [HikariPool-1:connection-adder] DEBUG com.zaxxer.hikari.pool.PoolBase - HikariPool-1 - Attempting to create/setup new connection (64f8521b-9448-4b48-9508-d183ece65eb6)
2026-06-11 00:23:00 [HikariPool-1:connection-adder] DEBUG com.zaxxer.hikari.pool.PoolBase - HikariPool-1 - Established new connection (64f8521b-9448-4b48-9508-d183ece65eb6)
2026-06-11 00:23:00 [HikariPool-1:connection-adder] DEBUG com.zaxxer.hikari.pool.HikariPool - HikariPool-1 - Added connection com.mysql.cj.jdbc.ConnectionImpl@7b0c6a8d
2026-06-11 00:23:00 [HikariPool-1:connection-adder] DEBUG com.zaxxer.hikari.pool.HikariPool - HikariPool-1 - After adding stats (total=10/20, idle=10/20, active=0, waiting=0)
2026-06-11 00:23:00 [HikariPool-1:connection-adder] DEBUG com.zaxxer.hikari.pool.PoolBase - HikariPool-1 - Attempting to create/setup new connection (06cc03af-d157-4796-9831-697a50663d84)
2026-06-11 00:23:00 [HikariPool-1:connection-adder] DEBUG com.zaxxer.hikari.pool.PoolBase - HikariPool-1 - Established new connection (06cc03af-d157-4796-9831-697a50663d84)
2026-06-11 00:23:00 [HikariPool-1:connection-adder] DEBUG com.zaxxer.hikari.pool.HikariPool - HikariPool-1 - Added connection com.mysql.cj.jdbc.ConnectionImpl@110c3b15
2026-06-11 00:23:00 [HikariPool-1:connection-adder] DEBUG com.zaxxer.hikari.pool.HikariPool - HikariPool-1 - After adding stats (total=11/20, idle=11/20, active=0, waiting=0)
2026-06-11 00:23:00 [HikariPool-1:connection-adder] DEBUG com.zaxxer.hikari.pool.PoolBase - HikariPool-1 - Attempting to create/setup new connection (1634ddcd-a073-44fa-ada1-1ef7e1e989ca)
2026-06-11 00:23:00 [HikariPool-1:connection-adder] DEBUG com.zaxxer.hikari.pool.PoolBase - HikariPool-1 - Established new connection (1634ddcd-a073-44fa-ada1-1ef7e1e989ca)
2026-06-11 00:23:00 [HikariPool-1:connection-adder] DEBUG com.zaxxer.hikari.pool.HikariPool - HikariPool-1 - Added connection com.mysql.cj.jdbc.ConnectionImpl@2c073f2
2026-06-11 00:23:00 [HikariPool-1:connection-adder] DEBUG com.zaxxer.hikari.pool.HikariPool - HikariPool-1 - After adding stats (total=12/20, idle=12/20, active=0, waiting=0)
2026-06-11 00:23:00 [HikariPool-1:connection-adder] DEBUG com.zaxxer.hikari.pool.PoolBase - HikariPool-1 - Attempting to create/setup new connection (090a9cf1-8ada-4389-8975-77d1281ce0de)
2026-06-11 00:23:00 [HikariPool-1:connection-adder] DEBUG com.zaxxer.hikari.pool.PoolBase - HikariPool-1 - Established new connection (090a9cf1-8ada-4389-8975-77d1281ce0de)
2026-06-11 00:23:00 [HikariPool-1:connection-adder] DEBUG com.zaxxer.hikari.pool.HikariPool - HikariPool-1 - Added connection com.mysql.cj.jdbc.ConnectionImpl@441b18d1
2026-06-11 00:23:00 [HikariPool-1:connection-adder] DEBUG com.zaxxer.hikari.pool.HikariPool - HikariPool-1 - After adding stats (total=13/20, idle=13/20, active=0, waiting=0)
2026-06-11 00:23:00 [HikariPool-1:connection-adder] DEBUG com.zaxxer.hikari.pool.PoolBase - HikariPool-1 - Attempting to create/setup new connection (48bc5f7c-4480-4594-af32-3b79d437a582)
2026-06-11 00:23:00 [HikariPool-1:connection-adder] DEBUG com.zaxxer.hikari.pool.PoolBase - HikariPool-1 - Established new connection (48bc5f7c-4480-4594-af32-3b79d437a582)
2026-06-11 00:23:00 [HikariPool-1:connection-adder] DEBUG com.zaxxer.hikari.pool.HikariPool - HikariPool-1 - Added connection com.mysql.cj.jdbc.ConnectionImpl@5e0fb446
2026-06-11 00:23:00 [HikariPool-1:connection-adder] DEBUG com.zaxxer.hikari.pool.HikariPool - HikariPool-1 - After adding stats (total=14/20, idle=14/20, active=0, waiting=0)
2026-06-11 00:23:00 [HikariPool-1:connection-adder] DEBUG com.zaxxer.hikari.pool.PoolBase - HikariPool-1 - Attempting to create/setup new connection (960548d7-ca9c-4799-bb55-c63afce0b616)
2026-06-11 00:23:00 [HikariPool-1:connection-adder] DEBUG com.zaxxer.hikari.pool.PoolBase - HikariPool-1 - Established new connection (960548d7-ca9c-4799-bb55-c63afce0b616)
2026-06-11 00:23:00 [HikariPool-1:connection-adder] DEBUG com.zaxxer.hikari.pool.HikariPool - HikariPool-1 - Added connection com.mysql.cj.jdbc.ConnectionImpl@cf1c8c9
2026-06-11 00:23:00 [HikariPool-1:connection-adder] DEBUG com.zaxxer.hikari.pool.HikariPool - HikariPool-1 - After adding stats (total=15/20, idle=15/20, active=0, waiting=0)
2026-06-11 00:23:00 [HikariPool-1:connection-adder] DEBUG com.zaxxer.hikari.pool.PoolBase - HikariPool-1 - Attempting to create/setup new connection (940e7f0a-43cd-497e-bdb0-1619883f31b6)
2026-06-11 00:23:00 [HikariPool-1:connection-adder] DEBUG com.zaxxer.hikari.pool.PoolBase - HikariPool-1 - Established new connection (940e7f0a-43cd-497e-bdb0-1619883f31b6)
2026-06-11 00:23:00 [HikariPool-1:connection-adder] DEBUG com.zaxxer.hikari.pool.HikariPool - HikariPool-1 - Added connection com.mysql.cj.jdbc.ConnectionImpl@78e45cae
2026-06-11 00:23:00 [HikariPool-1:connection-adder] DEBUG com.zaxxer.hikari.pool.HikariPool - HikariPool-1 - After adding stats (total=16/20, idle=16/20, active=0, waiting=0)
2026-06-11 00:23:00 [HikariPool-1:connection-adder] DEBUG com.zaxxer.hikari.pool.PoolBase - HikariPool-1 - Attempting to create/setup new connection (bf17b4eb-e479-41a5-a987-14aa1ef5b259)
2026-06-11 00:23:00 [HikariPool-1:connection-adder] DEBUG com.zaxxer.hikari.pool.PoolBase - HikariPool-1 - Established new connection (bf17b4eb-e479-41a5-a987-14aa1ef5b259)
2026-06-11 00:23:00 [HikariPool-1:connection-adder] DEBUG com.zaxxer.hikari.pool.HikariPool - HikariPool-1 - Added connection com.mysql.cj.jdbc.ConnectionImpl@6ec9021d
2026-06-11 00:23:00 [HikariPool-1:connection-adder] DEBUG com.zaxxer.hikari.pool.HikariPool - HikariPool-1 - After adding stats (total=17/20, idle=17/20, active=0, waiting=0)
2026-06-11 00:23:00 [HikariPool-1:connection-adder] DEBUG com.zaxxer.hikari.pool.PoolBase - HikariPool-1 - Attempting to create/setup new connection (bc55bfdb-17bb-4b54-b45c-1fe3ab540dd3)
2026-06-11 00:23:00 [HikariPool-1:connection-adder] DEBUG com.zaxxer.hikari.pool.PoolBase - HikariPool-1 - Established new connection (bc55bfdb-17bb-4b54-b45c-1fe3ab540dd3)
2026-06-11 00:23:00 [HikariPool-1:connection-adder] DEBUG com.zaxxer.hikari.pool.HikariPool - HikariPool-1 - Added connection com.mysql.cj.jdbc.ConnectionImpl@3c00c2fa
2026-06-11 00:23:00 [HikariPool-1:connection-adder] DEBUG com.zaxxer.hikari.pool.HikariPool - HikariPool-1 - After adding stats (total=18/20, idle=18/20, active=0, waiting=0)
2026-06-11 00:23:00 [HikariPool-1:connection-adder] DEBUG com.zaxxer.hikari.pool.PoolBase - HikariPool-1 - Attempting to create/setup new connection (9d18fdf9-4247-406f-ada8-251d6e7fe2ff)
2026-06-11 00:23:00 [HikariPool-1:connection-adder] DEBUG com.zaxxer.hikari.pool.PoolBase - HikariPool-1 - Established new connection (9d18fdf9-4247-406f-ada8-251d6e7fe2ff)
2026-06-11 00:23:00 [HikariPool-1:connection-adder] DEBUG com.zaxxer.hikari.pool.HikariPool - HikariPool-1 - Added connection com.mysql.cj.jdbc.ConnectionImpl@17c8ba90
2026-06-11 00:23:00 [HikariPool-1:connection-adder] DEBUG com.zaxxer.hikari.pool.HikariPool - HikariPool-1 - After adding stats (total=19/20, idle=19/20, active=0, waiting=0)
2026-06-11 00:23:00 [HikariPool-1:connection-adder] DEBUG com.zaxxer.hikari.pool.PoolBase - HikariPool-1 - Attempting to create/setup new connection (57b72b2d-a76e-48e9-9adc-179febc708bb)
2026-06-11 00:23:00 [HikariPool-1:connection-adder] DEBUG com.zaxxer.hikari.pool.PoolBase - HikariPool-1 - Established new connection (57b72b2d-a76e-48e9-9adc-179febc708bb)
2026-06-11 00:23:00 [HikariPool-1:connection-adder] DEBUG com.zaxxer.hikari.pool.HikariPool - HikariPool-1 - Added connection com.mysql.cj.jdbc.ConnectionImpl@141a958f
2026-06-11 00:23:00 [HikariPool-1:connection-adder] DEBUG com.zaxxer.hikari.pool.HikariPool - HikariPool-1 - After adding stats (total=20/20, idle=20/20, active=0, waiting=0)
2026-06-11 00:23:14 [JavaFX Application Thread] INFO  application.java.manager.LogManager - [備品管理システム メニュー画面] ： [貸出業務]ボタン押下
2026-06-11 00:23:14 [JavaFX Application Thread] INFO  application.java.manager.LogManager - [備品一覧画面] ： 初期化処理
2026-06-11 00:23:14 [JavaFX Application Thread] INFO  application.java.manager.LogManager - スライドショーのTimelineを停止しました
2026-06-11 00:23:14 [JavaFX Application Thread] INFO  application.java.manager.LogManager - 呼出中[Page](備品管理システム メニュー画面)の終了処理(dispose)を実行
2026-06-11 00:23:14 [JavaFX Application Thread] INFO  application.java.manager.LogManager - 画面展開 [setPage] ： 画面設定・表示処理 開始
2026-06-11 00:23:14 [JavaFX Application Thread] DEBUG application.java.manager.LogManager - Window切替 [setWindowFrame] : DECORATED(標準)
2026-06-11 00:23:14 [JavaFX Application Thread] DEBUG application.java.manager.LogManager - [備品一覧画面] ： リスト表示処理
2026-06-11 00:23:14 [JavaFX Application Thread] DEBUG application.java.manager.LogManager - [SQL操作クラス] ： 非同期処理 SELECT句発行
2026-06-11 00:23:14 [Thread-5] DEBUG application.java.manager.LogManager - [SQL操作クラス] ： SELECT句発行
2026-06-11 00:23:14 [JavaFX Application Thread] INFO  application.java.manager.LogManager - /application/resources/css/InventoryListStyle.css

2026-06-11 00:23:14 [Thread-5] DEBUG o.a.i.t.jdbc.JdbcTransaction - Opening JDBC Connection
2026-06-11 00:23:14 [JavaFX Application Thread] INFO  application.java.manager.LogManager - 画面展開 [setPage] : 備品一覧画面
2026-06-11 00:23:14 [Thread-5] DEBUG o.a.i.t.jdbc.JdbcTransaction - Setting autocommit to false on JDBC Connection [HikariProxyConnection@741151374 wrapping com.mysql.cj.jdbc.ConnectionImpl@565e5a28]
2026-06-11 00:23:14 [Thread-5] DEBUG a.r.m.I.getTableRecords - ==>  Preparing: WITH SUB_TOTAL AS ( SELECT ST.stock_type , ST.stock_code , SUM(CASE WHEN SD.staff_no IS NOT NULL AND (DATEDIFF(CURRENT_DATE(), SD.confirmed_date) <= 365 ) THEN 1 ELSE 0 END) AS lending_count -- 貸出備品の数 , SUM(CASE /* 在庫 = [staff_no]：貸出先ユーザーの社員番号 が未設定(NULL) 且つ [return_date]：返却日が未設定(NULL) 且つ [confirmed_date]：最終所在確認日 が１年以内 */ WHEN SD.staff_no IS NULL AND (DATEDIFF(CURRENT_DATE(), SD.confirmed_date) <= 365 ) THEN 1 ELSE 0 END) AS stock_count -- 在庫備品の数 , SUM(CASE /* 不明 = [return_date]：返却日が未設定(NULL) 且つ [confirmed_date]：最終所在確認日 が１年前以前 ※ 貸出中・在庫を問わず１年前以前のデータを不明とする */ WHEN (DATEDIFF(CURRENT_DATE(), SD.confirmed_date) > 365 ) THEN 1 ELSE 0 END) AS unknown_count -- 不明備品の数 FROM (SELECT stock_type , stock_code FROM stock_type_master WHERE 1 = 1 AND del = FALSE) ST INNER JOIN stock_master SM ON ST.stock_type = SM.stock_type AND ST.stock_code = SM.stock_code AND SM.del = FALSE /* 未登録データを考慮しLEFT JOINとする */ LEFT JOIN stock_data SD ON SM.serial_no = SD.serial_no /* 返却済データの除去 */ AND SD.return_date IS NULL AND SD.del = FALSE WHERE 1 = 1 GROUP BY ST.stock_type , ST.stock_code ) SELECT ST.stock_type AS type, ST.stock_code AS code, ST.name AS itemName, IFNULL(S.lending_count, 0) AS loanCount, IFNULL(S.stock_count, 0) AS returnCount, IFNULL(S.unknown_count, 0) AS unknownCount, IFNULL(S.lending_count + S.stock_count, 0) AS totalCount /* 追加項目：遷移先画面サイズ */ , IFNULL( GCM.value_1, '1') AS windowSize FROM stock_type_master ST INNER JOIN SUB_TOTAL S ON ST.stock_type = S.stock_type AND ST.stock_code = S.stock_code /* 追加項目 遷移先画面サイズ */ LEFT JOIN generic_code_master GCM ON CAST(ST.stock_type AS CHAR) = GCM.type_key AND ST.stock_code = GCM.code AND GCM.generic_key = 'WINDOW_SIZE' WHERE 1 = 1 ORDER BY ST.stock_type , St.stock_code
2026-06-11 00:23:14 [Thread-5] DEBUG a.r.m.I.getTableRecords - ==> Parameters: 
2026-06-11 00:23:14 [Thread-5] DEBUG a.r.m.I.getTableRecords - <==      Total: 16
2026-06-11 00:23:14 [Thread-5] DEBUG o.a.i.t.jdbc.JdbcTransaction - Resetting autocommit to true on JDBC Connection [HikariProxyConnection@741151374 wrapping com.mysql.cj.jdbc.ConnectionImpl@565e5a28]
2026-06-11 00:23:14 [Thread-5] DEBUG o.a.i.t.jdbc.JdbcTransaction - Closing JDBC Connection [HikariProxyConnection@741151374 wrapping com.mysql.cj.jdbc.ConnectionImpl@565e5a28]
2026-06-11 00:23:28 [JavaFX Application Thread] INFO  application.java.manager.LogManager - [備品一覧画面] ： [メニューに戻る]ボタン押下
2026-06-11 00:23:28 [JavaFX Application Thread] INFO  application.java.manager.LogManager - [備品管理システム メニュー画面] ： 初期化処理
2026-06-11 00:23:28 [JavaFX Application Thread] INFO  application.java.manager.LogManager - 呼出中[Page](備品一覧画面)の終了処理(dispose)を実行
2026-06-11 00:23:28 [JavaFX Application Thread] INFO  application.java.manager.LogManager - 画面展開 [setPage] ： 画面設定・表示処理 開始
2026-06-11 00:23:28 [JavaFX Application Thread] DEBUG application.java.manager.LogManager - Window切替 [setWindowFrame] : TRANSPARENT(透明枠・背景色透明)
2026-06-11 00:23:28 [JavaFX Application Thread] INFO  application.java.manager.LogManager - /application/resources/css/MenuMacFinderStyle.css

2026-06-11 00:23:28 [JavaFX Application Thread] INFO  application.java.manager.LogManager - 画面展開 [setPage] : 備品管理システム メニュー画面
2026-06-11 00:23:29 [HikariPool-1:housekeeper] DEBUG com.zaxxer.hikari.pool.HikariPool - HikariPool-1 - Pool stats (total=20/20, idle=20/20, active=0, waiting=0)
2026-06-11 00:23:29 [HikariPool-1:housekeeper] DEBUG com.zaxxer.hikari.pool.HikariPool - HikariPool-1 - Fill pool skipped, pool has sufficient level or currently being filled.
2026-06-11 00:23:59 [HikariPool-1:housekeeper] DEBUG com.zaxxer.hikari.pool.HikariPool - HikariPool-1 - Pool stats (total=20/20, idle=20/20, active=0, waiting=0)
2026-06-11 00:23:59 [HikariPool-1:housekeeper] DEBUG com.zaxxer.hikari.pool.HikariPool - HikariPool-1 - Fill pool skipped, pool has sufficient level or currently being filled.
2026-06-11 00:24:29 [HikariPool-1:housekeeper] DEBUG com.zaxxer.hikari.pool.HikariPool - HikariPool-1 - Pool stats (total=20/20, idle=20/20, active=0, waiting=0)
2026-06-11 00:24:29 [HikariPool-1:housekeeper] DEBUG com.zaxxer.hikari.pool.HikariPool - HikariPool-1 - Fill pool skipped, pool has sufficient level or currently being filled.
2026-06-11 00:24:37 [HikariPool-1:housekeeper] DEBUG com.zaxxer.hikari.pool.HikariPool - HikariPool-1 - keepalive: connection com.mysql.cj.jdbc.ConnectionImpl@3d418ac1 is alive
2026-06-11 00:24:38 [HikariPool-1:housekeeper] DEBUG com.zaxxer.hikari.pool.HikariPool - HikariPool-1 - keepalive: connection com.mysql.cj.jdbc.ConnectionImpl@6ec9021d is alive
2026-06-11 00:24:38 [HikariPool-1:housekeeper] DEBUG com.zaxxer.hikari.pool.HikariPool - HikariPool-1 - keepalive: connection com.mysql.cj.jdbc.ConnectionImpl@1c537fb5 is alive
2026-06-11 00:24:38 [HikariPool-1:housekeeper] DEBUG com.zaxxer.hikari.pool.HikariPool - HikariPool-1 - keepalive: connection com.mysql.cj.jdbc.ConnectionImpl@8b0c4ea is alive
2026-06-11 00:24:40 [HikariPool-1:housekeeper] DEBUG com.zaxxer.hikari.pool.HikariPool - HikariPool-1 - keepalive: connection com.mysql.cj.jdbc.ConnectionImpl@565e5a28 is alive
2026-06-11 00:24:40 [HikariPool-1:housekeeper] DEBUG com.zaxxer.hikari.pool.HikariPool - HikariPool-1 - keepalive: connection com.mysql.cj.jdbc.ConnectionImpl@110c3b15 is alive
2026-06-11 00:24:45 [HikariPool-1:housekeeper] DEBUG com.zaxxer.hikari.pool.HikariPool - HikariPool-1 - keepalive: connection com.mysql.cj.jdbc.ConnectionImpl@5e0fb446 is alive
2026-06-11 00:24:45 [HikariPool-1:housekeeper] DEBUG com.zaxxer.hikari.pool.HikariPool - HikariPool-1 - keepalive: connection com.mysql.cj.jdbc.ConnectionImpl@3c00c2fa is alive
2026-06-11 00:24:47 [HikariPool-1:housekeeper] DEBUG com.zaxxer.hikari.pool.HikariPool - HikariPool-1 - keepalive: connection com.mysql.cj.jdbc.ConnectionImpl@141a958f is alive
2026-06-11 00:24:47 [HikariPool-1:housekeeper] DEBUG com.zaxxer.hikari.pool.HikariPool - HikariPool-1 - keepalive: connection com.mysql.cj.jdbc.ConnectionImpl@cf1c8c9 is alive
2026-06-11 00:24:48 [HikariPool-1:housekeeper] DEBUG com.zaxxer.hikari.pool.HikariPool - HikariPool-1 - keepalive: connection com.mysql.cj.jdbc.ConnectionImpl@2c073f2 is alive
2026-06-11 00:24:52 [HikariPool-1:housekeeper] DEBUG com.zaxxer.hikari.pool.HikariPool - HikariPool-1 - keepalive: connection com.mysql.cj.jdbc.ConnectionImpl@448174b8 is alive
2026-06-11 00:24:52 [HikariPool-1:housekeeper] DEBUG com.zaxxer.hikari.pool.HikariPool - HikariPool-1 - keepalive: connection com.mysql.cj.jdbc.ConnectionImpl@181d874f is alive
2026-06-11 00:24:52 [HikariPool-1:housekeeper] DEBUG com.zaxxer.hikari.pool.HikariPool - HikariPool-1 - keepalive: connection com.mysql.cj.jdbc.ConnectionImpl@441b18d1 is alive
2026-06-11 00:24:54 [HikariPool-1:housekeeper] DEBUG com.zaxxer.hikari.pool.HikariPool - HikariPool-1 - keepalive: connection com.mysql.cj.jdbc.ConnectionImpl@78e45cae is alive
2026-06-11 00:24:56 [HikariPool-1:housekeeper] DEBUG com.zaxxer.hikari.pool.HikariPool - HikariPool-1 - keepalive: connection com.mysql.cj.jdbc.ConnectionImpl@7b0c6a8d is alive
2026-06-11 00:24:57 [HikariPool-1:housekeeper] DEBUG com.zaxxer.hikari.pool.HikariPool - HikariPool-1 - keepalive: connection com.mysql.cj.jdbc.ConnectionImpl@17c8ba90 is alive
2026-06-11 00:24:59 [HikariPool-1:housekeeper] DEBUG com.zaxxer.hikari.pool.HikariPool - HikariPool-1 - keepalive: connection com.mysql.cj.jdbc.ConnectionImpl@7c7c80fa is alive
2026-06-11 00:24:59 [HikariPool-1:housekeeper] DEBUG com.zaxxer.hikari.pool.HikariPool - HikariPool-1 - keepalive: connection com.mysql.cj.jdbc.ConnectionImpl@1926e66a is alive
2026-06-11 00:24:59 [HikariPool-1:housekeeper] DEBUG com.zaxxer.hikari.pool.HikariPool - HikariPool-1 - keepalive: connection com.mysql.cj.jdbc.ConnectionImpl@4d4aff10 is alive
2026-06-11 00:24:59 [HikariPool-1:housekeeper] DEBUG com.zaxxer.hikari.pool.HikariPool - HikariPool-1 - Pool stats (total=20/20, idle=20/20, active=0, waiting=0)
2026-06-11 00:24:59 [HikariPool-1:housekeeper] DEBUG com.zaxxer.hikari.pool.HikariPool - HikariPool-1 - Fill pool skipped, pool has sufficient level or currently being filled.
2026-06-11 00:25:29 [HikariPool-1:housekeeper] DEBUG com.zaxxer.hikari.pool.HikariPool - HikariPool-1 - Pool stats (total=20/20, idle=20/20, active=0, waiting=0)
2026-06-11 00:25:29 [HikariPool-1:housekeeper] DEBUG com.zaxxer.hikari.pool.HikariPool - HikariPool-1 - Fill pool skipped, pool has sufficient level or currently being filled.
2026-06-11 00:25:59 [HikariPool-1:housekeeper] DEBUG com.zaxxer.hikari.pool.HikariPool - HikariPool-1 - Pool stats (total=20/20, idle=20/20, active=0, waiting=0)
2026-06-11 00:25:59 [HikariPool-1:housekeeper] DEBUG com.zaxxer.hikari.pool.HikariPool - HikariPool-1 - Fill pool skipped, pool has sufficient level or currently being filled.
2026-06-11 00:26:14 [HikariPool-1:housekeeper] DEBUG com.zaxxer.hikari.pool.HikariPool - HikariPool-1 - keepalive: connection com.mysql.cj.jdbc.ConnectionImpl@3d418ac1 is alive
2026-06-11 00:26:16 [HikariPool-1:housekeeper] DEBUG com.zaxxer.hikari.pool.HikariPool - HikariPool-1 - keepalive: connection com.mysql.cj.jdbc.ConnectionImpl@6ec9021d is alive
2026-06-11 00:26:17 [HikariPool-1:housekeeper] DEBUG com.zaxxer.hikari.pool.HikariPool - HikariPool-1 - keepalive: connection com.mysql.cj.jdbc.ConnectionImpl@1c537fb5 is alive
2026-06-11 00:26:17 [HikariPool-1:housekeeper] DEBUG com.zaxxer.hikari.pool.HikariPool - HikariPool-1 - keepalive: connection com.mysql.cj.jdbc.ConnectionImpl@8b0c4ea is alive
2026-06-11 00:26:20 [HikariPool-1:housekeeper] DEBUG com.zaxxer.hikari.pool.HikariPool - HikariPool-1 - keepalive: connection com.mysql.cj.jdbc.ConnectionImpl@565e5a28 is alive
2026-06-11 00:26:21 [HikariPool-1:housekeeper] DEBUG com.zaxxer.hikari.pool.HikariPool - HikariPool-1 - keepalive: connection com.mysql.cj.jdbc.ConnectionImpl@110c3b15 is alive
2026-06-11 00:26:29 [HikariPool-1:housekeeper] DEBUG com.zaxxer.hikari.pool.HikariPool - HikariPool-1 - Pool stats (total=20/20, idle=20/20, active=0, waiting=0)
2026-06-11 00:26:29 [HikariPool-1:housekeeper] DEBUG com.zaxxer.hikari.pool.HikariPool - HikariPool-1 - Fill pool skipped, pool has sufficient level or currently being filled.
2026-06-11 00:26:30 [HikariPool-1:housekeeper] DEBUG com.zaxxer.hikari.pool.HikariPool - HikariPool-1 - keepalive: connection com.mysql.cj.jdbc.ConnectionImpl@5e0fb446 is alive
2026-06-11 00:26:31 [HikariPool-1:housekeeper] DEBUG com.zaxxer.hikari.pool.HikariPool - HikariPool-1 - keepalive: connection com.mysql.cj.jdbc.ConnectionImpl@3c00c2fa is alive
2026-06-11 00:26:33 [HikariPool-1:housekeeper] DEBUG com.zaxxer.hikari.pool.HikariPool - HikariPool-1 - keepalive: connection com.mysql.cj.jdbc.ConnectionImpl@141a958f is alive
2026-06-11 00:26:34 [HikariPool-1:housekeeper] DEBUG com.zaxxer.hikari.pool.HikariPool - HikariPool-1 - keepalive: connection com.mysql.cj.jdbc.ConnectionImpl@cf1c8c9 is alive
2026-06-11 00:26:36 [HikariPool-1:housekeeper] DEBUG com.zaxxer.hikari.pool.HikariPool - HikariPool-1 - keepalive: connection com.mysql.cj.jdbc.ConnectionImpl@2c073f2 is alive
2026-06-11 00:26:44 [HikariPool-1:housekeeper] DEBUG com.zaxxer.hikari.pool.HikariPool - HikariPool-1 - keepalive: connection com.mysql.cj.jdbc.ConnectionImpl@448174b8 is alive
2026-06-11 00:26:45 [HikariPool-1:housekeeper] DEBUG com.zaxxer.hikari.pool.HikariPool - HikariPool-1 - keepalive: connection com.mysql.cj.jdbc.ConnectionImpl@181d874f is alive
2026-06-11 00:26:45 [HikariPool-1:housekeeper] DEBUG com.zaxxer.hikari.pool.HikariPool - HikariPool-1 - keepalive: connection com.mysql.cj.jdbc.ConnectionImpl@441b18d1 is alive
2026-06-11 00:26:49 [HikariPool-1:housekeeper] DEBUG com.zaxxer.hikari.pool.HikariPool - HikariPool-1 - keepalive: connection com.mysql.cj.jdbc.ConnectionImpl@78e45cae is alive
2026-06-11 00:26:52 [HikariPool-1:housekeeper] DEBUG com.zaxxer.hikari.pool.HikariPool - HikariPool-1 - keepalive: connection com.mysql.cj.jdbc.ConnectionImpl@7b0c6a8d is alive
2026-06-11 00:26:53 [HikariPool-1:housekeeper] DEBUG com.zaxxer.hikari.pool.HikariPool - HikariPool-1 - keepalive: connection com.mysql.cj.jdbc.ConnectionImpl@17c8ba90 is alive
2026-06-11 00:26:58 [HikariPool-1:housekeeper] DEBUG com.zaxxer.hikari.pool.HikariPool - HikariPool-1 - keepalive: connection com.mysql.cj.jdbc.ConnectionImpl@7c7c80fa is alive
2026-06-11 00:26:58 [HikariPool-1:housekeeper] DEBUG com.zaxxer.hikari.pool.HikariPool - HikariPool-1 - keepalive: connection com.mysql.cj.jdbc.ConnectionImpl@1926e66a is alive
2026-06-11 00:26:59 [HikariPool-1:housekeeper] DEBUG com.zaxxer.hikari.pool.HikariPool - HikariPool-1 - keepalive: connection com.mysql.cj.jdbc.ConnectionImpl@4d4aff10 is alive
2026-06-11 00:26:59 [HikariPool-1:housekeeper] DEBUG com.zaxxer.hikari.pool.HikariPool - HikariPool-1 - Pool stats (total=20/20, idle=20/20, active=0, waiting=0)
2026-06-11 00:26:59 [HikariPool-1:housekeeper] DEBUG com.zaxxer.hikari.pool.HikariPool - HikariPool-1 - Fill pool skipped, pool has sufficient level or currently being filled.
2026-06-11 00:27:29 [HikariPool-1:housekeeper] DEBUG com.zaxxer.hikari.pool.HikariPool - HikariPool-1 - Pool stats (total=20/20, idle=20/20, active=0, waiting=0)
2026-06-11 00:27:29 [HikariPool-1:housekeeper] DEBUG com.zaxxer.hikari.pool.HikariPool - HikariPool-1 - Fill pool skipped, pool has sufficient level or currently being filled.
2026-06-11 00:27:51 [HikariPool-1:housekeeper] DEBUG com.zaxxer.hikari.pool.HikariPool - HikariPool-1 - keepalive: connection com.mysql.cj.jdbc.ConnectionImpl@3d418ac1 is alive
2026-06-11 00:27:53 [HikariPool-1:housekeeper] DEBUG com.zaxxer.hikari.pool.HikariPool - HikariPool-1 - keepalive: connection com.mysql.cj.jdbc.ConnectionImpl@6ec9021d is alive
2026-06-11 00:27:55 [HikariPool-1:housekeeper] DEBUG com.zaxxer.hikari.pool.HikariPool - HikariPool-1 - keepalive: connection com.mysql.cj.jdbc.ConnectionImpl@1c537fb5 is alive
2026-06-11 00:27:56 [HikariPool-1:housekeeper] DEBUG com.zaxxer.hikari.pool.HikariPool - HikariPool-1 - keepalive: connection com.mysql.cj.jdbc.ConnectionImpl@8b0c4ea is alive
2026-06-11 00:27:59 [HikariPool-1:housekeeper] DEBUG com.zaxxer.hikari.pool.HikariPool - HikariPool-1 - Pool stats (total=20/20, idle=20/20, active=0, waiting=0)
2026-06-11 00:27:59 [HikariPool-1:housekeeper] DEBUG com.zaxxer.hikari.pool.HikariPool - HikariPool-1 - Fill pool skipped, pool has sufficient level or currently being filled.
2026-06-11 00:28:00 [HikariPool-1:housekeeper] DEBUG com.zaxxer.hikari.pool.HikariPool - HikariPool-1 - keepalive: connection com.mysql.cj.jdbc.ConnectionImpl@565e5a28 is alive
2026-06-11 00:28:02 [HikariPool-1:housekeeper] DEBUG com.zaxxer.hikari.pool.HikariPool - HikariPool-1 - keepalive: connection com.mysql.cj.jdbc.ConnectionImpl@110c3b15 is alive
2026-06-11 00:28:15 [HikariPool-1:housekeeper] DEBUG com.zaxxer.hikari.pool.HikariPool - HikariPool-1 - keepalive: connection com.mysql.cj.jdbc.ConnectionImpl@5e0fb446 is alive
2026-06-11 00:28:16 [HikariPool-1:housekeeper] DEBUG com.zaxxer.hikari.pool.HikariPool - HikariPool-1 - keepalive: connection com.mysql.cj.jdbc.ConnectionImpl@3c00c2fa is alive
2026-06-11 00:28:20 [HikariPool-1:housekeeper] DEBUG com.zaxxer.hikari.pool.HikariPool - HikariPool-1 - keepalive: connection com.mysql.cj.jdbc.ConnectionImpl@141a958f is alive
2026-06-11 00:28:21 [HikariPool-1:housekeeper] DEBUG com.zaxxer.hikari.pool.HikariPool - HikariPool-1 - keepalive: connection com.mysql.cj.jdbc.ConnectionImpl@cf1c8c9 is alive
2026-06-11 00:28:24 [HikariPool-1:housekeeper] DEBUG com.zaxxer.hikari.pool.HikariPool - HikariPool-1 - keepalive: connection com.mysql.cj.jdbc.ConnectionImpl@2c073f2 is alive
2026-06-11 00:28:29 [HikariPool-1:housekeeper] DEBUG com.zaxxer.hikari.pool.HikariPool - HikariPool-1 - Pool stats (total=20/20, idle=20/20, active=0, waiting=0)
2026-06-11 00:28:29 [HikariPool-1:housekeeper] DEBUG com.zaxxer.hikari.pool.HikariPool - HikariPool-1 - Fill pool skipped, pool has sufficient level or currently being filled.
2026-06-11 00:28:36 [HikariPool-1:housekeeper] DEBUG com.zaxxer.hikari.pool.HikariPool - HikariPool-1 - keepalive: connection com.mysql.cj.jdbc.ConnectionImpl@448174b8 is alive
2026-06-11 00:28:37 [HikariPool-1:housekeeper] DEBUG com.zaxxer.hikari.pool.HikariPool - HikariPool-1 - keepalive: connection com.mysql.cj.jdbc.ConnectionImpl@441b18d1 is alive
2026-06-11 00:28:37 [HikariPool-1:housekeeper] DEBUG com.zaxxer.hikari.pool.HikariPool - HikariPool-1 - keepalive: connection com.mysql.cj.jdbc.ConnectionImpl@181d874f is alive
2026-06-11 00:28:44 [HikariPool-1:housekeeper] DEBUG com.zaxxer.hikari.pool.HikariPool - HikariPool-1 - keepalive: connection com.mysql.cj.jdbc.ConnectionImpl@78e45cae is alive
2026-06-11 00:28:48 [HikariPool-1:housekeeper] DEBUG com.zaxxer.hikari.pool.HikariPool - HikariPool-1 - keepalive: connection com.mysql.cj.jdbc.ConnectionImpl@7b0c6a8d is alive
2026-06-11 00:28:50 [HikariPool-1:housekeeper] DEBUG com.zaxxer.hikari.pool.HikariPool - HikariPool-1 - keepalive: connection com.mysql.cj.jdbc.ConnectionImpl@17c8ba90 is alive
2026-06-11 00:28:57 [HikariPool-1:housekeeper] DEBUG com.zaxxer.hikari.pool.HikariPool - HikariPool-1 - keepalive: connection com.mysql.cj.jdbc.ConnectionImpl@7c7c80fa is alive
2026-06-11 00:28:58 [HikariPool-1:housekeeper] DEBUG com.zaxxer.hikari.pool.HikariPool - HikariPool-1 - keepalive: connection com.mysql.cj.jdbc.ConnectionImpl@1926e66a is alive
2026-06-11 00:28:59 [HikariPool-1:housekeeper] DEBUG com.zaxxer.hikari.pool.HikariPool - HikariPool-1 - keepalive: connection com.mysql.cj.jdbc.ConnectionImpl@4d4aff10 is alive
2026-06-11 00:28:59 [HikariPool-1:housekeeper] DEBUG com.zaxxer.hikari.pool.HikariPool - HikariPool-1 - Pool stats (total=20/20, idle=20/20, active=0, waiting=0)
2026-06-11 00:28:59 [HikariPool-1:housekeeper] DEBUG com.zaxxer.hikari.pool.HikariPool - HikariPool-1 - Fill pool skipped, pool has sufficient level or currently being filled.
2026-06-11 00:29:28 [HikariPool-1:housekeeper] DEBUG com.zaxxer.hikari.pool.HikariPool - HikariPool-1 - keepalive: connection com.mysql.cj.jdbc.ConnectionImpl@3d418ac1 is alive
2026-06-11 00:29:29 [HikariPool-1:housekeeper] DEBUG com.zaxxer.hikari.pool.HikariPool - HikariPool-1 - Pool stats (total=20/20, idle=20/20, active=0, waiting=0)
2026-06-11 00:29:29 [HikariPool-1:housekeeper] DEBUG com.zaxxer.hikari.pool.HikariPool - HikariPool-1 - Fill pool skipped, pool has sufficient level or currently being filled.
2026-06-11 00:29:31 [HikariPool-1:housekeeper] DEBUG com.zaxxer.hikari.pool.HikariPool - HikariPool-1 - keepalive: connection com.mysql.cj.jdbc.ConnectionImpl@6ec9021d is alive
2026-06-11 00:29:34 [HikariPool-1:housekeeper] DEBUG com.zaxxer.hikari.pool.HikariPool - HikariPool-1 - keepalive: connection com.mysql.cj.jdbc.ConnectionImpl@1c537fb5 is alive
2026-06-11 00:29:35 [HikariPool-1:housekeeper] DEBUG com.zaxxer.hikari.pool.HikariPool - HikariPool-1 - keepalive: connection com.mysql.cj.jdbc.ConnectionImpl@8b0c4ea is alive
2026-06-11 00:29:41 [HikariPool-1:housekeeper] DEBUG com.zaxxer.hikari.pool.HikariPool - HikariPool-1 - keepalive: connection com.mysql.cj.jdbc.ConnectionImpl@565e5a28 is alive
2026-06-11 00:29:43 [HikariPool-1:housekeeper] DEBUG com.zaxxer.hikari.pool.HikariPool - HikariPool-1 - keepalive: connection com.mysql.cj.jdbc.ConnectionImpl@110c3b15 is alive
2026-06-11 00:29:59 [HikariPool-1:housekeeper] DEBUG com.zaxxer.hikari.pool.HikariPool - HikariPool-1 - Pool stats (total=20/20, idle=20/20, active=0, waiting=0)
2026-06-11 00:29:59 [HikariPool-1:housekeeper] DEBUG com.zaxxer.hikari.pool.HikariPool - HikariPool-1 - Fill pool skipped, pool has sufficient level or currently being filled.
2026-06-11 00:30:00 [HikariPool-1:housekeeper] DEBUG com.zaxxer.hikari.pool.HikariPool - HikariPool-1 - keepalive: connection com.mysql.cj.jdbc.ConnectionImpl@5e0fb446 is alive
2026-06-11 00:30:01 [HikariPool-1:housekeeper] DEBUG com.zaxxer.hikari.pool.HikariPool - HikariPool-1 - keepalive: connection com.mysql.cj.jdbc.ConnectionImpl@3c00c2fa is alive
2026-06-11 00:30:07 [HikariPool-1:housekeeper] DEBUG com.zaxxer.hikari.pool.HikariPool - HikariPool-1 - keepalive: connection com.mysql.cj.jdbc.ConnectionImpl@141a958f is alive
2026-06-11 00:30:08 [HikariPool-1:housekeeper] DEBUG com.zaxxer.hikari.pool.HikariPool - HikariPool-1 - keepalive: connection com.mysql.cj.jdbc.ConnectionImpl@cf1c8c9 is alive
2026-06-11 00:30:12 [HikariPool-1:housekeeper] DEBUG com.zaxxer.hikari.pool.HikariPool - HikariPool-1 - keepalive: connection com.mysql.cj.jdbc.ConnectionImpl@2c073f2 is alive
2026-06-11 00:30:28 [HikariPool-1:housekeeper] DEBUG com.zaxxer.hikari.pool.HikariPool - HikariPool-1 - keepalive: connection com.mysql.cj.jdbc.ConnectionImpl@448174b8 is alive
2026-06-11 00:30:29 [HikariPool-1:housekeeper] DEBUG com.zaxxer.hikari.pool.HikariPool - HikariPool-1 - Pool stats (total=20/20, idle=20/20, active=0, waiting=0)
2026-06-11 00:30:29 [HikariPool-1:housekeeper] DEBUG com.zaxxer.hikari.pool.HikariPool - HikariPool-1 - Fill pool skipped, pool has sufficient level or currently being filled.
2026-06-11 00:30:29 [HikariPool-1:housekeeper] DEBUG com.zaxxer.hikari.pool.HikariPool - HikariPool-1 - keepalive: connection com.mysql.cj.jdbc.ConnectionImpl@441b18d1 is alive
2026-06-11 00:30:30 [HikariPool-1:housekeeper] DEBUG com.zaxxer.hikari.pool.HikariPool - HikariPool-1 - keepalive: connection com.mysql.cj.jdbc.ConnectionImpl@181d874f is alive
2026-06-11 00:30:38 [HikariPool-1:housekeeper] DEBUG com.zaxxer.hikari.pool.HikariPool - HikariPool-1 - keepalive: connection com.mysql.cj.jdbc.ConnectionImpl@78e45cae is alive
2026-06-11 00:30:44 [HikariPool-1:housekeeper] DEBUG com.zaxxer.hikari.pool.HikariPool - HikariPool-1 - keepalive: connection com.mysql.cj.jdbc.ConnectionImpl@7b0c6a8d is alive
2026-06-11 00:30:46 [HikariPool-1:housekeeper] DEBUG com.zaxxer.hikari.pool.HikariPool - HikariPool-1 - keepalive: connection com.mysql.cj.jdbc.ConnectionImpl@17c8ba90 is alive
2026-06-11 00:30:57 [HikariPool-1:housekeeper] DEBUG com.zaxxer.hikari.pool.HikariPool - HikariPool-1 - keepalive: connection com.mysql.cj.jdbc.ConnectionImpl@7c7c80fa is alive
2026-06-11 00:30:57 [HikariPool-1:housekeeper] DEBUG com.zaxxer.hikari.pool.HikariPool - HikariPool-1 - keepalive: connection com.mysql.cj.jdbc.ConnectionImpl@1926e66a is alive
2026-06-11 00:30:59 [HikariPool-1:housekeeper] DEBUG com.zaxxer.hikari.pool.HikariPool - HikariPool-1 - keepalive: connection com.mysql.cj.jdbc.ConnectionImpl@4d4aff10 is alive
2026-06-11 00:30:59 [HikariPool-1:housekeeper] DEBUG com.zaxxer.hikari.pool.HikariPool - HikariPool-1 - Pool stats (total=20/20, idle=20/20, active=0, waiting=0)
2026-06-11 00:30:59 [HikariPool-1:housekeeper] DEBUG com.zaxxer.hikari.pool.HikariPool - HikariPool-1 - Fill pool skipped, pool has sufficient level or currently being filled.
2026-06-11 00:31:06 [HikariPool-1:housekeeper] DEBUG com.zaxxer.hikari.pool.HikariPool - HikariPool-1 - keepalive: connection com.mysql.cj.jdbc.ConnectionImpl@3d418ac1 is alive
2026-06-11 00:31:09 [HikariPool-1:housekeeper] DEBUG com.zaxxer.hikari.pool.HikariPool - HikariPool-1 - keepalive: connection com.mysql.cj.jdbc.ConnectionImpl@6ec9021d is alive
2026-06-11 00:31:13 [HikariPool-1:housekeeper] DEBUG com.zaxxer.hikari.pool.HikariPool - HikariPool-1 - keepalive: connection com.mysql.cj.jdbc.ConnectionImpl@1c537fb5 is alive
2026-06-11 00:31:13 [HikariPool-1:housekeeper] DEBUG com.zaxxer.hikari.pool.HikariPool - HikariPool-1 - keepalive: connection com.mysql.cj.jdbc.ConnectionImpl@8b0c4ea is alive
2026-06-11 00:31:21 [HikariPool-1:housekeeper] DEBUG com.zaxxer.hikari.pool.HikariPool - HikariPool-1 - keepalive: connection com.mysql.cj.jdbc.ConnectionImpl@565e5a28 is alive
2026-06-11 00:31:24 [HikariPool-1:housekeeper] DEBUG com.zaxxer.hikari.pool.HikariPool - HikariPool-1 - keepalive: connection com.mysql.cj.jdbc.ConnectionImpl@110c3b15 is alive
2026-06-11 00:31:29 [HikariPool-1:housekeeper] DEBUG com.zaxxer.hikari.pool.HikariPool - HikariPool-1 - Pool stats (total=20/20, idle=20/20, active=0, waiting=0)
2026-06-11 00:31:29 [HikariPool-1:housekeeper] DEBUG com.zaxxer.hikari.pool.HikariPool - HikariPool-1 - Fill pool skipped, pool has sufficient level or currently being filled.
2026-06-11 00:31:46 [HikariPool-1:housekeeper] DEBUG com.zaxxer.hikari.pool.HikariPool - HikariPool-1 - keepalive: connection com.mysql.cj.jdbc.ConnectionImpl@5e0fb446 is alive
2026-06-11 00:31:47 [HikariPool-1:housekeeper] DEBUG com.zaxxer.hikari.pool.HikariPool - HikariPool-1 - keepalive: connection com.mysql.cj.jdbc.ConnectionImpl@3c00c2fa is alive
2026-06-11 00:31:54 [HikariPool-1:housekeeper] DEBUG com.zaxxer.hikari.pool.HikariPool - HikariPool-1 - keepalive: connection com.mysql.cj.jdbc.ConnectionImpl@141a958f is alive
2026-06-11 00:31:55 [HikariPool-1:housekeeper] DEBUG com.zaxxer.hikari.pool.HikariPool - HikariPool-1 - keepalive: connection com.mysql.cj.jdbc.ConnectionImpl@cf1c8c9 is alive
2026-06-11 00:31:59 [HikariPool-1:housekeeper] DEBUG com.zaxxer.hikari.pool.HikariPool - HikariPool-1 - Pool stats (total=20/20, idle=20/20, active=0, waiting=0)
2026-06-11 00:31:59 [HikariPool-1:housekeeper] DEBUG com.zaxxer.hikari.pool.HikariPool - HikariPool-1 - Fill pool skipped, pool has sufficient level or currently being filled.
2026-06-11 00:32:01 [HikariPool-1:housekeeper] DEBUG com.zaxxer.hikari.pool.HikariPool - HikariPool-1 - keepalive: connection com.mysql.cj.jdbc.ConnectionImpl@2c073f2 is alive
2026-06-11 00:32:20 [HikariPool-1:housekeeper] DEBUG com.zaxxer.hikari.pool.HikariPool - HikariPool-1 - keepalive: connection com.mysql.cj.jdbc.ConnectionImpl@448174b8 is alive
2026-06-11 00:32:22 [HikariPool-1:housekeeper] DEBUG com.zaxxer.hikari.pool.HikariPool - HikariPool-1 - keepalive: connection com.mysql.cj.jdbc.ConnectionImpl@441b18d1 is alive
2026-06-11 00:32:22 [HikariPool-1:housekeeper] DEBUG com.zaxxer.hikari.pool.HikariPool - HikariPool-1 - keepalive: connection com.mysql.cj.jdbc.ConnectionImpl@181d874f is alive
2026-06-11 00:32:29 [HikariPool-1:housekeeper] DEBUG com.zaxxer.hikari.pool.HikariPool - HikariPool-1 - Pool stats (total=20/20, idle=20/20, active=0, waiting=0)
2026-06-11 00:32:29 [HikariPool-1:housekeeper] DEBUG com.zaxxer.hikari.pool.HikariPool - HikariPool-1 - Fill pool skipped, pool has sufficient level or currently being filled.
2026-06-11 00:32:33 [HikariPool-1:housekeeper] DEBUG com.zaxxer.hikari.pool.HikariPool - HikariPool-1 - keepalive: connection com.mysql.cj.jdbc.ConnectionImpl@78e45cae is alive
2026-06-11 00:32:40 [HikariPool-1:housekeeper] DEBUG com.zaxxer.hikari.pool.HikariPool - HikariPool-1 - keepalive: connection com.mysql.cj.jdbc.ConnectionImpl@7b0c6a8d is alive
2026-06-11 00:32:43 [HikariPool-1:housekeeper] DEBUG com.zaxxer.hikari.pool.HikariPool - HikariPool-1 - keepalive: connection com.mysql.cj.jdbc.ConnectionImpl@3d418ac1 is alive
2026-06-11 00:32:43 [HikariPool-1:housekeeper] DEBUG com.zaxxer.hikari.pool.HikariPool - HikariPool-1 - keepalive: connection com.mysql.cj.jdbc.ConnectionImpl@17c8ba90 is alive
2026-06-11 00:32:47 [HikariPool-1:housekeeper] DEBUG com.zaxxer.hikari.pool.HikariPool - HikariPool-1 - keepalive: connection com.mysql.cj.jdbc.ConnectionImpl@6ec9021d is alive
2026-06-11 00:32:51 [HikariPool-1:housekeeper] DEBUG com.zaxxer.hikari.pool.HikariPool - HikariPool-1 - keepalive: connection com.mysql.cj.jdbc.ConnectionImpl@1c537fb5 is alive
2026-06-11 00:32:52 [HikariPool-1:housekeeper] DEBUG com.zaxxer.hikari.pool.HikariPool - HikariPool-1 - keepalive: connection com.mysql.cj.jdbc.ConnectionImpl@8b0c4ea is alive
2026-06-11 00:32:56 [HikariPool-1:housekeeper] DEBUG com.zaxxer.hikari.pool.HikariPool - HikariPool-1 - keepalive: connection com.mysql.cj.jdbc.ConnectionImpl@7c7c80fa is alive
2026-06-11 00:32:57 [HikariPool-1:housekeeper] DEBUG com.zaxxer.hikari.pool.HikariPool - HikariPool-1 - keepalive: connection com.mysql.cj.jdbc.ConnectionImpl@1926e66a is alive
2026-06-11 00:32:58 [HikariPool-1:housekeeper] DEBUG com.zaxxer.hikari.pool.HikariPool - HikariPool-1 - keepalive: connection com.mysql.cj.jdbc.ConnectionImpl@4d4aff10 is alive
2026-06-11 00:32:59 [HikariPool-1:housekeeper] DEBUG com.zaxxer.hikari.pool.HikariPool - HikariPool-1 - Pool stats (total=20/20, idle=20/20, active=0, waiting=0)
2026-06-11 00:32:59 [HikariPool-1:housekeeper] DEBUG com.zaxxer.hikari.pool.HikariPool - HikariPool-1 - Fill pool skipped, pool has sufficient level or currently being filled.
2026-06-11 00:33:01 [HikariPool-1:housekeeper] DEBUG com.zaxxer.hikari.pool.HikariPool - HikariPool-1 - keepalive: connection com.mysql.cj.jdbc.ConnectionImpl@565e5a28 is alive
2026-06-11 00:33:04 [HikariPool-1:housekeeper] DEBUG com.zaxxer.hikari.pool.HikariPool - HikariPool-1 - keepalive: connection com.mysql.cj.jdbc.ConnectionImpl@110c3b15 is alive
2026-06-11 00:33:29 [HikariPool-1:housekeeper] DEBUG com.zaxxer.hikari.pool.HikariPool - HikariPool-1 - Pool stats (total=20/20, idle=20/20, active=0, waiting=0)
2026-06-11 00:33:29 [HikariPool-1:housekeeper] DEBUG com.zaxxer.hikari.pool.HikariPool - HikariPool-1 - Fill pool skipped, pool has sufficient level or currently being filled.
2026-06-11 00:33:31 [HikariPool-1:housekeeper] DEBUG com.zaxxer.hikari.pool.HikariPool - HikariPool-1 - keepalive: connection com.mysql.cj.jdbc.ConnectionImpl@5e0fb446 is alive
2026-06-11 00:33:32 [HikariPool-1:housekeeper] DEBUG com.zaxxer.hikari.pool.HikariPool - HikariPool-1 - keepalive: connection com.mysql.cj.jdbc.ConnectionImpl@3c00c2fa is alive
2026-06-11 00:33:40 [HikariPool-1:housekeeper] DEBUG com.zaxxer.hikari.pool.HikariPool - HikariPool-1 - keepalive: connection com.mysql.cj.jdbc.ConnectionImpl@141a958f is alive
2026-06-11 00:33:42 [HikariPool-1:housekeeper] DEBUG com.zaxxer.hikari.pool.HikariPool - HikariPool-1 - keepalive: connection com.mysql.cj.jdbc.ConnectionImpl@cf1c8c9 is alive
2026-06-11 00:33:49 [HikariPool-1:housekeeper] DEBUG com.zaxxer.hikari.pool.HikariPool - HikariPool-1 - keepalive: connection com.mysql.cj.jdbc.ConnectionImpl@2c073f2 is alive
2026-06-11 00:33:59 [HikariPool-1:housekeeper] DEBUG com.zaxxer.hikari.pool.HikariPool - HikariPool-1 - Pool stats (total=20/20, idle=20/20, active=0, waiting=0)
2026-06-11 00:33:59 [HikariPool-1:housekeeper] DEBUG com.zaxxer.hikari.pool.HikariPool - HikariPool-1 - Fill pool skipped, pool has sufficient level or currently being filled.
2026-06-11 00:34:13 [HikariPool-1:housekeeper] DEBUG com.zaxxer.hikari.pool.HikariPool - HikariPool-1 - keepalive: connection com.mysql.cj.jdbc.ConnectionImpl@448174b8 is alive
2026-06-11 00:34:14 [HikariPool-1:housekeeper] DEBUG com.zaxxer.hikari.pool.HikariPool - HikariPool-1 - keepalive: connection com.mysql.cj.jdbc.ConnectionImpl@441b18d1 is alive
2026-06-11 00:34:15 [HikariPool-1:housekeeper] DEBUG com.zaxxer.hikari.pool.HikariPool - HikariPool-1 - keepalive: connection com.mysql.cj.jdbc.ConnectionImpl@181d874f is alive
2026-06-11 00:34:20 [HikariPool-1:housekeeper] DEBUG com.zaxxer.hikari.pool.HikariPool - HikariPool-1 - keepalive: connection com.mysql.cj.jdbc.ConnectionImpl@3d418ac1 is alive
2026-06-11 00:34:25 [HikariPool-1:housekeeper] DEBUG com.zaxxer.hikari.pool.HikariPool - HikariPool-1 - keepalive: connection com.mysql.cj.jdbc.ConnectionImpl@6ec9021d is alive
2026-06-11 00:34:27 [HikariPool-1:housekeeper] DEBUG com.zaxxer.hikari.pool.HikariPool - HikariPool-1 - keepalive: connection com.mysql.cj.jdbc.ConnectionImpl@78e45cae is alive
2026-06-11 00:34:29 [HikariPool-1:housekeeper] DEBUG com.zaxxer.hikari.pool.HikariPool - HikariPool-1 - Pool stats (total=20/20, idle=20/20, active=0, waiting=0)
2026-06-11 00:34:29 [HikariPool-1:housekeeper] DEBUG com.zaxxer.hikari.pool.HikariPool - HikariPool-1 - Fill pool skipped, pool has sufficient level or currently being filled.
2026-06-11 00:34:30 [HikariPool-1:housekeeper] DEBUG com.zaxxer.hikari.pool.HikariPool - HikariPool-1 - keepalive: connection com.mysql.cj.jdbc.ConnectionImpl@1c537fb5 is alive
2026-06-11 00:34:31 [HikariPool-1:housekeeper] DEBUG com.zaxxer.hikari.pool.HikariPool - HikariPool-1 - keepalive: connection com.mysql.cj.jdbc.ConnectionImpl@8b0c4ea is alive
2026-06-11 00:34:36 [HikariPool-1:housekeeper] DEBUG com.zaxxer.hikari.pool.HikariPool - HikariPool-1 - keepalive: connection com.mysql.cj.jdbc.ConnectionImpl@7b0c6a8d is alive
2026-06-11 00:34:40 [HikariPool-1:housekeeper] DEBUG com.zaxxer.hikari.pool.HikariPool - HikariPool-1 - keepalive: connection com.mysql.cj.jdbc.ConnectionImpl@17c8ba90 is alive
2026-06-11 00:34:42 [HikariPool-1:housekeeper] DEBUG com.zaxxer.hikari.pool.HikariPool - HikariPool-1 - keepalive: connection com.mysql.cj.jdbc.ConnectionImpl@565e5a28 is alive
2026-06-11 00:34:45 [HikariPool-1:housekeeper] DEBUG com.zaxxer.hikari.pool.HikariPool - HikariPool-1 - keepalive: connection com.mysql.cj.jdbc.ConnectionImpl@110c3b15 is alive
2026-06-11 00:34:56 [HikariPool-1:housekeeper] DEBUG com.zaxxer.hikari.pool.HikariPool - HikariPool-1 - keepalive: connection com.mysql.cj.jdbc.ConnectionImpl@7c7c80fa is alive
2026-06-11 00:34:56 [HikariPool-1:housekeeper] DEBUG com.zaxxer.hikari.pool.HikariPool - HikariPool-1 - keepalive: connection com.mysql.cj.jdbc.ConnectionImpl@1926e66a is alive
2026-06-11 00:34:58 [HikariPool-1:housekeeper] DEBUG com.zaxxer.hikari.pool.HikariPool - HikariPool-1 - keepalive: connection com.mysql.cj.jdbc.ConnectionImpl@4d4aff10 is alive
2026-06-11 00:34:59 [HikariPool-1:housekeeper] DEBUG com.zaxxer.hikari.pool.HikariPool - HikariPool-1 - Pool stats (total=20/20, idle=20/20, active=0, waiting=0)
2026-06-11 00:34:59 [HikariPool-1:housekeeper] DEBUG com.zaxxer.hikari.pool.HikariPool - HikariPool-1 - Fill pool skipped, pool has sufficient level or currently being filled.
2026-06-11 00:35:16 [HikariPool-1:housekeeper] DEBUG com.zaxxer.hikari.pool.HikariPool - HikariPool-1 - keepalive: connection com.mysql.cj.jdbc.ConnectionImpl@5e0fb446 is alive
2026-06-11 00:35:17 [HikariPool-1:housekeeper] DEBUG com.zaxxer.hikari.pool.HikariPool - HikariPool-1 - keepalive: connection com.mysql.cj.jdbc.ConnectionImpl@3c00c2fa is alive
2026-06-11 00:35:27 [HikariPool-1:housekeeper] DEBUG com.zaxxer.hikari.pool.HikariPool - HikariPool-1 - keepalive: connection com.mysql.cj.jdbc.ConnectionImpl@141a958f is alive
2026-06-11 00:35:29 [HikariPool-1:housekeeper] DEBUG com.zaxxer.hikari.pool.HikariPool - HikariPool-1 - keepalive: connection com.mysql.cj.jdbc.ConnectionImpl@cf1c8c9 is alive
2026-06-11 00:35:29 [HikariPool-1:housekeeper] DEBUG com.zaxxer.hikari.pool.HikariPool - HikariPool-1 - Pool stats (total=20/20, idle=20/20, active=0, waiting=0)
2026-06-11 00:35:29 [HikariPool-1:housekeeper] DEBUG com.zaxxer.hikari.pool.HikariPool - HikariPool-1 - Fill pool skipped, pool has sufficient level or currently being filled.
2026-06-11 00:35:37 [HikariPool-1:housekeeper] DEBUG com.zaxxer.hikari.pool.HikariPool - HikariPool-1 - keepalive: connection com.mysql.cj.jdbc.ConnectionImpl@2c073f2 is alive
2026-06-11 00:35:57 [HikariPool-1:housekeeper] DEBUG com.zaxxer.hikari.pool.HikariPool - HikariPool-1 - keepalive: connection com.mysql.cj.jdbc.ConnectionImpl@3d418ac1 is alive
2026-06-11 00:35:59 [HikariPool-1:housekeeper] DEBUG com.zaxxer.hikari.pool.HikariPool - HikariPool-1 - Pool stats (total=20/20, idle=20/20, active=0, waiting=0)
2026-06-11 00:35:59 [HikariPool-1:housekeeper] DEBUG com.zaxxer.hikari.pool.HikariPool - HikariPool-1 - Fill pool skipped, pool has sufficient level or currently being filled.
2026-06-11 00:36:03 [HikariPool-1:housekeeper] DEBUG com.zaxxer.hikari.pool.HikariPool - HikariPool-1 - keepalive: connection com.mysql.cj.jdbc.ConnectionImpl@6ec9021d is alive
2026-06-11 00:36:05 [HikariPool-1:housekeeper] DEBUG com.zaxxer.hikari.pool.HikariPool - HikariPool-1 - keepalive: connection com.mysql.cj.jdbc.ConnectionImpl@448174b8 is alive
2026-06-11 00:36:07 [HikariPool-1:housekeeper] DEBUG com.zaxxer.hikari.pool.HikariPool - HikariPool-1 - keepalive: connection com.mysql.cj.jdbc.ConnectionImpl@441b18d1 is alive
2026-06-11 00:36:07 [HikariPool-1:housekeeper] DEBUG com.zaxxer.hikari.pool.HikariPool - HikariPool-1 - keepalive: connection com.mysql.cj.jdbc.ConnectionImpl@181d874f is alive
2026-06-11 00:36:09 [HikariPool-1:housekeeper] DEBUG com.zaxxer.hikari.pool.HikariPool - HikariPool-1 - keepalive: connection com.mysql.cj.jdbc.ConnectionImpl@1c537fb5 is alive
2026-06-11 00:36:10 [HikariPool-1:housekeeper] DEBUG com.zaxxer.hikari.pool.HikariPool - HikariPool-1 - keepalive: connection com.mysql.cj.jdbc.ConnectionImpl@8b0c4ea is alive
2026-06-11 00:36:22 [HikariPool-1:housekeeper] DEBUG com.zaxxer.hikari.pool.HikariPool - HikariPool-1 - keepalive: connection com.mysql.cj.jdbc.ConnectionImpl@565e5a28 is alive
2026-06-11 00:36:22 [HikariPool-1:housekeeper] DEBUG com.zaxxer.hikari.pool.HikariPool - HikariPool-1 - keepalive: connection com.mysql.cj.jdbc.ConnectionImpl@78e45cae is alive
2026-06-11 00:36:26 [HikariPool-1:housekeeper] DEBUG com.zaxxer.hikari.pool.HikariPool - HikariPool-1 - keepalive: connection com.mysql.cj.jdbc.ConnectionImpl@110c3b15 is alive
2026-06-11 00:36:29 [HikariPool-1:housekeeper] DEBUG com.zaxxer.hikari.pool.HikariPool - HikariPool-1 - Pool stats (total=20/20, idle=20/20, active=0, waiting=0)
2026-06-11 00:36:29 [HikariPool-1:housekeeper] DEBUG com.zaxxer.hikari.pool.HikariPool - HikariPool-1 - Fill pool skipped, pool has sufficient level or currently being filled.
2026-06-11 00:36:33 [HikariPool-1:housekeeper] DEBUG com.zaxxer.hikari.pool.HikariPool - HikariPool-1 - keepalive: connection com.mysql.cj.jdbc.ConnectionImpl@7b0c6a8d is alive
2026-06-11 00:36:36 [HikariPool-1:housekeeper] DEBUG com.zaxxer.hikari.pool.HikariPool - HikariPool-1 - keepalive: connection com.mysql.cj.jdbc.ConnectionImpl@17c8ba90 is alive
2026-06-11 00:36:55 [HikariPool-1:housekeeper] DEBUG com.zaxxer.hikari.pool.HikariPool - HikariPool-1 - keepalive: connection com.mysql.cj.jdbc.ConnectionImpl@7c7c80fa is alive
2026-06-11 00:36:56 [HikariPool-1:housekeeper] DEBUG com.zaxxer.hikari.pool.HikariPool - HikariPool-1 - keepalive: connection com.mysql.cj.jdbc.ConnectionImpl@1926e66a is alive
2026-06-11 00:36:58 [HikariPool-1:housekeeper] DEBUG com.zaxxer.hikari.pool.HikariPool - HikariPool-1 - keepalive: connection com.mysql.cj.jdbc.ConnectionImpl@4d4aff10 is alive
2026-06-11 00:36:59 [HikariPool-1:housekeeper] DEBUG com.zaxxer.hikari.pool.HikariPool - HikariPool-1 - Pool stats (total=20/20, idle=20/20, active=0, waiting=0)
2026-06-11 00:36:59 [HikariPool-1:housekeeper] DEBUG com.zaxxer.hikari.pool.HikariPool - HikariPool-1 - Fill pool skipped, pool has sufficient level or currently being filled.
2026-06-11 00:37:01 [HikariPool-1:housekeeper] DEBUG com.zaxxer.hikari.pool.HikariPool - HikariPool-1 - keepalive: connection com.mysql.cj.jdbc.ConnectionImpl@5e0fb446 is alive
2026-06-11 00:37:03 [HikariPool-1:housekeeper] DEBUG com.zaxxer.hikari.pool.HikariPool - HikariPool-1 - keepalive: connection com.mysql.cj.jdbc.ConnectionImpl@3c00c2fa is alive
2026-06-11 00:37:14 [HikariPool-1:housekeeper] DEBUG com.zaxxer.hikari.pool.HikariPool - HikariPool-1 - keepalive: connection com.mysql.cj.jdbc.ConnectionImpl@141a958f is alive
2026-06-11 00:37:16 [HikariPool-1:housekeeper] DEBUG com.zaxxer.hikari.pool.HikariPool - HikariPool-1 - keepalive: connection com.mysql.cj.jdbc.ConnectionImpl@cf1c8c9 is alive
2026-06-11 00:37:25 [HikariPool-1:housekeeper] DEBUG com.zaxxer.hikari.pool.HikariPool - HikariPool-1 - keepalive: connection com.mysql.cj.jdbc.ConnectionImpl@2c073f2 is alive
2026-06-11 00:37:29 [HikariPool-1:housekeeper] DEBUG com.zaxxer.hikari.pool.HikariPool - HikariPool-1 - Pool stats (total=20/20, idle=20/20, active=0, waiting=0)
2026-06-11 00:37:29 [HikariPool-1:housekeeper] DEBUG com.zaxxer.hikari.pool.HikariPool - HikariPool-1 - Fill pool skipped, pool has sufficient level or currently being filled.
2026-06-11 00:37:35 [HikariPool-1:housekeeper] DEBUG com.zaxxer.hikari.pool.HikariPool - HikariPool-1 - keepalive: connection com.mysql.cj.jdbc.ConnectionImpl@3d418ac1 is alive
2026-06-11 00:37:41 [HikariPool-1:housekeeper] DEBUG com.zaxxer.hikari.pool.HikariPool - HikariPool-1 - keepalive: connection com.mysql.cj.jdbc.ConnectionImpl@6ec9021d is alive
2026-06-11 00:37:47 [HikariPool-1:housekeeper] DEBUG com.zaxxer.hikari.pool.HikariPool - HikariPool-1 - keepalive: connection com.mysql.cj.jdbc.ConnectionImpl@1c537fb5 is alive
2026-06-11 00:37:48 [HikariPool-1:housekeeper] DEBUG com.zaxxer.hikari.pool.HikariPool - HikariPool-1 - keepalive: connection com.mysql.cj.jdbc.ConnectionImpl@8b0c4ea is alive
2026-06-11 00:37:57 [HikariPool-1:housekeeper] DEBUG com.zaxxer.hikari.pool.HikariPool - HikariPool-1 - keepalive: connection com.mysql.cj.jdbc.ConnectionImpl@448174b8 is alive
2026-06-11 00:37:59 [HikariPool-1:housekeeper] DEBUG com.zaxxer.hikari.pool.HikariPool - HikariPool-1 - keepalive: connection com.mysql.cj.jdbc.ConnectionImpl@441b18d1 is alive
2026-06-11 00:37:59 [HikariPool-1:housekeeper] DEBUG com.zaxxer.hikari.pool.HikariPool - HikariPool-1 - Pool stats (total=20/20, idle=20/20, active=0, waiting=0)
2026-06-11 00:37:59 [HikariPool-1:housekeeper] DEBUG com.zaxxer.hikari.pool.HikariPool - HikariPool-1 - Fill pool skipped, pool has sufficient level or currently being filled.
2026-06-11 00:37:59 [HikariPool-1:housekeeper] DEBUG com.zaxxer.hikari.pool.HikariPool - HikariPool-1 - keepalive: connection com.mysql.cj.jdbc.ConnectionImpl@181d874f is alive
2026-06-11 00:38:02 [HikariPool-1:housekeeper] DEBUG com.zaxxer.hikari.pool.HikariPool - HikariPool-1 - keepalive: connection com.mysql.cj.jdbc.ConnectionImpl@565e5a28 is alive
2026-06-11 00:38:07 [HikariPool-1:housekeeper] DEBUG com.zaxxer.hikari.pool.HikariPool - HikariPool-1 - keepalive: connection com.mysql.cj.jdbc.ConnectionImpl@110c3b15 is alive
2026-06-11 00:38:16 [HikariPool-1:housekeeper] DEBUG com.zaxxer.hikari.pool.HikariPool - HikariPool-1 - keepalive: connection com.mysql.cj.jdbc.ConnectionImpl@78e45cae is alive
2026-06-11 00:38:29 [HikariPool-1:housekeeper] DEBUG com.zaxxer.hikari.pool.HikariPool - HikariPool-1 - keepalive: connection com.mysql.cj.jdbc.ConnectionImpl@7b0c6a8d is alive
2026-06-11 00:38:29 [HikariPool-1:housekeeper] DEBUG com.zaxxer.hikari.pool.HikariPool - HikariPool-1 - Pool stats (total=20/20, idle=20/20, active=0, waiting=0)
2026-06-11 00:38:29 [HikariPool-1:housekeeper] DEBUG com.zaxxer.hikari.pool.HikariPool - HikariPool-1 - Fill pool skipped, pool has sufficient level or currently being filled.
2026-06-11 00:38:33 [HikariPool-1:housekeeper] DEBUG com.zaxxer.hikari.pool.HikariPool - HikariPool-1 - keepalive: connection com.mysql.cj.jdbc.ConnectionImpl@17c8ba90 is alive
2026-06-11 00:38:46 [HikariPool-1:housekeeper] DEBUG com.zaxxer.hikari.pool.HikariPool - HikariPool-1 - keepalive: connection com.mysql.cj.jdbc.ConnectionImpl@5e0fb446 is alive
2026-06-11 00:38:48 [HikariPool-1:housekeeper] DEBUG com.zaxxer.hikari.pool.HikariPool - HikariPool-1 - keepalive: connection com.mysql.cj.jdbc.ConnectionImpl@3c00c2fa is alive
2026-06-11 00:38:54 [HikariPool-1:housekeeper] DEBUG com.zaxxer.hikari.pool.HikariPool - HikariPool-1 - keepalive: connection com.mysql.cj.jdbc.ConnectionImpl@7c7c80fa is alive
2026-06-11 00:38:55 [HikariPool-1:housekeeper] DEBUG com.zaxxer.hikari.pool.HikariPool - HikariPool-1 - keepalive: connection com.mysql.cj.jdbc.ConnectionImpl@1926e66a is alive
2026-06-11 00:38:58 [HikariPool-1:housekeeper] DEBUG com.zaxxer.hikari.pool.HikariPool - HikariPool-1 - keepalive: connection com.mysql.cj.jdbc.ConnectionImpl@4d4aff10 is alive
2026-06-11 00:38:59 [HikariPool-1:housekeeper] DEBUG com.zaxxer.hikari.pool.HikariPool - HikariPool-1 - Pool stats (total=20/20, idle=20/20, active=0, waiting=0)
2026-06-11 00:38:59 [HikariPool-1:housekeeper] DEBUG com.zaxxer.hikari.pool.HikariPool - HikariPool-1 - Fill pool skipped, pool has sufficient level or currently being filled.
2026-06-11 00:39:00 [HikariPool-1:housekeeper] DEBUG com.zaxxer.hikari.pool.HikariPool - HikariPool-1 - keepalive: connection com.mysql.cj.jdbc.ConnectionImpl@141a958f is alive
2026-06-11 00:39:03 [HikariPool-1:housekeeper] DEBUG com.zaxxer.hikari.pool.HikariPool - HikariPool-1 - keepalive: connection com.mysql.cj.jdbc.ConnectionImpl@cf1c8c9 is alive
2026-06-11 00:39:12 [HikariPool-1:housekeeper] DEBUG com.zaxxer.hikari.pool.HikariPool - HikariPool-1 - keepalive: connection com.mysql.cj.jdbc.ConnectionImpl@3d418ac1 is alive
2026-06-11 00:39:13 [HikariPool-1:housekeeper] DEBUG com.zaxxer.hikari.pool.HikariPool - HikariPool-1 - keepalive: connection com.mysql.cj.jdbc.ConnectionImpl@2c073f2 is alive
2026-06-11 00:39:18 [HikariPool-1:housekeeper] DEBUG com.zaxxer.hikari.pool.HikariPool - HikariPool-1 - keepalive: connection com.mysql.cj.jdbc.ConnectionImpl@6ec9021d is alive
2026-06-11 00:39:26 [HikariPool-1:housekeeper] DEBUG com.zaxxer.hikari.pool.HikariPool - HikariPool-1 - keepalive: connection com.mysql.cj.jdbc.ConnectionImpl@1c537fb5 is alive
2026-06-11 00:39:27 [HikariPool-1:housekeeper] DEBUG com.zaxxer.hikari.pool.HikariPool - HikariPool-1 - keepalive: connection com.mysql.cj.jdbc.ConnectionImpl@8b0c4ea is alive
2026-06-11 00:39:29 [HikariPool-1:housekeeper] DEBUG com.zaxxer.hikari.pool.HikariPool - HikariPool-1 - Pool stats (total=20/20, idle=20/20, active=0, waiting=0)
2026-06-11 00:39:29 [HikariPool-1:housekeeper] DEBUG com.zaxxer.hikari.pool.HikariPool - HikariPool-1 - Fill pool skipped, pool has sufficient level or currently being filled.
2026-06-11 00:39:42 [HikariPool-1:housekeeper] DEBUG com.zaxxer.hikari.pool.HikariPool - HikariPool-1 - keepalive: connection com.mysql.cj.jdbc.ConnectionImpl@565e5a28 is alive
2026-06-11 00:39:47 [HikariPool-1:housekeeper] DEBUG com.zaxxer.hikari.pool.HikariPool - HikariPool-1 - keepalive: connection com.mysql.cj.jdbc.ConnectionImpl@110c3b15 is alive
2026-06-11 00:39:49 [HikariPool-1:housekeeper] DEBUG com.zaxxer.hikari.pool.HikariPool - HikariPool-1 - keepalive: connection com.mysql.cj.jdbc.ConnectionImpl@448174b8 is alive
2026-06-11 00:39:51 [HikariPool-1:housekeeper] DEBUG com.zaxxer.hikari.pool.HikariPool - HikariPool-1 - keepalive: connection com.mysql.cj.jdbc.ConnectionImpl@441b18d1 is alive
2026-06-11 00:39:52 [HikariPool-1:housekeeper] DEBUG com.zaxxer.hikari.pool.HikariPool - HikariPool-1 - keepalive: connection com.mysql.cj.jdbc.ConnectionImpl@181d874f is alive
2026-06-11 00:39:59 [HikariPool-1:housekeeper] DEBUG com.zaxxer.hikari.pool.HikariPool - HikariPool-1 - Pool stats (total=20/20, idle=20/20, active=0, waiting=0)
2026-06-11 00:39:59 [HikariPool-1:housekeeper] DEBUG com.zaxxer.hikari.pool.HikariPool - HikariPool-1 - Fill pool skipped, pool has sufficient level or currently being filled.
2026-06-11 00:40:11 [HikariPool-1:housekeeper] DEBUG com.zaxxer.hikari.pool.HikariPool - HikariPool-1 - keepalive: connection com.mysql.cj.jdbc.ConnectionImpl@78e45cae is alive
2026-06-11 00:40:25 [HikariPool-1:housekeeper] DEBUG com.zaxxer.hikari.pool.HikariPool - HikariPool-1 - keepalive: connection com.mysql.cj.jdbc.ConnectionImpl@7b0c6a8d is alive
2026-06-11 00:40:29 [HikariPool-1:housekeeper] DEBUG com.zaxxer.hikari.pool.HikariPool - HikariPool-1 - keepalive: connection com.mysql.cj.jdbc.ConnectionImpl@17c8ba90 is alive
2026-06-11 00:40:29 [HikariPool-1:housekeeper] DEBUG com.zaxxer.hikari.pool.HikariPool - HikariPool-1 - Pool stats (total=20/20, idle=20/20, active=0, waiting=0)
2026-06-11 00:40:29 [HikariPool-1:housekeeper] DEBUG com.zaxxer.hikari.pool.HikariPool - HikariPool-1 - Fill pool skipped, pool has sufficient level or currently being filled.
2026-06-11 00:40:31 [HikariPool-1:housekeeper] DEBUG com.zaxxer.hikari.pool.HikariPool - HikariPool-1 - keepalive: connection com.mysql.cj.jdbc.ConnectionImpl@5e0fb446 is alive
2026-06-11 00:40:33 [HikariPool-1:housekeeper] DEBUG com.zaxxer.hikari.pool.HikariPool - HikariPool-1 - keepalive: connection com.mysql.cj.jdbc.ConnectionImpl@3c00c2fa is alive
2026-06-11 00:40:47 [HikariPool-1:housekeeper] DEBUG com.zaxxer.hikari.pool.HikariPool - HikariPool-1 - keepalive: connection com.mysql.cj.jdbc.ConnectionImpl@141a958f is alive
2026-06-11 00:40:49 [HikariPool-1:housekeeper] DEBUG com.zaxxer.hikari.pool.HikariPool - HikariPool-1 - keepalive: connection com.mysql.cj.jdbc.ConnectionImpl@3d418ac1 is alive
2026-06-11 00:40:50 [HikariPool-1:housekeeper] DEBUG com.zaxxer.hikari.pool.HikariPool - HikariPool-1 - keepalive: connection com.mysql.cj.jdbc.ConnectionImpl@cf1c8c9 is alive
2026-06-11 00:40:54 [HikariPool-1:housekeeper] DEBUG com.zaxxer.hikari.pool.HikariPool - HikariPool-1 - keepalive: connection com.mysql.cj.jdbc.ConnectionImpl@7c7c80fa is alive
2026-06-11 00:40:54 [HikariPool-1:housekeeper] DEBUG com.zaxxer.hikari.pool.HikariPool - HikariPool-1 - keepalive: connection com.mysql.cj.jdbc.ConnectionImpl@1926e66a is alive
2026-06-11 00:40:56 [HikariPool-1:housekeeper] DEBUG com.zaxxer.hikari.pool.HikariPool - HikariPool-1 - keepalive: connection com.mysql.cj.jdbc.ConnectionImpl@6ec9021d is alive
2026-06-11 00:40:57 [HikariPool-1:housekeeper] DEBUG com.zaxxer.hikari.pool.HikariPool - HikariPool-1 - keepalive: connection com.mysql.cj.jdbc.ConnectionImpl@4d4aff10 is alive
2026-06-11 00:40:59 [HikariPool-1:housekeeper] DEBUG com.zaxxer.hikari.pool.HikariPool - HikariPool-1 - Pool stats (total=20/20, idle=20/20, active=0, waiting=0)
2026-06-11 00:40:59 [HikariPool-1:housekeeper] DEBUG com.zaxxer.hikari.pool.HikariPool - HikariPool-1 - Fill pool skipped, pool has sufficient level or currently being filled.
2026-06-11 00:41:02 [HikariPool-1:housekeeper] DEBUG com.zaxxer.hikari.pool.HikariPool - HikariPool-1 - keepalive: connection com.mysql.cj.jdbc.ConnectionImpl@2c073f2 is alive
2026-06-11 00:41:04 [HikariPool-1:housekeeper] DEBUG com.zaxxer.hikari.pool.HikariPool - HikariPool-1 - keepalive: connection com.mysql.cj.jdbc.ConnectionImpl@1c537fb5 is alive
2026-06-11 00:41:06 [HikariPool-1:housekeeper] DEBUG com.zaxxer.hikari.pool.HikariPool - HikariPool-1 - keepalive: connection com.mysql.cj.jdbc.ConnectionImpl@8b0c4ea is alive
2026-06-11 00:41:23 [HikariPool-1:housekeeper] DEBUG com.zaxxer.hikari.pool.HikariPool - HikariPool-1 - keepalive: connection com.mysql.cj.jdbc.ConnectionImpl@565e5a28 is alive
2026-06-11 00:41:28 [HikariPool-1:housekeeper] DEBUG com.zaxxer.hikari.pool.HikariPool - HikariPool-1 - keepalive: connection com.mysql.cj.jdbc.ConnectionImpl@110c3b15 is alive
2026-06-11 00:41:29 [HikariPool-1:housekeeper] DEBUG com.zaxxer.hikari.pool.HikariPool - HikariPool-1 - Pool stats (total=20/20, idle=20/20, active=0, waiting=0)
2026-06-11 00:41:29 [HikariPool-1:housekeeper] DEBUG com.zaxxer.hikari.pool.HikariPool - HikariPool-1 - Fill pool skipped, pool has sufficient level or currently being filled.
2026-06-11 00:41:41 [HikariPool-1:housekeeper] DEBUG com.zaxxer.hikari.pool.HikariPool - HikariPool-1 - keepalive: connection com.mysql.cj.jdbc.ConnectionImpl@448174b8 is alive
2026-06-11 00:41:44 [HikariPool-1:housekeeper] DEBUG com.zaxxer.hikari.pool.HikariPool - HikariPool-1 - keepalive: connection com.mysql.cj.jdbc.ConnectionImpl@441b18d1 is alive
2026-06-11 00:41:44 [HikariPool-1:housekeeper] DEBUG com.zaxxer.hikari.pool.HikariPool - HikariPool-1 - keepalive: connection com.mysql.cj.jdbc.ConnectionImpl@181d874f is alive
2026-06-11 00:41:59 [HikariPool-1:housekeeper] DEBUG com.zaxxer.hikari.pool.HikariPool - HikariPool-1 - Pool stats (total=20/20, idle=20/20, active=0, waiting=0)
2026-06-11 00:41:59 [HikariPool-1:housekeeper] DEBUG com.zaxxer.hikari.pool.HikariPool - HikariPool-1 - Fill pool skipped, pool has sufficient level or currently being filled.
2026-06-11 00:42:06 [HikariPool-1:housekeeper] DEBUG com.zaxxer.hikari.pool.HikariPool - HikariPool-1 - keepalive: connection com.mysql.cj.jdbc.ConnectionImpl@78e45cae is alive
2026-06-11 00:42:17 [HikariPool-1:housekeeper] DEBUG com.zaxxer.hikari.pool.HikariPool - HikariPool-1 - keepalive: connection com.mysql.cj.jdbc.ConnectionImpl@5e0fb446 is alive
2026-06-11 00:42:19 [HikariPool-1:housekeeper] DEBUG com.zaxxer.hikari.pool.HikariPool - HikariPool-1 - keepalive: connection com.mysql.cj.jdbc.ConnectionImpl@3c00c2fa is alive
2026-06-11 00:42:21 [HikariPool-1:housekeeper] DEBUG com.zaxxer.hikari.pool.HikariPool - HikariPool-1 - keepalive: connection com.mysql.cj.jdbc.ConnectionImpl@7b0c6a8d is alive
2026-06-11 00:42:26 [HikariPool-1:housekeeper] DEBUG com.zaxxer.hikari.pool.HikariPool - HikariPool-1 - keepalive: connection com.mysql.cj.jdbc.ConnectionImpl@17c8ba90 is alive
2026-06-11 00:42:26 [HikariPool-1:housekeeper] DEBUG com.zaxxer.hikari.pool.HikariPool - HikariPool-1 - keepalive: connection com.mysql.cj.jdbc.ConnectionImpl@3d418ac1 is alive
2026-06-11 00:42:29 [HikariPool-1:housekeeper] DEBUG com.zaxxer.hikari.pool.HikariPool - HikariPool-1 - Pool stats (total=20/20, idle=20/20, active=0, waiting=0)
2026-06-11 00:42:29 [HikariPool-1:housekeeper] DEBUG com.zaxxer.hikari.pool.HikariPool - HikariPool-1 - Fill pool skipped, pool has sufficient level or currently being filled.
2026-06-11 03:44:46 [HikariPool-1:housekeeper] DEBUG com.zaxxer.hikari.pool.HikariPool - HikariPool-1 - keepalive: connection com.mysql.cj.jdbc.ConnectionImpl@141a958f is alive
2026-06-11 03:44:46 [HikariPool-1:housekeeper] DEBUG com.zaxxer.hikari.pool.HikariPool - HikariPool-1 - keepalive: connection com.mysql.cj.jdbc.ConnectionImpl@6ec9021d is alive
2026-06-11 03:44:46 [HikariPool-1:housekeeper] DEBUG com.zaxxer.hikari.pool.HikariPool - HikariPool-1 - keepalive: connection com.mysql.cj.jdbc.ConnectionImpl@cf1c8c9 is alive
2026-06-11 03:44:46 [HikariPool-1:housekeeper] DEBUG com.zaxxer.hikari.pool.HikariPool - HikariPool-1 - keepalive: connection com.mysql.cj.jdbc.ConnectionImpl@1c537fb5 is alive
2026-06-11 03:44:46 [HikariPool-1:housekeeper] DEBUG com.zaxxer.hikari.pool.HikariPool - HikariPool-1 - keepalive: connection com.mysql.cj.jdbc.ConnectionImpl@8b0c4ea is alive
2026-06-11 03:44:46 [HikariPool-1:housekeeper] DEBUG com.zaxxer.hikari.pool.HikariPool - HikariPool-1 - keepalive: connection com.mysql.cj.jdbc.ConnectionImpl@2c073f2 is alive
2026-06-11 03:44:46 [HikariPool-1:housekeeper] DEBUG com.zaxxer.hikari.pool.HikariPool - HikariPool-1 - keepalive: connection com.mysql.cj.jdbc.ConnectionImpl@7c7c80fa is alive
2026-06-11 03:44:46 [HikariPool-1:housekeeper] DEBUG com.zaxxer.hikari.pool.HikariPool - HikariPool-1 - keepalive: connection com.mysql.cj.jdbc.ConnectionImpl@1926e66a is alive
2026-06-11 03:44:46 [HikariPool-1:housekeeper] DEBUG com.zaxxer.hikari.pool.HikariPool - HikariPool-1 - keepalive: connection com.mysql.cj.jdbc.ConnectionImpl@4d4aff10 is alive
2026-06-11 03:44:46 [HikariPool-1:housekeeper] WARN  com.zaxxer.hikari.pool.HikariPool - HikariPool-1 - Thread starvation or clock leap detected (housekeeper delta=3h2m17s98ms329µs900ns).
2026-06-11 03:44:46 [HikariPool-1:housekeeper] DEBUG com.zaxxer.hikari.pool.HikariPool - HikariPool-1 - Pool stats (total=20/20, idle=20/20, active=0, waiting=0)
2026-06-11 03:44:46 [HikariPool-1:housekeeper] DEBUG com.zaxxer.hikari.pool.HikariPool - HikariPool-1 - Fill pool skipped, pool has sufficient level or currently being filled.
2026-06-11 03:44:46 [HikariPool-1:housekeeper] DEBUG com.zaxxer.hikari.pool.HikariPool - HikariPool-1 - keepalive: connection com.mysql.cj.jdbc.ConnectionImpl@565e5a28 is alive
2026-06-11 03:44:46 [HikariPool-1:housekeeper] DEBUG com.zaxxer.hikari.pool.HikariPool - HikariPool-1 - keepalive: connection com.mysql.cj.jdbc.ConnectionImpl@110c3b15 is alive
2026-06-11 03:44:46 [HikariPool-1:housekeeper] DEBUG com.zaxxer.hikari.pool.HikariPool - HikariPool-1 - keepalive: connection com.mysql.cj.jdbc.ConnectionImpl@448174b8 is alive
2026-06-11 03:44:46 [HikariPool-1:housekeeper] DEBUG com.zaxxer.hikari.pool.HikariPool - HikariPool-1 - keepalive: connection com.mysql.cj.jdbc.ConnectionImpl@441b18d1 is alive
2026-06-11 03:44:46 [HikariPool-1:housekeeper] DEBUG com.zaxxer.hikari.pool.HikariPool - HikariPool-1 - keepalive: connection com.mysql.cj.jdbc.ConnectionImpl@181d874f is alive
2026-06-11 03:44:46 [HikariPool-1:housekeeper] DEBUG com.zaxxer.hikari.pool.HikariPool - HikariPool-1 - keepalive: connection com.mysql.cj.jdbc.ConnectionImpl@78e45cae is alive
2026-06-11 03:44:46 [HikariPool-1:housekeeper] DEBUG com.zaxxer.hikari.pool.HikariPool - HikariPool-1 - keepalive: connection com.mysql.cj.jdbc.ConnectionImpl@5e0fb446 is alive
2026-06-11 03:44:46 [HikariPool-1:housekeeper] DEBUG com.zaxxer.hikari.pool.HikariPool - HikariPool-1 - keepalive: connection com.mysql.cj.jdbc.ConnectionImpl@3d418ac1 is alive
2026-06-11 03:44:46 [HikariPool-1:housekeeper] DEBUG com.zaxxer.hikari.pool.HikariPool - HikariPool-1 - keepalive: connection com.mysql.cj.jdbc.ConnectionImpl@3c00c2fa is alive
2026-06-11 03:44:46 [HikariPool-1:housekeeper] DEBUG com.zaxxer.hikari.pool.HikariPool - HikariPool-1 - keepalive: connection com.mysql.cj.jdbc.ConnectionImpl@7b0c6a8d is alive
2026-06-11 03:44:46 [HikariPool-1:housekeeper] DEBUG com.zaxxer.hikari.pool.HikariPool - HikariPool-1 - keepalive: connection com.mysql.cj.jdbc.ConnectionImpl@17c8ba90 is alive
2026-06-11 03:44:46 [HikariPool-1:connection-closer] DEBUG com.zaxxer.hikari.pool.PoolBase - HikariPool-1 - Closing connection com.mysql.cj.jdbc.ConnectionImpl@448174b8: (connection has passed maxLifetime)
2026-06-11 03:44:46 [HikariPool-1:connection-closer] DEBUG com.zaxxer.hikari.pool.PoolBase - HikariPool-1 - Closing connection com.mysql.cj.jdbc.ConnectionImpl@7b0c6a8d: (connection has passed maxLifetime)
2026-06-11 03:44:46 [HikariPool-1:connection-closer] DEBUG com.zaxxer.hikari.pool.PoolBase - HikariPool-1 - Closing connection com.mysql.cj.jdbc.ConnectionImpl@cf1c8c9: (connection has passed maxLifetime)
2026-06-11 03:44:46 [HikariPool-1:connection-closer] DEBUG com.zaxxer.hikari.pool.PoolBase - HikariPool-1 - Closing connection com.mysql.cj.jdbc.ConnectionImpl@110c3b15: (connection has passed maxLifetime)
2026-06-11 03:44:46 [HikariPool-1:connection-closer] DEBUG com.zaxxer.hikari.pool.PoolBase - HikariPool-1 - Closing connection com.mysql.cj.jdbc.ConnectionImpl@7c7c80fa: (connection has passed maxLifetime)
2026-06-11 03:44:46 [HikariPool-1:connection-adder] DEBUG com.zaxxer.hikari.pool.PoolBase - HikariPool-1 - Attempting to create/setup new connection (ad4b5a6a-726b-49a6-9272-16652103a558)
2026-06-11 03:44:46 [HikariPool-1:connection-closer] DEBUG com.zaxxer.hikari.pool.PoolBase - HikariPool-1 - Closing connection com.mysql.cj.jdbc.ConnectionImpl@3c00c2fa: (connection has passed maxLifetime)
2026-06-11 03:44:46 [HikariPool-1:connection-closer] DEBUG com.zaxxer.hikari.pool.PoolBase - HikariPool-1 - Closing connection com.mysql.cj.jdbc.ConnectionImpl@1c537fb5: (connection has passed maxLifetime)
2026-06-11 03:44:46 [HikariPool-1:connection-closer] DEBUG com.zaxxer.hikari.pool.PoolBase - HikariPool-1 - Closing connection com.mysql.cj.jdbc.ConnectionImpl@565e5a28: (connection has passed maxLifetime)
2026-06-11 03:44:46 [HikariPool-1:connection-closer] DEBUG com.zaxxer.hikari.pool.PoolBase - HikariPool-1 - Closing connection com.mysql.cj.jdbc.ConnectionImpl@141a958f: (connection has passed maxLifetime)
2026-06-11 03:44:46 [HikariPool-1:connection-closer] DEBUG com.zaxxer.hikari.pool.PoolBase - HikariPool-1 - Closing connection com.mysql.cj.jdbc.ConnectionImpl@1926e66a: (connection has passed maxLifetime)
2026-06-11 03:44:46 [HikariPool-1:connection-closer] DEBUG com.zaxxer.hikari.pool.PoolBase - HikariPool-1 - Closing connection com.mysql.cj.jdbc.ConnectionImpl@17c8ba90: (connection has passed maxLifetime)
2026-06-11 03:44:46 [HikariPool-1:connection-closer] DEBUG com.zaxxer.hikari.pool.PoolBase - HikariPool-1 - Closing connection com.mysql.cj.jdbc.ConnectionImpl@3d418ac1: (connection has passed maxLifetime)
2026-06-11 03:44:46 [HikariPool-1:connection-closer] DEBUG com.zaxxer.hikari.pool.PoolBase - HikariPool-1 - Closing connection com.mysql.cj.jdbc.ConnectionImpl@4d4aff10: (connection has passed maxLifetime)
2026-06-11 03:44:46 [HikariPool-1:connection-closer] DEBUG com.zaxxer.hikari.pool.PoolBase - HikariPool-1 - Closing connection com.mysql.cj.jdbc.ConnectionImpl@181d874f: (connection has passed maxLifetime)
2026-06-11 03:44:46 [HikariPool-1:connection-closer] DEBUG com.zaxxer.hikari.pool.PoolBase - HikariPool-1 - Closing connection com.mysql.cj.jdbc.ConnectionImpl@6ec9021d: (connection has passed maxLifetime)
2026-06-11 03:44:46 [HikariPool-1:connection-closer] DEBUG com.zaxxer.hikari.pool.PoolBase - HikariPool-1 - Closing connection com.mysql.cj.jdbc.ConnectionImpl@441b18d1: (connection has passed maxLifetime)
2026-06-11 03:44:46 [HikariPool-1:connection-closer] DEBUG com.zaxxer.hikari.pool.PoolBase - HikariPool-1 - Closing connection com.mysql.cj.jdbc.ConnectionImpl@78e45cae: (connection has passed maxLifetime)
2026-06-11 03:44:46 [HikariPool-1:connection-closer] DEBUG com.zaxxer.hikari.pool.PoolBase - HikariPool-1 - Closing connection com.mysql.cj.jdbc.ConnectionImpl@5e0fb446: (connection has passed maxLifetime)
2026-06-11 03:44:46 [HikariPool-1:connection-closer] DEBUG com.zaxxer.hikari.pool.PoolBase - HikariPool-1 - Closing connection com.mysql.cj.jdbc.ConnectionImpl@8b0c4ea: (connection has passed maxLifetime)
2026-06-11 03:44:46 [HikariPool-1:connection-closer] DEBUG com.zaxxer.hikari.pool.PoolBase - HikariPool-1 - Closing connection com.mysql.cj.jdbc.ConnectionImpl@2c073f2: (connection has passed maxLifetime)
2026-06-11 03:44:46 [HikariPool-1:connection-adder] DEBUG com.zaxxer.hikari.pool.PoolBase - HikariPool-1 - Established new connection (ad4b5a6a-726b-49a6-9272-16652103a558)
2026-06-11 03:44:46 [HikariPool-1:connection-adder] DEBUG com.zaxxer.hikari.pool.HikariPool - HikariPool-1 - Added connection com.mysql.cj.jdbc.ConnectionImpl@74a1f733
2026-06-11 03:44:46 [HikariPool-1:connection-adder] DEBUG com.zaxxer.hikari.pool.PoolBase - HikariPool-1 - Attempting to create/setup new connection (730b780a-15cb-4b9b-a3d7-e39a2574ee78)
2026-06-11 03:44:46 [HikariPool-1:connection-adder] DEBUG com.zaxxer.hikari.pool.PoolBase - HikariPool-1 - Established new connection (730b780a-15cb-4b9b-a3d7-e39a2574ee78)
2026-06-11 03:44:46 [HikariPool-1:connection-adder] DEBUG com.zaxxer.hikari.pool.HikariPool - HikariPool-1 - Added connection com.mysql.cj.jdbc.ConnectionImpl@359cfd08
2026-06-11 03:44:46 [HikariPool-1:connection-adder] DEBUG com.zaxxer.hikari.pool.PoolBase - HikariPool-1 - Attempting to create/setup new connection (4114dcf7-41b9-4c0f-b240-d10a44f393ac)
2026-06-11 03:44:46 [HikariPool-1:connection-adder] DEBUG com.zaxxer.hikari.pool.PoolBase - HikariPool-1 - Established new connection (4114dcf7-41b9-4c0f-b240-d10a44f393ac)
2026-06-11 03:44:46 [HikariPool-1:connection-adder] DEBUG com.zaxxer.hikari.pool.HikariPool - HikariPool-1 - Added connection com.mysql.cj.jdbc.ConnectionImpl@4e32b76
2026-06-11 03:44:46 [HikariPool-1:connection-adder] DEBUG com.zaxxer.hikari.pool.PoolBase - HikariPool-1 - Attempting to create/setup new connection (f60a6e5f-11ca-47f7-b8ed-59e3f3eb599e)
2026-06-11 03:44:46 [HikariPool-1:connection-adder] DEBUG com.zaxxer.hikari.pool.PoolBase - HikariPool-1 - Established new connection (f60a6e5f-11ca-47f7-b8ed-59e3f3eb599e)
2026-06-11 03:44:46 [HikariPool-1:connection-adder] DEBUG com.zaxxer.hikari.pool.HikariPool - HikariPool-1 - Added connection com.mysql.cj.jdbc.ConnectionImpl@55b30247
2026-06-11 03:44:46 [HikariPool-1:connection-adder] DEBUG com.zaxxer.hikari.pool.PoolBase - HikariPool-1 - Attempting to create/setup new connection (82ca5117-80f9-4232-b48e-7616d39b0d37)
2026-06-11 03:44:46 [HikariPool-1:connection-adder] DEBUG com.zaxxer.hikari.pool.PoolBase - HikariPool-1 - Established new connection (82ca5117-80f9-4232-b48e-7616d39b0d37)
2026-06-11 03:44:46 [HikariPool-1:connection-adder] DEBUG com.zaxxer.hikari.pool.HikariPool - HikariPool-1 - Added connection com.mysql.cj.jdbc.ConnectionImpl@35f5334f
2026-06-11 03:44:46 [HikariPool-1:connection-adder] DEBUG com.zaxxer.hikari.pool.PoolBase - HikariPool-1 - Attempting to create/setup new connection (07d591f3-fab9-4e92-bf1f-f0bdf71974ff)
2026-06-11 03:44:46 [HikariPool-1:connection-adder] DEBUG com.zaxxer.hikari.pool.PoolBase - HikariPool-1 - Established new connection (07d591f3-fab9-4e92-bf1f-f0bdf71974ff)
2026-06-11 03:44:46 [HikariPool-1:connection-adder] DEBUG com.zaxxer.hikari.pool.HikariPool - HikariPool-1 - Added connection com.mysql.cj.jdbc.ConnectionImpl@51fdbb55
2026-06-11 03:44:47 [HikariPool-1:connection-adder] DEBUG com.zaxxer.hikari.pool.PoolBase - HikariPool-1 - Attempting to create/setup new connection (f5c605b9-61ac-4952-87ad-0329dd7e36a8)
2026-06-11 03:44:47 [HikariPool-1:connection-adder] DEBUG com.zaxxer.hikari.pool.PoolBase - HikariPool-1 - Established new connection (f5c605b9-61ac-4952-87ad-0329dd7e36a8)
2026-06-11 03:44:47 [HikariPool-1:connection-adder] DEBUG com.zaxxer.hikari.pool.HikariPool - HikariPool-1 - Added connection com.mysql.cj.jdbc.ConnectionImpl@655b2226
2026-06-11 03:44:47 [HikariPool-1:connection-adder] DEBUG com.zaxxer.hikari.pool.PoolBase - HikariPool-1 - Attempting to create/setup new connection (748728f1-25db-4707-b289-646495bcf173)
2026-06-11 03:44:47 [HikariPool-1:connection-adder] DEBUG com.zaxxer.hikari.pool.PoolBase - HikariPool-1 - Established new connection (748728f1-25db-4707-b289-646495bcf173)
2026-06-11 03:44:47 [HikariPool-1:connection-adder] DEBUG com.zaxxer.hikari.pool.HikariPool - HikariPool-1 - Added connection com.mysql.cj.jdbc.ConnectionImpl@4c597b0a
2026-06-11 03:44:47 [HikariPool-1:connection-adder] DEBUG com.zaxxer.hikari.pool.PoolBase - HikariPool-1 - Attempting to create/setup new connection (6f6db98a-7477-4f2a-93db-3dc9f01257ad)
2026-06-11 03:44:47 [HikariPool-1:connection-adder] DEBUG com.zaxxer.hikari.pool.PoolBase - HikariPool-1 - Established new connection (6f6db98a-7477-4f2a-93db-3dc9f01257ad)
2026-06-11 03:44:47 [HikariPool-1:connection-adder] DEBUG com.zaxxer.hikari.pool.HikariPool - HikariPool-1 - Added connection com.mysql.cj.jdbc.ConnectionImpl@4976f533
2026-06-11 03:44:47 [HikariPool-1:connection-adder] DEBUG com.zaxxer.hikari.pool.PoolBase - HikariPool-1 - Attempting to create/setup new connection (9eec78bd-1b38-4918-974f-6cd86b37addd)
2026-06-11 03:44:47 [HikariPool-1:connection-adder] DEBUG com.zaxxer.hikari.pool.PoolBase - HikariPool-1 - Established new connection (9eec78bd-1b38-4918-974f-6cd86b37addd)
2026-06-11 03:44:47 [HikariPool-1:connection-adder] DEBUG com.zaxxer.hikari.pool.HikariPool - HikariPool-1 - Added connection com.mysql.cj.jdbc.ConnectionImpl@2c5a7af2
2026-06-11 03:44:47 [HikariPool-1:connection-adder] DEBUG com.zaxxer.hikari.pool.PoolBase - HikariPool-1 - Attempting to create/setup new connection (a5857f93-4f66-4c6a-8cda-f27b1bc76548)
2026-06-11 03:44:47 [HikariPool-1:connection-adder] DEBUG com.zaxxer.hikari.pool.PoolBase - HikariPool-1 - Established new connection (a5857f93-4f66-4c6a-8cda-f27b1bc76548)
2026-06-11 03:44:47 [HikariPool-1:connection-adder] DEBUG com.zaxxer.hikari.pool.HikariPool - HikariPool-1 - Added connection com.mysql.cj.jdbc.ConnectionImpl@2216409d
2026-06-11 03:44:47 [HikariPool-1:connection-adder] DEBUG com.zaxxer.hikari.pool.PoolBase - HikariPool-1 - Attempting to create/setup new connection (9fc8f6fc-9bf9-4c7d-bd2e-f0633c27bb9b)
2026-06-11 03:44:47 [HikariPool-1:connection-adder] DEBUG com.zaxxer.hikari.pool.PoolBase - HikariPool-1 - Established new connection (9fc8f6fc-9bf9-4c7d-bd2e-f0633c27bb9b)
2026-06-11 03:44:47 [HikariPool-1:connection-adder] DEBUG com.zaxxer.hikari.pool.HikariPool - HikariPool-1 - Added connection com.mysql.cj.jdbc.ConnectionImpl@10d8da0f
2026-06-11 03:44:47 [HikariPool-1:connection-adder] DEBUG com.zaxxer.hikari.pool.PoolBase - HikariPool-1 - Attempting to create/setup new connection (0af879f2-c7d4-4d04-942f-7937e2a6977f)
2026-06-11 03:44:47 [HikariPool-1:connection-adder] DEBUG com.zaxxer.hikari.pool.PoolBase - HikariPool-1 - Established new connection (0af879f2-c7d4-4d04-942f-7937e2a6977f)
2026-06-11 03:44:47 [HikariPool-1:connection-adder] DEBUG com.zaxxer.hikari.pool.HikariPool - HikariPool-1 - Added connection com.mysql.cj.jdbc.ConnectionImpl@63c450cd
2026-06-11 03:44:47 [HikariPool-1:connection-adder] DEBUG com.zaxxer.hikari.pool.PoolBase - HikariPool-1 - Attempting to create/setup new connection (45939d5e-86d8-4a81-ada0-98aee44f46b6)
2026-06-11 03:44:47 [HikariPool-1:connection-adder] DEBUG com.zaxxer.hikari.pool.PoolBase - HikariPool-1 - Established new connection (45939d5e-86d8-4a81-ada0-98aee44f46b6)
2026-06-11 03:44:47 [HikariPool-1:connection-adder] DEBUG com.zaxxer.hikari.pool.HikariPool - HikariPool-1 - Added connection com.mysql.cj.jdbc.ConnectionImpl@f8d7060
2026-06-11 03:44:47 [HikariPool-1:connection-adder] DEBUG com.zaxxer.hikari.pool.PoolBase - HikariPool-1 - Attempting to create/setup new connection (9bbecd95-2451-489c-8cee-ec0aff1e2769)
2026-06-11 03:44:47 [HikariPool-1:connection-adder] DEBUG com.zaxxer.hikari.pool.PoolBase - HikariPool-1 - Established new connection (9bbecd95-2451-489c-8cee-ec0aff1e2769)
2026-06-11 03:44:47 [HikariPool-1:connection-adder] DEBUG com.zaxxer.hikari.pool.HikariPool - HikariPool-1 - Added connection com.mysql.cj.jdbc.ConnectionImpl@a280465
2026-06-11 03:44:47 [HikariPool-1:connection-adder] DEBUG com.zaxxer.hikari.pool.PoolBase - HikariPool-1 - Attempting to create/setup new connection (dd7c1e1c-e093-46e0-9747-7219269f634a)
2026-06-11 03:44:47 [HikariPool-1:connection-adder] DEBUG com.zaxxer.hikari.pool.PoolBase - HikariPool-1 - Established new connection (dd7c1e1c-e093-46e0-9747-7219269f634a)
2026-06-11 03:44:47 [HikariPool-1:connection-adder] DEBUG com.zaxxer.hikari.pool.HikariPool - HikariPool-1 - Added connection com.mysql.cj.jdbc.ConnectionImpl@29d95718
2026-06-11 03:44:47 [HikariPool-1:connection-adder] DEBUG com.zaxxer.hikari.pool.PoolBase - HikariPool-1 - Attempting to create/setup new connection (b274fad4-6bd3-4bb2-9b7a-5ac085ad7486)
2026-06-11 03:44:47 [HikariPool-1:connection-adder] DEBUG com.zaxxer.hikari.pool.PoolBase - HikariPool-1 - Established new connection (b274fad4-6bd3-4bb2-9b7a-5ac085ad7486)
2026-06-11 03:44:47 [HikariPool-1:connection-adder] DEBUG com.zaxxer.hikari.pool.HikariPool - HikariPool-1 - Added connection com.mysql.cj.jdbc.ConnectionImpl@731c396b
2026-06-11 03:44:47 [HikariPool-1:connection-adder] DEBUG com.zaxxer.hikari.pool.PoolBase - HikariPool-1 - Attempting to create/setup new connection (5bb9b533-797d-400b-9c17-3f2a611f587c)
2026-06-11 03:44:47 [HikariPool-1:connection-adder] DEBUG com.zaxxer.hikari.pool.PoolBase - HikariPool-1 - Established new connection (5bb9b533-797d-400b-9c17-3f2a611f587c)
2026-06-11 03:44:47 [HikariPool-1:connection-adder] DEBUG com.zaxxer.hikari.pool.HikariPool - HikariPool-1 - Added connection com.mysql.cj.jdbc.ConnectionImpl@447c3316
2026-06-11 03:44:47 [HikariPool-1:connection-adder] DEBUG com.zaxxer.hikari.pool.PoolBase - HikariPool-1 - Attempting to create/setup new connection (dd8c6300-301a-4669-bc4e-330e7abdbe47)
2026-06-11 03:44:47 [HikariPool-1:connection-adder] DEBUG com.zaxxer.hikari.pool.PoolBase - HikariPool-1 - Established new connection (dd8c6300-301a-4669-bc4e-330e7abdbe47)
2026-06-11 03:44:47 [HikariPool-1:connection-adder] DEBUG com.zaxxer.hikari.pool.HikariPool - HikariPool-1 - Added connection com.mysql.cj.jdbc.ConnectionImpl@7fddb7c
2026-06-11 03:44:47 [HikariPool-1:connection-adder] DEBUG com.zaxxer.hikari.pool.PoolBase - HikariPool-1 - Attempting to create/setup new connection (d4f4d5f0-20ca-4954-9a3f-ebe66674eb26)
2026-06-11 03:44:47 [HikariPool-1:connection-adder] DEBUG com.zaxxer.hikari.pool.PoolBase - HikariPool-1 - Established new connection (d4f4d5f0-20ca-4954-9a3f-ebe66674eb26)
2026-06-11 03:44:47 [HikariPool-1:connection-adder] DEBUG com.zaxxer.hikari.pool.HikariPool - HikariPool-1 - Added connection com.mysql.cj.jdbc.ConnectionImpl@739822ca
2026-06-11 03:44:47 [HikariPool-1:connection-adder] DEBUG com.zaxxer.hikari.pool.HikariPool - HikariPool-1 - Connection not added, stats (total=20/20, idle=20/20, active=0, waiting=0)
2026-06-11 03:45:16 [HikariPool-1:housekeeper] DEBUG com.zaxxer.hikari.pool.HikariPool - HikariPool-1 - Pool stats (total=20/20, idle=20/20, active=0, waiting=0)
2026-06-11 03:45:16 [HikariPool-1:housekeeper] DEBUG com.zaxxer.hikari.pool.HikariPool - HikariPool-1 - Fill pool skipped, pool has sufficient level or currently being filled.
2026-06-11 03:45:39 [JavaFX Application Thread] DEBUG application.java.manager.LogManager - [SQL操作クラス] ： 非同期処理 スレッドプール解放
2026-06-11 03:45:39 [JavaFX Application Thread] INFO  com.zaxxer.hikari.HikariDataSource - HikariPool-1 - Shutdown initiated...
2026-06-11 03:45:39 [JavaFX Application Thread] DEBUG com.zaxxer.hikari.pool.HikariPool - HikariPool-1 - Before shutdown stats (total=20/20, idle=20/20, active=0, waiting=0)
2026-06-11 03:45:39 [HikariPool-1:connection-closer] DEBUG com.zaxxer.hikari.pool.PoolBase - HikariPool-1 - Closing connection com.mysql.cj.jdbc.ConnectionImpl@74a1f733: (connection evicted)
2026-06-11 03:45:39 [HikariPool-1:connection-closer] DEBUG com.zaxxer.hikari.pool.PoolBase - HikariPool-1 - Closing connection com.mysql.cj.jdbc.ConnectionImpl@359cfd08: (connection evicted)
2026-06-11 03:45:39 [HikariPool-1:connection-closer] DEBUG com.zaxxer.hikari.pool.PoolBase - HikariPool-1 - Closing connection com.mysql.cj.jdbc.ConnectionImpl@4e32b76: (connection evicted)
2026-06-11 03:45:39 [HikariPool-1:connection-closer] DEBUG com.zaxxer.hikari.pool.PoolBase - HikariPool-1 - Closing connection com.mysql.cj.jdbc.ConnectionImpl@55b30247: (connection evicted)
2026-06-11 03:45:39 [HikariPool-1:connection-closer] DEBUG com.zaxxer.hikari.pool.PoolBase - HikariPool-1 - Closing connection com.mysql.cj.jdbc.ConnectionImpl@35f5334f: (connection evicted)
2026-06-11 03:45:39 [HikariPool-1:connection-closer] DEBUG com.zaxxer.hikari.pool.PoolBase - HikariPool-1 - Closing connection com.mysql.cj.jdbc.ConnectionImpl@51fdbb55: (connection evicted)
2026-06-11 03:45:39 [HikariPool-1:connection-closer] DEBUG com.zaxxer.hikari.pool.PoolBase - HikariPool-1 - Closing connection com.mysql.cj.jdbc.ConnectionImpl@655b2226: (connection evicted)
2026-06-11 03:45:39 [HikariPool-1:connection-closer] DEBUG com.zaxxer.hikari.pool.PoolBase - HikariPool-1 - Closing connection com.mysql.cj.jdbc.ConnectionImpl@4c597b0a: (connection evicted)
2026-06-11 03:45:39 [HikariPool-1:connection-closer] DEBUG com.zaxxer.hikari.pool.PoolBase - HikariPool-1 - Closing connection com.mysql.cj.jdbc.ConnectionImpl@4976f533: (connection evicted)
2026-06-11 03:45:39 [HikariPool-1:connection-closer] DEBUG com.zaxxer.hikari.pool.PoolBase - HikariPool-1 - Closing connection com.mysql.cj.jdbc.ConnectionImpl@2c5a7af2: (connection evicted)
2026-06-11 03:45:39 [HikariPool-1:connection-closer] DEBUG com.zaxxer.hikari.pool.PoolBase - HikariPool-1 - Closing connection com.mysql.cj.jdbc.ConnectionImpl@2216409d: (connection evicted)
2026-06-11 03:45:39 [HikariPool-1:connection-closer] DEBUG com.zaxxer.hikari.pool.PoolBase - HikariPool-1 - Closing connection com.mysql.cj.jdbc.ConnectionImpl@10d8da0f: (connection evicted)
2026-06-11 03:45:39 [HikariPool-1:connection-closer] DEBUG com.zaxxer.hikari.pool.PoolBase - HikariPool-1 - Closing connection com.mysql.cj.jdbc.ConnectionImpl@63c450cd: (connection evicted)
2026-06-11 03:45:39 [HikariPool-1:connection-closer] DEBUG com.zaxxer.hikari.pool.PoolBase - HikariPool-1 - Closing connection com.mysql.cj.jdbc.ConnectionImpl@f8d7060: (connection evicted)
2026-06-11 03:45:39 [HikariPool-1:connection-closer] DEBUG com.zaxxer.hikari.pool.PoolBase - HikariPool-1 - Closing connection com.mysql.cj.jdbc.ConnectionImpl@a280465: (connection evicted)
2026-06-11 03:45:39 [HikariPool-1:connection-closer] DEBUG com.zaxxer.hikari.pool.PoolBase - HikariPool-1 - Closing connection com.mysql.cj.jdbc.ConnectionImpl@29d95718: (connection evicted)
2026-06-11 03:45:39 [HikariPool-1:connection-closer] DEBUG com.zaxxer.hikari.pool.PoolBase - HikariPool-1 - Closing connection com.mysql.cj.jdbc.ConnectionImpl@731c396b: (connection evicted)
2026-06-11 03:45:39 [HikariPool-1:connection-closer] DEBUG com.zaxxer.hikari.pool.PoolBase - HikariPool-1 - Closing connection com.mysql.cj.jdbc.ConnectionImpl@447c3316: (connection evicted)
2026-06-11 03:45:39 [HikariPool-1:connection-closer] DEBUG com.zaxxer.hikari.pool.PoolBase - HikariPool-1 - Closing connection com.mysql.cj.jdbc.ConnectionImpl@7fddb7c: (connection evicted)
2026-06-11 03:45:39 [HikariPool-1:connection-closer] DEBUG com.zaxxer.hikari.pool.PoolBase - HikariPool-1 - Closing connection com.mysql.cj.jdbc.ConnectionImpl@739822ca: (connection evicted)
2026-06-11 03:45:39 [JavaFX Application Thread] DEBUG com.zaxxer.hikari.pool.HikariPool - HikariPool-1 - After  shutdown stats (total=0/20, idle=0/20, active=0, waiting=0)
2026-06-11 03:45:39 [JavaFX Application Thread] INFO  com.zaxxer.hikari.HikariDataSource - HikariPool-1 - Shutdown completed.
2026-06-11 03:45:39 [JavaFX Application Thread] DEBUG application.java.manager.LogManager - [SQL操作クラス] ： コネクションプール(HikariCP) Closeing
2026-06-11 03:45:39 [JavaFX Application Thread] INFO  application.java.manager.LogManager - 終了処理 : 完了
2026-06-11 03:48:38 [main] INFO  application.java.manager.LogManager - 備品管理システム : 起動
2026-06-11 03:48:38 [JavaFX Application Thread] INFO  application.java.manager.LogManager - 開始処理 : 画面ウィンドウ枠生成
2026-06-11 03:48:38 [JavaFX Application Thread] INFO  application.java.manager.LogManager - [ログイン画面] ： 初期化処理
2026-06-11 03:48:38 [JavaFX Application Thread] INFO  application.java.manager.LogManager - 画面展開 [setPage] ： 画面設定・表示処理 開始
2026-06-11 03:48:38 [JavaFX Application Thread] DEBUG application.java.manager.LogManager - Window切替 [setWindowFrame] : TRANSPARENT(透明枠・背景色透明)
2026-06-11 03:48:38 [JavaFX Application Thread] INFO  application.java.manager.LogManager - [SQL操作クラス] ： 非同期処理 スレッドプール作成
2026-06-11 03:48:38 [JavaFX Application Thread] INFO  application.java.manager.LogManager - [SQL操作クラス] ： SQL Session生成
2026-06-11 03:48:38 [JavaFX Application Thread] DEBUG application.java.manager.LogManager - [SQL操作クラス] ： mybatis有効化
2026-06-11 03:48:38 [JavaFX Application Thread] DEBUG o.apache.ibatis.logging.LogFactory - Logging initialized using 'class org.apache.ibatis.logging.slf4j.Slf4jImpl' adapter.
2026-06-11 03:48:38 [JavaFX Application Thread] DEBUG o.apache.ibatis.logging.LogFactory - Logging initialized using 'class org.apache.ibatis.logging.slf4j.Slf4jImpl' adapter.
2026-06-11 03:48:38 [JavaFX Application Thread] DEBUG com.zaxxer.hikari.util.UtilityElf - Class com.mysql.cj.jdbc.Driver found in Thread context class loader jdk.internal.loader.ClassLoaders$AppClassLoader@7699a589
2026-06-11 03:48:39 [JavaFX Application Thread] INFO  application.java.manager.LogManager - /application/resources/css/LoginStyle.css

2026-06-11 03:48:39 [JavaFX Application Thread] INFO  application.java.manager.LogManager - 画面展開 [setPage] : ログイン画面
2026-06-11 03:48:43 [JavaFX Application Thread] INFO  application.java.manager.LogManager - [ログイン画面] ： [QRコード認証]ボタン押下
2026-06-11 03:48:43 [JavaFX Application Thread] INFO  application.java.manager.LogManager - [Webサーバー操作クラス] ： 受信サーバー設定(LocalHost)
2026-06-11 03:48:43 [JavaFX Application Thread] INFO  application.java.manager.LogManager - [ログイン画面] ： 認証サーバーexeを起動します。
2026-06-11 03:48:44 [JavaFX Application Thread] DEBUG application.java.manager.LogManager - [ログイン画面] ： 標準ブラウザを起動します URL: https://localhost:7215?redirect_uri=http://localhost:8888/callback
2026-06-11 03:49:24 [HTTP-Dispatcher] INFO  application.java.manager.LogManager - [Webサーバー操作クラス] ： 認証サーバーからデータを受信しました
2026-06-11 03:49:26 [JavaFX Application Thread] INFO  application.java.manager.LogManager - [ログイン画面] ： ログイン(PassKey)成功
2026-06-11 03:49:26 [JavaFX Application Thread] DEBUG application.java.manager.LogManager - [ログイン画面] ： 受信したトークン情報: 1
2026-06-11 03:49:26 [JavaFX Application Thread] DEBUG application.java.manager.LogManager - [SQL操作クラス] ： SELECT句発行
2026-06-11 03:49:26 [JavaFX Application Thread] DEBUG application.java.manager.LogManager - [ログイン画面] ： DB 社員マスタ取得処理
2026-06-11 03:49:26 [JavaFX Application Thread] DEBUG o.a.i.t.jdbc.JdbcTransaction - Opening JDBC Connection
2026-06-11 03:49:26 [JavaFX Application Thread] DEBUG com.zaxxer.hikari.HikariConfig - HikariPool-1 - configuration:
2026-06-11 03:49:26 [JavaFX Application Thread] DEBUG com.zaxxer.hikari.HikariConfig - allowPoolSuspension.............false
2026-06-11 03:49:26 [JavaFX Application Thread] DEBUG com.zaxxer.hikari.HikariConfig - autoCommit......................true
2026-06-11 03:49:26 [JavaFX Application Thread] DEBUG com.zaxxer.hikari.HikariConfig - catalog.........................none
2026-06-11 03:49:26 [JavaFX Application Thread] DEBUG com.zaxxer.hikari.HikariConfig - connectionInitSql...............none
2026-06-11 03:49:26 [JavaFX Application Thread] DEBUG com.zaxxer.hikari.HikariConfig - connectionTestQuery.............none
2026-06-11 03:49:26 [JavaFX Application Thread] DEBUG com.zaxxer.hikari.HikariConfig - connectionTimeout...............30000
2026-06-11 03:49:26 [JavaFX Application Thread] DEBUG com.zaxxer.hikari.HikariConfig - credentials.....................com.zaxxer.hikari.util.Credentials@63302b59
2026-06-11 03:49:26 [JavaFX Application Thread] DEBUG com.zaxxer.hikari.HikariConfig - credentialsProvider.............none
2026-06-11 03:49:26 [JavaFX Application Thread] DEBUG com.zaxxer.hikari.HikariConfig - credentialsProviderClassName....none
2026-06-11 03:49:26 [JavaFX Application Thread] DEBUG com.zaxxer.hikari.HikariConfig - dataSource......................none
2026-06-11 03:49:26 [JavaFX Application Thread] DEBUG com.zaxxer.hikari.HikariConfig - dataSourceClassName.............none
2026-06-11 03:49:26 [JavaFX Application Thread] DEBUG com.zaxxer.hikari.HikariConfig - dataSourceJNDI..................none
2026-06-11 03:49:26 [JavaFX Application Thread] DEBUG com.zaxxer.hikari.HikariConfig - dataSourceProperties............{password=<masked>}
2026-06-11 03:49:26 [JavaFX Application Thread] DEBUG com.zaxxer.hikari.HikariConfig - driverClassName................."com.mysql.cj.jdbc.Driver"
2026-06-11 03:49:26 [JavaFX Application Thread] DEBUG com.zaxxer.hikari.HikariConfig - exceptionOverride...............none
2026-06-11 03:49:26 [JavaFX Application Thread] DEBUG com.zaxxer.hikari.HikariConfig - exceptionOverrideClassName......none
2026-06-11 03:49:26 [JavaFX Application Thread] DEBUG com.zaxxer.hikari.HikariConfig - healthCheckProperties...........{}
2026-06-11 03:49:26 [JavaFX Application Thread] DEBUG com.zaxxer.hikari.HikariConfig - healthCheckRegistry.............none
2026-06-11 03:49:26 [JavaFX Application Thread] DEBUG com.zaxxer.hikari.HikariConfig - idleTimeout.....................600000
2026-06-11 03:49:26 [JavaFX Application Thread] DEBUG com.zaxxer.hikari.HikariConfig - initializationFailTimeout.......1
2026-06-11 03:49:26 [JavaFX Application Thread] DEBUG com.zaxxer.hikari.HikariConfig - isolateInternalQueries..........false
2026-06-11 03:49:26 [JavaFX Application Thread] DEBUG com.zaxxer.hikari.HikariConfig - jdbcUrl.........................jdbc:mysql://localhost:3306/java_learning?useUnicode=true&characterEncoding=UTF-8&serverTimezone=GMT%2B9&useSSL=false&allowPublicKeyRetrieval=true&useCursorFetch=true
2026-06-11 03:49:26 [JavaFX Application Thread] DEBUG com.zaxxer.hikari.HikariConfig - keepaliveTime...................120000
2026-06-11 03:49:26 [JavaFX Application Thread] DEBUG com.zaxxer.hikari.HikariConfig - leakDetectionThreshold..........0
2026-06-11 03:49:26 [JavaFX Application Thread] DEBUG com.zaxxer.hikari.HikariConfig - maxLifetime.....................1800000
2026-06-11 03:49:26 [JavaFX Application Thread] DEBUG com.zaxxer.hikari.HikariConfig - maximumPoolSize.................20
2026-06-11 03:49:26 [JavaFX Application Thread] DEBUG com.zaxxer.hikari.HikariConfig - metricRegistry..................none
2026-06-11 03:49:26 [JavaFX Application Thread] DEBUG com.zaxxer.hikari.HikariConfig - metricsTrackerFactory...........none
2026-06-11 03:49:26 [JavaFX Application Thread] DEBUG com.zaxxer.hikari.HikariConfig - minimumIdle.....................20
2026-06-11 03:49:26 [JavaFX Application Thread] DEBUG com.zaxxer.hikari.HikariConfig - password........................<masked>
2026-06-11 03:49:26 [JavaFX Application Thread] DEBUG com.zaxxer.hikari.HikariConfig - poolName........................"HikariPool-1"
2026-06-11 03:49:26 [JavaFX Application Thread] DEBUG com.zaxxer.hikari.HikariConfig - readOnly........................false
2026-06-11 03:49:26 [JavaFX Application Thread] DEBUG com.zaxxer.hikari.HikariConfig - registerMbeans..................false
2026-06-11 03:49:26 [JavaFX Application Thread] DEBUG com.zaxxer.hikari.HikariConfig - scheduledExecutor...............none
2026-06-11 03:49:26 [JavaFX Application Thread] DEBUG com.zaxxer.hikari.HikariConfig - schema..........................none
2026-06-11 03:49:26 [JavaFX Application Thread] DEBUG com.zaxxer.hikari.HikariConfig - threadFactory...................internal
2026-06-11 03:49:26 [JavaFX Application Thread] DEBUG com.zaxxer.hikari.HikariConfig - transactionIsolation............default
2026-06-11 03:49:26 [JavaFX Application Thread] DEBUG com.zaxxer.hikari.HikariConfig - username........................"user"
2026-06-11 03:49:26 [JavaFX Application Thread] DEBUG com.zaxxer.hikari.HikariConfig - validationTimeout...............5000
2026-06-11 03:49:26 [JavaFX Application Thread] INFO  com.zaxxer.hikari.HikariDataSource - HikariPool-1 - Starting...
2026-06-11 03:49:26 [JavaFX Application Thread] DEBUG com.zaxxer.hikari.pool.PoolBase - HikariPool-1 - Attempting to create/setup new connection (198f9fb3-6b75-4bf7-bffa-98a9b96d4857)
2026-06-11 03:49:26 [JavaFX Application Thread] DEBUG com.zaxxer.hikari.pool.PoolBase - HikariPool-1 - Established new connection (198f9fb3-6b75-4bf7-bffa-98a9b96d4857)
2026-06-11 03:49:26 [JavaFX Application Thread] INFO  com.zaxxer.hikari.pool.HikariPool - HikariPool-1 - Added connection com.mysql.cj.jdbc.ConnectionImpl@71b904a
2026-06-11 03:49:26 [JavaFX Application Thread] INFO  com.zaxxer.hikari.HikariDataSource - HikariPool-1 - Start completed.
2026-06-11 03:49:26 [JavaFX Application Thread] DEBUG o.a.i.t.jdbc.JdbcTransaction - Setting autocommit to false on JDBC Connection [HikariProxyConnection@1340165404 wrapping com.mysql.cj.jdbc.ConnectionImpl@71b904a]
2026-06-11 03:49:26 [JavaFX Application Thread] DEBUG a.r.m.StaffMasterMapper.selectByNo - ==>  Preparing: SELECT * FROM staff_master WHERE staff_no = ?
2026-06-11 03:49:26 [JavaFX Application Thread] DEBUG a.r.m.StaffMasterMapper.selectByNo - ==> Parameters: 1(Integer)
2026-06-11 03:49:26 [JavaFX Application Thread] DEBUG a.r.m.StaffMasterMapper.selectByNo - <==      Total: 1
2026-06-11 03:49:26 [JavaFX Application Thread] DEBUG o.a.i.t.jdbc.JdbcTransaction - Resetting autocommit to true on JDBC Connection [HikariProxyConnection@1340165404 wrapping com.mysql.cj.jdbc.ConnectionImpl@71b904a]
2026-06-11 03:49:26 [JavaFX Application Thread] DEBUG o.a.i.t.jdbc.JdbcTransaction - Closing JDBC Connection [HikariProxyConnection@1340165404 wrapping com.mysql.cj.jdbc.ConnectionImpl@71b904a]
2026-06-11 03:49:26 [JavaFX Application Thread] INFO  application.java.manager.LogManager - [ログイン画面] ： メニュー画面へ切替
2026-06-11 03:49:26 [JavaFX Application Thread] INFO  application.java.manager.LogManager - [備品管理システム メニュー画面] ： 初期化処理
2026-06-11 03:49:26 [HikariPool-1:housekeeper] DEBUG com.zaxxer.hikari.pool.HikariPool - HikariPool-1 - Pool stats (total=1/20, idle=1/20, active=0, waiting=0)
2026-06-11 03:49:26 [HikariPool-1:connection-adder] DEBUG com.zaxxer.hikari.pool.PoolBase - HikariPool-1 - Attempting to create/setup new connection (aa4ed6f5-0165-4673-9695-832d9190343c)
2026-06-11 03:49:26 [JavaFX Application Thread] INFO  application.java.manager.LogManager - 呼出中[Page](ログイン画面)の終了処理(dispose)を実行
2026-06-11 03:49:26 [JavaFX Application Thread] INFO  application.java.manager.LogManager - 画面展開 [setPage] ： 画面設定・表示処理 開始
2026-06-11 03:49:26 [HikariPool-1:connection-adder] DEBUG com.zaxxer.hikari.pool.PoolBase - HikariPool-1 - Established new connection (aa4ed6f5-0165-4673-9695-832d9190343c)
2026-06-11 03:49:26 [HikariPool-1:connection-adder] DEBUG com.zaxxer.hikari.pool.HikariPool - HikariPool-1 - Added connection com.mysql.cj.jdbc.ConnectionImpl@376b4e4b
2026-06-11 03:49:26 [HikariPool-1:connection-adder] DEBUG com.zaxxer.hikari.pool.HikariPool - HikariPool-1 - After adding stats (total=2/20, idle=2/20, active=0, waiting=0)
2026-06-11 03:49:26 [HikariPool-1:connection-adder] DEBUG com.zaxxer.hikari.pool.PoolBase - HikariPool-1 - Attempting to create/setup new connection (b61fad43-ecec-4cc7-a82e-50819a513dcc)
2026-06-11 03:49:26 [JavaFX Application Thread] INFO  application.java.manager.LogManager - /application/resources/css/MenuMacFinderStyle.css

2026-06-11 03:49:26 [HikariPool-1:connection-adder] DEBUG com.zaxxer.hikari.pool.PoolBase - HikariPool-1 - Established new connection (b61fad43-ecec-4cc7-a82e-50819a513dcc)
2026-06-11 03:49:26 [HikariPool-1:connection-adder] DEBUG com.zaxxer.hikari.pool.HikariPool - HikariPool-1 - Added connection com.mysql.cj.jdbc.ConnectionImpl@76564470
2026-06-11 03:49:26 [HikariPool-1:connection-adder] DEBUG com.zaxxer.hikari.pool.HikariPool - HikariPool-1 - After adding stats (total=3/20, idle=3/20, active=0, waiting=0)
2026-06-11 03:49:26 [HikariPool-1:connection-adder] DEBUG com.zaxxer.hikari.pool.PoolBase - HikariPool-1 - Attempting to create/setup new connection (d6c8c728-ede1-442a-8ffc-b25d06d4c95d)
2026-06-11 03:49:26 [HikariPool-1:connection-adder] DEBUG com.zaxxer.hikari.pool.PoolBase - HikariPool-1 - Established new connection (d6c8c728-ede1-442a-8ffc-b25d06d4c95d)
2026-06-11 03:49:26 [HikariPool-1:connection-adder] DEBUG com.zaxxer.hikari.pool.HikariPool - HikariPool-1 - Added connection com.mysql.cj.jdbc.ConnectionImpl@476a137d
2026-06-11 03:49:26 [HikariPool-1:connection-adder] DEBUG com.zaxxer.hikari.pool.HikariPool - HikariPool-1 - After adding stats (total=4/20, idle=4/20, active=0, waiting=0)
2026-06-11 03:49:26 [HikariPool-1:connection-adder] DEBUG com.zaxxer.hikari.pool.PoolBase - HikariPool-1 - Attempting to create/setup new connection (fe62c2fa-7954-480d-aa83-118f389efd23)
2026-06-11 03:49:26 [HikariPool-1:connection-adder] DEBUG com.zaxxer.hikari.pool.PoolBase - HikariPool-1 - Established new connection (fe62c2fa-7954-480d-aa83-118f389efd23)
2026-06-11 03:49:26 [HikariPool-1:connection-adder] DEBUG com.zaxxer.hikari.pool.HikariPool - HikariPool-1 - Added connection com.mysql.cj.jdbc.ConnectionImpl@1679bb3f
2026-06-11 03:49:26 [HikariPool-1:connection-adder] DEBUG com.zaxxer.hikari.pool.HikariPool - HikariPool-1 - After adding stats (total=5/20, idle=5/20, active=0, waiting=0)
2026-06-11 03:49:26 [HikariPool-1:connection-adder] DEBUG com.zaxxer.hikari.pool.PoolBase - HikariPool-1 - Attempting to create/setup new connection (2805becd-ffb7-48f3-94de-5cd837e051fa)
2026-06-11 03:49:26 [HikariPool-1:connection-adder] DEBUG com.zaxxer.hikari.pool.PoolBase - HikariPool-1 - Established new connection (2805becd-ffb7-48f3-94de-5cd837e051fa)
2026-06-11 03:49:26 [HikariPool-1:connection-adder] DEBUG com.zaxxer.hikari.pool.HikariPool - HikariPool-1 - Added connection com.mysql.cj.jdbc.ConnectionImpl@5b10fe8a
2026-06-11 03:49:26 [JavaFX Application Thread] INFO  application.java.manager.LogManager - 画面展開 [setPage] : 備品管理システム メニュー画面
2026-06-11 03:49:26 [HikariPool-1:connection-adder] DEBUG com.zaxxer.hikari.pool.HikariPool - HikariPool-1 - After adding stats (total=6/20, idle=6/20, active=0, waiting=0)
2026-06-11 03:49:26 [HikariPool-1:connection-adder] DEBUG com.zaxxer.hikari.pool.PoolBase - HikariPool-1 - Attempting to create/setup new connection (f7ebe724-b8c0-4274-809a-7f4b704ac997)
2026-06-11 03:49:26 [HikariPool-1:connection-adder] DEBUG com.zaxxer.hikari.pool.PoolBase - HikariPool-1 - Established new connection (f7ebe724-b8c0-4274-809a-7f4b704ac997)
2026-06-11 03:49:26 [HikariPool-1:connection-adder] DEBUG com.zaxxer.hikari.pool.HikariPool - HikariPool-1 - Added connection com.mysql.cj.jdbc.ConnectionImpl@123741ef
2026-06-11 03:49:27 [HikariPool-1:connection-adder] DEBUG com.zaxxer.hikari.pool.HikariPool - HikariPool-1 - After adding stats (total=7/20, idle=7/20, active=0, waiting=0)
2026-06-11 03:49:27 [HikariPool-1:connection-adder] DEBUG com.zaxxer.hikari.pool.PoolBase - HikariPool-1 - Attempting to create/setup new connection (23a0fb0c-8575-44ca-9a85-bb55bda88ffb)
2026-06-11 03:49:27 [HikariPool-1:connection-adder] DEBUG com.zaxxer.hikari.pool.PoolBase - HikariPool-1 - Established new connection (23a0fb0c-8575-44ca-9a85-bb55bda88ffb)
2026-06-11 03:49:27 [HikariPool-1:connection-adder] DEBUG com.zaxxer.hikari.pool.HikariPool - HikariPool-1 - Added connection com.mysql.cj.jdbc.ConnectionImpl@356ee3d8
2026-06-11 03:49:27 [HikariPool-1:connection-adder] DEBUG com.zaxxer.hikari.pool.HikariPool - HikariPool-1 - After adding stats (total=8/20, idle=8/20, active=0, waiting=0)
2026-06-11 03:49:27 [HikariPool-1:connection-adder] DEBUG com.zaxxer.hikari.pool.PoolBase - HikariPool-1 - Attempting to create/setup new connection (00214eec-992c-4aec-b448-6acd97a2c533)
2026-06-11 03:49:27 [HikariPool-1:connection-adder] DEBUG com.zaxxer.hikari.pool.PoolBase - HikariPool-1 - Established new connection (00214eec-992c-4aec-b448-6acd97a2c533)
2026-06-11 03:49:27 [HikariPool-1:connection-adder] DEBUG com.zaxxer.hikari.pool.HikariPool - HikariPool-1 - Added connection com.mysql.cj.jdbc.ConnectionImpl@31438dc8
2026-06-11 03:49:27 [HikariPool-1:connection-adder] DEBUG com.zaxxer.hikari.pool.HikariPool - HikariPool-1 - After adding stats (total=9/20, idle=9/20, active=0, waiting=0)
2026-06-11 03:49:27 [HikariPool-1:connection-adder] DEBUG com.zaxxer.hikari.pool.PoolBase - HikariPool-1 - Attempting to create/setup new connection (98d1faf2-18fc-4a73-ad69-a46b40b9e6aa)
2026-06-11 03:49:27 [HikariPool-1:connection-adder] DEBUG com.zaxxer.hikari.pool.PoolBase - HikariPool-1 - Established new connection (98d1faf2-18fc-4a73-ad69-a46b40b9e6aa)
2026-06-11 03:49:27 [HikariPool-1:connection-adder] DEBUG com.zaxxer.hikari.pool.HikariPool - HikariPool-1 - Added connection com.mysql.cj.jdbc.ConnectionImpl@2f5da164
2026-06-11 03:49:27 [HikariPool-1:connection-adder] DEBUG com.zaxxer.hikari.pool.HikariPool - HikariPool-1 - After adding stats (total=10/20, idle=10/20, active=0, waiting=0)
2026-06-11 03:49:27 [HikariPool-1:connection-adder] DEBUG com.zaxxer.hikari.pool.PoolBase - HikariPool-1 - Attempting to create/setup new connection (892e38f7-7a15-4bd8-b8ae-8357a1b95aa2)
2026-06-11 03:49:27 [HikariPool-1:connection-adder] DEBUG com.zaxxer.hikari.pool.PoolBase - HikariPool-1 - Established new connection (892e38f7-7a15-4bd8-b8ae-8357a1b95aa2)
2026-06-11 03:49:27 [HikariPool-1:connection-adder] DEBUG com.zaxxer.hikari.pool.HikariPool - HikariPool-1 - Added connection com.mysql.cj.jdbc.ConnectionImpl@772d45f
2026-06-11 03:49:27 [HikariPool-1:connection-adder] DEBUG com.zaxxer.hikari.pool.HikariPool - HikariPool-1 - After adding stats (total=11/20, idle=11/20, active=0, waiting=0)
2026-06-11 03:49:27 [HikariPool-1:connection-adder] DEBUG com.zaxxer.hikari.pool.PoolBase - HikariPool-1 - Attempting to create/setup new connection (e9de7343-572b-4447-96e6-6dfc04f0c7a4)
2026-06-11 03:49:27 [HikariPool-1:connection-adder] DEBUG com.zaxxer.hikari.pool.PoolBase - HikariPool-1 - Established new connection (e9de7343-572b-4447-96e6-6dfc04f0c7a4)
2026-06-11 03:49:27 [HikariPool-1:connection-adder] DEBUG com.zaxxer.hikari.pool.HikariPool - HikariPool-1 - Added connection com.mysql.cj.jdbc.ConnectionImpl@57e27827
2026-06-11 03:49:27 [HikariPool-1:connection-adder] DEBUG com.zaxxer.hikari.pool.HikariPool - HikariPool-1 - After adding stats (total=12/20, idle=12/20, active=0, waiting=0)
2026-06-11 03:49:27 [HikariPool-1:connection-adder] DEBUG com.zaxxer.hikari.pool.PoolBase - HikariPool-1 - Attempting to create/setup new connection (219111e9-8443-407a-be1c-c29821ecc3d2)
2026-06-11 03:49:27 [HikariPool-1:connection-adder] DEBUG com.zaxxer.hikari.pool.PoolBase - HikariPool-1 - Established new connection (219111e9-8443-407a-be1c-c29821ecc3d2)
2026-06-11 03:49:27 [HikariPool-1:connection-adder] DEBUG com.zaxxer.hikari.pool.HikariPool - HikariPool-1 - Added connection com.mysql.cj.jdbc.ConnectionImpl@7de2f8b9
2026-06-11 03:49:27 [HikariPool-1:connection-adder] DEBUG com.zaxxer.hikari.pool.HikariPool - HikariPool-1 - After adding stats (total=13/20, idle=13/20, active=0, waiting=0)
2026-06-11 03:49:27 [HikariPool-1:connection-adder] DEBUG com.zaxxer.hikari.pool.PoolBase - HikariPool-1 - Attempting to create/setup new connection (3a4ad1b7-5fae-4076-8722-81fe2fdea463)
2026-06-11 03:49:27 [HikariPool-1:connection-adder] DEBUG com.zaxxer.hikari.pool.PoolBase - HikariPool-1 - Established new connection (3a4ad1b7-5fae-4076-8722-81fe2fdea463)
2026-06-11 03:49:27 [HikariPool-1:connection-adder] DEBUG com.zaxxer.hikari.pool.HikariPool - HikariPool-1 - Added connection com.mysql.cj.jdbc.ConnectionImpl@1938df78
2026-06-11 03:49:27 [HikariPool-1:connection-adder] DEBUG com.zaxxer.hikari.pool.HikariPool - HikariPool-1 - After adding stats (total=14/20, idle=14/20, active=0, waiting=0)
2026-06-11 03:49:27 [HikariPool-1:connection-adder] DEBUG com.zaxxer.hikari.pool.PoolBase - HikariPool-1 - Attempting to create/setup new connection (94545b3a-52ba-48f8-ba17-739a42561d43)
2026-06-11 03:49:27 [HikariPool-1:connection-adder] DEBUG com.zaxxer.hikari.pool.PoolBase - HikariPool-1 - Established new connection (94545b3a-52ba-48f8-ba17-739a42561d43)
2026-06-11 03:49:27 [HikariPool-1:connection-adder] DEBUG com.zaxxer.hikari.pool.HikariPool - HikariPool-1 - Added connection com.mysql.cj.jdbc.ConnectionImpl@7e856d5
2026-06-11 03:49:27 [HikariPool-1:connection-adder] DEBUG com.zaxxer.hikari.pool.HikariPool - HikariPool-1 - After adding stats (total=15/20, idle=15/20, active=0, waiting=0)
2026-06-11 03:49:27 [HikariPool-1:connection-adder] DEBUG com.zaxxer.hikari.pool.PoolBase - HikariPool-1 - Attempting to create/setup new connection (75de0d20-fe5c-412c-b4a8-68d55705c9c5)
2026-06-11 03:49:27 [HikariPool-1:connection-adder] DEBUG com.zaxxer.hikari.pool.PoolBase - HikariPool-1 - Established new connection (75de0d20-fe5c-412c-b4a8-68d55705c9c5)
2026-06-11 03:49:27 [HikariPool-1:connection-adder] DEBUG com.zaxxer.hikari.pool.HikariPool - HikariPool-1 - Added connection com.mysql.cj.jdbc.ConnectionImpl@78b66b19
2026-06-11 03:49:27 [HikariPool-1:connection-adder] DEBUG com.zaxxer.hikari.pool.HikariPool - HikariPool-1 - After adding stats (total=16/20, idle=16/20, active=0, waiting=0)
2026-06-11 03:49:27 [HikariPool-1:connection-adder] DEBUG com.zaxxer.hikari.pool.PoolBase - HikariPool-1 - Attempting to create/setup new connection (3e72e4cf-6ea8-46d7-984a-7f102e0bc03d)
2026-06-11 03:49:27 [HikariPool-1:connection-adder] DEBUG com.zaxxer.hikari.pool.PoolBase - HikariPool-1 - Established new connection (3e72e4cf-6ea8-46d7-984a-7f102e0bc03d)
2026-06-11 03:49:27 [HikariPool-1:connection-adder] DEBUG com.zaxxer.hikari.pool.HikariPool - HikariPool-1 - Added connection com.mysql.cj.jdbc.ConnectionImpl@7aa88d36
2026-06-11 03:49:27 [HikariPool-1:connection-adder] DEBUG com.zaxxer.hikari.pool.HikariPool - HikariPool-1 - After adding stats (total=17/20, idle=17/20, active=0, waiting=0)
2026-06-11 03:49:27 [HikariPool-1:connection-adder] DEBUG com.zaxxer.hikari.pool.PoolBase - HikariPool-1 - Attempting to create/setup new connection (7508efd1-e8d6-4f66-b7bc-916427c95759)
2026-06-11 03:49:27 [HikariPool-1:connection-adder] DEBUG com.zaxxer.hikari.pool.PoolBase - HikariPool-1 - Established new connection (7508efd1-e8d6-4f66-b7bc-916427c95759)
2026-06-11 03:49:27 [HikariPool-1:connection-adder] DEBUG com.zaxxer.hikari.pool.HikariPool - HikariPool-1 - Added connection com.mysql.cj.jdbc.ConnectionImpl@434913a4
2026-06-11 03:49:27 [HikariPool-1:connection-adder] DEBUG com.zaxxer.hikari.pool.HikariPool - HikariPool-1 - After adding stats (total=18/20, idle=18/20, active=0, waiting=0)
2026-06-11 03:49:27 [HikariPool-1:connection-adder] DEBUG com.zaxxer.hikari.pool.PoolBase - HikariPool-1 - Attempting to create/setup new connection (cfc9001a-ec2b-485a-9136-85368f5abcc3)
2026-06-11 03:49:27 [HikariPool-1:connection-adder] DEBUG com.zaxxer.hikari.pool.PoolBase - HikariPool-1 - Established new connection (cfc9001a-ec2b-485a-9136-85368f5abcc3)
2026-06-11 03:49:27 [HikariPool-1:connection-adder] DEBUG com.zaxxer.hikari.pool.HikariPool - HikariPool-1 - Added connection com.mysql.cj.jdbc.ConnectionImpl@5bf46d7e
2026-06-11 03:49:27 [HikariPool-1:connection-adder] DEBUG com.zaxxer.hikari.pool.HikariPool - HikariPool-1 - After adding stats (total=19/20, idle=19/20, active=0, waiting=0)
2026-06-11 03:49:27 [HikariPool-1:connection-adder] DEBUG com.zaxxer.hikari.pool.PoolBase - HikariPool-1 - Attempting to create/setup new connection (4e15c1a7-1aea-454d-9607-112c9bbdb87e)
2026-06-11 03:49:27 [HikariPool-1:connection-adder] DEBUG com.zaxxer.hikari.pool.PoolBase - HikariPool-1 - Established new connection (4e15c1a7-1aea-454d-9607-112c9bbdb87e)
2026-06-11 03:49:27 [HikariPool-1:connection-adder] DEBUG com.zaxxer.hikari.pool.HikariPool - HikariPool-1 - Added connection com.mysql.cj.jdbc.ConnectionImpl@3ad554f2
2026-06-11 03:49:27 [HikariPool-1:connection-adder] DEBUG com.zaxxer.hikari.pool.HikariPool - HikariPool-1 - After adding stats (total=20/20, idle=20/20, active=0, waiting=0)
2026-06-11 03:49:38 [JavaFX Application Thread] INFO  application.java.manager.LogManager - [備品管理システム メニュー画面] ： [貸出業務]ボタン押下
2026-06-11 03:49:38 [JavaFX Application Thread] INFO  application.java.manager.LogManager - [備品一覧画面] ： 初期化処理
2026-06-11 03:49:38 [JavaFX Application Thread] INFO  application.java.manager.LogManager - スライドショーのTimelineを停止しました
2026-06-11 03:49:38 [JavaFX Application Thread] INFO  application.java.manager.LogManager - 呼出中[Page](備品管理システム メニュー画面)の終了処理(dispose)を実行
2026-06-11 03:49:38 [JavaFX Application Thread] INFO  application.java.manager.LogManager - 画面展開 [setPage] ： 画面設定・表示処理 開始
2026-06-11 03:49:38 [JavaFX Application Thread] DEBUG application.java.manager.LogManager - Window切替 [setWindowFrame] : DECORATED(標準)
2026-06-11 03:49:38 [JavaFX Application Thread] DEBUG application.java.manager.LogManager - [備品一覧画面] ： リスト表示処理
2026-06-11 03:49:38 [JavaFX Application Thread] DEBUG application.java.manager.LogManager - [SQL操作クラス] ： 非同期処理 SELECT句発行
2026-06-11 03:49:38 [Thread-5] DEBUG application.java.manager.LogManager - [SQL操作クラス] ： SELECT句発行
2026-06-11 03:49:38 [JavaFX Application Thread] INFO  application.java.manager.LogManager - /application/resources/css/InventoryListStyle.css

2026-06-11 03:49:38 [JavaFX Application Thread] INFO  application.java.manager.LogManager - 画面展開 [setPage] : 備品一覧画面
2026-06-11 03:49:38 [Thread-5] DEBUG o.a.i.t.jdbc.JdbcTransaction - Opening JDBC Connection
2026-06-11 03:49:38 [Thread-5] DEBUG o.a.i.t.jdbc.JdbcTransaction - Setting autocommit to false on JDBC Connection [HikariProxyConnection@381993134 wrapping com.mysql.cj.jdbc.ConnectionImpl@71b904a]
2026-06-11 03:49:38 [Thread-5] DEBUG a.r.m.I.getTableRecords - ==>  Preparing: WITH SUB_TOTAL AS ( SELECT ST.stock_type , ST.stock_code , SUM(CASE WHEN SD.staff_no IS NOT NULL AND (DATEDIFF(CURRENT_DATE(), SD.confirmed_date) <= 365 ) THEN 1 ELSE 0 END) AS lending_count -- 貸出備品の数 , SUM(CASE /* 在庫 = [staff_no]：貸出先ユーザーの社員番号 が未設定(NULL) 且つ [return_date]：返却日が未設定(NULL) 且つ [confirmed_date]：最終所在確認日 が１年以内 */ WHEN SD.staff_no IS NULL AND (DATEDIFF(CURRENT_DATE(), SD.confirmed_date) <= 365 ) THEN 1 ELSE 0 END) AS stock_count -- 在庫備品の数 , SUM(CASE /* 不明 = [return_date]：返却日が未設定(NULL) 且つ [confirmed_date]：最終所在確認日 が１年前以前 ※ 貸出中・在庫を問わず１年前以前のデータを不明とする */ WHEN (DATEDIFF(CURRENT_DATE(), SD.confirmed_date) > 365 ) THEN 1 ELSE 0 END) AS unknown_count -- 不明備品の数 FROM (SELECT stock_type , stock_code FROM stock_type_master WHERE 1 = 1 AND del = FALSE) ST INNER JOIN stock_master SM ON ST.stock_type = SM.stock_type AND ST.stock_code = SM.stock_code AND SM.del = FALSE /* 未登録データを考慮しLEFT JOINとする */ LEFT JOIN stock_data SD ON SM.serial_no = SD.serial_no /* 返却済データの除去 */ AND SD.return_date IS NULL AND SD.del = FALSE WHERE 1 = 1 GROUP BY ST.stock_type , ST.stock_code ) SELECT ST.stock_type AS type, ST.stock_code AS code, ST.name AS itemName, IFNULL(S.lending_count, 0) AS loanCount, IFNULL(S.stock_count, 0) AS returnCount, IFNULL(S.unknown_count, 0) AS unknownCount, IFNULL(S.lending_count + S.stock_count, 0) AS totalCount /* 追加項目：遷移先画面サイズ */ , IFNULL( GCM.value_1, '1') AS windowSize FROM stock_type_master ST INNER JOIN SUB_TOTAL S ON ST.stock_type = S.stock_type AND ST.stock_code = S.stock_code /* 追加項目 遷移先画面サイズ */ LEFT JOIN generic_code_master GCM ON CAST(ST.stock_type AS CHAR) = GCM.type_key AND ST.stock_code = GCM.code AND GCM.generic_key = 'WINDOW_SIZE' WHERE 1 = 1 ORDER BY ST.stock_type , St.stock_code
2026-06-11 03:49:38 [Thread-5] DEBUG a.r.m.I.getTableRecords - ==> Parameters: 
2026-06-11 03:49:38 [Thread-5] DEBUG a.r.m.I.getTableRecords - <==      Total: 16
2026-06-11 03:49:38 [Thread-5] DEBUG o.a.i.t.jdbc.JdbcTransaction - Resetting autocommit to true on JDBC Connection [HikariProxyConnection@381993134 wrapping com.mysql.cj.jdbc.ConnectionImpl@71b904a]
2026-06-11 03:49:38 [Thread-5] DEBUG o.a.i.t.jdbc.JdbcTransaction - Closing JDBC Connection [HikariProxyConnection@381993134 wrapping com.mysql.cj.jdbc.ConnectionImpl@71b904a]
2026-06-11 03:49:52 [JavaFX Application Thread] DEBUG application.java.manager.LogManager - [備品一覧画面] ： 選択行 分類種別: 6 分類コード: 1 遷移先画面サイズ : [1]
2026-06-11 03:49:52 [JavaFX Application Thread] INFO  application.java.manager.LogManager - [備品詳細画面] ： 初期化処理
2026-06-11 03:49:52 [JavaFX Application Thread] INFO  application.java.manager.LogManager - 呼出中[Page](備品一覧画面)の終了処理(dispose)を実行
2026-06-11 03:49:52 [JavaFX Application Thread] INFO  application.java.manager.LogManager - 画面展開 [setPage] ： 画面設定・表示処理 開始
2026-06-11 03:49:52 [JavaFX Application Thread] DEBUG application.java.manager.LogManager - [備品詳細画面] ： リスト表示処理
2026-06-11 03:49:52 [JavaFX Application Thread] DEBUG application.java.manager.LogManager - [SQL操作クラス] ： 非同期処理 SELECT句発行
2026-06-11 03:49:52 [Thread-6] DEBUG application.java.manager.LogManager - [SQL操作クラス] ： SELECT句発行
2026-06-11 03:49:52 [Thread-6] DEBUG application.java.manager.LogManager - [備品詳細画面] ： DB 備品詳細データ取得処理
2026-06-11 03:49:52 [JavaFX Application Thread] INFO  application.java.manager.LogManager - /application/resources/css/InventoryDetailsStyle.css

2026-06-11 03:49:52 [Thread-6] DEBUG o.a.i.t.jdbc.JdbcTransaction - Opening JDBC Connection
2026-06-11 03:49:52 [Thread-6] DEBUG o.a.i.t.jdbc.JdbcTransaction - Setting autocommit to false on JDBC Connection [HikariProxyConnection@1333515294 wrapping com.mysql.cj.jdbc.ConnectionImpl@71b904a]
2026-06-11 03:49:52 [Thread-6] DEBUG a.r.m.I.getTableDetailRecords - ==>  Preparing: WITH BASE_TABLE AS ( SELECT DISTINCT SM.serial_no , SD.id FROM stock_type_master STM /* 参照権限を考慮する場合に用いる INNER JOIN stock_type_data STD ON STM.stock_type = STD.stock_type AND STM.stock_code = STD.stock_code*/ INNER JOIN stock_master SM ON STM.stock_type = SM.stock_type AND STM.stock_code = SM.stock_code AND STM.del = FALSE AND SM.del = FALSE /* 未登録データを考慮しLEFT JOINとする */ LEFT JOIN stock_data SD ON SM.serial_no = SD.serial_no /* 返却済データの除去 ≒ 最新の備品データを取得 */ AND SD.return_date IS NULL AND SD.del = FALSE WHERE 1 = 1 AND STM.stock_type = ? AND STM.stock_code = ? ) SELECT STM.name AS type_name , SM.serial_no AS serialNo , IFNULL(STF.name, '') AS staffName -- 貸出先ユーザー /* DataViewとの整合性を考慮しString型とする */ , CASE WHEN SM.rent_flg THEN '4' -- 不可 / 貸出可否(TRUEの場合、貸出不可) /* 返却処理に含めるため、[貸出中]で[不明]のデータを分ける */ WHEN SD.staff_no IS NOT NULL AND DATEDIFF(CURRENT_DATE (), SD.confirmed_date) > 365 THEN '5' -- 不明 / 可否表示は不明だがデータの種別は分ける [confirmed_date]：最終所在確認日 が１年前以前(可・貸出中に関わらず不明とする) WHEN DATEDIFF(CURRENT_DATE (), SD.confirmed_date) > 365 THEN '3' -- 不明 / [confirmed_date]：最終所在確認日 が１年前以前(可・貸出中に関わらず不明とする) WHEN SD.staff_no IS NOT NULL AND (DATEDIFF(CURRENT_DATE(), SD.confirmed_date) <= 365 ) THEN '2' -- 貸出中 WHEN SD.staff_no IS NULL AND (DATEDIFF(CURRENT_DATE(), SD.confirmed_date) <= 365 ) THEN '1' -- 可 ELSE '4' -- 不可 / 備品データが未登録の場合など、異常なデータ END AS rentFlg , IFNULL(DATE_FORMAT(SD.start_date, '%Y/%m/%d'), '-') AS startDate , IFNULL(DATE_FORMAT(SD.limit_date, '%Y/%m/%d'), '-') AS limitDate , IFNULL(DATE_FORMAT(SD.confirmed_date, '%Y/%m/%d'), '-') AS confirmedDate , SM.name AS model , SM.maker AS maker , IFNULL(SD.parent_stock_code, '-') AS destinationSerialNo -- 親シリアルナンバー , GCM.value_1 AS type , IFNULL(DATE_FORMAT(SM.expiry_date, '%Y/%m/%d'), '-') AS leaseDate , SM.remarks AS remarks , SM.stock_type , SM.stock_code , SD.id AS stockDataId , SD.staff_no AS staff_no FROM BASE_TABLE B INNER JOIN stock_master SM ON B.serial_no = SM.serial_no INNER JOIN stock_type_master STM ON SM.stock_type = STM.stock_type AND SM.stock_code = STM.stock_code /* 未登録データを考慮しLEFT JOINとする */ LEFT JOIN stock_data SD ON B.id = SD.id /* 未登録データを考慮しLEFT JOINとする */ LEFT JOIN staff_master STF ON SD.staff_no = STF.staff_no /* 未登録データを考慮しLEFT JOINとする */ LEFT JOIN generic_code_master GCM ON SM.asset_type = GCM.type_key AND GCM.generic_key = 'ASSET_TYPE' WHERE 1 = 1 ORDER BY SM.serial_no
2026-06-11 03:49:52 [Thread-6] DEBUG a.r.m.I.getTableDetailRecords - ==> Parameters: 6(Integer), 1(String)
2026-06-11 03:49:52 [Thread-6] DEBUG a.r.m.I.getTableDetailRecords - <==      Total: 1
2026-06-11 03:49:52 [Thread-6] DEBUG o.a.i.t.jdbc.JdbcTransaction - Resetting autocommit to true on JDBC Connection [HikariProxyConnection@1333515294 wrapping com.mysql.cj.jdbc.ConnectionImpl@71b904a]
2026-06-11 03:49:52 [Thread-6] DEBUG o.a.i.t.jdbc.JdbcTransaction - Closing JDBC Connection [HikariProxyConnection@1333515294 wrapping com.mysql.cj.jdbc.ConnectionImpl@71b904a]
2026-06-11 03:49:52 [JavaFX Application Thread] INFO  application.java.manager.LogManager - 画面展開 [setPage] : 備品詳細画面
2026-06-11 03:49:56 [HikariPool-1:housekeeper] DEBUG com.zaxxer.hikari.pool.HikariPool - HikariPool-1 - Pool stats (total=20/20, idle=20/20, active=0, waiting=0)
2026-06-11 03:49:56 [HikariPool-1:housekeeper] DEBUG com.zaxxer.hikari.pool.HikariPool - HikariPool-1 - Fill pool skipped, pool has sufficient level or currently being filled.
2026-06-11 03:50:07 [JavaFX Application Thread] INFO  application.java.manager.LogManager - [備品詳細画面] ： [一覧に戻る]ボタン押下
2026-06-11 03:50:07 [JavaFX Application Thread] INFO  application.java.manager.LogManager - [備品一覧画面] ： 初期化処理
2026-06-11 03:50:07 [JavaFX Application Thread] INFO  application.java.manager.LogManager - 呼出中[Page](備品詳細画面)の終了処理(dispose)を実行
2026-06-11 03:50:07 [JavaFX Application Thread] INFO  application.java.manager.LogManager - 画面展開 [setPage] ： 画面設定・表示処理 開始
2026-06-11 03:50:07 [JavaFX Application Thread] DEBUG application.java.manager.LogManager - [備品一覧画面] ： リスト表示処理
2026-06-11 03:50:07 [JavaFX Application Thread] DEBUG application.java.manager.LogManager - [SQL操作クラス] ： 非同期処理 SELECT句発行
2026-06-11 03:50:07 [Thread-7] DEBUG application.java.manager.LogManager - [SQL操作クラス] ： SELECT句発行
2026-06-11 03:50:07 [Thread-7] DEBUG o.a.i.t.jdbc.JdbcTransaction - Opening JDBC Connection
2026-06-11 03:50:07 [JavaFX Application Thread] INFO  application.java.manager.LogManager - /application/resources/css/InventoryListStyle.css

2026-06-11 03:50:07 [Thread-7] DEBUG o.a.i.t.jdbc.JdbcTransaction - Setting autocommit to false on JDBC Connection [HikariProxyConnection@1274308337 wrapping com.mysql.cj.jdbc.ConnectionImpl@71b904a]
2026-06-11 03:50:07 [Thread-7] DEBUG a.r.m.I.getTableRecords - ==>  Preparing: WITH SUB_TOTAL AS ( SELECT ST.stock_type , ST.stock_code , SUM(CASE WHEN SD.staff_no IS NOT NULL AND (DATEDIFF(CURRENT_DATE(), SD.confirmed_date) <= 365 ) THEN 1 ELSE 0 END) AS lending_count -- 貸出備品の数 , SUM(CASE /* 在庫 = [staff_no]：貸出先ユーザーの社員番号 が未設定(NULL) 且つ [return_date]：返却日が未設定(NULL) 且つ [confirmed_date]：最終所在確認日 が１年以内 */ WHEN SD.staff_no IS NULL AND (DATEDIFF(CURRENT_DATE(), SD.confirmed_date) <= 365 ) THEN 1 ELSE 0 END) AS stock_count -- 在庫備品の数 , SUM(CASE /* 不明 = [return_date]：返却日が未設定(NULL) 且つ [confirmed_date]：最終所在確認日 が１年前以前 ※ 貸出中・在庫を問わず１年前以前のデータを不明とする */ WHEN (DATEDIFF(CURRENT_DATE(), SD.confirmed_date) > 365 ) THEN 1 ELSE 0 END) AS unknown_count -- 不明備品の数 FROM (SELECT stock_type , stock_code FROM stock_type_master WHERE 1 = 1 AND del = FALSE) ST INNER JOIN stock_master SM ON ST.stock_type = SM.stock_type AND ST.stock_code = SM.stock_code AND SM.del = FALSE /* 未登録データを考慮しLEFT JOINとする */ LEFT JOIN stock_data SD ON SM.serial_no = SD.serial_no /* 返却済データの除去 */ AND SD.return_date IS NULL AND SD.del = FALSE WHERE 1 = 1 GROUP BY ST.stock_type , ST.stock_code ) SELECT ST.stock_type AS type, ST.stock_code AS code, ST.name AS itemName, IFNULL(S.lending_count, 0) AS loanCount, IFNULL(S.stock_count, 0) AS returnCount, IFNULL(S.unknown_count, 0) AS unknownCount, IFNULL(S.lending_count + S.stock_count, 0) AS totalCount /* 追加項目：遷移先画面サイズ */ , IFNULL( GCM.value_1, '1') AS windowSize FROM stock_type_master ST INNER JOIN SUB_TOTAL S ON ST.stock_type = S.stock_type AND ST.stock_code = S.stock_code /* 追加項目 遷移先画面サイズ */ LEFT JOIN generic_code_master GCM ON CAST(ST.stock_type AS CHAR) = GCM.type_key AND ST.stock_code = GCM.code AND GCM.generic_key = 'WINDOW_SIZE' WHERE 1 = 1 ORDER BY ST.stock_type , St.stock_code
2026-06-11 03:50:07 [Thread-7] DEBUG a.r.m.I.getTableRecords - ==> Parameters: 
2026-06-11 03:50:07 [Thread-7] DEBUG a.r.m.I.getTableRecords - <==      Total: 16
2026-06-11 03:50:07 [Thread-7] DEBUG o.a.i.t.jdbc.JdbcTransaction - Resetting autocommit to true on JDBC Connection [HikariProxyConnection@1274308337 wrapping com.mysql.cj.jdbc.ConnectionImpl@71b904a]
2026-06-11 03:50:07 [Thread-7] DEBUG o.a.i.t.jdbc.JdbcTransaction - Closing JDBC Connection [HikariProxyConnection@1274308337 wrapping com.mysql.cj.jdbc.ConnectionImpl@71b904a]
2026-06-11 03:50:07 [JavaFX Application Thread] INFO  application.java.manager.LogManager - 画面展開 [setPage] : 備品一覧画面
2026-06-11 03:50:21 [JavaFX Application Thread] INFO  application.java.manager.LogManager - [備品一覧画面] ： [メニューに戻る]ボタン押下
2026-06-11 03:50:21 [JavaFX Application Thread] INFO  application.java.manager.LogManager - [備品管理システム メニュー画面] ： 初期化処理
2026-06-11 03:50:21 [JavaFX Application Thread] INFO  application.java.manager.LogManager - 呼出中[Page](備品一覧画面)の終了処理(dispose)を実行
2026-06-11 03:50:21 [JavaFX Application Thread] INFO  application.java.manager.LogManager - 画面展開 [setPage] ： 画面設定・表示処理 開始
2026-06-11 03:50:21 [JavaFX Application Thread] DEBUG application.java.manager.LogManager - Window切替 [setWindowFrame] : TRANSPARENT(透明枠・背景色透明)
2026-06-11 03:50:21 [JavaFX Application Thread] INFO  application.java.manager.LogManager - /application/resources/css/MenuMacFinderStyle.css

2026-06-11 03:50:21 [JavaFX Application Thread] INFO  application.java.manager.LogManager - 画面展開 [setPage] : 備品管理システム メニュー画面
2026-06-11 03:50:26 [HikariPool-1:housekeeper] DEBUG com.zaxxer.hikari.pool.HikariPool - HikariPool-1 - Pool stats (total=20/20, idle=20/20, active=0, waiting=0)
2026-06-11 03:50:26 [HikariPool-1:housekeeper] DEBUG com.zaxxer.hikari.pool.HikariPool - HikariPool-1 - Fill pool skipped, pool has sufficient level or currently being filled.
2026-06-11 03:50:27 [JavaFX Application Thread] DEBUG application.java.manager.LogManager - [SQL操作クラス] ： 非同期処理 スレッドプール解放
2026-06-11 03:50:27 [JavaFX Application Thread] INFO  com.zaxxer.hikari.HikariDataSource - HikariPool-1 - Shutdown initiated...
2026-06-11 03:50:27 [JavaFX Application Thread] DEBUG com.zaxxer.hikari.pool.HikariPool - HikariPool-1 - Before shutdown stats (total=20/20, idle=20/20, active=0, waiting=0)
2026-06-11 03:50:27 [HikariPool-1:connection-closer] DEBUG com.zaxxer.hikari.pool.PoolBase - HikariPool-1 - Closing connection com.mysql.cj.jdbc.ConnectionImpl@71b904a: (connection evicted)
2026-06-11 03:50:27 [HikariPool-1:connection-closer] DEBUG com.zaxxer.hikari.pool.PoolBase - HikariPool-1 - Closing connection com.mysql.cj.jdbc.ConnectionImpl@376b4e4b: (connection evicted)
2026-06-11 03:50:27 [HikariPool-1:connection-closer] DEBUG com.zaxxer.hikari.pool.PoolBase - HikariPool-1 - Closing connection com.mysql.cj.jdbc.ConnectionImpl@76564470: (connection evicted)
2026-06-11 03:50:27 [HikariPool-1:connection-closer] DEBUG com.zaxxer.hikari.pool.PoolBase - HikariPool-1 - Closing connection com.mysql.cj.jdbc.ConnectionImpl@476a137d: (connection evicted)
2026-06-11 03:50:27 [HikariPool-1:connection-closer] DEBUG com.zaxxer.hikari.pool.PoolBase - HikariPool-1 - Closing connection com.mysql.cj.jdbc.ConnectionImpl@1679bb3f: (connection evicted)
2026-06-11 03:50:27 [HikariPool-1:connection-closer] DEBUG com.zaxxer.hikari.pool.PoolBase - HikariPool-1 - Closing connection com.mysql.cj.jdbc.ConnectionImpl@5b10fe8a: (connection evicted)
2026-06-11 03:50:27 [HikariPool-1:connection-closer] DEBUG com.zaxxer.hikari.pool.PoolBase - HikariPool-1 - Closing connection com.mysql.cj.jdbc.ConnectionImpl@123741ef: (connection evicted)
2026-06-11 03:50:27 [HikariPool-1:connection-closer] DEBUG com.zaxxer.hikari.pool.PoolBase - HikariPool-1 - Closing connection com.mysql.cj.jdbc.ConnectionImpl@356ee3d8: (connection evicted)
2026-06-11 03:50:27 [HikariPool-1:connection-closer] DEBUG com.zaxxer.hikari.pool.PoolBase - HikariPool-1 - Closing connection com.mysql.cj.jdbc.ConnectionImpl@31438dc8: (connection evicted)
2026-06-11 03:50:27 [HikariPool-1:connection-closer] DEBUG com.zaxxer.hikari.pool.PoolBase - HikariPool-1 - Closing connection com.mysql.cj.jdbc.ConnectionImpl@2f5da164: (connection evicted)
2026-06-11 03:50:27 [HikariPool-1:connection-closer] DEBUG com.zaxxer.hikari.pool.PoolBase - HikariPool-1 - Closing connection com.mysql.cj.jdbc.ConnectionImpl@772d45f: (connection evicted)
2026-06-11 03:50:27 [HikariPool-1:connection-closer] DEBUG com.zaxxer.hikari.pool.PoolBase - HikariPool-1 - Closing connection com.mysql.cj.jdbc.ConnectionImpl@57e27827: (connection evicted)
2026-06-11 03:50:27 [HikariPool-1:connection-closer] DEBUG com.zaxxer.hikari.pool.PoolBase - HikariPool-1 - Closing connection com.mysql.cj.jdbc.ConnectionImpl@7de2f8b9: (connection evicted)
2026-06-11 03:50:27 [HikariPool-1:connection-closer] DEBUG com.zaxxer.hikari.pool.PoolBase - HikariPool-1 - Closing connection com.mysql.cj.jdbc.ConnectionImpl@1938df78: (connection evicted)
2026-06-11 03:50:27 [HikariPool-1:connection-closer] DEBUG com.zaxxer.hikari.pool.PoolBase - HikariPool-1 - Closing connection com.mysql.cj.jdbc.ConnectionImpl@7e856d5: (connection evicted)
2026-06-11 03:50:27 [HikariPool-1:connection-closer] DEBUG com.zaxxer.hikari.pool.PoolBase - HikariPool-1 - Closing connection com.mysql.cj.jdbc.ConnectionImpl@78b66b19: (connection evicted)
2026-06-11 03:50:27 [HikariPool-1:connection-closer] DEBUG com.zaxxer.hikari.pool.PoolBase - HikariPool-1 - Closing connection com.mysql.cj.jdbc.ConnectionImpl@7aa88d36: (connection evicted)
2026-06-11 03:50:27 [HikariPool-1:connection-closer] DEBUG com.zaxxer.hikari.pool.PoolBase - HikariPool-1 - Closing connection com.mysql.cj.jdbc.ConnectionImpl@434913a4: (connection evicted)
2026-06-11 03:50:27 [HikariPool-1:connection-closer] DEBUG com.zaxxer.hikari.pool.PoolBase - HikariPool-1 - Closing connection com.mysql.cj.jdbc.ConnectionImpl@5bf46d7e: (connection evicted)
2026-06-11 03:50:27 [HikariPool-1:connection-closer] DEBUG com.zaxxer.hikari.pool.PoolBase - HikariPool-1 - Closing connection com.mysql.cj.jdbc.ConnectionImpl@3ad554f2: (connection evicted)
2026-06-11 03:50:27 [JavaFX Application Thread] DEBUG com.zaxxer.hikari.pool.HikariPool - HikariPool-1 - After  shutdown stats (total=0/20, idle=0/20, active=0, waiting=0)
2026-06-11 03:50:27 [JavaFX Application Thread] INFO  com.zaxxer.hikari.HikariDataSource - HikariPool-1 - Shutdown completed.
2026-06-11 03:50:27 [JavaFX Application Thread] DEBUG application.java.manager.LogManager - [SQL操作クラス] ： コネクションプール(HikariCP) Closeing
2026-06-11 03:50:27 [JavaFX Application Thread] INFO  application.java.manager.LogManager - 終了処理 : 完了
2026-06-11 04:07:00 [main] INFO  application.java.manager.LogManager - 備品管理システム : 起動
2026-06-11 04:07:00 [JavaFX Application Thread] INFO  application.java.manager.LogManager - 開始処理 : 画面ウィンドウ枠生成
2026-06-11 04:07:00 [JavaFX Application Thread] INFO  application.java.manager.LogManager - [ログイン画面] ： 初期化処理
2026-06-11 04:07:00 [JavaFX Application Thread] INFO  application.java.manager.LogManager - 画面展開 [setPage] ： 画面設定・表示処理 開始
2026-06-11 04:07:00 [JavaFX Application Thread] DEBUG application.java.manager.LogManager - Window切替 [setWindowFrame] : TRANSPARENT(透明枠・背景色透明)
2026-06-11 04:07:00 [JavaFX Application Thread] INFO  application.java.manager.LogManager - [SQL操作クラス] ： 非同期処理 スレッドプール作成
2026-06-11 04:07:00 [JavaFX Application Thread] INFO  application.java.manager.LogManager - [SQL操作クラス] ： SQL Session生成
2026-06-11 04:07:00 [JavaFX Application Thread] DEBUG application.java.manager.LogManager - [SQL操作クラス] ： mybatis有効化
2026-06-11 04:07:00 [JavaFX Application Thread] DEBUG o.apache.ibatis.logging.LogFactory - Logging initialized using 'class org.apache.ibatis.logging.slf4j.Slf4jImpl' adapter.
2026-06-11 04:07:00 [JavaFX Application Thread] DEBUG o.apache.ibatis.logging.LogFactory - Logging initialized using 'class org.apache.ibatis.logging.slf4j.Slf4jImpl' adapter.
2026-06-11 04:07:00 [JavaFX Application Thread] DEBUG com.zaxxer.hikari.util.UtilityElf - Class com.mysql.cj.jdbc.Driver found in Thread context class loader jdk.internal.loader.ClassLoaders$AppClassLoader@7699a589
2026-06-11 04:07:01 [JavaFX Application Thread] INFO  application.java.manager.LogManager - /application/resources/css/LoginStyle.css

2026-06-11 04:07:01 [JavaFX Application Thread] INFO  application.java.manager.LogManager - 画面展開 [setPage] : ログイン画面
2026-06-11 04:07:08 [JavaFX Application Thread] INFO  application.java.manager.LogManager - [ログイン画面] ： [QRコード認証]ボタン押下
2026-06-11 04:07:08 [JavaFX Application Thread] INFO  application.java.manager.LogManager - [Webサーバー操作クラス] ： 受信サーバー設定(LocalHost)
2026-06-11 04:07:09 [JavaFX Application Thread] INFO  application.java.manager.LogManager - [ログイン画面] ： 認証サーバーexeを起動します。
2026-06-11 04:07:09 [JavaFX Application Thread] DEBUG application.java.manager.LogManager - [ログイン画面] ： 標準ブラウザを起動します URL: https://localhost:7215?redirect_uri=http://localhost:8888/callback
2026-06-11 04:07:50 [HTTP-Dispatcher] INFO  application.java.manager.LogManager - [Webサーバー操作クラス] ： 認証サーバーからデータを受信しました
2026-06-11 04:07:51 [JavaFX Application Thread] INFO  application.java.manager.LogManager - [ログイン画面] ： ログイン(PassKey)成功
2026-06-11 04:07:51 [JavaFX Application Thread] DEBUG application.java.manager.LogManager - [ログイン画面] ： 受信したトークン情報: 1
2026-06-11 04:07:51 [JavaFX Application Thread] DEBUG application.java.manager.LogManager - [SQL操作クラス] ： SELECT句発行
2026-06-11 04:07:51 [JavaFX Application Thread] DEBUG application.java.manager.LogManager - [ログイン画面] ： DB 社員マスタ取得処理
2026-06-11 04:07:51 [JavaFX Application Thread] DEBUG o.a.i.t.jdbc.JdbcTransaction - Opening JDBC Connection
2026-06-11 04:07:51 [JavaFX Application Thread] DEBUG com.zaxxer.hikari.HikariConfig - HikariPool-1 - configuration:
2026-06-11 04:07:51 [JavaFX Application Thread] DEBUG com.zaxxer.hikari.HikariConfig - allowPoolSuspension.............false
2026-06-11 04:07:51 [JavaFX Application Thread] DEBUG com.zaxxer.hikari.HikariConfig - autoCommit......................true
2026-06-11 04:07:51 [JavaFX Application Thread] DEBUG com.zaxxer.hikari.HikariConfig - catalog.........................none
2026-06-11 04:07:51 [JavaFX Application Thread] DEBUG com.zaxxer.hikari.HikariConfig - connectionInitSql...............none
2026-06-11 04:07:51 [JavaFX Application Thread] DEBUG com.zaxxer.hikari.HikariConfig - connectionTestQuery.............none
2026-06-11 04:07:51 [JavaFX Application Thread] DEBUG com.zaxxer.hikari.HikariConfig - connectionTimeout...............30000
2026-06-11 04:07:51 [JavaFX Application Thread] DEBUG com.zaxxer.hikari.HikariConfig - credentials.....................com.zaxxer.hikari.util.Credentials@63302b59
2026-06-11 04:07:51 [JavaFX Application Thread] DEBUG com.zaxxer.hikari.HikariConfig - credentialsProvider.............none
2026-06-11 04:07:51 [JavaFX Application Thread] DEBUG com.zaxxer.hikari.HikariConfig - credentialsProviderClassName....none
2026-06-11 04:07:51 [JavaFX Application Thread] DEBUG com.zaxxer.hikari.HikariConfig - dataSource......................none
2026-06-11 04:07:51 [JavaFX Application Thread] DEBUG com.zaxxer.hikari.HikariConfig - dataSourceClassName.............none
2026-06-11 04:07:51 [JavaFX Application Thread] DEBUG com.zaxxer.hikari.HikariConfig - dataSourceJNDI..................none
2026-06-11 04:07:51 [JavaFX Application Thread] DEBUG com.zaxxer.hikari.HikariConfig - dataSourceProperties............{password=<masked>}
2026-06-11 04:07:51 [JavaFX Application Thread] DEBUG com.zaxxer.hikari.HikariConfig - driverClassName................."com.mysql.cj.jdbc.Driver"
2026-06-11 04:07:51 [JavaFX Application Thread] DEBUG com.zaxxer.hikari.HikariConfig - exceptionOverride...............none
2026-06-11 04:07:51 [JavaFX Application Thread] DEBUG com.zaxxer.hikari.HikariConfig - exceptionOverrideClassName......none
2026-06-11 04:07:51 [JavaFX Application Thread] DEBUG com.zaxxer.hikari.HikariConfig - healthCheckProperties...........{}
2026-06-11 04:07:51 [JavaFX Application Thread] DEBUG com.zaxxer.hikari.HikariConfig - healthCheckRegistry.............none
2026-06-11 04:07:51 [JavaFX Application Thread] DEBUG com.zaxxer.hikari.HikariConfig - idleTimeout.....................600000
2026-06-11 04:07:51 [JavaFX Application Thread] DEBUG com.zaxxer.hikari.HikariConfig - initializationFailTimeout.......1
2026-06-11 04:07:51 [JavaFX Application Thread] DEBUG com.zaxxer.hikari.HikariConfig - isolateInternalQueries..........false
2026-06-11 04:07:51 [JavaFX Application Thread] DEBUG com.zaxxer.hikari.HikariConfig - jdbcUrl.........................jdbc:mysql://localhost:3306/java_learning?useUnicode=true&characterEncoding=UTF-8&serverTimezone=GMT%2B9&useSSL=false&allowPublicKeyRetrieval=true&useCursorFetch=true
2026-06-11 04:07:51 [JavaFX Application Thread] DEBUG com.zaxxer.hikari.HikariConfig - keepaliveTime...................120000
2026-06-11 04:07:51 [JavaFX Application Thread] DEBUG com.zaxxer.hikari.HikariConfig - leakDetectionThreshold..........0
2026-06-11 04:07:51 [JavaFX Application Thread] DEBUG com.zaxxer.hikari.HikariConfig - maxLifetime.....................1800000
2026-06-11 04:07:51 [JavaFX Application Thread] DEBUG com.zaxxer.hikari.HikariConfig - maximumPoolSize.................20
2026-06-11 04:07:51 [JavaFX Application Thread] DEBUG com.zaxxer.hikari.HikariConfig - metricRegistry..................none
2026-06-11 04:07:51 [JavaFX Application Thread] DEBUG com.zaxxer.hikari.HikariConfig - metricsTrackerFactory...........none
2026-06-11 04:07:51 [JavaFX Application Thread] DEBUG com.zaxxer.hikari.HikariConfig - minimumIdle.....................20
2026-06-11 04:07:51 [JavaFX Application Thread] DEBUG com.zaxxer.hikari.HikariConfig - password........................<masked>
2026-06-11 04:07:51 [JavaFX Application Thread] DEBUG com.zaxxer.hikari.HikariConfig - poolName........................"HikariPool-1"
2026-06-11 04:07:51 [JavaFX Application Thread] DEBUG com.zaxxer.hikari.HikariConfig - readOnly........................false
2026-06-11 04:07:51 [JavaFX Application Thread] DEBUG com.zaxxer.hikari.HikariConfig - registerMbeans..................false
2026-06-11 04:07:51 [JavaFX Application Thread] DEBUG com.zaxxer.hikari.HikariConfig - scheduledExecutor...............none
2026-06-11 04:07:51 [JavaFX Application Thread] DEBUG com.zaxxer.hikari.HikariConfig - schema..........................none
2026-06-11 04:07:51 [JavaFX Application Thread] DEBUG com.zaxxer.hikari.HikariConfig - threadFactory...................internal
2026-06-11 04:07:51 [JavaFX Application Thread] DEBUG com.zaxxer.hikari.HikariConfig - transactionIsolation............default
2026-06-11 04:07:51 [JavaFX Application Thread] DEBUG com.zaxxer.hikari.HikariConfig - username........................"user"
2026-06-11 04:07:51 [JavaFX Application Thread] DEBUG com.zaxxer.hikari.HikariConfig - validationTimeout...............5000
2026-06-11 04:07:51 [JavaFX Application Thread] INFO  com.zaxxer.hikari.HikariDataSource - HikariPool-1 - Starting...
2026-06-11 04:07:51 [JavaFX Application Thread] DEBUG com.zaxxer.hikari.pool.PoolBase - HikariPool-1 - Attempting to create/setup new connection (9c9e3b1d-1a7e-4b31-a96e-5c5914db6ffd)
2026-06-11 04:07:51 [JavaFX Application Thread] DEBUG com.zaxxer.hikari.pool.PoolBase - HikariPool-1 - Established new connection (9c9e3b1d-1a7e-4b31-a96e-5c5914db6ffd)
2026-06-11 04:07:51 [JavaFX Application Thread] INFO  com.zaxxer.hikari.pool.HikariPool - HikariPool-1 - Added connection com.mysql.cj.jdbc.ConnectionImpl@71b904a
2026-06-11 04:07:51 [JavaFX Application Thread] INFO  com.zaxxer.hikari.HikariDataSource - HikariPool-1 - Start completed.
2026-06-11 04:07:51 [JavaFX Application Thread] DEBUG o.a.i.t.jdbc.JdbcTransaction - Setting autocommit to false on JDBC Connection [HikariProxyConnection@1340165404 wrapping com.mysql.cj.jdbc.ConnectionImpl@71b904a]
2026-06-11 04:07:51 [JavaFX Application Thread] DEBUG a.r.m.StaffMasterMapper.selectByNo - ==>  Preparing: SELECT * FROM staff_master WHERE staff_no = ?
2026-06-11 04:07:51 [JavaFX Application Thread] DEBUG a.r.m.StaffMasterMapper.selectByNo - ==> Parameters: 1(Integer)
2026-06-11 04:07:51 [JavaFX Application Thread] DEBUG a.r.m.StaffMasterMapper.selectByNo - <==      Total: 1
2026-06-11 04:07:51 [JavaFX Application Thread] DEBUG o.a.i.t.jdbc.JdbcTransaction - Resetting autocommit to true on JDBC Connection [HikariProxyConnection@1340165404 wrapping com.mysql.cj.jdbc.ConnectionImpl@71b904a]
2026-06-11 04:07:51 [JavaFX Application Thread] DEBUG o.a.i.t.jdbc.JdbcTransaction - Closing JDBC Connection [HikariProxyConnection@1340165404 wrapping com.mysql.cj.jdbc.ConnectionImpl@71b904a]
2026-06-11 04:07:51 [JavaFX Application Thread] INFO  application.java.manager.LogManager - [ログイン画面] ： メニュー画面へ切替
2026-06-11 04:07:51 [JavaFX Application Thread] INFO  application.java.manager.LogManager - [備品管理システム メニュー画面] ： 初期化処理
2026-06-11 04:07:51 [JavaFX Application Thread] INFO  application.java.manager.LogManager - 呼出中[Page](ログイン画面)の終了処理(dispose)を実行
2026-06-11 04:07:51 [JavaFX Application Thread] INFO  application.java.manager.LogManager - 画面展開 [setPage] ： 画面設定・表示処理 開始
2026-06-11 04:07:51 [HikariPool-1:housekeeper] DEBUG com.zaxxer.hikari.pool.HikariPool - HikariPool-1 - Pool stats (total=1/20, idle=1/20, active=0, waiting=0)
2026-06-11 04:07:51 [HikariPool-1:connection-adder] DEBUG com.zaxxer.hikari.pool.PoolBase - HikariPool-1 - Attempting to create/setup new connection (665e91d5-69d7-4b52-b3a8-b81d631ab7b8)
2026-06-11 04:07:51 [HikariPool-1:connection-adder] DEBUG com.zaxxer.hikari.pool.PoolBase - HikariPool-1 - Established new connection (665e91d5-69d7-4b52-b3a8-b81d631ab7b8)
2026-06-11 04:07:51 [HikariPool-1:connection-adder] DEBUG com.zaxxer.hikari.pool.HikariPool - HikariPool-1 - Added connection com.mysql.cj.jdbc.ConnectionImpl@1022cd77
2026-06-11 04:07:51 [HikariPool-1:connection-adder] DEBUG com.zaxxer.hikari.pool.HikariPool - HikariPool-1 - After adding stats (total=2/20, idle=2/20, active=0, waiting=0)
2026-06-11 04:07:51 [HikariPool-1:connection-adder] DEBUG com.zaxxer.hikari.pool.PoolBase - HikariPool-1 - Attempting to create/setup new connection (91e260a1-d6e2-4e0d-8225-1d31037350e0)
2026-06-11 04:07:51 [HikariPool-1:connection-adder] DEBUG com.zaxxer.hikari.pool.PoolBase - HikariPool-1 - Established new connection (91e260a1-d6e2-4e0d-8225-1d31037350e0)
2026-06-11 04:07:51 [HikariPool-1:connection-adder] DEBUG com.zaxxer.hikari.pool.HikariPool - HikariPool-1 - Added connection com.mysql.cj.jdbc.ConnectionImpl@511fc74c
2026-06-11 04:07:51 [JavaFX Application Thread] INFO  application.java.manager.LogManager - /application/resources/css/MenuMacFinderStyle.css

2026-06-11 04:07:51 [HikariPool-1:connection-adder] DEBUG com.zaxxer.hikari.pool.HikariPool - HikariPool-1 - After adding stats (total=3/20, idle=3/20, active=0, waiting=0)
2026-06-11 04:07:51 [HikariPool-1:connection-adder] DEBUG com.zaxxer.hikari.pool.PoolBase - HikariPool-1 - Attempting to create/setup new connection (0ce34f69-1d64-48ba-904b-5f0f2d846f7a)
2026-06-11 04:07:51 [HikariPool-1:connection-adder] DEBUG com.zaxxer.hikari.pool.PoolBase - HikariPool-1 - Established new connection (0ce34f69-1d64-48ba-904b-5f0f2d846f7a)
2026-06-11 04:07:51 [HikariPool-1:connection-adder] DEBUG com.zaxxer.hikari.pool.HikariPool - HikariPool-1 - Added connection com.mysql.cj.jdbc.ConnectionImpl@6004f687
2026-06-11 04:07:51 [HikariPool-1:connection-adder] DEBUG com.zaxxer.hikari.pool.HikariPool - HikariPool-1 - After adding stats (total=4/20, idle=4/20, active=0, waiting=0)
2026-06-11 04:07:51 [HikariPool-1:connection-adder] DEBUG com.zaxxer.hikari.pool.PoolBase - HikariPool-1 - Attempting to create/setup new connection (a216d397-e30b-4ab3-b9ba-64a6567363ee)
2026-06-11 04:07:51 [HikariPool-1:connection-adder] DEBUG com.zaxxer.hikari.pool.PoolBase - HikariPool-1 - Established new connection (a216d397-e30b-4ab3-b9ba-64a6567363ee)
2026-06-11 04:07:51 [HikariPool-1:connection-adder] DEBUG com.zaxxer.hikari.pool.HikariPool - HikariPool-1 - Added connection com.mysql.cj.jdbc.ConnectionImpl@31303803
2026-06-11 04:07:51 [HikariPool-1:connection-adder] DEBUG com.zaxxer.hikari.pool.HikariPool - HikariPool-1 - After adding stats (total=5/20, idle=5/20, active=0, waiting=0)
2026-06-11 04:07:51 [HikariPool-1:connection-adder] DEBUG com.zaxxer.hikari.pool.PoolBase - HikariPool-1 - Attempting to create/setup new connection (b1076789-c6ea-4d81-930e-22e0f54a82d3)
2026-06-11 04:07:51 [HikariPool-1:connection-adder] DEBUG com.zaxxer.hikari.pool.PoolBase - HikariPool-1 - Established new connection (b1076789-c6ea-4d81-930e-22e0f54a82d3)
2026-06-11 04:07:51 [HikariPool-1:connection-adder] DEBUG com.zaxxer.hikari.pool.HikariPool - HikariPool-1 - Added connection com.mysql.cj.jdbc.ConnectionImpl@4e061eb8
2026-06-11 04:07:52 [JavaFX Application Thread] INFO  application.java.manager.LogManager - 画面展開 [setPage] : 備品管理システム メニュー画面
2026-06-11 04:07:52 [HikariPool-1:connection-adder] DEBUG com.zaxxer.hikari.pool.HikariPool - HikariPool-1 - After adding stats (total=6/20, idle=6/20, active=0, waiting=0)
2026-06-11 04:07:52 [HikariPool-1:connection-adder] DEBUG com.zaxxer.hikari.pool.PoolBase - HikariPool-1 - Attempting to create/setup new connection (9af6821c-bf31-40d1-889e-88662923078e)
2026-06-11 04:07:52 [HikariPool-1:connection-adder] DEBUG com.zaxxer.hikari.pool.PoolBase - HikariPool-1 - Established new connection (9af6821c-bf31-40d1-889e-88662923078e)
2026-06-11 04:07:52 [HikariPool-1:connection-adder] DEBUG com.zaxxer.hikari.pool.HikariPool - HikariPool-1 - Added connection com.mysql.cj.jdbc.ConnectionImpl@357ee592
2026-06-11 04:07:52 [HikariPool-1:connection-adder] DEBUG com.zaxxer.hikari.pool.HikariPool - HikariPool-1 - After adding stats (total=7/20, idle=7/20, active=0, waiting=0)
2026-06-11 04:07:52 [HikariPool-1:connection-adder] DEBUG com.zaxxer.hikari.pool.PoolBase - HikariPool-1 - Attempting to create/setup new connection (de634f9f-d9e0-428f-8b6b-09d3ba738bf0)
2026-06-11 04:07:52 [HikariPool-1:connection-adder] DEBUG com.zaxxer.hikari.pool.PoolBase - HikariPool-1 - Established new connection (de634f9f-d9e0-428f-8b6b-09d3ba738bf0)
2026-06-11 04:07:52 [HikariPool-1:connection-adder] DEBUG com.zaxxer.hikari.pool.HikariPool - HikariPool-1 - Added connection com.mysql.cj.jdbc.ConnectionImpl@498e3eed
2026-06-11 04:07:52 [HikariPool-1:connection-adder] DEBUG com.zaxxer.hikari.pool.HikariPool - HikariPool-1 - After adding stats (total=8/20, idle=8/20, active=0, waiting=0)
2026-06-11 04:07:52 [HikariPool-1:connection-adder] DEBUG com.zaxxer.hikari.pool.PoolBase - HikariPool-1 - Attempting to create/setup new connection (7da8c526-ab77-4675-ae1c-a1e58e9c300b)
2026-06-11 04:07:52 [HikariPool-1:connection-adder] DEBUG com.zaxxer.hikari.pool.PoolBase - HikariPool-1 - Established new connection (7da8c526-ab77-4675-ae1c-a1e58e9c300b)
2026-06-11 04:07:52 [HikariPool-1:connection-adder] DEBUG com.zaxxer.hikari.pool.HikariPool - HikariPool-1 - Added connection com.mysql.cj.jdbc.ConnectionImpl@7ffc1495
2026-06-11 04:07:52 [HikariPool-1:connection-adder] DEBUG com.zaxxer.hikari.pool.HikariPool - HikariPool-1 - After adding stats (total=9/20, idle=9/20, active=0, waiting=0)
2026-06-11 04:07:52 [HikariPool-1:connection-adder] DEBUG com.zaxxer.hikari.pool.PoolBase - HikariPool-1 - Attempting to create/setup new connection (7a53298d-15e6-4401-885b-4394021cc521)
2026-06-11 04:07:52 [HikariPool-1:connection-adder] DEBUG com.zaxxer.hikari.pool.PoolBase - HikariPool-1 - Established new connection (7a53298d-15e6-4401-885b-4394021cc521)
2026-06-11 04:07:52 [HikariPool-1:connection-adder] DEBUG com.zaxxer.hikari.pool.HikariPool - HikariPool-1 - Added connection com.mysql.cj.jdbc.ConnectionImpl@68ba5b68
2026-06-11 04:07:52 [HikariPool-1:connection-adder] DEBUG com.zaxxer.hikari.pool.HikariPool - HikariPool-1 - After adding stats (total=10/20, idle=10/20, active=0, waiting=0)
2026-06-11 04:07:52 [HikariPool-1:connection-adder] DEBUG com.zaxxer.hikari.pool.PoolBase - HikariPool-1 - Attempting to create/setup new connection (6ab2d3eb-12b0-4bfc-9d3f-ccb1097b694f)
2026-06-11 04:07:52 [HikariPool-1:connection-adder] DEBUG com.zaxxer.hikari.pool.PoolBase - HikariPool-1 - Established new connection (6ab2d3eb-12b0-4bfc-9d3f-ccb1097b694f)
2026-06-11 04:07:52 [HikariPool-1:connection-adder] DEBUG com.zaxxer.hikari.pool.HikariPool - HikariPool-1 - Added connection com.mysql.cj.jdbc.ConnectionImpl@2beb32d0
2026-06-11 04:07:52 [HikariPool-1:connection-adder] DEBUG com.zaxxer.hikari.pool.HikariPool - HikariPool-1 - After adding stats (total=11/20, idle=11/20, active=0, waiting=0)
2026-06-11 04:07:52 [HikariPool-1:connection-adder] DEBUG com.zaxxer.hikari.pool.PoolBase - HikariPool-1 - Attempting to create/setup new connection (3acbed1d-17f9-45a8-8880-da37887ed876)
2026-06-11 04:07:52 [HikariPool-1:connection-adder] DEBUG com.zaxxer.hikari.pool.PoolBase - HikariPool-1 - Established new connection (3acbed1d-17f9-45a8-8880-da37887ed876)
2026-06-11 04:07:52 [HikariPool-1:connection-adder] DEBUG com.zaxxer.hikari.pool.HikariPool - HikariPool-1 - Added connection com.mysql.cj.jdbc.ConnectionImpl@1a36ca11
2026-06-11 04:07:52 [HikariPool-1:connection-adder] DEBUG com.zaxxer.hikari.pool.HikariPool - HikariPool-1 - After adding stats (total=12/20, idle=12/20, active=0, waiting=0)
2026-06-11 04:07:52 [HikariPool-1:connection-adder] DEBUG com.zaxxer.hikari.pool.PoolBase - HikariPool-1 - Attempting to create/setup new connection (0573c199-8429-43ba-8432-d043e396c894)
2026-06-11 04:07:52 [HikariPool-1:connection-adder] DEBUG com.zaxxer.hikari.pool.PoolBase - HikariPool-1 - Established new connection (0573c199-8429-43ba-8432-d043e396c894)
2026-06-11 04:07:52 [HikariPool-1:connection-adder] DEBUG com.zaxxer.hikari.pool.HikariPool - HikariPool-1 - Added connection com.mysql.cj.jdbc.ConnectionImpl@3a449060
2026-06-11 04:07:52 [HikariPool-1:connection-adder] DEBUG com.zaxxer.hikari.pool.HikariPool - HikariPool-1 - After adding stats (total=13/20, idle=13/20, active=0, waiting=0)
2026-06-11 04:07:52 [HikariPool-1:connection-adder] DEBUG com.zaxxer.hikari.pool.PoolBase - HikariPool-1 - Attempting to create/setup new connection (a5758290-9377-44e6-86c5-92e6d4fa855d)
2026-06-11 04:07:52 [HikariPool-1:connection-adder] DEBUG com.zaxxer.hikari.pool.PoolBase - HikariPool-1 - Established new connection (a5758290-9377-44e6-86c5-92e6d4fa855d)
2026-06-11 04:07:52 [HikariPool-1:connection-adder] DEBUG com.zaxxer.hikari.pool.HikariPool - HikariPool-1 - Added connection com.mysql.cj.jdbc.ConnectionImpl@5b8d3f30
2026-06-11 04:07:52 [HikariPool-1:connection-adder] DEBUG com.zaxxer.hikari.pool.HikariPool - HikariPool-1 - After adding stats (total=14/20, idle=14/20, active=0, waiting=0)
2026-06-11 04:07:52 [HikariPool-1:connection-adder] DEBUG com.zaxxer.hikari.pool.PoolBase - HikariPool-1 - Attempting to create/setup new connection (80c7b095-02f4-4cb0-aea7-b2eafcda41c7)
2026-06-11 04:07:52 [HikariPool-1:connection-adder] DEBUG com.zaxxer.hikari.pool.PoolBase - HikariPool-1 - Established new connection (80c7b095-02f4-4cb0-aea7-b2eafcda41c7)
2026-06-11 04:07:52 [HikariPool-1:connection-adder] DEBUG com.zaxxer.hikari.pool.HikariPool - HikariPool-1 - Added connection com.mysql.cj.jdbc.ConnectionImpl@573d1f08
2026-06-11 04:07:52 [HikariPool-1:connection-adder] DEBUG com.zaxxer.hikari.pool.HikariPool - HikariPool-1 - After adding stats (total=15/20, idle=15/20, active=0, waiting=0)
2026-06-11 04:07:52 [HikariPool-1:connection-adder] DEBUG com.zaxxer.hikari.pool.PoolBase - HikariPool-1 - Attempting to create/setup new connection (e118dd93-5d00-4c06-b418-2b8c6c31218b)
2026-06-11 04:07:52 [HikariPool-1:connection-adder] DEBUG com.zaxxer.hikari.pool.PoolBase - HikariPool-1 - Established new connection (e118dd93-5d00-4c06-b418-2b8c6c31218b)
2026-06-11 04:07:52 [HikariPool-1:connection-adder] DEBUG com.zaxxer.hikari.pool.HikariPool - HikariPool-1 - Added connection com.mysql.cj.jdbc.ConnectionImpl@2adffb25
2026-06-11 04:07:52 [HikariPool-1:connection-adder] DEBUG com.zaxxer.hikari.pool.HikariPool - HikariPool-1 - After adding stats (total=16/20, idle=16/20, active=0, waiting=0)
2026-06-11 04:07:52 [HikariPool-1:connection-adder] DEBUG com.zaxxer.hikari.pool.PoolBase - HikariPool-1 - Attempting to create/setup new connection (e61f9c25-ddb1-4f9f-a276-8495d4eb16db)
2026-06-11 04:07:52 [HikariPool-1:connection-adder] DEBUG com.zaxxer.hikari.pool.PoolBase - HikariPool-1 - Established new connection (e61f9c25-ddb1-4f9f-a276-8495d4eb16db)
2026-06-11 04:07:52 [HikariPool-1:connection-adder] DEBUG com.zaxxer.hikari.pool.HikariPool - HikariPool-1 - Added connection com.mysql.cj.jdbc.ConnectionImpl@7e24e7a7
2026-06-11 04:07:52 [HikariPool-1:connection-adder] DEBUG com.zaxxer.hikari.pool.HikariPool - HikariPool-1 - After adding stats (total=17/20, idle=17/20, active=0, waiting=0)
2026-06-11 04:07:52 [HikariPool-1:connection-adder] DEBUG com.zaxxer.hikari.pool.PoolBase - HikariPool-1 - Attempting to create/setup new connection (9669e667-4791-4651-a3e2-a3b62d837f18)
2026-06-11 04:07:52 [HikariPool-1:connection-adder] DEBUG com.zaxxer.hikari.pool.PoolBase - HikariPool-1 - Established new connection (9669e667-4791-4651-a3e2-a3b62d837f18)
2026-06-11 04:07:52 [HikariPool-1:connection-adder] DEBUG com.zaxxer.hikari.pool.HikariPool - HikariPool-1 - Added connection com.mysql.cj.jdbc.ConnectionImpl@7aa257b9
2026-06-11 04:07:52 [HikariPool-1:connection-adder] DEBUG com.zaxxer.hikari.pool.HikariPool - HikariPool-1 - After adding stats (total=18/20, idle=18/20, active=0, waiting=0)
2026-06-11 04:07:52 [HikariPool-1:connection-adder] DEBUG com.zaxxer.hikari.pool.PoolBase - HikariPool-1 - Attempting to create/setup new connection (41b96599-6b70-4e75-801f-289bd06e3db6)
2026-06-11 04:07:52 [HikariPool-1:connection-adder] DEBUG com.zaxxer.hikari.pool.PoolBase - HikariPool-1 - Established new connection (41b96599-6b70-4e75-801f-289bd06e3db6)
2026-06-11 04:07:52 [HikariPool-1:connection-adder] DEBUG com.zaxxer.hikari.pool.HikariPool - HikariPool-1 - Added connection com.mysql.cj.jdbc.ConnectionImpl@1120daff
2026-06-11 04:07:52 [HikariPool-1:connection-adder] DEBUG com.zaxxer.hikari.pool.HikariPool - HikariPool-1 - After adding stats (total=19/20, idle=19/20, active=0, waiting=0)
2026-06-11 04:07:52 [HikariPool-1:connection-adder] DEBUG com.zaxxer.hikari.pool.PoolBase - HikariPool-1 - Attempting to create/setup new connection (dd037f53-84f8-44fc-9c20-fcb937150b01)
2026-06-11 04:07:52 [HikariPool-1:connection-adder] DEBUG com.zaxxer.hikari.pool.PoolBase - HikariPool-1 - Established new connection (dd037f53-84f8-44fc-9c20-fcb937150b01)
2026-06-11 04:07:52 [HikariPool-1:connection-adder] DEBUG com.zaxxer.hikari.pool.HikariPool - HikariPool-1 - Added connection com.mysql.cj.jdbc.ConnectionImpl@5ab80d9a
2026-06-11 04:07:52 [HikariPool-1:connection-adder] DEBUG com.zaxxer.hikari.pool.HikariPool - HikariPool-1 - After adding stats (total=20/20, idle=20/20, active=0, waiting=0)
2026-06-11 04:07:56 [JavaFX Application Thread] INFO  application.java.manager.LogManager - [備品管理システム メニュー画面] ： [貸出業務]ボタン押下
2026-06-11 04:07:56 [JavaFX Application Thread] INFO  application.java.manager.LogManager - [備品一覧画面] ： 初期化処理
2026-06-11 04:07:56 [JavaFX Application Thread] INFO  application.java.manager.LogManager - スライドショーのTimelineを停止しました
2026-06-11 04:07:56 [JavaFX Application Thread] INFO  application.java.manager.LogManager - 呼出中[Page](備品管理システム メニュー画面)の終了処理(dispose)を実行
2026-06-11 04:07:56 [JavaFX Application Thread] INFO  application.java.manager.LogManager - 画面展開 [setPage] ： 画面設定・表示処理 開始
2026-06-11 04:07:56 [JavaFX Application Thread] DEBUG application.java.manager.LogManager - Window切替 [setWindowFrame] : DECORATED(標準)
2026-06-11 04:07:56 [JavaFX Application Thread] DEBUG application.java.manager.LogManager - [備品一覧画面] ： リスト表示処理
2026-06-11 04:07:56 [JavaFX Application Thread] DEBUG application.java.manager.LogManager - [SQL操作クラス] ： 非同期処理 SELECT句発行
2026-06-11 04:07:56 [Thread-5] DEBUG application.java.manager.LogManager - [SQL操作クラス] ： SELECT句発行
2026-06-11 04:07:56 [JavaFX Application Thread] INFO  application.java.manager.LogManager - /application/resources/css/InventoryListStyle.css

2026-06-11 04:07:56 [JavaFX Application Thread] INFO  application.java.manager.LogManager - 画面展開 [setPage] : 備品一覧画面
2026-06-11 04:07:56 [Thread-5] DEBUG o.a.i.t.jdbc.JdbcTransaction - Opening JDBC Connection
2026-06-11 04:07:56 [Thread-5] DEBUG o.a.i.t.jdbc.JdbcTransaction - Setting autocommit to false on JDBC Connection [HikariProxyConnection@1937440215 wrapping com.mysql.cj.jdbc.ConnectionImpl@71b904a]
2026-06-11 04:07:56 [Thread-5] DEBUG a.r.m.I.getTableRecords - ==>  Preparing: WITH SUB_TOTAL AS ( SELECT ST.stock_type , ST.stock_code , SUM(CASE WHEN SD.staff_no IS NOT NULL AND (DATEDIFF(CURRENT_DATE(), SD.confirmed_date) <= 365 ) THEN 1 ELSE 0 END) AS lending_count -- 貸出備品の数 , SUM(CASE /* 在庫 = [staff_no]：貸出先ユーザーの社員番号 が未設定(NULL) 且つ [return_date]：返却日が未設定(NULL) 且つ [confirmed_date]：最終所在確認日 が１年以内 */ WHEN SD.staff_no IS NULL AND (DATEDIFF(CURRENT_DATE(), SD.confirmed_date) <= 365 ) THEN 1 ELSE 0 END) AS stock_count -- 在庫備品の数 , SUM(CASE /* 不明 = [return_date]：返却日が未設定(NULL) 且つ [confirmed_date]：最終所在確認日 が１年前以前 ※ 貸出中・在庫を問わず１年前以前のデータを不明とする */ WHEN (DATEDIFF(CURRENT_DATE(), SD.confirmed_date) > 365 ) THEN 1 ELSE 0 END) AS unknown_count -- 不明備品の数 FROM (SELECT stock_type , stock_code FROM stock_type_master WHERE 1 = 1 AND del = FALSE) ST INNER JOIN stock_master SM ON ST.stock_type = SM.stock_type AND ST.stock_code = SM.stock_code AND SM.del = FALSE /* 未登録データを考慮しLEFT JOINとする */ LEFT JOIN stock_data SD ON SM.serial_no = SD.serial_no /* 返却済データの除去 */ AND SD.return_date IS NULL AND SD.del = FALSE WHERE 1 = 1 GROUP BY ST.stock_type , ST.stock_code ) SELECT ST.stock_type AS type, ST.stock_code AS code, ST.name AS itemName, IFNULL(S.lending_count, 0) AS loanCount, IFNULL(S.stock_count, 0) AS returnCount, IFNULL(S.unknown_count, 0) AS unknownCount, IFNULL(S.lending_count + S.stock_count, 0) AS totalCount /* 追加項目：遷移先画面サイズ */ , IFNULL( GCM.value_1, '1') AS windowSize FROM stock_type_master ST INNER JOIN SUB_TOTAL S ON ST.stock_type = S.stock_type AND ST.stock_code = S.stock_code /* 追加項目 遷移先画面サイズ */ LEFT JOIN generic_code_master GCM ON CAST(ST.stock_type AS CHAR) = GCM.type_key AND ST.stock_code = GCM.code AND GCM.generic_key = 'WINDOW_SIZE' WHERE 1 = 1 ORDER BY ST.stock_type , St.stock_code
2026-06-11 04:07:56 [Thread-5] DEBUG a.r.m.I.getTableRecords - ==> Parameters: 
2026-06-11 04:07:56 [Thread-5] DEBUG a.r.m.I.getTableRecords - <==      Total: 16
2026-06-11 04:07:56 [Thread-5] DEBUG o.a.i.t.jdbc.JdbcTransaction - Resetting autocommit to true on JDBC Connection [HikariProxyConnection@1937440215 wrapping com.mysql.cj.jdbc.ConnectionImpl@71b904a]
2026-06-11 04:07:56 [Thread-5] DEBUG o.a.i.t.jdbc.JdbcTransaction - Closing JDBC Connection [HikariProxyConnection@1937440215 wrapping com.mysql.cj.jdbc.ConnectionImpl@71b904a]
2026-06-11 04:08:09 [JavaFX Application Thread] DEBUG application.java.manager.LogManager - [SQL操作クラス] ： 非同期処理 スレッドプール解放
2026-06-11 04:08:09 [JavaFX Application Thread] INFO  com.zaxxer.hikari.HikariDataSource - HikariPool-1 - Shutdown initiated...
2026-06-11 04:08:09 [JavaFX Application Thread] DEBUG com.zaxxer.hikari.pool.HikariPool - HikariPool-1 - Before shutdown stats (total=20/20, idle=20/20, active=0, waiting=0)
2026-06-11 04:08:09 [HikariPool-1:connection-closer] DEBUG com.zaxxer.hikari.pool.PoolBase - HikariPool-1 - Closing connection com.mysql.cj.jdbc.ConnectionImpl@71b904a: (connection evicted)
2026-06-11 04:08:09 [HikariPool-1:connection-closer] DEBUG com.zaxxer.hikari.pool.PoolBase - HikariPool-1 - Closing connection com.mysql.cj.jdbc.ConnectionImpl@1022cd77: (connection evicted)
2026-06-11 04:08:09 [HikariPool-1:connection-closer] DEBUG com.zaxxer.hikari.pool.PoolBase - HikariPool-1 - Closing connection com.mysql.cj.jdbc.ConnectionImpl@511fc74c: (connection evicted)
2026-06-11 04:08:09 [HikariPool-1:connection-closer] DEBUG com.zaxxer.hikari.pool.PoolBase - HikariPool-1 - Closing connection com.mysql.cj.jdbc.ConnectionImpl@6004f687: (connection evicted)
2026-06-11 04:08:09 [HikariPool-1:connection-closer] DEBUG com.zaxxer.hikari.pool.PoolBase - HikariPool-1 - Closing connection com.mysql.cj.jdbc.ConnectionImpl@31303803: (connection evicted)
2026-06-11 04:08:09 [HikariPool-1:connection-closer] DEBUG com.zaxxer.hikari.pool.PoolBase - HikariPool-1 - Closing connection com.mysql.cj.jdbc.ConnectionImpl@4e061eb8: (connection evicted)
2026-06-11 04:08:09 [HikariPool-1:connection-closer] DEBUG com.zaxxer.hikari.pool.PoolBase - HikariPool-1 - Closing connection com.mysql.cj.jdbc.ConnectionImpl@357ee592: (connection evicted)
2026-06-11 04:08:09 [HikariPool-1:connection-closer] DEBUG com.zaxxer.hikari.pool.PoolBase - HikariPool-1 - Closing connection com.mysql.cj.jdbc.ConnectionImpl@498e3eed: (connection evicted)
2026-06-11 04:08:09 [HikariPool-1:connection-closer] DEBUG com.zaxxer.hikari.pool.PoolBase - HikariPool-1 - Closing connection com.mysql.cj.jdbc.ConnectionImpl@7ffc1495: (connection evicted)
2026-06-11 04:08:09 [HikariPool-1:connection-closer] DEBUG com.zaxxer.hikari.pool.PoolBase - HikariPool-1 - Closing connection com.mysql.cj.jdbc.ConnectionImpl@68ba5b68: (connection evicted)
2026-06-11 04:08:09 [HikariPool-1:connection-closer] DEBUG com.zaxxer.hikari.pool.PoolBase - HikariPool-1 - Closing connection com.mysql.cj.jdbc.ConnectionImpl@2beb32d0: (connection evicted)
2026-06-11 04:08:09 [HikariPool-1:connection-closer] DEBUG com.zaxxer.hikari.pool.PoolBase - HikariPool-1 - Closing connection com.mysql.cj.jdbc.ConnectionImpl@1a36ca11: (connection evicted)
2026-06-11 04:08:09 [HikariPool-1:connection-closer] DEBUG com.zaxxer.hikari.pool.PoolBase - HikariPool-1 - Closing connection com.mysql.cj.jdbc.ConnectionImpl@3a449060: (connection evicted)
2026-06-11 04:08:09 [HikariPool-1:connection-closer] DEBUG com.zaxxer.hikari.pool.PoolBase - HikariPool-1 - Closing connection com.mysql.cj.jdbc.ConnectionImpl@5b8d3f30: (connection evicted)
2026-06-11 04:08:09 [HikariPool-1:connection-closer] DEBUG com.zaxxer.hikari.pool.PoolBase - HikariPool-1 - Closing connection com.mysql.cj.jdbc.ConnectionImpl@573d1f08: (connection evicted)
2026-06-11 04:08:09 [HikariPool-1:connection-closer] DEBUG com.zaxxer.hikari.pool.PoolBase - HikariPool-1 - Closing connection com.mysql.cj.jdbc.ConnectionImpl@2adffb25: (connection evicted)
2026-06-11 04:08:09 [HikariPool-1:connection-closer] DEBUG com.zaxxer.hikari.pool.PoolBase - HikariPool-1 - Closing connection com.mysql.cj.jdbc.ConnectionImpl@7e24e7a7: (connection evicted)
2026-06-11 04:08:09 [HikariPool-1:connection-closer] DEBUG com.zaxxer.hikari.pool.PoolBase - HikariPool-1 - Closing connection com.mysql.cj.jdbc.ConnectionImpl@7aa257b9: (connection evicted)
2026-06-11 04:08:09 [HikariPool-1:connection-closer] DEBUG com.zaxxer.hikari.pool.PoolBase - HikariPool-1 - Closing connection com.mysql.cj.jdbc.ConnectionImpl@1120daff: (connection evicted)
2026-06-11 04:08:09 [HikariPool-1:connection-closer] DEBUG com.zaxxer.hikari.pool.PoolBase - HikariPool-1 - Closing connection com.mysql.cj.jdbc.ConnectionImpl@5ab80d9a: (connection evicted)
2026-06-11 04:08:09 [JavaFX Application Thread] DEBUG com.zaxxer.hikari.pool.HikariPool - HikariPool-1 - After  shutdown stats (total=0/20, idle=0/20, active=0, waiting=0)
2026-06-11 04:08:09 [JavaFX Application Thread] INFO  com.zaxxer.hikari.HikariDataSource - HikariPool-1 - Shutdown completed.
2026-06-11 04:08:09 [JavaFX Application Thread] DEBUG application.java.manager.LogManager - [SQL操作クラス] ： コネクションプール(HikariCP) Closeing
2026-06-11 04:08:09 [JavaFX Application Thread] INFO  application.java.manager.LogManager - 終了処理 : 完了
2026-06-11 04:10:54 [main] INFO  application.java.manager.LogManager - 備品管理システム : 起動
2026-06-11 04:10:54 [JavaFX Application Thread] INFO  application.java.manager.LogManager - 開始処理 : 画面ウィンドウ枠生成
2026-06-11 04:10:54 [JavaFX Application Thread] INFO  application.java.manager.LogManager - [ログイン画面] ： 初期化処理
2026-06-11 04:10:54 [JavaFX Application Thread] INFO  application.java.manager.LogManager - 画面展開 [setPage] ： 画面設定・表示処理 開始
2026-06-11 04:10:54 [JavaFX Application Thread] DEBUG application.java.manager.LogManager - Window切替 [setWindowFrame] : TRANSPARENT(透明枠・背景色透明)
2026-06-11 04:10:54 [JavaFX Application Thread] INFO  application.java.manager.LogManager - [SQL操作クラス] ： 非同期処理 スレッドプール作成
2026-06-11 04:10:54 [JavaFX Application Thread] INFO  application.java.manager.LogManager - [SQL操作クラス] ： SQL Session生成
2026-06-11 04:10:54 [JavaFX Application Thread] DEBUG application.java.manager.LogManager - [SQL操作クラス] ： mybatis有効化
2026-06-11 04:10:54 [JavaFX Application Thread] DEBUG o.apache.ibatis.logging.LogFactory - Logging initialized using 'class org.apache.ibatis.logging.slf4j.Slf4jImpl' adapter.
2026-06-11 04:10:54 [JavaFX Application Thread] DEBUG o.apache.ibatis.logging.LogFactory - Logging initialized using 'class org.apache.ibatis.logging.slf4j.Slf4jImpl' adapter.
2026-06-11 04:10:54 [JavaFX Application Thread] DEBUG com.zaxxer.hikari.util.UtilityElf - Class com.mysql.cj.jdbc.Driver found in Thread context class loader jdk.internal.loader.ClassLoaders$AppClassLoader@7699a589
2026-06-11 04:10:54 [JavaFX Application Thread] INFO  application.java.manager.LogManager - /application/resources/css/LoginStyle.css

2026-06-11 04:10:54 [JavaFX Application Thread] INFO  application.java.manager.LogManager - 画面展開 [setPage] : ログイン画面
2026-06-11 04:11:00 [JavaFX Application Thread] INFO  application.java.manager.LogManager - [ログイン画面] ： [QRコード認証]ボタン押下
2026-06-11 04:11:00 [JavaFX Application Thread] INFO  application.java.manager.LogManager - [Webサーバー操作クラス] ： 受信サーバー設定(LocalHost)
2026-06-11 04:11:00 [JavaFX Application Thread] INFO  application.java.manager.LogManager - [ログイン画面] ： 認証サーバーexeを起動します。
2026-06-11 04:11:00 [JavaFX Application Thread] DEBUG application.java.manager.LogManager - [ログイン画面] ： 標準ブラウザを起動します URL: https://localhost:7215?redirect_uri=http://localhost:8888/callback
2026-06-11 04:11:40 [HTTP-Dispatcher] INFO  application.java.manager.LogManager - [Webサーバー操作クラス] ： 認証サーバーからデータを受信しました
2026-06-11 04:11:42 [JavaFX Application Thread] INFO  application.java.manager.LogManager - [ログイン画面] ： ログイン(PassKey)成功
2026-06-11 04:11:42 [JavaFX Application Thread] DEBUG application.java.manager.LogManager - [ログイン画面] ： 受信したトークン情報: 1
2026-06-11 04:11:42 [JavaFX Application Thread] DEBUG application.java.manager.LogManager - [SQL操作クラス] ： SELECT句発行
2026-06-11 04:11:42 [JavaFX Application Thread] DEBUG application.java.manager.LogManager - [ログイン画面] ： DB 社員マスタ取得処理
2026-06-11 04:11:42 [JavaFX Application Thread] DEBUG o.a.i.t.jdbc.JdbcTransaction - Opening JDBC Connection
2026-06-11 04:11:42 [JavaFX Application Thread] DEBUG com.zaxxer.hikari.HikariConfig - HikariPool-1 - configuration:
2026-06-11 04:11:42 [JavaFX Application Thread] DEBUG com.zaxxer.hikari.HikariConfig - allowPoolSuspension.............false
2026-06-11 04:11:42 [JavaFX Application Thread] DEBUG com.zaxxer.hikari.HikariConfig - autoCommit......................true
2026-06-11 04:11:42 [JavaFX Application Thread] DEBUG com.zaxxer.hikari.HikariConfig - catalog.........................none
2026-06-11 04:11:42 [JavaFX Application Thread] DEBUG com.zaxxer.hikari.HikariConfig - connectionInitSql...............none
2026-06-11 04:11:42 [JavaFX Application Thread] DEBUG com.zaxxer.hikari.HikariConfig - connectionTestQuery.............none
2026-06-11 04:11:42 [JavaFX Application Thread] DEBUG com.zaxxer.hikari.HikariConfig - connectionTimeout...............30000
2026-06-11 04:11:42 [JavaFX Application Thread] DEBUG com.zaxxer.hikari.HikariConfig - credentials.....................com.zaxxer.hikari.util.Credentials@63302b59
2026-06-11 04:11:42 [JavaFX Application Thread] DEBUG com.zaxxer.hikari.HikariConfig - credentialsProvider.............none
2026-06-11 04:11:42 [JavaFX Application Thread] DEBUG com.zaxxer.hikari.HikariConfig - credentialsProviderClassName....none
2026-06-11 04:11:42 [JavaFX Application Thread] DEBUG com.zaxxer.hikari.HikariConfig - dataSource......................none
2026-06-11 04:11:42 [JavaFX Application Thread] DEBUG com.zaxxer.hikari.HikariConfig - dataSourceClassName.............none
2026-06-11 04:11:42 [JavaFX Application Thread] DEBUG com.zaxxer.hikari.HikariConfig - dataSourceJNDI..................none
2026-06-11 04:11:42 [JavaFX Application Thread] DEBUG com.zaxxer.hikari.HikariConfig - dataSourceProperties............{password=<masked>}
2026-06-11 04:11:42 [JavaFX Application Thread] DEBUG com.zaxxer.hikari.HikariConfig - driverClassName................."com.mysql.cj.jdbc.Driver"
2026-06-11 04:11:42 [JavaFX Application Thread] DEBUG com.zaxxer.hikari.HikariConfig - exceptionOverride...............none
2026-06-11 04:11:42 [JavaFX Application Thread] DEBUG com.zaxxer.hikari.HikariConfig - exceptionOverrideClassName......none
2026-06-11 04:11:42 [JavaFX Application Thread] DEBUG com.zaxxer.hikari.HikariConfig - healthCheckProperties...........{}
2026-06-11 04:11:42 [JavaFX Application Thread] DEBUG com.zaxxer.hikari.HikariConfig - healthCheckRegistry.............none
2026-06-11 04:11:42 [JavaFX Application Thread] DEBUG com.zaxxer.hikari.HikariConfig - idleTimeout.....................600000
2026-06-11 04:11:42 [JavaFX Application Thread] DEBUG com.zaxxer.hikari.HikariConfig - initializationFailTimeout.......1
2026-06-11 04:11:42 [JavaFX Application Thread] DEBUG com.zaxxer.hikari.HikariConfig - isolateInternalQueries..........false
2026-06-11 04:11:42 [JavaFX Application Thread] DEBUG com.zaxxer.hikari.HikariConfig - jdbcUrl.........................jdbc:mysql://localhost:3306/java_learning?useUnicode=true&characterEncoding=UTF-8&serverTimezone=GMT%2B9&useSSL=false&allowPublicKeyRetrieval=true&useCursorFetch=true
2026-06-11 04:11:42 [JavaFX Application Thread] DEBUG com.zaxxer.hikari.HikariConfig - keepaliveTime...................120000
2026-06-11 04:11:42 [JavaFX Application Thread] DEBUG com.zaxxer.hikari.HikariConfig - leakDetectionThreshold..........0
2026-06-11 04:11:42 [JavaFX Application Thread] DEBUG com.zaxxer.hikari.HikariConfig - maxLifetime.....................1800000
2026-06-11 04:11:42 [JavaFX Application Thread] DEBUG com.zaxxer.hikari.HikariConfig - maximumPoolSize.................20
2026-06-11 04:11:42 [JavaFX Application Thread] DEBUG com.zaxxer.hikari.HikariConfig - metricRegistry..................none
2026-06-11 04:11:42 [JavaFX Application Thread] DEBUG com.zaxxer.hikari.HikariConfig - metricsTrackerFactory...........none
2026-06-11 04:11:42 [JavaFX Application Thread] DEBUG com.zaxxer.hikari.HikariConfig - minimumIdle.....................20
2026-06-11 04:11:42 [JavaFX Application Thread] DEBUG com.zaxxer.hikari.HikariConfig - password........................<masked>
2026-06-11 04:11:42 [JavaFX Application Thread] DEBUG com.zaxxer.hikari.HikariConfig - poolName........................"HikariPool-1"
2026-06-11 04:11:42 [JavaFX Application Thread] DEBUG com.zaxxer.hikari.HikariConfig - readOnly........................false
2026-06-11 04:11:42 [JavaFX Application Thread] DEBUG com.zaxxer.hikari.HikariConfig - registerMbeans..................false
2026-06-11 04:11:42 [JavaFX Application Thread] DEBUG com.zaxxer.hikari.HikariConfig - scheduledExecutor...............none
2026-06-11 04:11:42 [JavaFX Application Thread] DEBUG com.zaxxer.hikari.HikariConfig - schema..........................none
2026-06-11 04:11:42 [JavaFX Application Thread] DEBUG com.zaxxer.hikari.HikariConfig - threadFactory...................internal
2026-06-11 04:11:42 [JavaFX Application Thread] DEBUG com.zaxxer.hikari.HikariConfig - transactionIsolation............default
2026-06-11 04:11:42 [JavaFX Application Thread] DEBUG com.zaxxer.hikari.HikariConfig - username........................"user"
2026-06-11 04:11:42 [JavaFX Application Thread] DEBUG com.zaxxer.hikari.HikariConfig - validationTimeout...............5000
2026-06-11 04:11:42 [JavaFX Application Thread] INFO  com.zaxxer.hikari.HikariDataSource - HikariPool-1 - Starting...
2026-06-11 04:11:42 [JavaFX Application Thread] DEBUG com.zaxxer.hikari.pool.PoolBase - HikariPool-1 - Attempting to create/setup new connection (33595d1b-8da7-49f4-a3ec-bd52269e45d5)
2026-06-11 04:11:42 [JavaFX Application Thread] DEBUG com.zaxxer.hikari.pool.PoolBase - HikariPool-1 - Established new connection (33595d1b-8da7-49f4-a3ec-bd52269e45d5)
2026-06-11 04:11:42 [JavaFX Application Thread] INFO  com.zaxxer.hikari.pool.HikariPool - HikariPool-1 - Added connection com.mysql.cj.jdbc.ConnectionImpl@71b904a
2026-06-11 04:11:42 [JavaFX Application Thread] INFO  com.zaxxer.hikari.HikariDataSource - HikariPool-1 - Start completed.
2026-06-11 04:11:42 [JavaFX Application Thread] DEBUG o.a.i.t.jdbc.JdbcTransaction - Setting autocommit to false on JDBC Connection [HikariProxyConnection@1340165404 wrapping com.mysql.cj.jdbc.ConnectionImpl@71b904a]
2026-06-11 04:11:42 [JavaFX Application Thread] DEBUG a.r.m.StaffMasterMapper.selectByNo - ==>  Preparing: SELECT * FROM staff_master WHERE staff_no = ?
2026-06-11 04:11:42 [JavaFX Application Thread] DEBUG a.r.m.StaffMasterMapper.selectByNo - ==> Parameters: 1(Integer)
2026-06-11 04:11:42 [JavaFX Application Thread] DEBUG a.r.m.StaffMasterMapper.selectByNo - <==      Total: 1
2026-06-11 04:11:42 [JavaFX Application Thread] DEBUG o.a.i.t.jdbc.JdbcTransaction - Resetting autocommit to true on JDBC Connection [HikariProxyConnection@1340165404 wrapping com.mysql.cj.jdbc.ConnectionImpl@71b904a]
2026-06-11 04:11:42 [JavaFX Application Thread] DEBUG o.a.i.t.jdbc.JdbcTransaction - Closing JDBC Connection [HikariProxyConnection@1340165404 wrapping com.mysql.cj.jdbc.ConnectionImpl@71b904a]
2026-06-11 04:11:42 [JavaFX Application Thread] INFO  application.java.manager.LogManager - [ログイン画面] ： メニュー画面へ切替
2026-06-11 04:11:42 [JavaFX Application Thread] INFO  application.java.manager.LogManager - [備品管理システム メニュー画面] ： 初期化処理
2026-06-11 04:11:42 [JavaFX Application Thread] INFO  application.java.manager.LogManager - 呼出中[Page](ログイン画面)の終了処理(dispose)を実行
2026-06-11 04:11:42 [JavaFX Application Thread] INFO  application.java.manager.LogManager - 画面展開 [setPage] ： 画面設定・表示処理 開始
2026-06-11 04:11:42 [HikariPool-1:housekeeper] DEBUG com.zaxxer.hikari.pool.HikariPool - HikariPool-1 - Pool stats (total=1/20, idle=1/20, active=0, waiting=0)
2026-06-11 04:11:42 [HikariPool-1:connection-adder] DEBUG com.zaxxer.hikari.pool.PoolBase - HikariPool-1 - Attempting to create/setup new connection (76d821be-0e6e-4576-b655-ececf3278e22)
2026-06-11 04:11:42 [HikariPool-1:connection-adder] DEBUG com.zaxxer.hikari.pool.PoolBase - HikariPool-1 - Established new connection (76d821be-0e6e-4576-b655-ececf3278e22)
2026-06-11 04:11:42 [HikariPool-1:connection-adder] DEBUG com.zaxxer.hikari.pool.HikariPool - HikariPool-1 - Added connection com.mysql.cj.jdbc.ConnectionImpl@77be0a17
2026-06-11 04:11:42 [HikariPool-1:connection-adder] DEBUG com.zaxxer.hikari.pool.HikariPool - HikariPool-1 - After adding stats (total=2/20, idle=2/20, active=0, waiting=0)
2026-06-11 04:11:42 [HikariPool-1:connection-adder] DEBUG com.zaxxer.hikari.pool.PoolBase - HikariPool-1 - Attempting to create/setup new connection (8aaf5d2b-f750-4016-9567-3154086e5b92)
2026-06-11 04:11:42 [JavaFX Application Thread] INFO  application.java.manager.LogManager - /application/resources/css/MenuMacFinderStyle.css

2026-06-11 04:11:42 [HikariPool-1:connection-adder] DEBUG com.zaxxer.hikari.pool.PoolBase - HikariPool-1 - Established new connection (8aaf5d2b-f750-4016-9567-3154086e5b92)
2026-06-11 04:11:42 [HikariPool-1:connection-adder] DEBUG com.zaxxer.hikari.pool.HikariPool - HikariPool-1 - Added connection com.mysql.cj.jdbc.ConnectionImpl@3683002c
2026-06-11 04:11:42 [HikariPool-1:connection-adder] DEBUG com.zaxxer.hikari.pool.HikariPool - HikariPool-1 - After adding stats (total=3/20, idle=3/20, active=0, waiting=0)
2026-06-11 04:11:42 [HikariPool-1:connection-adder] DEBUG com.zaxxer.hikari.pool.PoolBase - HikariPool-1 - Attempting to create/setup new connection (40da6f05-01ff-48d3-9a96-ec0d2d56c261)
2026-06-11 04:11:42 [HikariPool-1:connection-adder] DEBUG com.zaxxer.hikari.pool.PoolBase - HikariPool-1 - Established new connection (40da6f05-01ff-48d3-9a96-ec0d2d56c261)
2026-06-11 04:11:42 [HikariPool-1:connection-adder] DEBUG com.zaxxer.hikari.pool.HikariPool - HikariPool-1 - Added connection com.mysql.cj.jdbc.ConnectionImpl@77f52b8
2026-06-11 04:11:42 [HikariPool-1:connection-adder] DEBUG com.zaxxer.hikari.pool.HikariPool - HikariPool-1 - After adding stats (total=4/20, idle=4/20, active=0, waiting=0)
2026-06-11 04:11:42 [HikariPool-1:connection-adder] DEBUG com.zaxxer.hikari.pool.PoolBase - HikariPool-1 - Attempting to create/setup new connection (8a1e9196-2f31-4a98-91cf-fa4fb8735f02)
2026-06-11 04:11:42 [HikariPool-1:connection-adder] DEBUG com.zaxxer.hikari.pool.PoolBase - HikariPool-1 - Established new connection (8a1e9196-2f31-4a98-91cf-fa4fb8735f02)
2026-06-11 04:11:42 [HikariPool-1:connection-adder] DEBUG com.zaxxer.hikari.pool.HikariPool - HikariPool-1 - Added connection com.mysql.cj.jdbc.ConnectionImpl@56acff63
2026-06-11 04:11:42 [HikariPool-1:connection-adder] DEBUG com.zaxxer.hikari.pool.HikariPool - HikariPool-1 - After adding stats (total=5/20, idle=5/20, active=0, waiting=0)
2026-06-11 04:11:42 [HikariPool-1:connection-adder] DEBUG com.zaxxer.hikari.pool.PoolBase - HikariPool-1 - Attempting to create/setup new connection (e55f6fbc-c5c7-4bcb-b93b-6ed4cc2a3904)
2026-06-11 04:11:42 [HikariPool-1:connection-adder] DEBUG com.zaxxer.hikari.pool.PoolBase - HikariPool-1 - Established new connection (e55f6fbc-c5c7-4bcb-b93b-6ed4cc2a3904)
2026-06-11 04:11:42 [HikariPool-1:connection-adder] DEBUG com.zaxxer.hikari.pool.HikariPool - HikariPool-1 - Added connection com.mysql.cj.jdbc.ConnectionImpl@1bed013a
2026-06-11 04:11:42 [HikariPool-1:connection-adder] DEBUG com.zaxxer.hikari.pool.HikariPool - HikariPool-1 - After adding stats (total=6/20, idle=6/20, active=0, waiting=0)
2026-06-11 04:11:42 [HikariPool-1:connection-adder] DEBUG com.zaxxer.hikari.pool.PoolBase - HikariPool-1 - Attempting to create/setup new connection (8229a1c0-183b-40b1-bb04-8ea6fb66b355)
2026-06-11 04:11:42 [HikariPool-1:connection-adder] DEBUG com.zaxxer.hikari.pool.PoolBase - HikariPool-1 - Established new connection (8229a1c0-183b-40b1-bb04-8ea6fb66b355)
2026-06-11 04:11:42 [HikariPool-1:connection-adder] DEBUG com.zaxxer.hikari.pool.HikariPool - HikariPool-1 - Added connection com.mysql.cj.jdbc.ConnectionImpl@52e2c576
2026-06-11 04:11:42 [JavaFX Application Thread] INFO  application.java.manager.LogManager - 画面展開 [setPage] : 備品管理システム メニュー画面
2026-06-11 04:11:42 [HikariPool-1:connection-adder] DEBUG com.zaxxer.hikari.pool.HikariPool - HikariPool-1 - After adding stats (total=7/20, idle=7/20, active=0, waiting=0)
2026-06-11 04:11:42 [HikariPool-1:connection-adder] DEBUG com.zaxxer.hikari.pool.PoolBase - HikariPool-1 - Attempting to create/setup new connection (0676efe6-8765-4e06-97d9-081f47bc1a10)
2026-06-11 04:11:42 [HikariPool-1:connection-adder] DEBUG com.zaxxer.hikari.pool.PoolBase - HikariPool-1 - Established new connection (0676efe6-8765-4e06-97d9-081f47bc1a10)
2026-06-11 04:11:42 [HikariPool-1:connection-adder] DEBUG com.zaxxer.hikari.pool.HikariPool - HikariPool-1 - Added connection com.mysql.cj.jdbc.ConnectionImpl@14943ff3
2026-06-11 04:11:42 [HikariPool-1:connection-adder] DEBUG com.zaxxer.hikari.pool.HikariPool - HikariPool-1 - After adding stats (total=8/20, idle=8/20, active=0, waiting=0)
2026-06-11 04:11:42 [HikariPool-1:connection-adder] DEBUG com.zaxxer.hikari.pool.PoolBase - HikariPool-1 - Attempting to create/setup new connection (de41961c-89c5-4d2f-8732-1c5c3d4f87b0)
2026-06-11 04:11:42 [HikariPool-1:connection-adder] DEBUG com.zaxxer.hikari.pool.PoolBase - HikariPool-1 - Established new connection (de41961c-89c5-4d2f-8732-1c5c3d4f87b0)
2026-06-11 04:11:42 [HikariPool-1:connection-adder] DEBUG com.zaxxer.hikari.pool.HikariPool - HikariPool-1 - Added connection com.mysql.cj.jdbc.ConnectionImpl@10912a0a
2026-06-11 04:11:43 [HikariPool-1:connection-adder] DEBUG com.zaxxer.hikari.pool.HikariPool - HikariPool-1 - After adding stats (total=9/20, idle=9/20, active=0, waiting=0)
2026-06-11 04:11:43 [HikariPool-1:connection-adder] DEBUG com.zaxxer.hikari.pool.PoolBase - HikariPool-1 - Attempting to create/setup new connection (893b2509-edc4-420c-9788-685d04d296bd)
2026-06-11 04:11:43 [HikariPool-1:connection-adder] DEBUG com.zaxxer.hikari.pool.PoolBase - HikariPool-1 - Established new connection (893b2509-edc4-420c-9788-685d04d296bd)
2026-06-11 04:11:43 [HikariPool-1:connection-adder] DEBUG com.zaxxer.hikari.pool.HikariPool - HikariPool-1 - Added connection com.mysql.cj.jdbc.ConnectionImpl@5a849b99
2026-06-11 04:11:43 [HikariPool-1:connection-adder] DEBUG com.zaxxer.hikari.pool.HikariPool - HikariPool-1 - After adding stats (total=10/20, idle=10/20, active=0, waiting=0)
2026-06-11 04:11:43 [HikariPool-1:connection-adder] DEBUG com.zaxxer.hikari.pool.PoolBase - HikariPool-1 - Attempting to create/setup new connection (2e06eea4-d2a3-453e-b5d8-2d81c424bc8d)
2026-06-11 04:11:43 [HikariPool-1:connection-adder] DEBUG com.zaxxer.hikari.pool.PoolBase - HikariPool-1 - Established new connection (2e06eea4-d2a3-453e-b5d8-2d81c424bc8d)
2026-06-11 04:11:43 [HikariPool-1:connection-adder] DEBUG com.zaxxer.hikari.pool.HikariPool - HikariPool-1 - Added connection com.mysql.cj.jdbc.ConnectionImpl@73940226
2026-06-11 04:11:43 [HikariPool-1:connection-adder] DEBUG com.zaxxer.hikari.pool.HikariPool - HikariPool-1 - After adding stats (total=11/20, idle=11/20, active=0, waiting=0)
2026-06-11 04:11:43 [HikariPool-1:connection-adder] DEBUG com.zaxxer.hikari.pool.PoolBase - HikariPool-1 - Attempting to create/setup new connection (98fc8de2-873b-4ca7-96ad-f2e9a964cb17)
2026-06-11 04:11:43 [HikariPool-1:connection-adder] DEBUG com.zaxxer.hikari.pool.PoolBase - HikariPool-1 - Established new connection (98fc8de2-873b-4ca7-96ad-f2e9a964cb17)
2026-06-11 04:11:43 [HikariPool-1:connection-adder] DEBUG com.zaxxer.hikari.pool.HikariPool - HikariPool-1 - Added connection com.mysql.cj.jdbc.ConnectionImpl@3004ff86
2026-06-11 04:11:43 [HikariPool-1:connection-adder] DEBUG com.zaxxer.hikari.pool.HikariPool - HikariPool-1 - After adding stats (total=12/20, idle=12/20, active=0, waiting=0)
2026-06-11 04:11:43 [HikariPool-1:connection-adder] DEBUG com.zaxxer.hikari.pool.PoolBase - HikariPool-1 - Attempting to create/setup new connection (1e988eec-15ac-4c1d-80e1-62fe6e6f79df)
2026-06-11 04:11:43 [HikariPool-1:connection-adder] DEBUG com.zaxxer.hikari.pool.PoolBase - HikariPool-1 - Established new connection (1e988eec-15ac-4c1d-80e1-62fe6e6f79df)
2026-06-11 04:11:43 [HikariPool-1:connection-adder] DEBUG com.zaxxer.hikari.pool.HikariPool - HikariPool-1 - Added connection com.mysql.cj.jdbc.ConnectionImpl@6c31692d
2026-06-11 04:11:43 [HikariPool-1:connection-adder] DEBUG com.zaxxer.hikari.pool.HikariPool - HikariPool-1 - After adding stats (total=13/20, idle=13/20, active=0, waiting=0)
2026-06-11 04:11:43 [HikariPool-1:connection-adder] DEBUG com.zaxxer.hikari.pool.PoolBase - HikariPool-1 - Attempting to create/setup new connection (4b906faf-980f-41ad-ace6-03270c1b1cfd)
2026-06-11 04:11:43 [HikariPool-1:connection-adder] DEBUG com.zaxxer.hikari.pool.PoolBase - HikariPool-1 - Established new connection (4b906faf-980f-41ad-ace6-03270c1b1cfd)
2026-06-11 04:11:43 [HikariPool-1:connection-adder] DEBUG com.zaxxer.hikari.pool.HikariPool - HikariPool-1 - Added connection com.mysql.cj.jdbc.ConnectionImpl@22492663
2026-06-11 04:11:43 [HikariPool-1:connection-adder] DEBUG com.zaxxer.hikari.pool.HikariPool - HikariPool-1 - After adding stats (total=14/20, idle=14/20, active=0, waiting=0)
2026-06-11 04:11:43 [HikariPool-1:connection-adder] DEBUG com.zaxxer.hikari.pool.PoolBase - HikariPool-1 - Attempting to create/setup new connection (721c31ea-035a-4a47-9084-4d0c89f9556c)
2026-06-11 04:11:43 [HikariPool-1:connection-adder] DEBUG com.zaxxer.hikari.pool.PoolBase - HikariPool-1 - Established new connection (721c31ea-035a-4a47-9084-4d0c89f9556c)
2026-06-11 04:11:43 [HikariPool-1:connection-adder] DEBUG com.zaxxer.hikari.pool.HikariPool - HikariPool-1 - Added connection com.mysql.cj.jdbc.ConnectionImpl@447e074e
2026-06-11 04:11:43 [HikariPool-1:connection-adder] DEBUG com.zaxxer.hikari.pool.HikariPool - HikariPool-1 - After adding stats (total=15/20, idle=15/20, active=0, waiting=0)
2026-06-11 04:11:43 [HikariPool-1:connection-adder] DEBUG com.zaxxer.hikari.pool.PoolBase - HikariPool-1 - Attempting to create/setup new connection (7dff71c9-2b64-4d6b-a197-93d2af9ea052)
2026-06-11 04:11:43 [HikariPool-1:connection-adder] DEBUG com.zaxxer.hikari.pool.PoolBase - HikariPool-1 - Established new connection (7dff71c9-2b64-4d6b-a197-93d2af9ea052)
2026-06-11 04:11:43 [HikariPool-1:connection-adder] DEBUG com.zaxxer.hikari.pool.HikariPool - HikariPool-1 - Added connection com.mysql.cj.jdbc.ConnectionImpl@2af03ed9
2026-06-11 04:11:43 [HikariPool-1:connection-adder] DEBUG com.zaxxer.hikari.pool.HikariPool - HikariPool-1 - After adding stats (total=16/20, idle=16/20, active=0, waiting=0)
2026-06-11 04:11:43 [HikariPool-1:connection-adder] DEBUG com.zaxxer.hikari.pool.PoolBase - HikariPool-1 - Attempting to create/setup new connection (91e5ee93-0922-4dc6-842e-add8f37b3742)
2026-06-11 04:11:43 [HikariPool-1:connection-adder] DEBUG com.zaxxer.hikari.pool.PoolBase - HikariPool-1 - Established new connection (91e5ee93-0922-4dc6-842e-add8f37b3742)
2026-06-11 04:11:43 [HikariPool-1:connection-adder] DEBUG com.zaxxer.hikari.pool.HikariPool - HikariPool-1 - Added connection com.mysql.cj.jdbc.ConnectionImpl@3699b3f7
2026-06-11 04:11:43 [HikariPool-1:connection-adder] DEBUG com.zaxxer.hikari.pool.HikariPool - HikariPool-1 - After adding stats (total=17/20, idle=17/20, active=0, waiting=0)
2026-06-11 04:11:43 [HikariPool-1:connection-adder] DEBUG com.zaxxer.hikari.pool.PoolBase - HikariPool-1 - Attempting to create/setup new connection (de09c7a5-f3bb-40b1-ab0f-1a41455cded2)
2026-06-11 04:11:43 [HikariPool-1:connection-adder] DEBUG com.zaxxer.hikari.pool.PoolBase - HikariPool-1 - Established new connection (de09c7a5-f3bb-40b1-ab0f-1a41455cded2)
2026-06-11 04:11:43 [HikariPool-1:connection-adder] DEBUG com.zaxxer.hikari.pool.HikariPool - HikariPool-1 - Added connection com.mysql.cj.jdbc.ConnectionImpl@578a0c05
2026-06-11 04:11:43 [HikariPool-1:connection-adder] DEBUG com.zaxxer.hikari.pool.HikariPool - HikariPool-1 - After adding stats (total=18/20, idle=18/20, active=0, waiting=0)
2026-06-11 04:11:43 [HikariPool-1:connection-adder] DEBUG com.zaxxer.hikari.pool.PoolBase - HikariPool-1 - Attempting to create/setup new connection (88c5a48e-9025-47be-ba1b-089f95330458)
2026-06-11 04:11:43 [HikariPool-1:connection-adder] DEBUG com.zaxxer.hikari.pool.PoolBase - HikariPool-1 - Established new connection (88c5a48e-9025-47be-ba1b-089f95330458)
2026-06-11 04:11:43 [HikariPool-1:connection-adder] DEBUG com.zaxxer.hikari.pool.HikariPool - HikariPool-1 - Added connection com.mysql.cj.jdbc.ConnectionImpl@62d4fd26
2026-06-11 04:11:43 [HikariPool-1:connection-adder] DEBUG com.zaxxer.hikari.pool.HikariPool - HikariPool-1 - After adding stats (total=19/20, idle=19/20, active=0, waiting=0)
2026-06-11 04:11:43 [HikariPool-1:connection-adder] DEBUG com.zaxxer.hikari.pool.PoolBase - HikariPool-1 - Attempting to create/setup new connection (b6548e67-ea23-454f-a1d7-3746fec5e9f1)
2026-06-11 04:11:43 [HikariPool-1:connection-adder] DEBUG com.zaxxer.hikari.pool.PoolBase - HikariPool-1 - Established new connection (b6548e67-ea23-454f-a1d7-3746fec5e9f1)
2026-06-11 04:11:43 [HikariPool-1:connection-adder] DEBUG com.zaxxer.hikari.pool.HikariPool - HikariPool-1 - Added connection com.mysql.cj.jdbc.ConnectionImpl@26400255
2026-06-11 04:11:43 [HikariPool-1:connection-adder] DEBUG com.zaxxer.hikari.pool.HikariPool - HikariPool-1 - After adding stats (total=20/20, idle=20/20, active=0, waiting=0)
2026-06-11 04:11:46 [JavaFX Application Thread] INFO  application.java.manager.LogManager - [備品管理システム メニュー画面] ： [貸出業務]ボタン押下
2026-06-11 04:11:46 [JavaFX Application Thread] INFO  application.java.manager.LogManager - [備品一覧画面] ： 初期化処理
2026-06-11 04:11:46 [JavaFX Application Thread] INFO  application.java.manager.LogManager - スライドショーのTimelineを停止しました
2026-06-11 04:11:46 [JavaFX Application Thread] INFO  application.java.manager.LogManager - 呼出中[Page](備品管理システム メニュー画面)の終了処理(dispose)を実行
2026-06-11 04:11:46 [JavaFX Application Thread] INFO  application.java.manager.LogManager - 画面展開 [setPage] ： 画面設定・表示処理 開始
2026-06-11 04:11:46 [JavaFX Application Thread] DEBUG application.java.manager.LogManager - Window切替 [setWindowFrame] : DECORATED(標準)
2026-06-11 04:11:46 [JavaFX Application Thread] DEBUG application.java.manager.LogManager - [備品一覧画面] ： リスト表示処理
2026-06-11 04:11:46 [JavaFX Application Thread] DEBUG application.java.manager.LogManager - [SQL操作クラス] ： 非同期処理 SELECT句発行
2026-06-11 04:11:46 [Thread-5] DEBUG application.java.manager.LogManager - [SQL操作クラス] ： SELECT句発行
2026-06-11 04:11:46 [JavaFX Application Thread] INFO  application.java.manager.LogManager - /application/resources/css/InventoryListStyle.css

2026-06-11 04:11:46 [JavaFX Application Thread] INFO  application.java.manager.LogManager - 画面展開 [setPage] : 備品一覧画面
2026-06-11 04:11:46 [Thread-5] DEBUG o.a.i.t.jdbc.JdbcTransaction - Opening JDBC Connection
2026-06-11 04:11:46 [Thread-5] DEBUG o.a.i.t.jdbc.JdbcTransaction - Setting autocommit to false on JDBC Connection [HikariProxyConnection@410277875 wrapping com.mysql.cj.jdbc.ConnectionImpl@71b904a]
2026-06-11 04:11:46 [Thread-5] DEBUG a.r.m.I.getTableRecords - ==>  Preparing: WITH SUB_TOTAL AS ( SELECT ST.stock_type , ST.stock_code , SUM(CASE WHEN SD.staff_no IS NOT NULL AND (DATEDIFF(CURRENT_DATE(), SD.confirmed_date) <= 365 ) THEN 1 ELSE 0 END) AS lending_count -- 貸出備品の数 , SUM(CASE /* 在庫 = [staff_no]：貸出先ユーザーの社員番号 が未設定(NULL) 且つ [return_date]：返却日が未設定(NULL) 且つ [confirmed_date]：最終所在確認日 が１年以内 */ WHEN SD.staff_no IS NULL AND (DATEDIFF(CURRENT_DATE(), SD.confirmed_date) <= 365 ) THEN 1 ELSE 0 END) AS stock_count -- 在庫備品の数 , SUM(CASE /* 不明 = [return_date]：返却日が未設定(NULL) 且つ [confirmed_date]：最終所在確認日 が１年前以前 ※ 貸出中・在庫を問わず１年前以前のデータを不明とする */ WHEN (DATEDIFF(CURRENT_DATE(), SD.confirmed_date) > 365 ) THEN 1 ELSE 0 END) AS unknown_count -- 不明備品の数 FROM (SELECT stock_type , stock_code FROM stock_type_master WHERE 1 = 1 AND del = FALSE) ST INNER JOIN stock_master SM ON ST.stock_type = SM.stock_type AND ST.stock_code = SM.stock_code AND SM.del = FALSE /* 未登録データを考慮しLEFT JOINとする */ LEFT JOIN stock_data SD ON SM.serial_no = SD.serial_no /* 返却済データの除去 */ AND SD.return_date IS NULL AND SD.del = FALSE WHERE 1 = 1 GROUP BY ST.stock_type , ST.stock_code ) SELECT ST.stock_type AS type, ST.stock_code AS code, ST.name AS itemName, IFNULL(S.lending_count, 0) AS loanCount, IFNULL(S.stock_count, 0) AS returnCount, IFNULL(S.unknown_count, 0) AS unknownCount, IFNULL(S.lending_count + S.stock_count, 0) AS totalCount /* 追加項目：遷移先画面サイズ */ , IFNULL( GCM.value_1, '1') AS windowSize FROM stock_type_master ST INNER JOIN SUB_TOTAL S ON ST.stock_type = S.stock_type AND ST.stock_code = S.stock_code /* 追加項目 遷移先画面サイズ */ LEFT JOIN generic_code_master GCM ON CAST(ST.stock_type AS CHAR) = GCM.type_key AND ST.stock_code = GCM.code AND GCM.generic_key = 'WINDOW_SIZE' WHERE 1 = 1 ORDER BY ST.stock_type , St.stock_code
2026-06-11 04:11:46 [Thread-5] DEBUG a.r.m.I.getTableRecords - ==> Parameters: 
2026-06-11 04:11:46 [Thread-5] DEBUG a.r.m.I.getTableRecords - <==      Total: 16
2026-06-11 04:11:46 [Thread-5] DEBUG o.a.i.t.jdbc.JdbcTransaction - Resetting autocommit to true on JDBC Connection [HikariProxyConnection@410277875 wrapping com.mysql.cj.jdbc.ConnectionImpl@71b904a]
2026-06-11 04:11:46 [Thread-5] DEBUG o.a.i.t.jdbc.JdbcTransaction - Closing JDBC Connection [HikariProxyConnection@410277875 wrapping com.mysql.cj.jdbc.ConnectionImpl@71b904a]
2026-06-11 04:12:12 [HikariPool-1:housekeeper] DEBUG com.zaxxer.hikari.pool.HikariPool - HikariPool-1 - Pool stats (total=20/20, idle=20/20, active=0, waiting=0)
2026-06-11 04:12:12 [HikariPool-1:housekeeper] DEBUG com.zaxxer.hikari.pool.HikariPool - HikariPool-1 - Fill pool skipped, pool has sufficient level or currently being filled.
2026-06-11 04:12:42 [HikariPool-1:housekeeper] DEBUG com.zaxxer.hikari.pool.HikariPool - HikariPool-1 - Pool stats (total=20/20, idle=20/20, active=0, waiting=0)
2026-06-11 04:12:42 [HikariPool-1:housekeeper] DEBUG com.zaxxer.hikari.pool.HikariPool - HikariPool-1 - Fill pool skipped, pool has sufficient level or currently being filled.
2026-06-11 04:13:12 [HikariPool-1:housekeeper] DEBUG com.zaxxer.hikari.pool.HikariPool - HikariPool-1 - Pool stats (total=20/20, idle=20/20, active=0, waiting=0)
2026-06-11 04:13:12 [HikariPool-1:housekeeper] DEBUG com.zaxxer.hikari.pool.HikariPool - HikariPool-1 - Fill pool skipped, pool has sufficient level or currently being filled.
2026-06-11 04:13:19 [HikariPool-1:housekeeper] DEBUG com.zaxxer.hikari.pool.HikariPool - HikariPool-1 - keepalive: connection com.mysql.cj.jdbc.ConnectionImpl@62d4fd26 is alive
2026-06-11 04:13:20 [HikariPool-1:housekeeper] DEBUG com.zaxxer.hikari.pool.HikariPool - HikariPool-1 - keepalive: connection com.mysql.cj.jdbc.ConnectionImpl@73940226 is alive
2026-06-11 04:13:22 [HikariPool-1:housekeeper] DEBUG com.zaxxer.hikari.pool.HikariPool - HikariPool-1 - keepalive: connection com.mysql.cj.jdbc.ConnectionImpl@1bed013a is alive
2026-06-11 04:13:22 [HikariPool-1:housekeeper] DEBUG com.zaxxer.hikari.pool.HikariPool - HikariPool-1 - keepalive: connection com.mysql.cj.jdbc.ConnectionImpl@14943ff3 is alive
2026-06-11 04:13:22 [HikariPool-1:housekeeper] DEBUG com.zaxxer.hikari.pool.HikariPool - HikariPool-1 - keepalive: connection com.mysql.cj.jdbc.ConnectionImpl@77be0a17 is alive
2026-06-11 04:13:23 [HikariPool-1:housekeeper] DEBUG com.zaxxer.hikari.pool.HikariPool - HikariPool-1 - keepalive: connection com.mysql.cj.jdbc.ConnectionImpl@6c31692d is alive
2026-06-11 04:13:24 [HikariPool-1:housekeeper] DEBUG com.zaxxer.hikari.pool.HikariPool - HikariPool-1 - keepalive: connection com.mysql.cj.jdbc.ConnectionImpl@2af03ed9 is alive
2026-06-11 04:13:24 [HikariPool-1:housekeeper] DEBUG com.zaxxer.hikari.pool.HikariPool - HikariPool-1 - keepalive: connection com.mysql.cj.jdbc.ConnectionImpl@22492663 is alive
2026-06-11 04:13:25 [HikariPool-1:housekeeper] DEBUG com.zaxxer.hikari.pool.HikariPool - HikariPool-1 - keepalive: connection com.mysql.cj.jdbc.ConnectionImpl@52e2c576 is alive
2026-06-11 04:13:25 [HikariPool-1:housekeeper] DEBUG com.zaxxer.hikari.pool.HikariPool - HikariPool-1 - keepalive: connection com.mysql.cj.jdbc.ConnectionImpl@77f52b8 is alive
2026-06-11 04:13:26 [HikariPool-1:housekeeper] DEBUG com.zaxxer.hikari.pool.HikariPool - HikariPool-1 - keepalive: connection com.mysql.cj.jdbc.ConnectionImpl@5a849b99 is alive
2026-06-11 04:13:29 [HikariPool-1:housekeeper] DEBUG com.zaxxer.hikari.pool.HikariPool - HikariPool-1 - keepalive: connection com.mysql.cj.jdbc.ConnectionImpl@10912a0a is alive
2026-06-11 04:13:32 [HikariPool-1:housekeeper] DEBUG com.zaxxer.hikari.pool.HikariPool - HikariPool-1 - keepalive: connection com.mysql.cj.jdbc.ConnectionImpl@71b904a is alive
2026-06-11 04:13:34 [HikariPool-1:housekeeper] DEBUG com.zaxxer.hikari.pool.HikariPool - HikariPool-1 - keepalive: connection com.mysql.cj.jdbc.ConnectionImpl@578a0c05 is alive
2026-06-11 04:13:35 [HikariPool-1:housekeeper] DEBUG com.zaxxer.hikari.pool.HikariPool - HikariPool-1 - keepalive: connection com.mysql.cj.jdbc.ConnectionImpl@56acff63 is alive
2026-06-11 04:13:37 [HikariPool-1:housekeeper] DEBUG com.zaxxer.hikari.pool.HikariPool - HikariPool-1 - keepalive: connection com.mysql.cj.jdbc.ConnectionImpl@3683002c is alive
2026-06-11 04:13:38 [HikariPool-1:housekeeper] DEBUG com.zaxxer.hikari.pool.HikariPool - HikariPool-1 - keepalive: connection com.mysql.cj.jdbc.ConnectionImpl@447e074e is alive
2026-06-11 04:13:40 [HikariPool-1:housekeeper] DEBUG com.zaxxer.hikari.pool.HikariPool - HikariPool-1 - keepalive: connection com.mysql.cj.jdbc.ConnectionImpl@26400255 is alive
2026-06-11 04:13:41 [HikariPool-1:housekeeper] DEBUG com.zaxxer.hikari.pool.HikariPool - HikariPool-1 - keepalive: connection com.mysql.cj.jdbc.ConnectionImpl@3004ff86 is alive
2026-06-11 04:13:42 [HikariPool-1:housekeeper] DEBUG com.zaxxer.hikari.pool.HikariPool - HikariPool-1 - Pool stats (total=20/20, idle=20/20, active=0, waiting=0)
2026-06-11 04:13:42 [HikariPool-1:housekeeper] DEBUG com.zaxxer.hikari.pool.HikariPool - HikariPool-1 - Fill pool skipped, pool has sufficient level or currently being filled.
2026-06-11 04:13:43 [HikariPool-1:housekeeper] DEBUG com.zaxxer.hikari.pool.HikariPool - HikariPool-1 - keepalive: connection com.mysql.cj.jdbc.ConnectionImpl@3699b3f7 is alive
2026-06-11 04:14:12 [HikariPool-1:housekeeper] DEBUG com.zaxxer.hikari.pool.HikariPool - HikariPool-1 - Pool stats (total=20/20, idle=20/20, active=0, waiting=0)
2026-06-11 04:14:12 [HikariPool-1:housekeeper] DEBUG com.zaxxer.hikari.pool.HikariPool - HikariPool-1 - Fill pool skipped, pool has sufficient level or currently being filled.
2026-06-11 04:14:42 [HikariPool-1:housekeeper] DEBUG com.zaxxer.hikari.pool.HikariPool - HikariPool-1 - Pool stats (total=20/20, idle=20/20, active=0, waiting=0)
2026-06-11 04:14:42 [HikariPool-1:housekeeper] DEBUG com.zaxxer.hikari.pool.HikariPool - HikariPool-1 - Fill pool skipped, pool has sufficient level or currently being filled.
2026-06-11 04:14:56 [HikariPool-1:housekeeper] DEBUG com.zaxxer.hikari.pool.HikariPool - HikariPool-1 - keepalive: connection com.mysql.cj.jdbc.ConnectionImpl@62d4fd26 is alive
2026-06-11 04:14:58 [HikariPool-1:housekeeper] DEBUG com.zaxxer.hikari.pool.HikariPool - HikariPool-1 - keepalive: connection com.mysql.cj.jdbc.ConnectionImpl@73940226 is alive
2026-06-11 04:15:02 [HikariPool-1:housekeeper] DEBUG com.zaxxer.hikari.pool.HikariPool - HikariPool-1 - keepalive: connection com.mysql.cj.jdbc.ConnectionImpl@1bed013a is alive
2026-06-11 04:15:02 [HikariPool-1:housekeeper] DEBUG com.zaxxer.hikari.pool.HikariPool - HikariPool-1 - keepalive: connection com.mysql.cj.jdbc.ConnectionImpl@14943ff3 is alive
2026-06-11 04:15:02 [HikariPool-1:housekeeper] DEBUG com.zaxxer.hikari.pool.HikariPool - HikariPool-1 - keepalive: connection com.mysql.cj.jdbc.ConnectionImpl@77be0a17 is alive
2026-06-11 04:15:03 [HikariPool-1:housekeeper] DEBUG com.zaxxer.hikari.pool.HikariPool - HikariPool-1 - keepalive: connection com.mysql.cj.jdbc.ConnectionImpl@6c31692d is alive
2026-06-11 04:15:05 [HikariPool-1:housekeeper] DEBUG com.zaxxer.hikari.pool.HikariPool - HikariPool-1 - keepalive: connection com.mysql.cj.jdbc.ConnectionImpl@2af03ed9 is alive
2026-06-11 04:15:05 [HikariPool-1:housekeeper] DEBUG com.zaxxer.hikari.pool.HikariPool - HikariPool-1 - keepalive: connection com.mysql.cj.jdbc.ConnectionImpl@22492663 is alive
2026-06-11 04:15:08 [HikariPool-1:housekeeper] DEBUG com.zaxxer.hikari.pool.HikariPool - HikariPool-1 - keepalive: connection com.mysql.cj.jdbc.ConnectionImpl@52e2c576 is alive
2026-06-11 04:15:09 [HikariPool-1:housekeeper] DEBUG com.zaxxer.hikari.pool.HikariPool - HikariPool-1 - keepalive: connection com.mysql.cj.jdbc.ConnectionImpl@77f52b8 is alive
2026-06-11 04:15:09 [HikariPool-1:housekeeper] DEBUG com.zaxxer.hikari.pool.HikariPool - HikariPool-1 - keepalive: connection com.mysql.cj.jdbc.ConnectionImpl@5a849b99 is alive
2026-06-11 04:15:12 [HikariPool-1:housekeeper] DEBUG com.zaxxer.hikari.pool.HikariPool - HikariPool-1 - Pool stats (total=20/20, idle=20/20, active=0, waiting=0)
2026-06-11 04:15:12 [HikariPool-1:housekeeper] DEBUG com.zaxxer.hikari.pool.HikariPool - HikariPool-1 - Fill pool skipped, pool has sufficient level or currently being filled.
2026-06-11 04:15:15 [HikariPool-1:housekeeper] DEBUG com.zaxxer.hikari.pool.HikariPool - HikariPool-1 - keepalive: connection com.mysql.cj.jdbc.ConnectionImpl@10912a0a is alive
2026-06-11 04:15:22 [HikariPool-1:housekeeper] DEBUG com.zaxxer.hikari.pool.HikariPool - HikariPool-1 - keepalive: connection com.mysql.cj.jdbc.ConnectionImpl@71b904a is alive
2026-06-11 04:15:25 [HikariPool-1:housekeeper] DEBUG com.zaxxer.hikari.pool.HikariPool - HikariPool-1 - keepalive: connection com.mysql.cj.jdbc.ConnectionImpl@578a0c05 is alive
2026-06-11 04:15:27 [HikariPool-1:housekeeper] DEBUG com.zaxxer.hikari.pool.HikariPool - HikariPool-1 - keepalive: connection com.mysql.cj.jdbc.ConnectionImpl@56acff63 is alive
2026-06-11 04:15:32 [HikariPool-1:housekeeper] DEBUG com.zaxxer.hikari.pool.HikariPool - HikariPool-1 - keepalive: connection com.mysql.cj.jdbc.ConnectionImpl@3683002c is alive
2026-06-11 04:15:34 [HikariPool-1:housekeeper] DEBUG com.zaxxer.hikari.pool.HikariPool - HikariPool-1 - keepalive: connection com.mysql.cj.jdbc.ConnectionImpl@447e074e is alive
2026-06-11 04:15:38 [HikariPool-1:housekeeper] DEBUG com.zaxxer.hikari.pool.HikariPool - HikariPool-1 - keepalive: connection com.mysql.cj.jdbc.ConnectionImpl@26400255 is alive
2026-06-11 04:15:39 [HikariPool-1:housekeeper] DEBUG com.zaxxer.hikari.pool.HikariPool - HikariPool-1 - keepalive: connection com.mysql.cj.jdbc.ConnectionImpl@3004ff86 is alive
2026-06-11 04:15:42 [HikariPool-1:housekeeper] DEBUG com.zaxxer.hikari.pool.HikariPool - HikariPool-1 - Pool stats (total=20/20, idle=20/20, active=0, waiting=0)
2026-06-11 04:15:42 [HikariPool-1:housekeeper] DEBUG com.zaxxer.hikari.pool.HikariPool - HikariPool-1 - Fill pool skipped, pool has sufficient level or currently being filled.
2026-06-11 04:15:43 [HikariPool-1:housekeeper] DEBUG com.zaxxer.hikari.pool.HikariPool - HikariPool-1 - keepalive: connection com.mysql.cj.jdbc.ConnectionImpl@3699b3f7 is alive
2026-06-11 04:16:12 [HikariPool-1:housekeeper] DEBUG com.zaxxer.hikari.pool.HikariPool - HikariPool-1 - Pool stats (total=20/20, idle=20/20, active=0, waiting=0)
2026-06-11 04:16:12 [HikariPool-1:housekeeper] DEBUG com.zaxxer.hikari.pool.HikariPool - HikariPool-1 - Fill pool skipped, pool has sufficient level or currently being filled.
2026-06-11 04:16:32 [HikariPool-1:housekeeper] DEBUG com.zaxxer.hikari.pool.HikariPool - HikariPool-1 - keepalive: connection com.mysql.cj.jdbc.ConnectionImpl@62d4fd26 is alive
2026-06-11 04:16:35 [HikariPool-1:housekeeper] DEBUG com.zaxxer.hikari.pool.HikariPool - HikariPool-1 - keepalive: connection com.mysql.cj.jdbc.ConnectionImpl@73940226 is alive
2026-06-11 04:16:41 [HikariPool-1:housekeeper] DEBUG com.zaxxer.hikari.pool.HikariPool - HikariPool-1 - keepalive: connection com.mysql.cj.jdbc.ConnectionImpl@1bed013a is alive
2026-06-11 04:16:42 [HikariPool-1:housekeeper] DEBUG com.zaxxer.hikari.pool.HikariPool - HikariPool-1 - keepalive: connection com.mysql.cj.jdbc.ConnectionImpl@14943ff3 is alive
2026-06-11 04:16:42 [HikariPool-1:housekeeper] DEBUG com.zaxxer.hikari.pool.HikariPool - HikariPool-1 - Pool stats (total=20/20, idle=20/20, active=0, waiting=0)
2026-06-11 04:16:42 [HikariPool-1:housekeeper] DEBUG com.zaxxer.hikari.pool.HikariPool - HikariPool-1 - Fill pool skipped, pool has sufficient level or currently being filled.
2026-06-11 04:16:43 [HikariPool-1:housekeeper] DEBUG com.zaxxer.hikari.pool.HikariPool - HikariPool-1 - keepalive: connection com.mysql.cj.jdbc.ConnectionImpl@77be0a17 is alive
2026-06-11 04:16:43 [HikariPool-1:housekeeper] DEBUG com.zaxxer.hikari.pool.HikariPool - HikariPool-1 - keepalive: connection com.mysql.cj.jdbc.ConnectionImpl@6c31692d is alive
2026-06-11 04:16:46 [HikariPool-1:housekeeper] DEBUG com.zaxxer.hikari.pool.HikariPool - HikariPool-1 - keepalive: connection com.mysql.cj.jdbc.ConnectionImpl@2af03ed9 is alive
2026-06-11 04:16:46 [HikariPool-1:housekeeper] DEBUG com.zaxxer.hikari.pool.HikariPool - HikariPool-1 - keepalive: connection com.mysql.cj.jdbc.ConnectionImpl@22492663 is alive
2026-06-11 04:16:50 [HikariPool-1:housekeeper] DEBUG com.zaxxer.hikari.pool.HikariPool - HikariPool-1 - keepalive: connection com.mysql.cj.jdbc.ConnectionImpl@52e2c576 is alive
2026-06-11 04:16:52 [HikariPool-1:housekeeper] DEBUG com.zaxxer.hikari.pool.HikariPool - HikariPool-1 - keepalive: connection com.mysql.cj.jdbc.ConnectionImpl@77f52b8 is alive
2026-06-11 04:16:53 [HikariPool-1:housekeeper] DEBUG com.zaxxer.hikari.pool.HikariPool - HikariPool-1 - keepalive: connection com.mysql.cj.jdbc.ConnectionImpl@5a849b99 is alive
2026-06-11 04:17:01 [HikariPool-1:housekeeper] DEBUG com.zaxxer.hikari.pool.HikariPool - HikariPool-1 - keepalive: connection com.mysql.cj.jdbc.ConnectionImpl@10912a0a is alive
2026-06-11 04:17:11 [HikariPool-1:housekeeper] DEBUG com.zaxxer.hikari.pool.HikariPool - HikariPool-1 - keepalive: connection com.mysql.cj.jdbc.ConnectionImpl@71b904a is alive
2026-06-11 04:17:12 [HikariPool-1:housekeeper] DEBUG com.zaxxer.hikari.pool.HikariPool - HikariPool-1 - Pool stats (total=20/20, idle=20/20, active=0, waiting=0)
2026-06-11 04:17:12 [HikariPool-1:housekeeper] DEBUG com.zaxxer.hikari.pool.HikariPool - HikariPool-1 - Fill pool skipped, pool has sufficient level or currently being filled.
2026-06-11 04:17:17 [HikariPool-1:housekeeper] DEBUG com.zaxxer.hikari.pool.HikariPool - HikariPool-1 - keepalive: connection com.mysql.cj.jdbc.ConnectionImpl@578a0c05 is alive
2026-06-11 04:17:20 [HikariPool-1:housekeeper] DEBUG com.zaxxer.hikari.pool.HikariPool - HikariPool-1 - keepalive: connection com.mysql.cj.jdbc.ConnectionImpl@56acff63 is alive
2026-06-11 04:17:28 [HikariPool-1:housekeeper] DEBUG com.zaxxer.hikari.pool.HikariPool - HikariPool-1 - keepalive: connection com.mysql.cj.jdbc.ConnectionImpl@3683002c is alive
2026-06-11 04:17:30 [HikariPool-1:housekeeper] DEBUG com.zaxxer.hikari.pool.HikariPool - HikariPool-1 - keepalive: connection com.mysql.cj.jdbc.ConnectionImpl@447e074e is alive
2026-06-11 04:17:35 [HikariPool-1:housekeeper] DEBUG com.zaxxer.hikari.pool.HikariPool - HikariPool-1 - keepalive: connection com.mysql.cj.jdbc.ConnectionImpl@26400255 is alive
2026-06-11 04:17:37 [HikariPool-1:housekeeper] DEBUG com.zaxxer.hikari.pool.HikariPool - HikariPool-1 - keepalive: connection com.mysql.cj.jdbc.ConnectionImpl@3004ff86 is alive
2026-06-11 04:17:42 [HikariPool-1:housekeeper] DEBUG com.zaxxer.hikari.pool.HikariPool - HikariPool-1 - Pool stats (total=20/20, idle=20/20, active=0, waiting=0)
2026-06-11 04:17:42 [HikariPool-1:housekeeper] DEBUG com.zaxxer.hikari.pool.HikariPool - HikariPool-1 - Fill pool skipped, pool has sufficient level or currently being filled.
2026-06-11 04:17:43 [HikariPool-1:housekeeper] DEBUG com.zaxxer.hikari.pool.HikariPool - HikariPool-1 - keepalive: connection com.mysql.cj.jdbc.ConnectionImpl@3699b3f7 is alive
2026-06-11 04:18:09 [HikariPool-1:housekeeper] DEBUG com.zaxxer.hikari.pool.HikariPool - HikariPool-1 - keepalive: connection com.mysql.cj.jdbc.ConnectionImpl@62d4fd26 is alive
2026-06-11 04:18:12 [HikariPool-1:housekeeper] DEBUG com.zaxxer.hikari.pool.HikariPool - HikariPool-1 - Pool stats (total=20/20, idle=20/20, active=0, waiting=0)
2026-06-11 04:18:12 [HikariPool-1:housekeeper] DEBUG com.zaxxer.hikari.pool.HikariPool - HikariPool-1 - Fill pool skipped, pool has sufficient level or currently being filled.
2026-06-11 04:18:13 [HikariPool-1:housekeeper] DEBUG com.zaxxer.hikari.pool.HikariPool - HikariPool-1 - keepalive: connection com.mysql.cj.jdbc.ConnectionImpl@73940226 is alive
2026-06-11 04:18:21 [HikariPool-1:housekeeper] DEBUG com.zaxxer.hikari.pool.HikariPool - HikariPool-1 - keepalive: connection com.mysql.cj.jdbc.ConnectionImpl@1bed013a is alive
2026-06-11 04:18:22 [HikariPool-1:housekeeper] DEBUG com.zaxxer.hikari.pool.HikariPool - HikariPool-1 - keepalive: connection com.mysql.cj.jdbc.ConnectionImpl@14943ff3 is alive
2026-06-11 04:18:23 [HikariPool-1:housekeeper] DEBUG com.zaxxer.hikari.pool.HikariPool - HikariPool-1 - keepalive: connection com.mysql.cj.jdbc.ConnectionImpl@77be0a17 is alive
2026-06-11 04:18:23 [HikariPool-1:housekeeper] DEBUG com.zaxxer.hikari.pool.HikariPool - HikariPool-1 - keepalive: connection com.mysql.cj.jdbc.ConnectionImpl@6c31692d is alive
2026-06-11 04:18:27 [HikariPool-1:housekeeper] DEBUG com.zaxxer.hikari.pool.HikariPool - HikariPool-1 - keepalive: connection com.mysql.cj.jdbc.ConnectionImpl@2af03ed9 is alive
2026-06-11 04:18:28 [HikariPool-1:housekeeper] DEBUG com.zaxxer.hikari.pool.HikariPool - HikariPool-1 - keepalive: connection com.mysql.cj.jdbc.ConnectionImpl@22492663 is alive
2026-06-11 04:18:33 [HikariPool-1:housekeeper] DEBUG com.zaxxer.hikari.pool.HikariPool - HikariPool-1 - keepalive: connection com.mysql.cj.jdbc.ConnectionImpl@52e2c576 is alive
2026-06-11 04:18:35 [HikariPool-1:housekeeper] DEBUG com.zaxxer.hikari.pool.HikariPool - HikariPool-1 - keepalive: connection com.mysql.cj.jdbc.ConnectionImpl@77f52b8 is alive
2026-06-11 04:18:36 [HikariPool-1:housekeeper] DEBUG com.zaxxer.hikari.pool.HikariPool - HikariPool-1 - keepalive: connection com.mysql.cj.jdbc.ConnectionImpl@5a849b99 is alive
2026-06-11 04:18:42 [HikariPool-1:housekeeper] DEBUG com.zaxxer.hikari.pool.HikariPool - HikariPool-1 - Pool stats (total=20/20, idle=20/20, active=0, waiting=0)
2026-06-11 04:18:42 [HikariPool-1:housekeeper] DEBUG com.zaxxer.hikari.pool.HikariPool - HikariPool-1 - Fill pool skipped, pool has sufficient level or currently being filled.
2026-06-11 04:18:47 [HikariPool-1:housekeeper] DEBUG com.zaxxer.hikari.pool.HikariPool - HikariPool-1 - keepalive: connection com.mysql.cj.jdbc.ConnectionImpl@10912a0a is alive
2026-06-11 04:19:01 [HikariPool-1:housekeeper] DEBUG com.zaxxer.hikari.pool.HikariPool - HikariPool-1 - keepalive: connection com.mysql.cj.jdbc.ConnectionImpl@71b904a is alive
2026-06-11 04:19:08 [HikariPool-1:housekeeper] DEBUG com.zaxxer.hikari.pool.HikariPool - HikariPool-1 - keepalive: connection com.mysql.cj.jdbc.ConnectionImpl@578a0c05 is alive
2026-06-11 04:19:12 [HikariPool-1:housekeeper] DEBUG com.zaxxer.hikari.pool.HikariPool - HikariPool-1 - keepalive: connection com.mysql.cj.jdbc.ConnectionImpl@56acff63 is alive
2026-06-11 04:19:12 [HikariPool-1:housekeeper] DEBUG com.zaxxer.hikari.pool.HikariPool - HikariPool-1 - Pool stats (total=20/20, idle=20/20, active=0, waiting=0)
2026-06-11 04:19:12 [HikariPool-1:housekeeper] DEBUG com.zaxxer.hikari.pool.HikariPool - HikariPool-1 - Fill pool skipped, pool has sufficient level or currently being filled.
2026-06-11 04:19:23 [HikariPool-1:housekeeper] DEBUG com.zaxxer.hikari.pool.HikariPool - HikariPool-1 - keepalive: connection com.mysql.cj.jdbc.ConnectionImpl@3683002c is alive
2026-06-11 04:19:25 [HikariPool-1:housekeeper] DEBUG com.zaxxer.hikari.pool.HikariPool - HikariPool-1 - keepalive: connection com.mysql.cj.jdbc.ConnectionImpl@447e074e is alive
2026-06-11 04:19:33 [HikariPool-1:housekeeper] DEBUG com.zaxxer.hikari.pool.HikariPool - HikariPool-1 - keepalive: connection com.mysql.cj.jdbc.ConnectionImpl@26400255 is alive
2026-06-11 04:19:35 [HikariPool-1:housekeeper] DEBUG com.zaxxer.hikari.pool.HikariPool - HikariPool-1 - keepalive: connection com.mysql.cj.jdbc.ConnectionImpl@3004ff86 is alive
2026-06-11 04:19:42 [HikariPool-1:housekeeper] DEBUG com.zaxxer.hikari.pool.HikariPool - HikariPool-1 - Pool stats (total=20/20, idle=20/20, active=0, waiting=0)
2026-06-11 04:19:42 [HikariPool-1:housekeeper] DEBUG com.zaxxer.hikari.pool.HikariPool - HikariPool-1 - Fill pool skipped, pool has sufficient level or currently being filled.
2026-06-11 04:19:43 [HikariPool-1:housekeeper] DEBUG com.zaxxer.hikari.pool.HikariPool - HikariPool-1 - keepalive: connection com.mysql.cj.jdbc.ConnectionImpl@3699b3f7 is alive
2026-06-11 04:19:45 [HikariPool-1:housekeeper] DEBUG com.zaxxer.hikari.pool.HikariPool - HikariPool-1 - keepalive: connection com.mysql.cj.jdbc.ConnectionImpl@62d4fd26 is alive
2026-06-11 04:19:51 [HikariPool-1:housekeeper] DEBUG com.zaxxer.hikari.pool.HikariPool - HikariPool-1 - keepalive: connection com.mysql.cj.jdbc.ConnectionImpl@73940226 is alive
2026-06-11 04:20:01 [HikariPool-1:housekeeper] DEBUG com.zaxxer.hikari.pool.HikariPool - HikariPool-1 - keepalive: connection com.mysql.cj.jdbc.ConnectionImpl@1bed013a is alive
2026-06-11 04:20:02 [HikariPool-1:housekeeper] DEBUG com.zaxxer.hikari.pool.HikariPool - HikariPool-1 - keepalive: connection com.mysql.cj.jdbc.ConnectionImpl@14943ff3 is alive
2026-06-11 04:20:03 [HikariPool-1:housekeeper] DEBUG com.zaxxer.hikari.pool.HikariPool - HikariPool-1 - keepalive: connection com.mysql.cj.jdbc.ConnectionImpl@77be0a17 is alive
2026-06-11 04:20:03 [HikariPool-1:housekeeper] DEBUG com.zaxxer.hikari.pool.HikariPool - HikariPool-1 - keepalive: connection com.mysql.cj.jdbc.ConnectionImpl@6c31692d is alive
2026-06-11 04:20:08 [HikariPool-1:housekeeper] DEBUG com.zaxxer.hikari.pool.HikariPool - HikariPool-1 - keepalive: connection com.mysql.cj.jdbc.ConnectionImpl@2af03ed9 is alive
2026-06-11 04:20:09 [HikariPool-1:housekeeper] DEBUG com.zaxxer.hikari.pool.HikariPool - HikariPool-1 - keepalive: connection com.mysql.cj.jdbc.ConnectionImpl@22492663 is alive
2026-06-11 04:20:12 [HikariPool-1:housekeeper] DEBUG com.zaxxer.hikari.pool.HikariPool - HikariPool-1 - Pool stats (total=20/20, idle=20/20, active=0, waiting=0)
2026-06-11 04:20:12 [HikariPool-1:housekeeper] DEBUG com.zaxxer.hikari.pool.HikariPool - HikariPool-1 - Fill pool skipped, pool has sufficient level or currently being filled.
2026-06-11 04:20:16 [HikariPool-1:housekeeper] DEBUG com.zaxxer.hikari.pool.HikariPool - HikariPool-1 - keepalive: connection com.mysql.cj.jdbc.ConnectionImpl@52e2c576 is alive
2026-06-11 04:20:18 [HikariPool-1:housekeeper] DEBUG com.zaxxer.hikari.pool.HikariPool - HikariPool-1 - keepalive: connection com.mysql.cj.jdbc.ConnectionImpl@77f52b8 is alive
2026-06-11 04:20:20 [HikariPool-1:housekeeper] DEBUG com.zaxxer.hikari.pool.HikariPool - HikariPool-1 - keepalive: connection com.mysql.cj.jdbc.ConnectionImpl@5a849b99 is alive
2026-06-11 04:20:33 [HikariPool-1:housekeeper] DEBUG com.zaxxer.hikari.pool.HikariPool - HikariPool-1 - keepalive: connection com.mysql.cj.jdbc.ConnectionImpl@10912a0a is alive
2026-06-11 04:20:42 [HikariPool-1:housekeeper] DEBUG com.zaxxer.hikari.pool.HikariPool - HikariPool-1 - Pool stats (total=20/20, idle=20/20, active=0, waiting=0)
2026-06-11 04:20:42 [HikariPool-1:housekeeper] DEBUG com.zaxxer.hikari.pool.HikariPool - HikariPool-1 - Fill pool skipped, pool has sufficient level or currently being filled.
2026-06-11 04:20:51 [HikariPool-1:housekeeper] DEBUG com.zaxxer.hikari.pool.HikariPool - HikariPool-1 - keepalive: connection com.mysql.cj.jdbc.ConnectionImpl@71b904a is alive
2026-06-11 04:20:59 [HikariPool-1:housekeeper] DEBUG com.zaxxer.hikari.pool.HikariPool - HikariPool-1 - keepalive: connection com.mysql.cj.jdbc.ConnectionImpl@578a0c05 is alive
2026-06-11 04:21:04 [HikariPool-1:housekeeper] DEBUG com.zaxxer.hikari.pool.HikariPool - HikariPool-1 - keepalive: connection com.mysql.cj.jdbc.ConnectionImpl@56acff63 is alive
2026-06-11 04:21:12 [HikariPool-1:housekeeper] DEBUG com.zaxxer.hikari.pool.HikariPool - HikariPool-1 - Pool stats (total=20/20, idle=20/20, active=0, waiting=0)
2026-06-11 04:21:12 [HikariPool-1:housekeeper] DEBUG com.zaxxer.hikari.pool.HikariPool - HikariPool-1 - Fill pool skipped, pool has sufficient level or currently being filled.
2026-06-11 04:21:18 [HikariPool-1:housekeeper] DEBUG com.zaxxer.hikari.pool.HikariPool - HikariPool-1 - keepalive: connection com.mysql.cj.jdbc.ConnectionImpl@3683002c is alive
2026-06-11 04:21:21 [HikariPool-1:housekeeper] DEBUG com.zaxxer.hikari.pool.HikariPool - HikariPool-1 - keepalive: connection com.mysql.cj.jdbc.ConnectionImpl@447e074e is alive
2026-06-11 04:21:22 [HikariPool-1:housekeeper] DEBUG com.zaxxer.hikari.pool.HikariPool - HikariPool-1 - keepalive: connection com.mysql.cj.jdbc.ConnectionImpl@62d4fd26 is alive
2026-06-11 04:21:28 [HikariPool-1:housekeeper] DEBUG com.zaxxer.hikari.pool.HikariPool - HikariPool-1 - keepalive: connection com.mysql.cj.jdbc.ConnectionImpl@73940226 is alive
2026-06-11 04:21:30 [HikariPool-1:housekeeper] DEBUG com.zaxxer.hikari.pool.HikariPool - HikariPool-1 - keepalive: connection com.mysql.cj.jdbc.ConnectionImpl@26400255 is alive
2026-06-11 04:21:33 [HikariPool-1:housekeeper] DEBUG com.zaxxer.hikari.pool.HikariPool - HikariPool-1 - keepalive: connection com.mysql.cj.jdbc.ConnectionImpl@3004ff86 is alive
2026-06-11 04:21:40 [HikariPool-1:housekeeper] DEBUG com.zaxxer.hikari.pool.HikariPool - HikariPool-1 - keepalive: connection com.mysql.cj.jdbc.ConnectionImpl@1bed013a is alive
2026-06-11 04:21:41 [HikariPool-1:housekeeper] DEBUG com.zaxxer.hikari.pool.HikariPool - HikariPool-1 - keepalive: connection com.mysql.cj.jdbc.ConnectionImpl@14943ff3 is alive
2026-06-11 04:21:42 [HikariPool-1:housekeeper] DEBUG com.zaxxer.hikari.pool.HikariPool - HikariPool-1 - Pool stats (total=20/20, idle=20/20, active=0, waiting=0)
2026-06-11 04:21:42 [HikariPool-1:housekeeper] DEBUG com.zaxxer.hikari.pool.HikariPool - HikariPool-1 - Fill pool skipped, pool has sufficient level or currently being filled.
2026-06-11 04:21:42 [HikariPool-1:housekeeper] DEBUG com.zaxxer.hikari.pool.HikariPool - HikariPool-1 - keepalive: connection com.mysql.cj.jdbc.ConnectionImpl@3699b3f7 is alive
2026-06-11 04:21:43 [HikariPool-1:housekeeper] DEBUG com.zaxxer.hikari.pool.HikariPool - HikariPool-1 - keepalive: connection com.mysql.cj.jdbc.ConnectionImpl@77be0a17 is alive
2026-06-11 04:21:43 [HikariPool-1:housekeeper] DEBUG com.zaxxer.hikari.pool.HikariPool - HikariPool-1 - keepalive: connection com.mysql.cj.jdbc.ConnectionImpl@6c31692d is alive
2026-06-11 04:21:49 [HikariPool-1:housekeeper] DEBUG com.zaxxer.hikari.pool.HikariPool - HikariPool-1 - keepalive: connection com.mysql.cj.jdbc.ConnectionImpl@2af03ed9 is alive
2026-06-11 04:21:50 [HikariPool-1:housekeeper] DEBUG com.zaxxer.hikari.pool.HikariPool - HikariPool-1 - keepalive: connection com.mysql.cj.jdbc.ConnectionImpl@22492663 is alive
2026-06-11 04:21:58 [HikariPool-1:housekeeper] DEBUG com.zaxxer.hikari.pool.HikariPool - HikariPool-1 - keepalive: connection com.mysql.cj.jdbc.ConnectionImpl@52e2c576 is alive
2026-06-11 04:22:01 [HikariPool-1:housekeeper] DEBUG com.zaxxer.hikari.pool.HikariPool - HikariPool-1 - keepalive: connection com.mysql.cj.jdbc.ConnectionImpl@77f52b8 is alive
2026-06-11 04:22:03 [HikariPool-1:housekeeper] DEBUG com.zaxxer.hikari.pool.HikariPool - HikariPool-1 - keepalive: connection com.mysql.cj.jdbc.ConnectionImpl@5a849b99 is alive
2026-06-11 04:22:12 [HikariPool-1:housekeeper] DEBUG com.zaxxer.hikari.pool.HikariPool - HikariPool-1 - Pool stats (total=20/20, idle=20/20, active=0, waiting=0)
2026-06-11 04:22:12 [HikariPool-1:housekeeper] DEBUG com.zaxxer.hikari.pool.HikariPool - HikariPool-1 - Fill pool skipped, pool has sufficient level or currently being filled.
2026-06-11 04:22:19 [HikariPool-1:housekeeper] DEBUG com.zaxxer.hikari.pool.HikariPool - HikariPool-1 - keepalive: connection com.mysql.cj.jdbc.ConnectionImpl@10912a0a is alive
2026-06-11 04:22:40 [HikariPool-1:housekeeper] DEBUG com.zaxxer.hikari.pool.HikariPool - HikariPool-1 - keepalive: connection com.mysql.cj.jdbc.ConnectionImpl@71b904a is alive
2026-06-11 04:22:42 [HikariPool-1:housekeeper] DEBUG com.zaxxer.hikari.pool.HikariPool - HikariPool-1 - Pool stats (total=20/20, idle=20/20, active=0, waiting=0)
2026-06-11 04:22:42 [HikariPool-1:housekeeper] DEBUG com.zaxxer.hikari.pool.HikariPool - HikariPool-1 - Fill pool skipped, pool has sufficient level or currently being filled.
2026-06-11 04:22:51 [HikariPool-1:housekeeper] DEBUG com.zaxxer.hikari.pool.HikariPool - HikariPool-1 - keepalive: connection com.mysql.cj.jdbc.ConnectionImpl@578a0c05 is alive
2026-06-11 04:22:57 [HikariPool-1:housekeeper] DEBUG com.zaxxer.hikari.pool.HikariPool - HikariPool-1 - keepalive: connection com.mysql.cj.jdbc.ConnectionImpl@56acff63 is alive
2026-06-11 04:22:58 [HikariPool-1:housekeeper] DEBUG com.zaxxer.hikari.pool.HikariPool - HikariPool-1 - keepalive: connection com.mysql.cj.jdbc.ConnectionImpl@62d4fd26 is alive
2026-06-11 04:23:06 [HikariPool-1:housekeeper] DEBUG com.zaxxer.hikari.pool.HikariPool - HikariPool-1 - keepalive: connection com.mysql.cj.jdbc.ConnectionImpl@73940226 is alive
2026-06-11 04:23:12 [HikariPool-1:housekeeper] DEBUG com.zaxxer.hikari.pool.HikariPool - HikariPool-1 - Pool stats (total=20/20, idle=20/20, active=0, waiting=0)
2026-06-11 04:23:12 [HikariPool-1:housekeeper] DEBUG com.zaxxer.hikari.pool.HikariPool - HikariPool-1 - Fill pool skipped, pool has sufficient level or currently being filled.
2026-06-11 04:23:13 [HikariPool-1:housekeeper] DEBUG com.zaxxer.hikari.pool.HikariPool - HikariPool-1 - keepalive: connection com.mysql.cj.jdbc.ConnectionImpl@3683002c is alive
2026-06-11 04:23:16 [HikariPool-1:housekeeper] DEBUG com.zaxxer.hikari.pool.HikariPool - HikariPool-1 - keepalive: connection com.mysql.cj.jdbc.ConnectionImpl@447e074e is alive
2026-06-11 04:23:20 [HikariPool-1:housekeeper] DEBUG com.zaxxer.hikari.pool.HikariPool - HikariPool-1 - keepalive: connection com.mysql.cj.jdbc.ConnectionImpl@1bed013a is alive
2026-06-11 04:23:21 [HikariPool-1:housekeeper] DEBUG com.zaxxer.hikari.pool.HikariPool - HikariPool-1 - keepalive: connection com.mysql.cj.jdbc.ConnectionImpl@14943ff3 is alive
2026-06-11 04:23:23 [HikariPool-1:housekeeper] DEBUG com.zaxxer.hikari.pool.HikariPool - HikariPool-1 - keepalive: connection com.mysql.cj.jdbc.ConnectionImpl@77be0a17 is alive
2026-06-11 04:23:23 [HikariPool-1:housekeeper] DEBUG com.zaxxer.hikari.pool.HikariPool - HikariPool-1 - keepalive: connection com.mysql.cj.jdbc.ConnectionImpl@6c31692d is alive
2026-06-11 04:23:28 [HikariPool-1:housekeeper] DEBUG com.zaxxer.hikari.pool.HikariPool - HikariPool-1 - keepalive: connection com.mysql.cj.jdbc.ConnectionImpl@26400255 is alive
2026-06-11 04:23:30 [HikariPool-1:housekeeper] DEBUG com.zaxxer.hikari.pool.HikariPool - HikariPool-1 - keepalive: connection com.mysql.cj.jdbc.ConnectionImpl@2af03ed9 is alive
2026-06-11 04:23:31 [HikariPool-1:housekeeper] DEBUG com.zaxxer.hikari.pool.HikariPool - HikariPool-1 - keepalive: connection com.mysql.cj.jdbc.ConnectionImpl@22492663 is alive
2026-06-11 04:23:31 [HikariPool-1:housekeeper] DEBUG com.zaxxer.hikari.pool.HikariPool - HikariPool-1 - keepalive: connection com.mysql.cj.jdbc.ConnectionImpl@3004ff86 is alive
2026-06-11 04:23:41 [HikariPool-1:housekeeper] DEBUG com.zaxxer.hikari.pool.HikariPool - HikariPool-1 - keepalive: connection com.mysql.cj.jdbc.ConnectionImpl@52e2c576 is alive
2026-06-11 04:23:42 [HikariPool-1:housekeeper] DEBUG com.zaxxer.hikari.pool.HikariPool - HikariPool-1 - keepalive: connection com.mysql.cj.jdbc.ConnectionImpl@3699b3f7 is alive
2026-06-11 04:23:42 [HikariPool-1:housekeeper] DEBUG com.zaxxer.hikari.pool.HikariPool - HikariPool-1 - Pool stats (total=20/20, idle=20/20, active=0, waiting=0)
2026-06-11 04:23:42 [HikariPool-1:housekeeper] DEBUG com.zaxxer.hikari.pool.HikariPool - HikariPool-1 - Fill pool skipped, pool has sufficient level or currently being filled.
2026-06-11 04:23:44 [HikariPool-1:housekeeper] DEBUG com.zaxxer.hikari.pool.HikariPool - HikariPool-1 - keepalive: connection com.mysql.cj.jdbc.ConnectionImpl@77f52b8 is alive
2026-06-11 04:23:47 [HikariPool-1:housekeeper] DEBUG com.zaxxer.hikari.pool.HikariPool - HikariPool-1 - keepalive: connection com.mysql.cj.jdbc.ConnectionImpl@5a849b99 is alive
2026-06-11 04:24:05 [HikariPool-1:housekeeper] DEBUG com.zaxxer.hikari.pool.HikariPool - HikariPool-1 - keepalive: connection com.mysql.cj.jdbc.ConnectionImpl@10912a0a is alive
2026-06-11 04:24:12 [HikariPool-1:housekeeper] DEBUG com.zaxxer.hikari.pool.HikariPool - HikariPool-1 - Pool stats (total=20/20, idle=20/20, active=0, waiting=0)
2026-06-11 04:24:12 [HikariPool-1:housekeeper] DEBUG com.zaxxer.hikari.pool.HikariPool - HikariPool-1 - Fill pool skipped, pool has sufficient level or currently being filled.
2026-06-11 04:24:30 [HikariPool-1:housekeeper] DEBUG com.zaxxer.hikari.pool.HikariPool - HikariPool-1 - keepalive: connection com.mysql.cj.jdbc.ConnectionImpl@71b904a is alive
2026-06-11 04:24:35 [HikariPool-1:housekeeper] DEBUG com.zaxxer.hikari.pool.HikariPool - HikariPool-1 - keepalive: connection com.mysql.cj.jdbc.ConnectionImpl@62d4fd26 is alive
2026-06-11 04:24:42 [HikariPool-1:housekeeper] DEBUG com.zaxxer.hikari.pool.HikariPool - HikariPool-1 - keepalive: connection com.mysql.cj.jdbc.ConnectionImpl@578a0c05 is alive
2026-06-11 04:24:42 [HikariPool-1:housekeeper] DEBUG com.zaxxer.hikari.pool.HikariPool - HikariPool-1 - Pool stats (total=20/20, idle=20/20, active=0, waiting=0)
2026-06-11 04:24:42 [HikariPool-1:housekeeper] DEBUG com.zaxxer.hikari.pool.HikariPool - HikariPool-1 - Fill pool skipped, pool has sufficient level or currently being filled.
2026-06-11 04:24:44 [HikariPool-1:housekeeper] DEBUG com.zaxxer.hikari.pool.HikariPool - HikariPool-1 - keepalive: connection com.mysql.cj.jdbc.ConnectionImpl@73940226 is alive
2026-06-11 04:24:49 [HikariPool-1:housekeeper] DEBUG com.zaxxer.hikari.pool.HikariPool - HikariPool-1 - keepalive: connection com.mysql.cj.jdbc.ConnectionImpl@56acff63 is alive
2026-06-11 04:25:00 [HikariPool-1:housekeeper] DEBUG com.zaxxer.hikari.pool.HikariPool - HikariPool-1 - keepalive: connection com.mysql.cj.jdbc.ConnectionImpl@1bed013a is alive
2026-06-11 04:25:01 [HikariPool-1:housekeeper] DEBUG com.zaxxer.hikari.pool.HikariPool - HikariPool-1 - keepalive: connection com.mysql.cj.jdbc.ConnectionImpl@14943ff3 is alive
2026-06-11 04:25:03 [HikariPool-1:housekeeper] DEBUG com.zaxxer.hikari.pool.HikariPool - HikariPool-1 - keepalive: connection com.mysql.cj.jdbc.ConnectionImpl@77be0a17 is alive
2026-06-11 04:25:03 [HikariPool-1:housekeeper] DEBUG com.zaxxer.hikari.pool.HikariPool - HikariPool-1 - keepalive: connection com.mysql.cj.jdbc.ConnectionImpl@6c31692d is alive
2026-06-11 04:25:08 [HikariPool-1:housekeeper] DEBUG com.zaxxer.hikari.pool.HikariPool - HikariPool-1 - keepalive: connection com.mysql.cj.jdbc.ConnectionImpl@3683002c is alive
2026-06-11 04:25:11 [HikariPool-1:housekeeper] DEBUG com.zaxxer.hikari.pool.HikariPool - HikariPool-1 - keepalive: connection com.mysql.cj.jdbc.ConnectionImpl@2af03ed9 is alive
2026-06-11 04:25:12 [HikariPool-1:housekeeper] DEBUG com.zaxxer.hikari.pool.HikariPool - HikariPool-1 - keepalive: connection com.mysql.cj.jdbc.ConnectionImpl@447e074e is alive
2026-06-11 04:25:12 [HikariPool-1:housekeeper] DEBUG com.zaxxer.hikari.pool.HikariPool - HikariPool-1 - Pool stats (total=20/20, idle=20/20, active=0, waiting=0)
2026-06-11 04:25:12 [HikariPool-1:housekeeper] DEBUG com.zaxxer.hikari.pool.HikariPool - HikariPool-1 - Fill pool skipped, pool has sufficient level or currently being filled.
2026-06-11 04:25:12 [HikariPool-1:housekeeper] DEBUG com.zaxxer.hikari.pool.HikariPool - HikariPool-1 - keepalive: connection com.mysql.cj.jdbc.ConnectionImpl@22492663 is alive
2026-06-11 04:25:24 [HikariPool-1:housekeeper] DEBUG com.zaxxer.hikari.pool.HikariPool - HikariPool-1 - keepalive: connection com.mysql.cj.jdbc.ConnectionImpl@52e2c576 is alive
2026-06-11 04:25:25 [HikariPool-1:housekeeper] DEBUG com.zaxxer.hikari.pool.HikariPool - HikariPool-1 - keepalive: connection com.mysql.cj.jdbc.ConnectionImpl@26400255 is alive
2026-06-11 04:25:27 [HikariPool-1:housekeeper] DEBUG com.zaxxer.hikari.pool.HikariPool - HikariPool-1 - keepalive: connection com.mysql.cj.jdbc.ConnectionImpl@77f52b8 is alive
2026-06-11 04:25:30 [HikariPool-1:housekeeper] DEBUG com.zaxxer.hikari.pool.HikariPool - HikariPool-1 - keepalive: connection com.mysql.cj.jdbc.ConnectionImpl@3004ff86 is alive
2026-06-11 04:25:30 [HikariPool-1:housekeeper] DEBUG com.zaxxer.hikari.pool.HikariPool - HikariPool-1 - keepalive: connection com.mysql.cj.jdbc.ConnectionImpl@5a849b99 is alive
2026-06-11 04:25:42 [HikariPool-1:housekeeper] DEBUG com.zaxxer.hikari.pool.HikariPool - HikariPool-1 - keepalive: connection com.mysql.cj.jdbc.ConnectionImpl@3699b3f7 is alive
2026-06-11 04:25:43 [HikariPool-1:housekeeper] DEBUG com.zaxxer.hikari.pool.HikariPool - HikariPool-1 - Pool stats (total=20/20, idle=20/20, active=0, waiting=0)
2026-06-11 04:25:43 [HikariPool-1:housekeeper] DEBUG com.zaxxer.hikari.pool.HikariPool - HikariPool-1 - Fill pool skipped, pool has sufficient level or currently being filled.
2026-06-11 04:25:51 [HikariPool-1:housekeeper] DEBUG com.zaxxer.hikari.pool.HikariPool - HikariPool-1 - keepalive: connection com.mysql.cj.jdbc.ConnectionImpl@10912a0a is alive
2026-06-11 04:26:11 [HikariPool-1:housekeeper] DEBUG com.zaxxer.hikari.pool.HikariPool - HikariPool-1 - keepalive: connection com.mysql.cj.jdbc.ConnectionImpl@62d4fd26 is alive
2026-06-11 04:26:13 [HikariPool-1:housekeeper] DEBUG com.zaxxer.hikari.pool.HikariPool - HikariPool-1 - Pool stats (total=20/20, idle=20/20, active=0, waiting=0)
2026-06-11 04:26:13 [HikariPool-1:housekeeper] DEBUG com.zaxxer.hikari.pool.HikariPool - HikariPool-1 - Fill pool skipped, pool has sufficient level or currently being filled.
2026-06-11 04:26:20 [HikariPool-1:housekeeper] DEBUG com.zaxxer.hikari.pool.HikariPool - HikariPool-1 - keepalive: connection com.mysql.cj.jdbc.ConnectionImpl@71b904a is alive
2026-06-11 04:26:21 [HikariPool-1:housekeeper] DEBUG com.zaxxer.hikari.pool.HikariPool - HikariPool-1 - keepalive: connection com.mysql.cj.jdbc.ConnectionImpl@73940226 is alive
2026-06-11 04:26:33 [HikariPool-1:housekeeper] DEBUG com.zaxxer.hikari.pool.HikariPool - HikariPool-1 - keepalive: connection com.mysql.cj.jdbc.ConnectionImpl@578a0c05 is alive
2026-06-11 04:26:39 [HikariPool-1:housekeeper] DEBUG com.zaxxer.hikari.pool.HikariPool - HikariPool-1 - keepalive: connection com.mysql.cj.jdbc.ConnectionImpl@1bed013a is alive
2026-06-11 04:26:41 [HikariPool-1:housekeeper] DEBUG com.zaxxer.hikari.pool.HikariPool - HikariPool-1 - keepalive: connection com.mysql.cj.jdbc.ConnectionImpl@14943ff3 is alive
2026-06-11 04:26:42 [HikariPool-1:housekeeper] DEBUG com.zaxxer.hikari.pool.HikariPool - HikariPool-1 - keepalive: connection com.mysql.cj.jdbc.ConnectionImpl@56acff63 is alive
2026-06-11 04:26:43 [HikariPool-1:housekeeper] DEBUG com.zaxxer.hikari.pool.HikariPool - HikariPool-1 - Pool stats (total=20/20, idle=20/20, active=0, waiting=0)
2026-06-11 04:26:43 [HikariPool-1:housekeeper] DEBUG com.zaxxer.hikari.pool.HikariPool - HikariPool-1 - Fill pool skipped, pool has sufficient level or currently being filled.
2026-06-11 04:26:43 [HikariPool-1:housekeeper] DEBUG com.zaxxer.hikari.pool.HikariPool - HikariPool-1 - keepalive: connection com.mysql.cj.jdbc.ConnectionImpl@77be0a17 is alive
2026-06-11 04:26:43 [HikariPool-1:housekeeper] DEBUG com.zaxxer.hikari.pool.HikariPool - HikariPool-1 - keepalive: connection com.mysql.cj.jdbc.ConnectionImpl@6c31692d is alive
2026-06-11 04:26:53 [HikariPool-1:housekeeper] DEBUG com.zaxxer.hikari.pool.HikariPool - HikariPool-1 - keepalive: connection com.mysql.cj.jdbc.ConnectionImpl@2af03ed9 is alive
2026-06-11 04:26:54 [HikariPool-1:housekeeper] DEBUG com.zaxxer.hikari.pool.HikariPool - HikariPool-1 - keepalive: connection com.mysql.cj.jdbc.ConnectionImpl@22492663 is alive
2026-06-11 04:27:03 [HikariPool-1:housekeeper] DEBUG com.zaxxer.hikari.pool.HikariPool - HikariPool-1 - keepalive: connection com.mysql.cj.jdbc.ConnectionImpl@3683002c is alive
2026-06-11 04:27:07 [HikariPool-1:housekeeper] DEBUG com.zaxxer.hikari.pool.HikariPool - HikariPool-1 - keepalive: connection com.mysql.cj.jdbc.ConnectionImpl@52e2c576 is alive
2026-06-11 04:27:08 [HikariPool-1:housekeeper] DEBUG com.zaxxer.hikari.pool.HikariPool - HikariPool-1 - keepalive: connection com.mysql.cj.jdbc.ConnectionImpl@447e074e is alive
2026-06-11 04:27:11 [HikariPool-1:housekeeper] DEBUG com.zaxxer.hikari.pool.HikariPool - HikariPool-1 - keepalive: connection com.mysql.cj.jdbc.ConnectionImpl@77f52b8 is alive
2026-06-11 04:27:13 [HikariPool-1:housekeeper] DEBUG com.zaxxer.hikari.pool.HikariPool - HikariPool-1 - Pool stats (total=20/20, idle=20/20, active=0, waiting=0)
2026-06-11 04:27:13 [HikariPool-1:housekeeper] DEBUG com.zaxxer.hikari.pool.HikariPool - HikariPool-1 - Fill pool skipped, pool has sufficient level or currently being filled.
2026-06-11 04:27:13 [HikariPool-1:housekeeper] DEBUG com.zaxxer.hikari.pool.HikariPool - HikariPool-1 - keepalive: connection com.mysql.cj.jdbc.ConnectionImpl@5a849b99 is alive
2026-06-11 04:27:23 [HikariPool-1:housekeeper] DEBUG com.zaxxer.hikari.pool.HikariPool - HikariPool-1 - keepalive: connection com.mysql.cj.jdbc.ConnectionImpl@26400255 is alive
2026-06-11 04:27:28 [HikariPool-1:housekeeper] DEBUG com.zaxxer.hikari.pool.HikariPool - HikariPool-1 - keepalive: connection com.mysql.cj.jdbc.ConnectionImpl@3004ff86 is alive
2026-06-11 04:27:37 [HikariPool-1:housekeeper] DEBUG com.zaxxer.hikari.pool.HikariPool - HikariPool-1 - keepalive: connection com.mysql.cj.jdbc.ConnectionImpl@10912a0a is alive
2026-06-11 04:27:42 [HikariPool-1:housekeeper] DEBUG com.zaxxer.hikari.pool.HikariPool - HikariPool-1 - keepalive: connection com.mysql.cj.jdbc.ConnectionImpl@3699b3f7 is alive
2026-06-11 04:27:43 [HikariPool-1:housekeeper] DEBUG com.zaxxer.hikari.pool.HikariPool - HikariPool-1 - Pool stats (total=20/20, idle=20/20, active=0, waiting=0)
2026-06-11 04:27:43 [HikariPool-1:housekeeper] DEBUG com.zaxxer.hikari.pool.HikariPool - HikariPool-1 - Fill pool skipped, pool has sufficient level or currently being filled.
2026-06-11 04:27:48 [HikariPool-1:housekeeper] DEBUG com.zaxxer.hikari.pool.HikariPool - HikariPool-1 - keepalive: connection com.mysql.cj.jdbc.ConnectionImpl@62d4fd26 is alive
2026-06-11 04:27:59 [HikariPool-1:housekeeper] DEBUG com.zaxxer.hikari.pool.HikariPool - HikariPool-1 - keepalive: connection com.mysql.cj.jdbc.ConnectionImpl@73940226 is alive
2026-06-11 04:28:09 [HikariPool-1:housekeeper] DEBUG com.zaxxer.hikari.pool.HikariPool - HikariPool-1 - keepalive: connection com.mysql.cj.jdbc.ConnectionImpl@71b904a is alive
2026-06-11 04:28:13 [HikariPool-1:housekeeper] DEBUG com.zaxxer.hikari.pool.HikariPool - HikariPool-1 - Pool stats (total=20/20, idle=20/20, active=0, waiting=0)
2026-06-11 04:28:13 [HikariPool-1:housekeeper] DEBUG com.zaxxer.hikari.pool.HikariPool - HikariPool-1 - Fill pool skipped, pool has sufficient level or currently being filled.
2026-06-11 04:28:19 [HikariPool-1:housekeeper] DEBUG com.zaxxer.hikari.pool.HikariPool - HikariPool-1 - keepalive: connection com.mysql.cj.jdbc.ConnectionImpl@1bed013a is alive
2026-06-11 04:28:21 [HikariPool-1:housekeeper] DEBUG com.zaxxer.hikari.pool.HikariPool - HikariPool-1 - keepalive: connection com.mysql.cj.jdbc.ConnectionImpl@14943ff3 is alive
2026-06-11 04:28:23 [HikariPool-1:housekeeper] DEBUG com.zaxxer.hikari.pool.HikariPool - HikariPool-1 - keepalive: connection com.mysql.cj.jdbc.ConnectionImpl@77be0a17 is alive
2026-06-11 04:28:23 [HikariPool-1:housekeeper] DEBUG com.zaxxer.hikari.pool.HikariPool - HikariPool-1 - keepalive: connection com.mysql.cj.jdbc.ConnectionImpl@6c31692d is alive
2026-06-11 04:28:24 [HikariPool-1:housekeeper] DEBUG com.zaxxer.hikari.pool.HikariPool - HikariPool-1 - keepalive: connection com.mysql.cj.jdbc.ConnectionImpl@578a0c05 is alive
2026-06-11 04:28:34 [HikariPool-1:housekeeper] DEBUG com.zaxxer.hikari.pool.HikariPool - HikariPool-1 - keepalive: connection com.mysql.cj.jdbc.ConnectionImpl@2af03ed9 is alive
2026-06-11 04:28:34 [HikariPool-1:housekeeper] DEBUG com.zaxxer.hikari.pool.HikariPool - HikariPool-1 - keepalive: connection com.mysql.cj.jdbc.ConnectionImpl@56acff63 is alive
2026-06-11 04:28:35 [HikariPool-1:housekeeper] DEBUG com.zaxxer.hikari.pool.HikariPool - HikariPool-1 - keepalive: connection com.mysql.cj.jdbc.ConnectionImpl@22492663 is alive
2026-06-11 04:28:43 [HikariPool-1:housekeeper] DEBUG com.zaxxer.hikari.pool.HikariPool - HikariPool-1 - Pool stats (total=20/20, idle=20/20, active=0, waiting=0)
2026-06-11 04:28:43 [HikariPool-1:housekeeper] DEBUG com.zaxxer.hikari.pool.HikariPool - HikariPool-1 - Fill pool skipped, pool has sufficient level or currently being filled.
2026-06-11 04:28:49 [HikariPool-1:housekeeper] DEBUG com.zaxxer.hikari.pool.HikariPool - HikariPool-1 - keepalive: connection com.mysql.cj.jdbc.ConnectionImpl@52e2c576 is alive
2026-06-11 04:28:54 [HikariPool-1:housekeeper] DEBUG com.zaxxer.hikari.pool.HikariPool - HikariPool-1 - keepalive: connection com.mysql.cj.jdbc.ConnectionImpl@77f52b8 is alive
2026-06-11 04:28:57 [HikariPool-1:housekeeper] DEBUG com.zaxxer.hikari.pool.HikariPool - HikariPool-1 - keepalive: connection com.mysql.cj.jdbc.ConnectionImpl@5a849b99 is alive
2026-06-11 04:28:58 [HikariPool-1:housekeeper] DEBUG com.zaxxer.hikari.pool.HikariPool - HikariPool-1 - keepalive: connection com.mysql.cj.jdbc.ConnectionImpl@3683002c is alive
2026-06-11 04:29:03 [HikariPool-1:housekeeper] DEBUG com.zaxxer.hikari.pool.HikariPool - HikariPool-1 - keepalive: connection com.mysql.cj.jdbc.ConnectionImpl@447e074e is alive
2026-06-11 04:29:13 [HikariPool-1:housekeeper] DEBUG com.zaxxer.hikari.pool.HikariPool - HikariPool-1 - Pool stats (total=20/20, idle=20/20, active=0, waiting=0)
2026-06-11 04:29:13 [HikariPool-1:housekeeper] DEBUG com.zaxxer.hikari.pool.HikariPool - HikariPool-1 - Fill pool skipped, pool has sufficient level or currently being filled.
2026-06-11 04:29:20 [HikariPool-1:housekeeper] DEBUG com.zaxxer.hikari.pool.HikariPool - HikariPool-1 - keepalive: connection com.mysql.cj.jdbc.ConnectionImpl@26400255 is alive
2026-06-11 04:29:23 [HikariPool-1:housekeeper] DEBUG com.zaxxer.hikari.pool.HikariPool - HikariPool-1 - keepalive: connection com.mysql.cj.jdbc.ConnectionImpl@10912a0a is alive
2026-06-11 04:29:24 [HikariPool-1:housekeeper] DEBUG com.zaxxer.hikari.pool.HikariPool - HikariPool-1 - keepalive: connection com.mysql.cj.jdbc.ConnectionImpl@62d4fd26 is alive
2026-06-11 04:29:26 [HikariPool-1:housekeeper] DEBUG com.zaxxer.hikari.pool.HikariPool - HikariPool-1 - keepalive: connection com.mysql.cj.jdbc.ConnectionImpl@3004ff86 is alive
2026-06-11 04:29:37 [HikariPool-1:housekeeper] DEBUG com.zaxxer.hikari.pool.HikariPool - HikariPool-1 - keepalive: connection com.mysql.cj.jdbc.ConnectionImpl@73940226 is alive
2026-06-11 04:29:42 [HikariPool-1:housekeeper] DEBUG com.zaxxer.hikari.pool.HikariPool - HikariPool-1 - keepalive: connection com.mysql.cj.jdbc.ConnectionImpl@3699b3f7 is alive
2026-06-11 04:29:43 [HikariPool-1:housekeeper] DEBUG com.zaxxer.hikari.pool.HikariPool - HikariPool-1 - Pool stats (total=20/20, idle=20/20, active=0, waiting=0)
2026-06-11 04:29:43 [HikariPool-1:housekeeper] DEBUG com.zaxxer.hikari.pool.HikariPool - HikariPool-1 - Fill pool skipped, pool has sufficient level or currently being filled.
2026-06-11 04:29:59 [HikariPool-1:housekeeper] DEBUG com.zaxxer.hikari.pool.HikariPool - HikariPool-1 - keepalive: connection com.mysql.cj.jdbc.ConnectionImpl@1bed013a is alive
2026-06-11 04:29:59 [HikariPool-1:housekeeper] DEBUG com.zaxxer.hikari.pool.HikariPool - HikariPool-1 - keepalive: connection com.mysql.cj.jdbc.ConnectionImpl@71b904a is alive
2026-06-11 04:30:01 [HikariPool-1:housekeeper] DEBUG com.zaxxer.hikari.pool.HikariPool - HikariPool-1 - keepalive: connection com.mysql.cj.jdbc.ConnectionImpl@14943ff3 is alive
2026-06-11 04:30:03 [HikariPool-1:housekeeper] DEBUG com.zaxxer.hikari.pool.HikariPool - HikariPool-1 - keepalive: connection com.mysql.cj.jdbc.ConnectionImpl@77be0a17 is alive
2026-06-11 04:30:03 [HikariPool-1:housekeeper] DEBUG com.zaxxer.hikari.pool.HikariPool - HikariPool-1 - keepalive: connection com.mysql.cj.jdbc.ConnectionImpl@6c31692d is alive
2026-06-11 04:30:13 [HikariPool-1:housekeeper] DEBUG com.zaxxer.hikari.pool.HikariPool - HikariPool-1 - Pool stats (total=20/20, idle=20/20, active=0, waiting=0)
2026-06-11 04:30:13 [HikariPool-1:housekeeper] DEBUG com.zaxxer.hikari.pool.HikariPool - HikariPool-1 - Fill pool skipped, pool has sufficient level or currently being filled.
2026-06-11 04:30:15 [HikariPool-1:housekeeper] DEBUG com.zaxxer.hikari.pool.HikariPool - HikariPool-1 - keepalive: connection com.mysql.cj.jdbc.ConnectionImpl@2af03ed9 is alive
2026-06-11 04:30:16 [HikariPool-1:housekeeper] DEBUG com.zaxxer.hikari.pool.HikariPool - HikariPool-1 - keepalive: connection com.mysql.cj.jdbc.ConnectionImpl@578a0c05 is alive
2026-06-11 04:30:16 [HikariPool-1:housekeeper] DEBUG com.zaxxer.hikari.pool.HikariPool - HikariPool-1 - keepalive: connection com.mysql.cj.jdbc.ConnectionImpl@22492663 is alive
2026-06-11 04:30:26 [HikariPool-1:housekeeper] DEBUG com.zaxxer.hikari.pool.HikariPool - HikariPool-1 - keepalive: connection com.mysql.cj.jdbc.ConnectionImpl@56acff63 is alive
2026-06-11 04:30:32 [HikariPool-1:housekeeper] DEBUG com.zaxxer.hikari.pool.HikariPool - HikariPool-1 - keepalive: connection com.mysql.cj.jdbc.ConnectionImpl@52e2c576 is alive
2026-06-11 04:30:37 [HikariPool-1:housekeeper] DEBUG com.zaxxer.hikari.pool.HikariPool - HikariPool-1 - keepalive: connection com.mysql.cj.jdbc.ConnectionImpl@77f52b8 is alive
2026-06-11 04:30:40 [HikariPool-1:housekeeper] DEBUG com.zaxxer.hikari.pool.HikariPool - HikariPool-1 - keepalive: connection com.mysql.cj.jdbc.ConnectionImpl@5a849b99 is alive
2026-06-11 04:30:43 [HikariPool-1:housekeeper] DEBUG com.zaxxer.hikari.pool.HikariPool - HikariPool-1 - Pool stats (total=20/20, idle=20/20, active=0, waiting=0)
2026-06-11 04:30:43 [HikariPool-1:housekeeper] DEBUG com.zaxxer.hikari.pool.HikariPool - HikariPool-1 - Fill pool skipped, pool has sufficient level or currently being filled.
2026-06-11 04:30:53 [HikariPool-1:housekeeper] DEBUG com.zaxxer.hikari.pool.HikariPool - HikariPool-1 - keepalive: connection com.mysql.cj.jdbc.ConnectionImpl@3683002c is alive
2026-06-11 04:30:59 [HikariPool-1:housekeeper] DEBUG com.zaxxer.hikari.pool.HikariPool - HikariPool-1 - keepalive: connection com.mysql.cj.jdbc.ConnectionImpl@447e074e is alive
2026-06-11 04:31:01 [HikariPool-1:housekeeper] DEBUG com.zaxxer.hikari.pool.HikariPool - HikariPool-1 - keepalive: connection com.mysql.cj.jdbc.ConnectionImpl@62d4fd26 is alive
2026-06-11 04:31:09 [HikariPool-1:housekeeper] DEBUG com.zaxxer.hikari.pool.HikariPool - HikariPool-1 - keepalive: connection com.mysql.cj.jdbc.ConnectionImpl@10912a0a is alive
2026-06-11 04:31:13 [HikariPool-1:housekeeper] DEBUG com.zaxxer.hikari.pool.HikariPool - HikariPool-1 - Pool stats (total=20/20, idle=20/20, active=0, waiting=0)
2026-06-11 04:31:13 [HikariPool-1:housekeeper] DEBUG com.zaxxer.hikari.pool.HikariPool - HikariPool-1 - Fill pool skipped, pool has sufficient level or currently being filled.
2026-06-11 04:31:14 [HikariPool-1:housekeeper] DEBUG com.zaxxer.hikari.pool.HikariPool - HikariPool-1 - keepalive: connection com.mysql.cj.jdbc.ConnectionImpl@73940226 is alive
2026-06-11 04:31:18 [HikariPool-1:housekeeper] DEBUG com.zaxxer.hikari.pool.HikariPool - HikariPool-1 - keepalive: connection com.mysql.cj.jdbc.ConnectionImpl@26400255 is alive
2026-06-11 04:31:24 [HikariPool-1:housekeeper] DEBUG com.zaxxer.hikari.pool.HikariPool - HikariPool-1 - keepalive: connection com.mysql.cj.jdbc.ConnectionImpl@3004ff86 is alive
2026-06-11 04:31:38 [HikariPool-1:housekeeper] DEBUG com.zaxxer.hikari.pool.HikariPool - HikariPool-1 - keepalive: connection com.mysql.cj.jdbc.ConnectionImpl@1bed013a is alive
2026-06-11 04:31:41 [HikariPool-1:housekeeper] DEBUG com.zaxxer.hikari.pool.HikariPool - HikariPool-1 - keepalive: connection com.mysql.cj.jdbc.ConnectionImpl@14943ff3 is alive
2026-06-11 04:31:42 [HikariPool-1:housekeeper] DEBUG com.zaxxer.hikari.pool.HikariPool - HikariPool-1 - keepalive: connection com.mysql.cj.jdbc.ConnectionImpl@3699b3f7 is alive
2026-06-11 04:31:43 [HikariPool-1:housekeeper] DEBUG com.zaxxer.hikari.pool.HikariPool - HikariPool-1 - Pool stats (total=20/20, idle=20/20, active=0, waiting=0)
2026-06-11 04:31:43 [HikariPool-1:housekeeper] DEBUG com.zaxxer.hikari.pool.HikariPool - HikariPool-1 - Fill pool skipped, pool has sufficient level or currently being filled.
2026-06-11 04:31:44 [HikariPool-1:housekeeper] DEBUG com.zaxxer.hikari.pool.HikariPool - HikariPool-1 - keepalive: connection com.mysql.cj.jdbc.ConnectionImpl@6c31692d is alive
2026-06-11 04:31:44 [HikariPool-1:housekeeper] DEBUG com.zaxxer.hikari.pool.HikariPool - HikariPool-1 - keepalive: connection com.mysql.cj.jdbc.ConnectionImpl@77be0a17 is alive
2026-06-11 04:31:49 [HikariPool-1:housekeeper] DEBUG com.zaxxer.hikari.pool.HikariPool - HikariPool-1 - keepalive: connection com.mysql.cj.jdbc.ConnectionImpl@71b904a is alive
2026-06-11 04:31:56 [HikariPool-1:housekeeper] DEBUG com.zaxxer.hikari.pool.HikariPool - HikariPool-1 - keepalive: connection com.mysql.cj.jdbc.ConnectionImpl@2af03ed9 is alive
2026-06-11 04:31:57 [HikariPool-1:housekeeper] DEBUG com.zaxxer.hikari.pool.HikariPool - HikariPool-1 - keepalive: connection com.mysql.cj.jdbc.ConnectionImpl@22492663 is alive
2026-06-11 04:32:07 [HikariPool-1:housekeeper] DEBUG com.zaxxer.hikari.pool.HikariPool - HikariPool-1 - keepalive: connection com.mysql.cj.jdbc.ConnectionImpl@578a0c05 is alive
2026-06-11 04:32:13 [HikariPool-1:housekeeper] DEBUG com.zaxxer.hikari.pool.HikariPool - HikariPool-1 - Pool stats (total=20/20, idle=20/20, active=0, waiting=0)
2026-06-11 04:32:13 [HikariPool-1:housekeeper] DEBUG com.zaxxer.hikari.pool.HikariPool - HikariPool-1 - Fill pool skipped, pool has sufficient level or currently being filled.
2026-06-11 04:32:15 [HikariPool-1:housekeeper] DEBUG com.zaxxer.hikari.pool.HikariPool - HikariPool-1 - keepalive: connection com.mysql.cj.jdbc.ConnectionImpl@52e2c576 is alive
2026-06-11 04:32:19 [HikariPool-1:housekeeper] DEBUG com.zaxxer.hikari.pool.HikariPool - HikariPool-1 - keepalive: connection com.mysql.cj.jdbc.ConnectionImpl@56acff63 is alive
2026-06-11 04:32:20 [HikariPool-1:housekeeper] DEBUG com.zaxxer.hikari.pool.HikariPool - HikariPool-1 - keepalive: connection com.mysql.cj.jdbc.ConnectionImpl@77f52b8 is alive
2026-06-11 04:32:24 [HikariPool-1:housekeeper] DEBUG com.zaxxer.hikari.pool.HikariPool - HikariPool-1 - keepalive: connection com.mysql.cj.jdbc.ConnectionImpl@5a849b99 is alive
2026-06-11 04:32:37 [HikariPool-1:housekeeper] DEBUG com.zaxxer.hikari.pool.HikariPool - HikariPool-1 - keepalive: connection com.mysql.cj.jdbc.ConnectionImpl@62d4fd26 is alive
2026-06-11 04:32:43 [HikariPool-1:housekeeper] DEBUG com.zaxxer.hikari.pool.HikariPool - HikariPool-1 - Pool stats (total=20/20, idle=20/20, active=0, waiting=0)
2026-06-11 04:32:43 [HikariPool-1:housekeeper] DEBUG com.zaxxer.hikari.pool.HikariPool - HikariPool-1 - Fill pool skipped, pool has sufficient level or currently being filled.
2026-06-11 04:32:48 [HikariPool-1:housekeeper] DEBUG com.zaxxer.hikari.pool.HikariPool - HikariPool-1 - keepalive: connection com.mysql.cj.jdbc.ConnectionImpl@3683002c is alive
2026-06-11 04:32:52 [HikariPool-1:housekeeper] DEBUG com.zaxxer.hikari.pool.HikariPool - HikariPool-1 - keepalive: connection com.mysql.cj.jdbc.ConnectionImpl@73940226 is alive
2026-06-11 04:32:54 [HikariPool-1:housekeeper] DEBUG com.zaxxer.hikari.pool.HikariPool - HikariPool-1 - keepalive: connection com.mysql.cj.jdbc.ConnectionImpl@447e074e is alive
2026-06-11 04:32:55 [HikariPool-1:housekeeper] DEBUG com.zaxxer.hikari.pool.HikariPool - HikariPool-1 - keepalive: connection com.mysql.cj.jdbc.ConnectionImpl@10912a0a is alive
2026-06-11 04:33:13 [HikariPool-1:housekeeper] DEBUG com.zaxxer.hikari.pool.HikariPool - HikariPool-1 - Pool stats (total=20/20, idle=20/20, active=0, waiting=0)
2026-06-11 04:33:13 [HikariPool-1:housekeeper] DEBUG com.zaxxer.hikari.pool.HikariPool - HikariPool-1 - Fill pool skipped, pool has sufficient level or currently being filled.
2026-06-11 04:33:15 [HikariPool-1:housekeeper] DEBUG com.zaxxer.hikari.pool.HikariPool - HikariPool-1 - keepalive: connection com.mysql.cj.jdbc.ConnectionImpl@26400255 is alive
2026-06-11 04:33:18 [HikariPool-1:housekeeper] DEBUG com.zaxxer.hikari.pool.HikariPool - HikariPool-1 - keepalive: connection com.mysql.cj.jdbc.ConnectionImpl@1bed013a is alive
2026-06-11 04:33:20 [HikariPool-1:housekeeper] DEBUG com.zaxxer.hikari.pool.HikariPool - HikariPool-1 - keepalive: connection com.mysql.cj.jdbc.ConnectionImpl@14943ff3 is alive
2026-06-11 04:33:22 [HikariPool-1:housekeeper] DEBUG com.zaxxer.hikari.pool.HikariPool - HikariPool-1 - keepalive: connection com.mysql.cj.jdbc.ConnectionImpl@3004ff86 is alive
2026-06-11 04:33:24 [HikariPool-1:housekeeper] DEBUG com.zaxxer.hikari.pool.HikariPool - HikariPool-1 - keepalive: connection com.mysql.cj.jdbc.ConnectionImpl@6c31692d is alive
2026-06-11 04:33:24 [HikariPool-1:housekeeper] DEBUG com.zaxxer.hikari.pool.HikariPool - HikariPool-1 - keepalive: connection com.mysql.cj.jdbc.ConnectionImpl@77be0a17 is alive
2026-06-11 04:33:37 [HikariPool-1:housekeeper] DEBUG com.zaxxer.hikari.pool.HikariPool - HikariPool-1 - keepalive: connection com.mysql.cj.jdbc.ConnectionImpl@2af03ed9 is alive
2026-06-11 04:33:39 [HikariPool-1:housekeeper] DEBUG com.zaxxer.hikari.pool.HikariPool - HikariPool-1 - keepalive: connection com.mysql.cj.jdbc.ConnectionImpl@71b904a is alive
2026-06-11 04:33:39 [HikariPool-1:housekeeper] DEBUG com.zaxxer.hikari.pool.HikariPool - HikariPool-1 - keepalive: connection com.mysql.cj.jdbc.ConnectionImpl@22492663 is alive
2026-06-11 04:33:42 [HikariPool-1:housekeeper] DEBUG com.zaxxer.hikari.pool.HikariPool - HikariPool-1 - keepalive: connection com.mysql.cj.jdbc.ConnectionImpl@3699b3f7 is alive
2026-06-11 04:33:43 [HikariPool-1:housekeeper] DEBUG com.zaxxer.hikari.pool.HikariPool - HikariPool-1 - Pool stats (total=20/20, idle=20/20, active=0, waiting=0)
2026-06-11 04:33:43 [HikariPool-1:housekeeper] DEBUG com.zaxxer.hikari.pool.HikariPool - HikariPool-1 - Fill pool skipped, pool has sufficient level or currently being filled.
2026-06-11 04:33:57 [HikariPool-1:housekeeper] DEBUG com.zaxxer.hikari.pool.HikariPool - HikariPool-1 - keepalive: connection com.mysql.cj.jdbc.ConnectionImpl@52e2c576 is alive
2026-06-11 04:33:58 [HikariPool-1:housekeeper] DEBUG com.zaxxer.hikari.pool.HikariPool - HikariPool-1 - keepalive: connection com.mysql.cj.jdbc.ConnectionImpl@578a0c05 is alive
2026-06-11 04:34:03 [HikariPool-1:housekeeper] DEBUG com.zaxxer.hikari.pool.HikariPool - HikariPool-1 - keepalive: connection com.mysql.cj.jdbc.ConnectionImpl@77f52b8 is alive
2026-06-11 04:34:07 [HikariPool-1:housekeeper] DEBUG com.zaxxer.hikari.pool.HikariPool - HikariPool-1 - keepalive: connection com.mysql.cj.jdbc.ConnectionImpl@5a849b99 is alive
2026-06-11 04:34:11 [HikariPool-1:housekeeper] DEBUG com.zaxxer.hikari.pool.HikariPool - HikariPool-1 - keepalive: connection com.mysql.cj.jdbc.ConnectionImpl@56acff63 is alive
2026-06-11 04:34:13 [HikariPool-1:housekeeper] DEBUG com.zaxxer.hikari.pool.HikariPool - HikariPool-1 - Pool stats (total=20/20, idle=20/20, active=0, waiting=0)
2026-06-11 04:34:13 [HikariPool-1:housekeeper] DEBUG com.zaxxer.hikari.pool.HikariPool - HikariPool-1 - Fill pool skipped, pool has sufficient level or currently being filled.
2026-06-11 04:34:14 [HikariPool-1:housekeeper] DEBUG com.zaxxer.hikari.pool.HikariPool - HikariPool-1 - keepalive: connection com.mysql.cj.jdbc.ConnectionImpl@62d4fd26 is alive
2026-06-11 04:34:30 [HikariPool-1:housekeeper] DEBUG com.zaxxer.hikari.pool.HikariPool - HikariPool-1 - keepalive: connection com.mysql.cj.jdbc.ConnectionImpl@73940226 is alive
2026-06-11 04:34:41 [HikariPool-1:housekeeper] DEBUG com.zaxxer.hikari.pool.HikariPool - HikariPool-1 - keepalive: connection com.mysql.cj.jdbc.ConnectionImpl@10912a0a is alive
2026-06-11 04:34:43 [HikariPool-1:housekeeper] DEBUG com.zaxxer.hikari.pool.HikariPool - HikariPool-1 - Pool stats (total=20/20, idle=20/20, active=0, waiting=0)
2026-06-11 04:34:43 [HikariPool-1:housekeeper] DEBUG com.zaxxer.hikari.pool.HikariPool - HikariPool-1 - Fill pool skipped, pool has sufficient level or currently being filled.
2026-06-11 04:34:43 [HikariPool-1:housekeeper] DEBUG com.zaxxer.hikari.pool.HikariPool - HikariPool-1 - keepalive: connection com.mysql.cj.jdbc.ConnectionImpl@3683002c is alive
2026-06-11 04:34:50 [HikariPool-1:housekeeper] DEBUG com.zaxxer.hikari.pool.HikariPool - HikariPool-1 - keepalive: connection com.mysql.cj.jdbc.ConnectionImpl@447e074e is alive
2026-06-11 04:34:58 [HikariPool-1:housekeeper] DEBUG com.zaxxer.hikari.pool.HikariPool - HikariPool-1 - keepalive: connection com.mysql.cj.jdbc.ConnectionImpl@1bed013a is alive
2026-06-11 04:35:00 [HikariPool-1:housekeeper] DEBUG com.zaxxer.hikari.pool.HikariPool - HikariPool-1 - keepalive: connection com.mysql.cj.jdbc.ConnectionImpl@14943ff3 is alive
2026-06-11 04:35:04 [HikariPool-1:housekeeper] DEBUG com.zaxxer.hikari.pool.HikariPool - HikariPool-1 - keepalive: connection com.mysql.cj.jdbc.ConnectionImpl@6c31692d is alive
2026-06-11 04:35:04 [HikariPool-1:housekeeper] DEBUG com.zaxxer.hikari.pool.HikariPool - HikariPool-1 - keepalive: connection com.mysql.cj.jdbc.ConnectionImpl@77be0a17 is alive
2026-06-11 04:35:12 [HikariPool-1:connection-closer] DEBUG com.zaxxer.hikari.pool.PoolBase - HikariPool-1 - Closing connection com.mysql.cj.jdbc.ConnectionImpl@3683002c: (connection has passed maxLifetime)
2026-06-11 04:35:12 [HikariPool-1:connection-adder] DEBUG com.zaxxer.hikari.pool.PoolBase - HikariPool-1 - Attempting to create/setup new connection (2b1e0651-7079-4425-93b2-714a88d9ad94)
2026-06-11 04:35:12 [HikariPool-1:connection-adder] DEBUG com.zaxxer.hikari.pool.PoolBase - HikariPool-1 - Established new connection (2b1e0651-7079-4425-93b2-714a88d9ad94)
2026-06-11 04:35:12 [HikariPool-1:connection-adder] DEBUG com.zaxxer.hikari.pool.HikariPool - HikariPool-1 - Added connection com.mysql.cj.jdbc.ConnectionImpl@3d92f401
2026-06-11 04:35:13 [HikariPool-1:housekeeper] DEBUG com.zaxxer.hikari.pool.HikariPool - HikariPool-1 - Pool stats (total=20/20, idle=20/20, active=0, waiting=0)
2026-06-11 04:35:13 [HikariPool-1:housekeeper] DEBUG com.zaxxer.hikari.pool.HikariPool - HikariPool-1 - Fill pool skipped, pool has sufficient level or currently being filled.
2026-06-11 04:35:13 [HikariPool-1:housekeeper] DEBUG com.zaxxer.hikari.pool.HikariPool - HikariPool-1 - keepalive: connection com.mysql.cj.jdbc.ConnectionImpl@26400255 is alive
2026-06-11 04:35:15 [HikariPool-1:connection-closer] DEBUG com.zaxxer.hikari.pool.PoolBase - HikariPool-1 - Closing connection com.mysql.cj.jdbc.ConnectionImpl@1bed013a: (connection has passed maxLifetime)
2026-06-11 04:35:15 [HikariPool-1:connection-adder] DEBUG com.zaxxer.hikari.pool.PoolBase - HikariPool-1 - Attempting to create/setup new connection (e1ff5974-f877-48b3-86d1-dc1f72177765)
2026-06-11 04:35:15 [HikariPool-1:connection-adder] DEBUG com.zaxxer.hikari.pool.PoolBase - HikariPool-1 - Established new connection (e1ff5974-f877-48b3-86d1-dc1f72177765)
2026-06-11 04:35:15 [HikariPool-1:connection-adder] DEBUG com.zaxxer.hikari.pool.HikariPool - HikariPool-1 - Added connection com.mysql.cj.jdbc.ConnectionImpl@7caffe3a
2026-06-11 04:35:18 [HikariPool-1:housekeeper] DEBUG com.zaxxer.hikari.pool.HikariPool - HikariPool-1 - keepalive: connection com.mysql.cj.jdbc.ConnectionImpl@2af03ed9 is alive
2026-06-11 04:35:20 [HikariPool-1:housekeeper] DEBUG com.zaxxer.hikari.pool.HikariPool - HikariPool-1 - keepalive: connection com.mysql.cj.jdbc.ConnectionImpl@22492663 is alive
2026-06-11 04:35:20 [HikariPool-1:housekeeper] DEBUG com.zaxxer.hikari.pool.HikariPool - HikariPool-1 - keepalive: connection com.mysql.cj.jdbc.ConnectionImpl@3004ff86 is alive
2026-06-11 04:35:26 [HikariPool-1:connection-closer] DEBUG com.zaxxer.hikari.pool.PoolBase - HikariPool-1 - Closing connection com.mysql.cj.jdbc.ConnectionImpl@26400255: (connection has passed maxLifetime)
2026-06-11 04:35:26 [HikariPool-1:connection-adder] DEBUG com.zaxxer.hikari.pool.PoolBase - HikariPool-1 - Attempting to create/setup new connection (88c37e5a-1b9d-46f3-ace6-6adf895fe178)
2026-06-11 04:35:26 [HikariPool-1:connection-adder] DEBUG com.zaxxer.hikari.pool.PoolBase - HikariPool-1 - Established new connection (88c37e5a-1b9d-46f3-ace6-6adf895fe178)
2026-06-11 04:35:26 [HikariPool-1:connection-adder] DEBUG com.zaxxer.hikari.pool.HikariPool - HikariPool-1 - Added connection com.mysql.cj.jdbc.ConnectionImpl@9299848
2026-06-11 04:35:28 [HikariPool-1:housekeeper] DEBUG com.zaxxer.hikari.pool.HikariPool - HikariPool-1 - keepalive: connection com.mysql.cj.jdbc.ConnectionImpl@71b904a is alive
2026-06-11 04:35:40 [HikariPool-1:housekeeper] DEBUG com.zaxxer.hikari.pool.HikariPool - HikariPool-1 - keepalive: connection com.mysql.cj.jdbc.ConnectionImpl@52e2c576 is alive
2026-06-11 04:35:41 [HikariPool-1:connection-closer] DEBUG com.zaxxer.hikari.pool.PoolBase - HikariPool-1 - Closing connection com.mysql.cj.jdbc.ConnectionImpl@578a0c05: (connection has passed maxLifetime)
2026-06-11 04:35:41 [HikariPool-1:connection-adder] DEBUG com.zaxxer.hikari.pool.PoolBase - HikariPool-1 - Attempting to create/setup new connection (48b57f65-233b-487f-b8ca-32cca71f6653)
2026-06-11 04:35:41 [HikariPool-1:connection-adder] DEBUG com.zaxxer.hikari.pool.PoolBase - HikariPool-1 - Established new connection (48b57f65-233b-487f-b8ca-32cca71f6653)
2026-06-11 04:35:41 [HikariPool-1:connection-adder] DEBUG com.zaxxer.hikari.pool.HikariPool - HikariPool-1 - Added connection com.mysql.cj.jdbc.ConnectionImpl@1050ae60
2026-06-11 04:35:42 [HikariPool-1:housekeeper] DEBUG com.zaxxer.hikari.pool.HikariPool - HikariPool-1 - keepalive: connection com.mysql.cj.jdbc.ConnectionImpl@3699b3f7 is alive
2026-06-11 04:35:43 [HikariPool-1:housekeeper] DEBUG com.zaxxer.hikari.pool.HikariPool - HikariPool-1 - Pool stats (total=20/20, idle=20/20, active=0, waiting=0)
2026-06-11 04:35:43 [HikariPool-1:housekeeper] DEBUG com.zaxxer.hikari.pool.HikariPool - HikariPool-1 - Fill pool skipped, pool has sufficient level or currently being filled.
2026-06-11 04:35:43 [HikariPool-1:connection-closer] DEBUG com.zaxxer.hikari.pool.PoolBase - HikariPool-1 - Closing connection com.mysql.cj.jdbc.ConnectionImpl@52e2c576: (connection has passed maxLifetime)
2026-06-11 04:35:43 [HikariPool-1:connection-adder] DEBUG com.zaxxer.hikari.pool.PoolBase - HikariPool-1 - Attempting to create/setup new connection (967aa082-0bd9-4f71-a7e0-b16dbafdfbc5)
2026-06-11 04:35:43 [HikariPool-1:connection-adder] DEBUG com.zaxxer.hikari.pool.PoolBase - HikariPool-1 - Established new connection (967aa082-0bd9-4f71-a7e0-b16dbafdfbc5)
2026-06-11 04:35:43 [HikariPool-1:connection-adder] DEBUG com.zaxxer.hikari.pool.HikariPool - HikariPool-1 - Added connection com.mysql.cj.jdbc.ConnectionImpl@516da45b
2026-06-11 04:35:46 [HikariPool-1:housekeeper] DEBUG com.zaxxer.hikari.pool.HikariPool - HikariPool-1 - keepalive: connection com.mysql.cj.jdbc.ConnectionImpl@77f52b8 is alive
2026-06-11 04:35:50 [HikariPool-1:housekeeper] DEBUG com.zaxxer.hikari.pool.HikariPool - HikariPool-1 - keepalive: connection com.mysql.cj.jdbc.ConnectionImpl@62d4fd26 is alive
2026-06-11 04:35:51 [HikariPool-1:housekeeper] DEBUG com.zaxxer.hikari.pool.HikariPool - HikariPool-1 - keepalive: connection com.mysql.cj.jdbc.ConnectionImpl@5a849b99 is alive
2026-06-11 04:36:04 [HikariPool-1:housekeeper] DEBUG com.zaxxer.hikari.pool.HikariPool - HikariPool-1 - keepalive: connection com.mysql.cj.jdbc.ConnectionImpl@56acff63 is alive
2026-06-11 04:36:07 [HikariPool-1:connection-closer] DEBUG com.zaxxer.hikari.pool.PoolBase - HikariPool-1 - Closing connection com.mysql.cj.jdbc.ConnectionImpl@2af03ed9: (connection has passed maxLifetime)
2026-06-11 04:36:07 [HikariPool-1:connection-adder] DEBUG com.zaxxer.hikari.pool.PoolBase - HikariPool-1 - Attempting to create/setup new connection (9d404efd-c457-4495-ac32-a1c4e37b1c78)
2026-06-11 04:36:07 [HikariPool-1:connection-adder] DEBUG com.zaxxer.hikari.pool.PoolBase - HikariPool-1 - Established new connection (9d404efd-c457-4495-ac32-a1c4e37b1c78)
2026-06-11 04:36:07 [HikariPool-1:connection-adder] DEBUG com.zaxxer.hikari.pool.HikariPool - HikariPool-1 - Added connection com.mysql.cj.jdbc.ConnectionImpl@4040460a
2026-06-11 04:36:07 [HikariPool-1:housekeeper] DEBUG com.zaxxer.hikari.pool.HikariPool - HikariPool-1 - keepalive: connection com.mysql.cj.jdbc.ConnectionImpl@73940226 is alive
2026-06-11 04:36:13 [HikariPool-1:housekeeper] DEBUG com.zaxxer.hikari.pool.HikariPool - HikariPool-1 - Pool stats (total=20/20, idle=20/20, active=0, waiting=0)
2026-06-11 04:36:13 [HikariPool-1:housekeeper] DEBUG com.zaxxer.hikari.pool.HikariPool - HikariPool-1 - Fill pool skipped, pool has sufficient level or currently being filled.
2026-06-11 04:36:27 [HikariPool-1:housekeeper] DEBUG com.zaxxer.hikari.pool.HikariPool - HikariPool-1 - keepalive: connection com.mysql.cj.jdbc.ConnectionImpl@10912a0a is alive
2026-06-11 04:36:32 [HikariPool-1:connection-closer] DEBUG com.zaxxer.hikari.pool.PoolBase - HikariPool-1 - Closing connection com.mysql.cj.jdbc.ConnectionImpl@10912a0a: (connection has passed maxLifetime)
2026-06-11 04:36:32 [HikariPool-1:connection-adder] DEBUG com.zaxxer.hikari.pool.PoolBase - HikariPool-1 - Attempting to create/setup new connection (d64daf1b-5514-41c2-91f9-f32feef46134)
2026-06-11 04:36:32 [HikariPool-1:connection-adder] DEBUG com.zaxxer.hikari.pool.PoolBase - HikariPool-1 - Established new connection (d64daf1b-5514-41c2-91f9-f32feef46134)
2026-06-11 04:36:32 [HikariPool-1:connection-adder] DEBUG com.zaxxer.hikari.pool.HikariPool - HikariPool-1 - Added connection com.mysql.cj.jdbc.ConnectionImpl@d0d11ee
2026-06-11 04:36:40 [HikariPool-1:housekeeper] DEBUG com.zaxxer.hikari.pool.HikariPool - HikariPool-1 - keepalive: connection com.mysql.cj.jdbc.ConnectionImpl@14943ff3 is alive
2026-06-11 04:36:43 [HikariPool-1:housekeeper] DEBUG com.zaxxer.hikari.pool.HikariPool - HikariPool-1 - Pool stats (total=20/20, idle=20/20, active=0, waiting=0)
2026-06-11 04:36:43 [HikariPool-1:housekeeper] DEBUG com.zaxxer.hikari.pool.HikariPool - HikariPool-1 - Fill pool skipped, pool has sufficient level or currently being filled.
2026-06-11 04:36:44 [HikariPool-1:housekeeper] DEBUG com.zaxxer.hikari.pool.HikariPool - HikariPool-1 - keepalive: connection com.mysql.cj.jdbc.ConnectionImpl@6c31692d is alive
2026-06-11 04:36:44 [HikariPool-1:housekeeper] DEBUG com.zaxxer.hikari.pool.HikariPool - HikariPool-1 - keepalive: connection com.mysql.cj.jdbc.ConnectionImpl@77be0a17 is alive
2026-06-11 04:36:46 [HikariPool-1:housekeeper] DEBUG com.zaxxer.hikari.pool.HikariPool - HikariPool-1 - keepalive: connection com.mysql.cj.jdbc.ConnectionImpl@447e074e is alive
2026-06-11 04:37:01 [HikariPool-1:housekeeper] DEBUG com.zaxxer.hikari.pool.HikariPool - HikariPool-1 - keepalive: connection com.mysql.cj.jdbc.ConnectionImpl@22492663 is alive
2026-06-11 04:37:02 [HikariPool-1:housekeeper] DEBUG com.zaxxer.hikari.pool.HikariPool - HikariPool-1 - keepalive: connection com.mysql.cj.jdbc.ConnectionImpl@7caffe3a is alive
2026-06-11 04:37:04 [HikariPool-1:housekeeper] DEBUG com.zaxxer.hikari.pool.HikariPool - HikariPool-1 - keepalive: connection com.mysql.cj.jdbc.ConnectionImpl@9299848 is alive
2026-06-11 04:37:10 [HikariPool-1:housekeeper] DEBUG com.zaxxer.hikari.pool.HikariPool - HikariPool-1 - keepalive: connection com.mysql.cj.jdbc.ConnectionImpl@3d92f401 is alive
2026-06-11 04:37:13 [HikariPool-1:housekeeper] DEBUG com.zaxxer.hikari.pool.HikariPool - HikariPool-1 - Pool stats (total=20/20, idle=20/20, active=0, waiting=0)
2026-06-11 04:37:13 [HikariPool-1:housekeeper] DEBUG com.zaxxer.hikari.pool.HikariPool - HikariPool-1 - Fill pool skipped, pool has sufficient level or currently being filled.
2026-06-11 04:37:14 [HikariPool-1:connection-closer] DEBUG com.zaxxer.hikari.pool.PoolBase - HikariPool-1 - Closing connection com.mysql.cj.jdbc.ConnectionImpl@56acff63: (connection has passed maxLifetime)
2026-06-11 04:37:14 [HikariPool-1:connection-adder] DEBUG com.zaxxer.hikari.pool.PoolBase - HikariPool-1 - Attempting to create/setup new connection (7eee388e-829a-4b90-a185-829892391c35)
2026-06-11 04:37:14 [HikariPool-1:connection-adder] DEBUG com.zaxxer.hikari.pool.PoolBase - HikariPool-1 - Established new connection (7eee388e-829a-4b90-a185-829892391c35)
2026-06-11 04:37:14 [HikariPool-1:connection-adder] DEBUG com.zaxxer.hikari.pool.HikariPool - HikariPool-1 - Added connection com.mysql.cj.jdbc.ConnectionImpl@6ea9b044
2026-06-11 04:37:18 [HikariPool-1:housekeeper] DEBUG com.zaxxer.hikari.pool.HikariPool - HikariPool-1 - keepalive: connection com.mysql.cj.jdbc.ConnectionImpl@71b904a is alive
2026-06-11 04:37:18 [HikariPool-1:housekeeper] DEBUG com.zaxxer.hikari.pool.HikariPool - HikariPool-1 - keepalive: connection com.mysql.cj.jdbc.ConnectionImpl@3004ff86 is alive
2026-06-11 04:37:21 [HikariPool-1:housekeeper] DEBUG com.zaxxer.hikari.pool.HikariPool - HikariPool-1 - keepalive: connection com.mysql.cj.jdbc.ConnectionImpl@1050ae60 is alive
2026-06-11 04:37:23 [HikariPool-1:connection-closer] DEBUG com.zaxxer.hikari.pool.PoolBase - HikariPool-1 - Closing connection com.mysql.cj.jdbc.ConnectionImpl@77f52b8: (connection has passed maxLifetime)
2026-06-11 04:37:23 [HikariPool-1:connection-adder] DEBUG com.zaxxer.hikari.pool.PoolBase - HikariPool-1 - Attempting to create/setup new connection (7b0e1363-1273-4097-b0f5-41116391d333)
2026-06-11 04:37:23 [HikariPool-1:connection-adder] DEBUG com.zaxxer.hikari.pool.PoolBase - HikariPool-1 - Established new connection (7b0e1363-1273-4097-b0f5-41116391d333)
2026-06-11 04:37:23 [HikariPool-1:connection-adder] DEBUG com.zaxxer.hikari.pool.HikariPool - HikariPool-1 - Added connection com.mysql.cj.jdbc.ConnectionImpl@4c490177
2026-06-11 04:37:27 [HikariPool-1:housekeeper] DEBUG com.zaxxer.hikari.pool.HikariPool - HikariPool-1 - keepalive: connection com.mysql.cj.jdbc.ConnectionImpl@62d4fd26 is alive
2026-06-11 04:37:27 [HikariPool-1:connection-closer] DEBUG com.zaxxer.hikari.pool.PoolBase - HikariPool-1 - Closing connection com.mysql.cj.jdbc.ConnectionImpl@73940226: (connection has passed maxLifetime)
2026-06-11 04:37:27 [HikariPool-1:connection-adder] DEBUG com.zaxxer.hikari.pool.PoolBase - HikariPool-1 - Attempting to create/setup new connection (46b4b45c-f4d3-431f-ac7d-1839d4bf98fb)
2026-06-11 04:37:27 [HikariPool-1:connection-adder] DEBUG com.zaxxer.hikari.pool.PoolBase - HikariPool-1 - Established new connection (46b4b45c-f4d3-431f-ac7d-1839d4bf98fb)
2026-06-11 04:37:27 [HikariPool-1:connection-adder] DEBUG com.zaxxer.hikari.pool.HikariPool - HikariPool-1 - Added connection com.mysql.cj.jdbc.ConnectionImpl@d740b4c
2026-06-11 04:37:30 [HikariPool-1:connection-closer] DEBUG com.zaxxer.hikari.pool.PoolBase - HikariPool-1 - Closing connection com.mysql.cj.jdbc.ConnectionImpl@71b904a: (connection has passed maxLifetime)
2026-06-11 04:37:30 [HikariPool-1:connection-adder] DEBUG com.zaxxer.hikari.pool.PoolBase - HikariPool-1 - Attempting to create/setup new connection (59563e45-cc8b-49e1-a0ec-18c4f4b52b82)
2026-06-11 04:37:30 [HikariPool-1:connection-adder] DEBUG com.zaxxer.hikari.pool.PoolBase - HikariPool-1 - Established new connection (59563e45-cc8b-49e1-a0ec-18c4f4b52b82)
2026-06-11 04:37:30 [HikariPool-1:connection-adder] DEBUG com.zaxxer.hikari.pool.HikariPool - HikariPool-1 - Added connection com.mysql.cj.jdbc.ConnectionImpl@3cb38533
2026-06-11 04:37:31 [HikariPool-1:housekeeper] DEBUG com.zaxxer.hikari.pool.HikariPool - HikariPool-1 - keepalive: connection com.mysql.cj.jdbc.ConnectionImpl@516da45b is alive
2026-06-11 04:37:33 [HikariPool-1:connection-closer] DEBUG com.zaxxer.hikari.pool.PoolBase - HikariPool-1 - Closing connection com.mysql.cj.jdbc.ConnectionImpl@447e074e: (connection has passed maxLifetime)
2026-06-11 04:37:33 [HikariPool-1:connection-adder] DEBUG com.zaxxer.hikari.pool.PoolBase - HikariPool-1 - Attempting to create/setup new connection (dc14f9bd-9e27-4297-8ea8-b082a90e6b03)
2026-06-11 04:37:33 [HikariPool-1:connection-adder] DEBUG com.zaxxer.hikari.pool.PoolBase - HikariPool-1 - Established new connection (dc14f9bd-9e27-4297-8ea8-b082a90e6b03)
2026-06-11 04:37:33 [HikariPool-1:connection-adder] DEBUG com.zaxxer.hikari.pool.HikariPool - HikariPool-1 - Added connection com.mysql.cj.jdbc.ConnectionImpl@6d5bf403
2026-06-11 04:37:34 [HikariPool-1:housekeeper] DEBUG com.zaxxer.hikari.pool.HikariPool - HikariPool-1 - keepalive: connection com.mysql.cj.jdbc.ConnectionImpl@5a849b99 is alive
2026-06-11 04:37:42 [HikariPool-1:housekeeper] DEBUG com.zaxxer.hikari.pool.HikariPool - HikariPool-1 - keepalive: connection com.mysql.cj.jdbc.ConnectionImpl@3699b3f7 is alive
2026-06-11 04:37:43 [HikariPool-1:housekeeper] DEBUG com.zaxxer.hikari.pool.HikariPool - HikariPool-1 - Pool stats (total=20/20, idle=20/20, active=0, waiting=0)
2026-06-11 04:37:43 [HikariPool-1:housekeeper] DEBUG com.zaxxer.hikari.pool.HikariPool - HikariPool-1 - Fill pool skipped, pool has sufficient level or currently being filled.
2026-06-11 04:37:59 [HikariPool-1:housekeeper] DEBUG com.zaxxer.hikari.pool.HikariPool - HikariPool-1 - keepalive: connection com.mysql.cj.jdbc.ConnectionImpl@4040460a is alive
2026-06-11 04:38:10 [HikariPool-1:housekeeper] DEBUG com.zaxxer.hikari.pool.HikariPool - HikariPool-1 - keepalive: connection com.mysql.cj.jdbc.ConnectionImpl@d0d11ee is alive
2026-06-11 04:38:13 [HikariPool-1:housekeeper] DEBUG com.zaxxer.hikari.pool.HikariPool - HikariPool-1 - Pool stats (total=20/20, idle=20/20, active=0, waiting=0)
2026-06-11 04:38:13 [HikariPool-1:housekeeper] DEBUG com.zaxxer.hikari.pool.HikariPool - HikariPool-1 - Fill pool skipped, pool has sufficient level or currently being filled.
2026-06-11 04:38:20 [HikariPool-1:housekeeper] DEBUG com.zaxxer.hikari.pool.HikariPool - HikariPool-1 - keepalive: connection com.mysql.cj.jdbc.ConnectionImpl@14943ff3 is alive
2026-06-11 04:38:24 [HikariPool-1:housekeeper] DEBUG com.zaxxer.hikari.pool.HikariPool - HikariPool-1 - keepalive: connection com.mysql.cj.jdbc.ConnectionImpl@6c31692d is alive
2026-06-11 04:38:24 [HikariPool-1:housekeeper] DEBUG com.zaxxer.hikari.pool.HikariPool - HikariPool-1 - keepalive: connection com.mysql.cj.jdbc.ConnectionImpl@77be0a17 is alive
2026-06-11 04:38:41 [HikariPool-1:housekeeper] DEBUG com.zaxxer.hikari.pool.HikariPool - HikariPool-1 - keepalive: connection com.mysql.cj.jdbc.ConnectionImpl@9299848 is alive
2026-06-11 04:38:41 [HikariPool-1:connection-closer] DEBUG com.zaxxer.hikari.pool.PoolBase - HikariPool-1 - Closing connection com.mysql.cj.jdbc.ConnectionImpl@14943ff3: (connection has passed maxLifetime)
2026-06-11 04:38:41 [HikariPool-1:connection-adder] DEBUG com.zaxxer.hikari.pool.PoolBase - HikariPool-1 - Attempting to create/setup new connection (f208ed21-43e0-43ce-a98a-1874b168a915)
2026-06-11 04:38:41 [HikariPool-1:connection-adder] DEBUG com.zaxxer.hikari.pool.PoolBase - HikariPool-1 - Established new connection (f208ed21-43e0-43ce-a98a-1874b168a915)
2026-06-11 04:38:41 [HikariPool-1:connection-adder] DEBUG com.zaxxer.hikari.pool.HikariPool - HikariPool-1 - Added connection com.mysql.cj.jdbc.ConnectionImpl@52fd40a5
2026-06-11 04:38:42 [HikariPool-1:housekeeper] DEBUG com.zaxxer.hikari.pool.HikariPool - HikariPool-1 - keepalive: connection com.mysql.cj.jdbc.ConnectionImpl@22492663 is alive
2026-06-11 04:38:43 [HikariPool-1:housekeeper] DEBUG com.zaxxer.hikari.pool.HikariPool - HikariPool-1 - Pool stats (total=20/20, idle=20/20, active=0, waiting=0)
2026-06-11 04:38:43 [HikariPool-1:housekeeper] DEBUG com.zaxxer.hikari.pool.HikariPool - HikariPool-1 - Fill pool skipped, pool has sufficient level or currently being filled.
2026-06-11 04:38:50 [HikariPool-1:housekeeper] DEBUG com.zaxxer.hikari.pool.HikariPool - HikariPool-1 - keepalive: connection com.mysql.cj.jdbc.ConnectionImpl@7caffe3a is alive
2026-06-11 04:38:56 [HikariPool-1:housekeeper] DEBUG com.zaxxer.hikari.pool.HikariPool - HikariPool-1 - keepalive: connection com.mysql.cj.jdbc.ConnectionImpl@6ea9b044 is alive
2026-06-11 04:39:01 [HikariPool-1:housekeeper] DEBUG com.zaxxer.hikari.pool.HikariPool - HikariPool-1 - keepalive: connection com.mysql.cj.jdbc.ConnectionImpl@1050ae60 is alive
2026-06-11 04:39:03 [HikariPool-1:housekeeper] DEBUG com.zaxxer.hikari.pool.HikariPool - HikariPool-1 - keepalive: connection com.mysql.cj.jdbc.ConnectionImpl@62d4fd26 is alive
2026-06-11 04:39:08 [HikariPool-1:housekeeper] DEBUG com.zaxxer.hikari.pool.HikariPool - HikariPool-1 - keepalive: connection com.mysql.cj.jdbc.ConnectionImpl@3d92f401 is alive
2026-06-11 04:39:12 [HikariPool-1:housekeeper] DEBUG com.zaxxer.hikari.pool.HikariPool - HikariPool-1 - keepalive: connection com.mysql.cj.jdbc.ConnectionImpl@d740b4c is alive
2026-06-11 04:39:13 [HikariPool-1:housekeeper] DEBUG com.zaxxer.hikari.pool.HikariPool - HikariPool-1 - Pool stats (total=20/20, idle=20/20, active=0, waiting=0)
2026-06-11 04:39:13 [HikariPool-1:housekeeper] DEBUG com.zaxxer.hikari.pool.HikariPool - HikariPool-1 - Fill pool skipped, pool has sufficient level or currently being filled.
2026-06-11 04:39:14 [HikariPool-1:connection-closer] DEBUG com.zaxxer.hikari.pool.PoolBase - HikariPool-1 - Closing connection com.mysql.cj.jdbc.ConnectionImpl@6c31692d: (connection has passed maxLifetime)
2026-06-11 04:39:14 [HikariPool-1:connection-adder] DEBUG com.zaxxer.hikari.pool.PoolBase - HikariPool-1 - Attempting to create/setup new connection (cd56946e-c5f0-4205-beac-dc9133285862)
2026-06-11 04:39:14 [HikariPool-1:connection-adder] DEBUG com.zaxxer.hikari.pool.PoolBase - HikariPool-1 - Established new connection (cd56946e-c5f0-4205-beac-dc9133285862)
2026-06-11 04:39:14 [HikariPool-1:connection-adder] DEBUG com.zaxxer.hikari.pool.HikariPool - HikariPool-1 - Added connection com.mysql.cj.jdbc.ConnectionImpl@7cc36373
2026-06-11 04:39:16 [HikariPool-1:housekeeper] DEBUG com.zaxxer.hikari.pool.HikariPool - HikariPool-1 - keepalive: connection com.mysql.cj.jdbc.ConnectionImpl@3004ff86 is alive
2026-06-11 04:39:18 [HikariPool-1:housekeeper] DEBUG com.zaxxer.hikari.pool.HikariPool - HikariPool-1 - keepalive: connection com.mysql.cj.jdbc.ConnectionImpl@5a849b99 is alive
2026-06-11 04:39:19 [HikariPool-1:housekeeper] DEBUG com.zaxxer.hikari.pool.HikariPool - HikariPool-1 - keepalive: connection com.mysql.cj.jdbc.ConnectionImpl@516da45b is alive
2026-06-11 04:39:20 [HikariPool-1:housekeeper] DEBUG com.zaxxer.hikari.pool.HikariPool - HikariPool-1 - keepalive: connection com.mysql.cj.jdbc.ConnectionImpl@4c490177 is alive
2026-06-11 04:39:21 [HikariPool-1:housekeeper] DEBUG com.zaxxer.hikari.pool.HikariPool - HikariPool-1 - keepalive: connection com.mysql.cj.jdbc.ConnectionImpl@3cb38533 is alive
2026-06-11 04:39:25 [HikariPool-1:housekeeper] DEBUG com.zaxxer.hikari.pool.HikariPool - HikariPool-1 - keepalive: connection com.mysql.cj.jdbc.ConnectionImpl@6d5bf403 is alive
2026-06-11 04:39:42 [HikariPool-1:housekeeper] DEBUG com.zaxxer.hikari.pool.HikariPool - HikariPool-1 - keepalive: connection com.mysql.cj.jdbc.ConnectionImpl@3699b3f7 is alive
2026-06-11 04:39:43 [HikariPool-1:housekeeper] DEBUG com.zaxxer.hikari.pool.HikariPool - HikariPool-1 - Pool stats (total=20/20, idle=20/20, active=0, waiting=0)
2026-06-11 04:39:43 [HikariPool-1:housekeeper] DEBUG com.zaxxer.hikari.pool.HikariPool - HikariPool-1 - Fill pool skipped, pool has sufficient level or currently being filled.
2026-06-11 04:39:48 [HikariPool-1:housekeeper] DEBUG com.zaxxer.hikari.pool.HikariPool - HikariPool-1 - keepalive: connection com.mysql.cj.jdbc.ConnectionImpl@d0d11ee is alive
2026-06-11 04:39:50 [HikariPool-1:housekeeper] DEBUG com.zaxxer.hikari.pool.HikariPool - HikariPool-1 - keepalive: connection com.mysql.cj.jdbc.ConnectionImpl@4040460a is alive
2026-06-11 04:40:04 [HikariPool-1:housekeeper] DEBUG com.zaxxer.hikari.pool.HikariPool - HikariPool-1 - keepalive: connection com.mysql.cj.jdbc.ConnectionImpl@77be0a17 is alive
2026-06-11 04:40:13 [HikariPool-1:housekeeper] DEBUG com.zaxxer.hikari.pool.HikariPool - HikariPool-1 - Pool stats (total=20/20, idle=20/20, active=0, waiting=0)
2026-06-11 04:40:13 [HikariPool-1:housekeeper] DEBUG com.zaxxer.hikari.pool.HikariPool - HikariPool-1 - Fill pool skipped, pool has sufficient level or currently being filled.
2026-06-11 04:40:18 [HikariPool-1:housekeeper] DEBUG com.zaxxer.hikari.pool.HikariPool - HikariPool-1 - keepalive: connection com.mysql.cj.jdbc.ConnectionImpl@9299848 is alive
2026-06-11 04:40:23 [HikariPool-1:connection-closer] DEBUG com.zaxxer.hikari.pool.PoolBase - HikariPool-1 - Closing connection com.mysql.cj.jdbc.ConnectionImpl@77be0a17: (connection has passed maxLifetime)
2026-06-11 04:40:23 [HikariPool-1:connection-adder] DEBUG com.zaxxer.hikari.pool.PoolBase - HikariPool-1 - Attempting to create/setup new connection (7ea48850-a96e-4ac9-a633-2d3f3a4d1235)
2026-06-11 04:40:23 [HikariPool-1:connection-adder] DEBUG com.zaxxer.hikari.pool.PoolBase - HikariPool-1 - Established new connection (7ea48850-a96e-4ac9-a633-2d3f3a4d1235)
2026-06-11 04:40:23 [HikariPool-1:connection-adder] DEBUG com.zaxxer.hikari.pool.HikariPool - HikariPool-1 - Added connection com.mysql.cj.jdbc.ConnectionImpl@1df5b85
2026-06-11 04:40:23 [HikariPool-1:housekeeper] DEBUG com.zaxxer.hikari.pool.HikariPool - HikariPool-1 - keepalive: connection com.mysql.cj.jdbc.ConnectionImpl@22492663 is alive
2026-06-11 04:40:36 [HikariPool-1:housekeeper] DEBUG com.zaxxer.hikari.pool.HikariPool - HikariPool-1 - keepalive: connection com.mysql.cj.jdbc.ConnectionImpl@52fd40a5 is alive
2026-06-11 04:40:36 [HikariPool-1:connection-closer] DEBUG com.zaxxer.hikari.pool.PoolBase - HikariPool-1 - Closing connection com.mysql.cj.jdbc.ConnectionImpl@62d4fd26: (connection has passed maxLifetime)
2026-06-11 04:40:36 [HikariPool-1:connection-adder] DEBUG com.zaxxer.hikari.pool.PoolBase - HikariPool-1 - Attempting to create/setup new connection (02f22d7c-90a2-4e19-8e3d-48ff9ac00d36)
2026-06-11 04:40:36 [HikariPool-1:connection-adder] DEBUG com.zaxxer.hikari.pool.PoolBase - HikariPool-1 - Established new connection (02f22d7c-90a2-4e19-8e3d-48ff9ac00d36)
2026-06-11 04:40:36 [HikariPool-1:connection-adder] DEBUG com.zaxxer.hikari.pool.HikariPool - HikariPool-1 - Added connection com.mysql.cj.jdbc.ConnectionImpl@6995391b
2026-06-11 04:40:38 [HikariPool-1:housekeeper] DEBUG com.zaxxer.hikari.pool.HikariPool - HikariPool-1 - keepalive: connection com.mysql.cj.jdbc.ConnectionImpl@7caffe3a is alive
2026-06-11 04:40:39 [HikariPool-1:housekeeper] DEBUG com.zaxxer.hikari.pool.HikariPool - HikariPool-1 - keepalive: connection com.mysql.cj.jdbc.ConnectionImpl@6ea9b044 is alive
2026-06-11 04:40:41 [HikariPool-1:housekeeper] DEBUG com.zaxxer.hikari.pool.HikariPool - HikariPool-1 - keepalive: connection com.mysql.cj.jdbc.ConnectionImpl@1050ae60 is alive
2026-06-11 04:40:43 [HikariPool-1:housekeeper] DEBUG com.zaxxer.hikari.pool.HikariPool - HikariPool-1 - Pool stats (total=20/20, idle=20/20, active=0, waiting=0)
2026-06-11 04:40:43 [HikariPool-1:housekeeper] DEBUG com.zaxxer.hikari.pool.HikariPool - HikariPool-1 - Fill pool skipped, pool has sufficient level or currently being filled.
2026-06-11 04:40:43 [HikariPool-1:connection-closer] DEBUG com.zaxxer.hikari.pool.PoolBase - HikariPool-1 - Closing connection com.mysql.cj.jdbc.ConnectionImpl@3004ff86: (connection has passed maxLifetime)
2026-06-11 04:40:43 [HikariPool-1:connection-adder] DEBUG com.zaxxer.hikari.pool.PoolBase - HikariPool-1 - Attempting to create/setup new connection (5591e483-0c1c-4d32-af0f-dd75ed05b64d)
2026-06-11 04:40:43 [HikariPool-1:connection-adder] DEBUG com.zaxxer.hikari.pool.PoolBase - HikariPool-1 - Established new connection (5591e483-0c1c-4d32-af0f-dd75ed05b64d)
2026-06-11 04:40:43 [HikariPool-1:connection-adder] DEBUG com.zaxxer.hikari.pool.HikariPool - HikariPool-1 - Added connection com.mysql.cj.jdbc.ConnectionImpl@2ce74fa5
2026-06-11 04:40:47 [HikariPool-1:connection-closer] DEBUG com.zaxxer.hikari.pool.PoolBase - HikariPool-1 - Closing connection com.mysql.cj.jdbc.ConnectionImpl@22492663: (connection has passed maxLifetime)
2026-06-11 04:40:47 [HikariPool-1:connection-adder] DEBUG com.zaxxer.hikari.pool.PoolBase - HikariPool-1 - Attempting to create/setup new connection (b6042a06-b17c-4631-a3ea-27b066a31f78)
2026-06-11 04:40:47 [HikariPool-1:connection-adder] DEBUG com.zaxxer.hikari.pool.PoolBase - HikariPool-1 - Established new connection (b6042a06-b17c-4631-a3ea-27b066a31f78)
2026-06-11 04:40:47 [HikariPool-1:connection-adder] DEBUG com.zaxxer.hikari.pool.HikariPool - HikariPool-1 - Added connection com.mysql.cj.jdbc.ConnectionImpl@6dda459e
2026-06-11 04:40:49 [HikariPool-1:connection-closer] DEBUG com.zaxxer.hikari.pool.PoolBase - HikariPool-1 - Closing connection com.mysql.cj.jdbc.ConnectionImpl@5a849b99: (connection has passed maxLifetime)
2026-06-11 04:40:49 [HikariPool-1:connection-adder] DEBUG com.zaxxer.hikari.pool.PoolBase - HikariPool-1 - Attempting to create/setup new connection (77b85486-22be-441c-a74e-98839a86f978)
2026-06-11 04:40:49 [HikariPool-1:connection-adder] DEBUG com.zaxxer.hikari.pool.PoolBase - HikariPool-1 - Established new connection (77b85486-22be-441c-a74e-98839a86f978)
2026-06-11 04:40:49 [HikariPool-1:connection-adder] DEBUG com.zaxxer.hikari.pool.HikariPool - HikariPool-1 - Added connection com.mysql.cj.jdbc.ConnectionImpl@5c7d0d05
2026-06-11 04:40:56 [HikariPool-1:housekeeper] DEBUG com.zaxxer.hikari.pool.HikariPool - HikariPool-1 - keepalive: connection com.mysql.cj.jdbc.ConnectionImpl@d740b4c is alive
2026-06-11 04:41:05 [HikariPool-1:housekeeper] DEBUG com.zaxxer.hikari.pool.HikariPool - HikariPool-1 - keepalive: connection com.mysql.cj.jdbc.ConnectionImpl@3d92f401 is alive
2026-06-11 04:41:08 [HikariPool-1:housekeeper] DEBUG com.zaxxer.hikari.pool.HikariPool - HikariPool-1 - keepalive: connection com.mysql.cj.jdbc.ConnectionImpl@516da45b is alive
2026-06-11 04:41:12 [HikariPool-1:housekeeper] DEBUG com.zaxxer.hikari.pool.HikariPool - HikariPool-1 - keepalive: connection com.mysql.cj.jdbc.ConnectionImpl@3cb38533 is alive
2026-06-11 04:41:13 [HikariPool-1:housekeeper] DEBUG com.zaxxer.hikari.pool.HikariPool - HikariPool-1 - Pool stats (total=20/20, idle=20/20, active=0, waiting=0)
2026-06-11 04:41:13 [HikariPool-1:housekeeper] DEBUG com.zaxxer.hikari.pool.HikariPool - HikariPool-1 - Fill pool skipped, pool has sufficient level or currently being filled.
2026-06-11 04:41:14 [HikariPool-1:housekeeper] DEBUG com.zaxxer.hikari.pool.HikariPool - HikariPool-1 - keepalive: connection com.mysql.cj.jdbc.ConnectionImpl@7cc36373 is alive
2026-06-11 04:41:16 [HikariPool-1:housekeeper] DEBUG com.zaxxer.hikari.pool.HikariPool - HikariPool-1 - keepalive: connection com.mysql.cj.jdbc.ConnectionImpl@4c490177 is alive
2026-06-11 04:41:17 [HikariPool-1:housekeeper] DEBUG com.zaxxer.hikari.pool.HikariPool - HikariPool-1 - keepalive: connection com.mysql.cj.jdbc.ConnectionImpl@6d5bf403 is alive
2026-06-11 04:41:26 [HikariPool-1:housekeeper] DEBUG com.zaxxer.hikari.pool.HikariPool - HikariPool-1 - keepalive: connection com.mysql.cj.jdbc.ConnectionImpl@d0d11ee is alive
2026-06-11 04:41:37 [HikariPool-1:connection-closer] DEBUG com.zaxxer.hikari.pool.PoolBase - HikariPool-1 - Closing connection com.mysql.cj.jdbc.ConnectionImpl@3699b3f7: (connection has passed maxLifetime)
2026-06-11 04:41:37 [HikariPool-1:connection-adder] DEBUG com.zaxxer.hikari.pool.PoolBase - HikariPool-1 - Attempting to create/setup new connection (375fd479-1850-4c9b-aa1a-c95a01cb653a)
2026-06-11 04:41:37 [HikariPool-1:connection-adder] DEBUG com.zaxxer.hikari.pool.PoolBase - HikariPool-1 - Established new connection (375fd479-1850-4c9b-aa1a-c95a01cb653a)
2026-06-11 04:41:37 [HikariPool-1:connection-adder] DEBUG com.zaxxer.hikari.pool.HikariPool - HikariPool-1 - Added connection com.mysql.cj.jdbc.ConnectionImpl@1a6e7d3d
2026-06-11 04:41:42 [HikariPool-1:housekeeper] DEBUG com.zaxxer.hikari.pool.HikariPool - HikariPool-1 - keepalive: connection com.mysql.cj.jdbc.ConnectionImpl@4040460a is alive
2026-06-11 04:41:43 [HikariPool-1:housekeeper] DEBUG com.zaxxer.hikari.pool.HikariPool - HikariPool-1 - Pool stats (total=20/20, idle=20/20, active=0, waiting=0)
2026-06-11 04:41:43 [HikariPool-1:housekeeper] DEBUG com.zaxxer.hikari.pool.HikariPool - HikariPool-1 - Fill pool skipped, pool has sufficient level or currently being filled.
2026-06-11 04:41:55 [HikariPool-1:housekeeper] DEBUG com.zaxxer.hikari.pool.HikariPool - HikariPool-1 - keepalive: connection com.mysql.cj.jdbc.ConnectionImpl@9299848 is alive
2026-06-11 04:42:13 [HikariPool-1:housekeeper] DEBUG com.zaxxer.hikari.pool.HikariPool - HikariPool-1 - Pool stats (total=20/20, idle=20/20, active=0, waiting=0)
2026-06-11 04:42:13 [HikariPool-1:housekeeper] DEBUG com.zaxxer.hikari.pool.HikariPool - HikariPool-1 - Fill pool skipped, pool has sufficient level or currently being filled.
2026-06-11 04:42:21 [HikariPool-1:housekeeper] DEBUG com.zaxxer.hikari.pool.HikariPool - HikariPool-1 - keepalive: connection com.mysql.cj.jdbc.ConnectionImpl@6ea9b044 is alive
2026-06-11 04:42:21 [HikariPool-1:housekeeper] DEBUG com.zaxxer.hikari.pool.HikariPool - HikariPool-1 - keepalive: connection com.mysql.cj.jdbc.ConnectionImpl@1050ae60 is alive
2026-06-11 04:42:22 [HikariPool-1:housekeeper] DEBUG com.zaxxer.hikari.pool.HikariPool - HikariPool-1 - keepalive: connection com.mysql.cj.jdbc.ConnectionImpl@1df5b85 is alive
2026-06-11 04:42:23 [HikariPool-1:housekeeper] DEBUG com.zaxxer.hikari.pool.HikariPool - HikariPool-1 - keepalive: connection com.mysql.cj.jdbc.ConnectionImpl@2ce74fa5 is alive
2026-06-11 04:42:26 [HikariPool-1:housekeeper] DEBUG com.zaxxer.hikari.pool.HikariPool - HikariPool-1 - keepalive: connection com.mysql.cj.jdbc.ConnectionImpl@6995391b is alive
2026-06-11 04:42:26 [HikariPool-1:housekeeper] DEBUG com.zaxxer.hikari.pool.HikariPool - HikariPool-1 - keepalive: connection com.mysql.cj.jdbc.ConnectionImpl@7caffe3a is alive
2026-06-11 04:42:30 [HikariPool-1:housekeeper] DEBUG com.zaxxer.hikari.pool.HikariPool - HikariPool-1 - keepalive: connection com.mysql.cj.jdbc.ConnectionImpl@6dda459e is alive
2026-06-11 04:42:31 [HikariPool-1:housekeeper] DEBUG com.zaxxer.hikari.pool.HikariPool - HikariPool-1 - keepalive: connection com.mysql.cj.jdbc.ConnectionImpl@52fd40a5 is alive
2026-06-11 04:42:32 [HikariPool-1:housekeeper] DEBUG com.zaxxer.hikari.pool.HikariPool - HikariPool-1 - keepalive: connection com.mysql.cj.jdbc.ConnectionImpl@5c7d0d05 is alive
2026-06-11 04:42:40 [HikariPool-1:housekeeper] DEBUG com.zaxxer.hikari.pool.HikariPool - HikariPool-1 - keepalive: connection com.mysql.cj.jdbc.ConnectionImpl@d740b4c is alive
2026-06-11 04:42:43 [HikariPool-1:housekeeper] DEBUG com.zaxxer.hikari.pool.HikariPool - HikariPool-1 - Pool stats (total=20/20, idle=20/20, active=0, waiting=0)
2026-06-11 04:42:43 [HikariPool-1:housekeeper] DEBUG com.zaxxer.hikari.pool.HikariPool - HikariPool-1 - Fill pool skipped, pool has sufficient level or currently being filled.
2026-06-11 04:42:56 [HikariPool-1:housekeeper] DEBUG com.zaxxer.hikari.pool.HikariPool - HikariPool-1 - keepalive: connection com.mysql.cj.jdbc.ConnectionImpl@516da45b is alive
2026-06-11 04:43:03 [HikariPool-1:housekeeper] DEBUG com.zaxxer.hikari.pool.HikariPool - HikariPool-1 - keepalive: connection com.mysql.cj.jdbc.ConnectionImpl@3d92f401 is alive
2026-06-11 04:43:03 [HikariPool-1:housekeeper] DEBUG com.zaxxer.hikari.pool.HikariPool - HikariPool-1 - keepalive: connection com.mysql.cj.jdbc.ConnectionImpl@3cb38533 is alive
2026-06-11 04:43:04 [HikariPool-1:housekeeper] DEBUG com.zaxxer.hikari.pool.HikariPool - HikariPool-1 - keepalive: connection com.mysql.cj.jdbc.ConnectionImpl@d0d11ee is alive
2026-06-11 04:43:09 [HikariPool-1:housekeeper] DEBUG com.zaxxer.hikari.pool.HikariPool - HikariPool-1 - keepalive: connection com.mysql.cj.jdbc.ConnectionImpl@6d5bf403 is alive
2026-06-11 04:43:12 [HikariPool-1:housekeeper] DEBUG com.zaxxer.hikari.pool.HikariPool - HikariPool-1 - keepalive: connection com.mysql.cj.jdbc.ConnectionImpl@4c490177 is alive
2026-06-11 04:43:13 [HikariPool-1:housekeeper] DEBUG com.zaxxer.hikari.pool.HikariPool - HikariPool-1 - Pool stats (total=20/20, idle=20/20, active=0, waiting=0)
2026-06-11 04:43:13 [HikariPool-1:housekeeper] DEBUG com.zaxxer.hikari.pool.HikariPool - HikariPool-1 - Fill pool skipped, pool has sufficient level or currently being filled.
2026-06-11 04:43:14 [HikariPool-1:housekeeper] DEBUG com.zaxxer.hikari.pool.HikariPool - HikariPool-1 - keepalive: connection com.mysql.cj.jdbc.ConnectionImpl@7cc36373 is alive
2026-06-11 04:43:28 [HikariPool-1:housekeeper] DEBUG com.zaxxer.hikari.pool.HikariPool - HikariPool-1 - keepalive: connection com.mysql.cj.jdbc.ConnectionImpl@1a6e7d3d is alive
2026-06-11 04:43:32 [HikariPool-1:housekeeper] DEBUG com.zaxxer.hikari.pool.HikariPool - HikariPool-1 - keepalive: connection com.mysql.cj.jdbc.ConnectionImpl@9299848 is alive
2026-06-11 04:43:34 [HikariPool-1:housekeeper] DEBUG com.zaxxer.hikari.pool.HikariPool - HikariPool-1 - keepalive: connection com.mysql.cj.jdbc.ConnectionImpl@4040460a is alive
2026-06-11 04:43:43 [HikariPool-1:housekeeper] DEBUG com.zaxxer.hikari.pool.HikariPool - HikariPool-1 - Pool stats (total=20/20, idle=20/20, active=0, waiting=0)
2026-06-11 04:43:43 [HikariPool-1:housekeeper] DEBUG com.zaxxer.hikari.pool.HikariPool - HikariPool-1 - Fill pool skipped, pool has sufficient level or currently being filled.
2026-06-11 04:44:02 [HikariPool-1:housekeeper] DEBUG com.zaxxer.hikari.pool.HikariPool - HikariPool-1 - keepalive: connection com.mysql.cj.jdbc.ConnectionImpl@1050ae60 is alive
2026-06-11 04:44:02 [HikariPool-1:housekeeper] DEBUG com.zaxxer.hikari.pool.HikariPool - HikariPool-1 - keepalive: connection com.mysql.cj.jdbc.ConnectionImpl@2ce74fa5 is alive
2026-06-11 04:44:04 [HikariPool-1:housekeeper] DEBUG com.zaxxer.hikari.pool.HikariPool - HikariPool-1 - keepalive: connection com.mysql.cj.jdbc.ConnectionImpl@6ea9b044 is alive
2026-06-11 04:44:13 [HikariPool-1:housekeeper] DEBUG com.zaxxer.hikari.pool.HikariPool - HikariPool-1 - Pool stats (total=20/20, idle=20/20, active=0, waiting=0)
2026-06-11 04:44:13 [HikariPool-1:housekeeper] DEBUG com.zaxxer.hikari.pool.HikariPool - HikariPool-1 - Fill pool skipped, pool has sufficient level or currently being filled.
2026-06-11 04:44:13 [HikariPool-1:housekeeper] DEBUG com.zaxxer.hikari.pool.HikariPool - HikariPool-1 - keepalive: connection com.mysql.cj.jdbc.ConnectionImpl@6dda459e is alive
2026-06-11 04:44:14 [HikariPool-1:housekeeper] DEBUG com.zaxxer.hikari.pool.HikariPool - HikariPool-1 - keepalive: connection com.mysql.cj.jdbc.ConnectionImpl@7caffe3a is alive
2026-06-11 04:44:15 [HikariPool-1:housekeeper] DEBUG com.zaxxer.hikari.pool.HikariPool - HikariPool-1 - keepalive: connection com.mysql.cj.jdbc.ConnectionImpl@5c7d0d05 is alive
2026-06-11 04:44:15 [HikariPool-1:housekeeper] DEBUG com.zaxxer.hikari.pool.HikariPool - HikariPool-1 - keepalive: connection com.mysql.cj.jdbc.ConnectionImpl@6995391b is alive
2026-06-11 04:44:20 [HikariPool-1:housekeeper] DEBUG com.zaxxer.hikari.pool.HikariPool - HikariPool-1 - keepalive: connection com.mysql.cj.jdbc.ConnectionImpl@1df5b85 is alive
2026-06-11 04:44:24 [HikariPool-1:housekeeper] DEBUG com.zaxxer.hikari.pool.HikariPool - HikariPool-1 - keepalive: connection com.mysql.cj.jdbc.ConnectionImpl@d740b4c is alive
2026-06-11 04:44:27 [HikariPool-1:housekeeper] DEBUG com.zaxxer.hikari.pool.HikariPool - HikariPool-1 - keepalive: connection com.mysql.cj.jdbc.ConnectionImpl@52fd40a5 is alive
2026-06-11 04:44:42 [HikariPool-1:housekeeper] DEBUG com.zaxxer.hikari.pool.HikariPool - HikariPool-1 - keepalive: connection com.mysql.cj.jdbc.ConnectionImpl@d0d11ee is alive
2026-06-11 04:44:43 [HikariPool-1:housekeeper] DEBUG com.zaxxer.hikari.pool.HikariPool - HikariPool-1 - Pool stats (total=20/20, idle=20/20, active=0, waiting=0)
2026-06-11 04:44:43 [HikariPool-1:housekeeper] DEBUG com.zaxxer.hikari.pool.HikariPool - HikariPool-1 - Fill pool skipped, pool has sufficient level or currently being filled.
2026-06-11 04:44:44 [HikariPool-1:housekeeper] DEBUG com.zaxxer.hikari.pool.HikariPool - HikariPool-1 - keepalive: connection com.mysql.cj.jdbc.ConnectionImpl@516da45b is alive
2026-06-11 04:44:55 [HikariPool-1:housekeeper] DEBUG com.zaxxer.hikari.pool.HikariPool - HikariPool-1 - keepalive: connection com.mysql.cj.jdbc.ConnectionImpl@3cb38533 is alive
2026-06-11 04:45:00 [HikariPool-1:housekeeper] DEBUG com.zaxxer.hikari.pool.HikariPool - HikariPool-1 - keepalive: connection com.mysql.cj.jdbc.ConnectionImpl@6d5bf403 is alive
2026-06-11 04:45:01 [HikariPool-1:housekeeper] DEBUG com.zaxxer.hikari.pool.HikariPool - HikariPool-1 - keepalive: connection com.mysql.cj.jdbc.ConnectionImpl@3d92f401 is alive
2026-06-11 04:45:08 [HikariPool-1:housekeeper] DEBUG com.zaxxer.hikari.pool.HikariPool - HikariPool-1 - keepalive: connection com.mysql.cj.jdbc.ConnectionImpl@4c490177 is alive
2026-06-11 04:45:09 [HikariPool-1:housekeeper] DEBUG com.zaxxer.hikari.pool.HikariPool - HikariPool-1 - keepalive: connection com.mysql.cj.jdbc.ConnectionImpl@9299848 is alive
2026-06-11 04:45:13 [HikariPool-1:housekeeper] DEBUG com.zaxxer.hikari.pool.HikariPool - HikariPool-1 - Pool stats (total=20/20, idle=20/20, active=0, waiting=0)
2026-06-11 04:45:13 [HikariPool-1:housekeeper] DEBUG com.zaxxer.hikari.pool.HikariPool - HikariPool-1 - Fill pool skipped, pool has sufficient level or currently being filled.
2026-06-11 04:45:13 [HikariPool-1:housekeeper] DEBUG com.zaxxer.hikari.pool.HikariPool - HikariPool-1 - keepalive: connection com.mysql.cj.jdbc.ConnectionImpl@7cc36373 is alive
2026-06-11 04:45:19 [HikariPool-1:housekeeper] DEBUG com.zaxxer.hikari.pool.HikariPool - HikariPool-1 - keepalive: connection com.mysql.cj.jdbc.ConnectionImpl@1a6e7d3d is alive
2026-06-11 04:45:25 [HikariPool-1:housekeeper] DEBUG com.zaxxer.hikari.pool.HikariPool - HikariPool-1 - keepalive: connection com.mysql.cj.jdbc.ConnectionImpl@4040460a is alive
2026-06-11 04:45:41 [HikariPool-1:housekeeper] DEBUG com.zaxxer.hikari.pool.HikariPool - HikariPool-1 - keepalive: connection com.mysql.cj.jdbc.ConnectionImpl@2ce74fa5 is alive
2026-06-11 04:45:42 [HikariPool-1:housekeeper] DEBUG com.zaxxer.hikari.pool.HikariPool - HikariPool-1 - keepalive: connection com.mysql.cj.jdbc.ConnectionImpl@1050ae60 is alive
2026-06-11 04:45:43 [HikariPool-1:housekeeper] DEBUG com.zaxxer.hikari.pool.HikariPool - HikariPool-1 - Pool stats (total=20/20, idle=20/20, active=0, waiting=0)
2026-06-11 04:45:43 [HikariPool-1:housekeeper] DEBUG com.zaxxer.hikari.pool.HikariPool - HikariPool-1 - Fill pool skipped, pool has sufficient level or currently being filled.
2026-06-11 04:45:46 [HikariPool-1:housekeeper] DEBUG com.zaxxer.hikari.pool.HikariPool - HikariPool-1 - keepalive: connection com.mysql.cj.jdbc.ConnectionImpl@6ea9b044 is alive
2026-06-11 04:45:57 [HikariPool-1:housekeeper] DEBUG com.zaxxer.hikari.pool.HikariPool - HikariPool-1 - keepalive: connection com.mysql.cj.jdbc.ConnectionImpl@6dda459e is alive
2026-06-11 04:45:58 [HikariPool-1:housekeeper] DEBUG com.zaxxer.hikari.pool.HikariPool - HikariPool-1 - keepalive: connection com.mysql.cj.jdbc.ConnectionImpl@5c7d0d05 is alive
2026-06-11 04:46:02 [HikariPool-1:housekeeper] DEBUG com.zaxxer.hikari.pool.HikariPool - HikariPool-1 - keepalive: connection com.mysql.cj.jdbc.ConnectionImpl@7caffe3a is alive
2026-06-11 04:46:05 [HikariPool-1:housekeeper] DEBUG com.zaxxer.hikari.pool.HikariPool - HikariPool-1 - keepalive: connection com.mysql.cj.jdbc.ConnectionImpl@6995391b is alive
2026-06-11 04:46:09 [HikariPool-1:housekeeper] DEBUG com.zaxxer.hikari.pool.HikariPool - HikariPool-1 - keepalive: connection com.mysql.cj.jdbc.ConnectionImpl@d740b4c is alive
2026-06-11 04:46:13 [HikariPool-1:housekeeper] DEBUG com.zaxxer.hikari.pool.HikariPool - HikariPool-1 - Pool stats (total=20/20, idle=20/20, active=0, waiting=0)
2026-06-11 04:46:13 [HikariPool-1:housekeeper] DEBUG com.zaxxer.hikari.pool.HikariPool - HikariPool-1 - Fill pool skipped, pool has sufficient level or currently being filled.
2026-06-11 04:46:18 [HikariPool-1:housekeeper] DEBUG com.zaxxer.hikari.pool.HikariPool - HikariPool-1 - keepalive: connection com.mysql.cj.jdbc.ConnectionImpl@1df5b85 is alive
2026-06-11 04:46:20 [HikariPool-1:housekeeper] DEBUG com.zaxxer.hikari.pool.HikariPool - HikariPool-1 - keepalive: connection com.mysql.cj.jdbc.ConnectionImpl@d0d11ee is alive
2026-06-11 04:46:22 [HikariPool-1:housekeeper] DEBUG com.zaxxer.hikari.pool.HikariPool - HikariPool-1 - keepalive: connection com.mysql.cj.jdbc.ConnectionImpl@52fd40a5 is alive
2026-06-11 04:46:32 [HikariPool-1:housekeeper] DEBUG com.zaxxer.hikari.pool.HikariPool - HikariPool-1 - keepalive: connection com.mysql.cj.jdbc.ConnectionImpl@516da45b is alive
2026-06-11 04:46:43 [HikariPool-1:housekeeper] DEBUG com.zaxxer.hikari.pool.HikariPool - HikariPool-1 - Pool stats (total=20/20, idle=20/20, active=0, waiting=0)
2026-06-11 04:46:43 [HikariPool-1:housekeeper] DEBUG com.zaxxer.hikari.pool.HikariPool - HikariPool-1 - Fill pool skipped, pool has sufficient level or currently being filled.
2026-06-11 04:46:46 [HikariPool-1:housekeeper] DEBUG com.zaxxer.hikari.pool.HikariPool - HikariPool-1 - keepalive: connection com.mysql.cj.jdbc.ConnectionImpl@9299848 is alive
2026-06-11 04:46:46 [HikariPool-1:housekeeper] DEBUG com.zaxxer.hikari.pool.HikariPool - HikariPool-1 - keepalive: connection com.mysql.cj.jdbc.ConnectionImpl@3cb38533 is alive
2026-06-11 04:46:52 [HikariPool-1:housekeeper] DEBUG com.zaxxer.hikari.pool.HikariPool - HikariPool-1 - keepalive: connection com.mysql.cj.jdbc.ConnectionImpl@6d5bf403 is alive
2026-06-11 04:46:59 [HikariPool-1:housekeeper] DEBUG com.zaxxer.hikari.pool.HikariPool - HikariPool-1 - keepalive: connection com.mysql.cj.jdbc.ConnectionImpl@3d92f401 is alive
2026-06-11 04:47:04 [HikariPool-1:housekeeper] DEBUG com.zaxxer.hikari.pool.HikariPool - HikariPool-1 - keepalive: connection com.mysql.cj.jdbc.ConnectionImpl@4c490177 is alive
2026-06-11 04:47:10 [HikariPool-1:housekeeper] DEBUG com.zaxxer.hikari.pool.HikariPool - HikariPool-1 - keepalive: connection com.mysql.cj.jdbc.ConnectionImpl@1a6e7d3d is alive
2026-06-11 04:47:13 [HikariPool-1:housekeeper] DEBUG com.zaxxer.hikari.pool.HikariPool - HikariPool-1 - Pool stats (total=20/20, idle=20/20, active=0, waiting=0)
2026-06-11 04:47:13 [HikariPool-1:housekeeper] DEBUG com.zaxxer.hikari.pool.HikariPool - HikariPool-1 - Fill pool skipped, pool has sufficient level or currently being filled.
2026-06-11 04:47:13 [HikariPool-1:housekeeper] DEBUG com.zaxxer.hikari.pool.HikariPool - HikariPool-1 - keepalive: connection com.mysql.cj.jdbc.ConnectionImpl@7cc36373 is alive
2026-06-11 04:47:17 [HikariPool-1:housekeeper] DEBUG com.zaxxer.hikari.pool.HikariPool - HikariPool-1 - keepalive: connection com.mysql.cj.jdbc.ConnectionImpl@4040460a is alive
2026-06-11 04:47:21 [HikariPool-1:housekeeper] DEBUG com.zaxxer.hikari.pool.HikariPool - HikariPool-1 - keepalive: connection com.mysql.cj.jdbc.ConnectionImpl@2ce74fa5 is alive
2026-06-11 04:47:22 [HikariPool-1:housekeeper] DEBUG com.zaxxer.hikari.pool.HikariPool - HikariPool-1 - keepalive: connection com.mysql.cj.jdbc.ConnectionImpl@1050ae60 is alive
2026-06-11 04:47:29 [HikariPool-1:housekeeper] DEBUG com.zaxxer.hikari.pool.HikariPool - HikariPool-1 - keepalive: connection com.mysql.cj.jdbc.ConnectionImpl@6ea9b044 is alive
2026-06-11 04:47:40 [HikariPool-1:housekeeper] DEBUG com.zaxxer.hikari.pool.HikariPool - HikariPool-1 - keepalive: connection com.mysql.cj.jdbc.ConnectionImpl@6dda459e is alive
2026-06-11 04:47:41 [HikariPool-1:housekeeper] DEBUG com.zaxxer.hikari.pool.HikariPool - HikariPool-1 - keepalive: connection com.mysql.cj.jdbc.ConnectionImpl@5c7d0d05 is alive
2026-06-11 04:47:43 [HikariPool-1:housekeeper] DEBUG com.zaxxer.hikari.pool.HikariPool - HikariPool-1 - Pool stats (total=20/20, idle=20/20, active=0, waiting=0)
2026-06-11 04:47:43 [HikariPool-1:housekeeper] DEBUG com.zaxxer.hikari.pool.HikariPool - HikariPool-1 - Fill pool skipped, pool has sufficient level or currently being filled.
2026-06-11 04:47:50 [HikariPool-1:housekeeper] DEBUG com.zaxxer.hikari.pool.HikariPool - HikariPool-1 - keepalive: connection com.mysql.cj.jdbc.ConnectionImpl@7caffe3a is alive
2026-06-11 04:47:53 [HikariPool-1:housekeeper] DEBUG com.zaxxer.hikari.pool.HikariPool - HikariPool-1 - keepalive: connection com.mysql.cj.jdbc.ConnectionImpl@d740b4c is alive
2026-06-11 04:47:54 [HikariPool-1:housekeeper] DEBUG com.zaxxer.hikari.pool.HikariPool - HikariPool-1 - keepalive: connection com.mysql.cj.jdbc.ConnectionImpl@6995391b is alive
2026-06-11 04:47:58 [HikariPool-1:housekeeper] DEBUG com.zaxxer.hikari.pool.HikariPool - HikariPool-1 - keepalive: connection com.mysql.cj.jdbc.ConnectionImpl@d0d11ee is alive
2026-06-11 04:48:13 [HikariPool-1:housekeeper] DEBUG com.zaxxer.hikari.pool.HikariPool - HikariPool-1 - Pool stats (total=20/20, idle=20/20, active=0, waiting=0)
2026-06-11 04:48:13 [HikariPool-1:housekeeper] DEBUG com.zaxxer.hikari.pool.HikariPool - HikariPool-1 - Fill pool skipped, pool has sufficient level or currently being filled.
2026-06-11 04:48:16 [HikariPool-1:housekeeper] DEBUG com.zaxxer.hikari.pool.HikariPool - HikariPool-1 - keepalive: connection com.mysql.cj.jdbc.ConnectionImpl@1df5b85 is alive
2026-06-11 04:48:18 [HikariPool-1:housekeeper] DEBUG com.zaxxer.hikari.pool.HikariPool - HikariPool-1 - keepalive: connection com.mysql.cj.jdbc.ConnectionImpl@52fd40a5 is alive
2026-06-11 04:48:21 [HikariPool-1:housekeeper] DEBUG com.zaxxer.hikari.pool.HikariPool - HikariPool-1 - keepalive: connection com.mysql.cj.jdbc.ConnectionImpl@516da45b is alive
2026-06-11 04:48:23 [HikariPool-1:housekeeper] DEBUG com.zaxxer.hikari.pool.HikariPool - HikariPool-1 - keepalive: connection com.mysql.cj.jdbc.ConnectionImpl@9299848 is alive
2026-06-11 04:48:37 [HikariPool-1:housekeeper] DEBUG com.zaxxer.hikari.pool.HikariPool - HikariPool-1 - keepalive: connection com.mysql.cj.jdbc.ConnectionImpl@3cb38533 is alive
2026-06-11 04:48:43 [HikariPool-1:housekeeper] DEBUG com.zaxxer.hikari.pool.HikariPool - HikariPool-1 - Pool stats (total=20/20, idle=20/20, active=0, waiting=0)
2026-06-11 04:48:43 [HikariPool-1:housekeeper] DEBUG com.zaxxer.hikari.pool.HikariPool - HikariPool-1 - Fill pool skipped, pool has sufficient level or currently being filled.
2026-06-11 04:48:44 [HikariPool-1:housekeeper] DEBUG com.zaxxer.hikari.pool.HikariPool - HikariPool-1 - keepalive: connection com.mysql.cj.jdbc.ConnectionImpl@6d5bf403 is alive
2026-06-11 04:48:57 [HikariPool-1:housekeeper] DEBUG com.zaxxer.hikari.pool.HikariPool - HikariPool-1 - keepalive: connection com.mysql.cj.jdbc.ConnectionImpl@3d92f401 is alive
2026-06-11 04:49:00 [HikariPool-1:housekeeper] DEBUG com.zaxxer.hikari.pool.HikariPool - HikariPool-1 - keepalive: connection com.mysql.cj.jdbc.ConnectionImpl@2ce74fa5 is alive
2026-06-11 04:49:00 [HikariPool-1:housekeeper] DEBUG com.zaxxer.hikari.pool.HikariPool - HikariPool-1 - keepalive: connection com.mysql.cj.jdbc.ConnectionImpl@4c490177 is alive
2026-06-11 04:49:01 [HikariPool-1:housekeeper] DEBUG com.zaxxer.hikari.pool.HikariPool - HikariPool-1 - keepalive: connection com.mysql.cj.jdbc.ConnectionImpl@1a6e7d3d is alive
2026-06-11 04:49:02 [HikariPool-1:housekeeper] DEBUG com.zaxxer.hikari.pool.HikariPool - HikariPool-1 - keepalive: connection com.mysql.cj.jdbc.ConnectionImpl@1050ae60 is alive
2026-06-11 04:49:08 [HikariPool-1:housekeeper] DEBUG com.zaxxer.hikari.pool.HikariPool - HikariPool-1 - keepalive: connection com.mysql.cj.jdbc.ConnectionImpl@4040460a is alive
2026-06-11 04:49:12 [HikariPool-1:housekeeper] DEBUG com.zaxxer.hikari.pool.HikariPool - HikariPool-1 - keepalive: connection com.mysql.cj.jdbc.ConnectionImpl@6ea9b044 is alive
2026-06-11 04:49:13 [HikariPool-1:housekeeper] DEBUG com.zaxxer.hikari.pool.HikariPool - HikariPool-1 - keepalive: connection com.mysql.cj.jdbc.ConnectionImpl@7cc36373 is alive
2026-06-11 04:49:13 [HikariPool-1:housekeeper] DEBUG com.zaxxer.hikari.pool.HikariPool - HikariPool-1 - Pool stats (total=20/20, idle=20/20, active=0, waiting=0)
2026-06-11 04:49:13 [HikariPool-1:housekeeper] DEBUG com.zaxxer.hikari.pool.HikariPool - HikariPool-1 - Fill pool skipped, pool has sufficient level or currently being filled.
2026-06-11 04:49:23 [HikariPool-1:housekeeper] DEBUG com.zaxxer.hikari.pool.HikariPool - HikariPool-1 - keepalive: connection com.mysql.cj.jdbc.ConnectionImpl@6dda459e is alive
2026-06-11 04:49:25 [HikariPool-1:housekeeper] DEBUG com.zaxxer.hikari.pool.HikariPool - HikariPool-1 - keepalive: connection com.mysql.cj.jdbc.ConnectionImpl@5c7d0d05 is alive
2026-06-11 04:49:36 [HikariPool-1:housekeeper] DEBUG com.zaxxer.hikari.pool.HikariPool - HikariPool-1 - keepalive: connection com.mysql.cj.jdbc.ConnectionImpl@d0d11ee is alive
2026-06-11 04:49:37 [HikariPool-1:housekeeper] DEBUG com.zaxxer.hikari.pool.HikariPool - HikariPool-1 - keepalive: connection com.mysql.cj.jdbc.ConnectionImpl@d740b4c is alive
2026-06-11 04:49:37 [HikariPool-1:housekeeper] DEBUG com.zaxxer.hikari.pool.HikariPool - HikariPool-1 - keepalive: connection com.mysql.cj.jdbc.ConnectionImpl@7caffe3a is alive
2026-06-11 04:49:43 [HikariPool-1:housekeeper] DEBUG com.zaxxer.hikari.pool.HikariPool - HikariPool-1 - Pool stats (total=20/20, idle=20/20, active=0, waiting=0)
2026-06-11 04:49:43 [HikariPool-1:housekeeper] DEBUG com.zaxxer.hikari.pool.HikariPool - HikariPool-1 - Fill pool skipped, pool has sufficient level or currently being filled.
2026-06-11 04:49:44 [HikariPool-1:housekeeper] DEBUG com.zaxxer.hikari.pool.HikariPool - HikariPool-1 - keepalive: connection com.mysql.cj.jdbc.ConnectionImpl@6995391b is alive
2026-06-11 04:50:00 [HikariPool-1:housekeeper] DEBUG com.zaxxer.hikari.pool.HikariPool - HikariPool-1 - keepalive: connection com.mysql.cj.jdbc.ConnectionImpl@9299848 is alive
2026-06-11 04:50:09 [HikariPool-1:housekeeper] DEBUG com.zaxxer.hikari.pool.HikariPool - HikariPool-1 - keepalive: connection com.mysql.cj.jdbc.ConnectionImpl@516da45b is alive
2026-06-11 04:50:13 [HikariPool-1:housekeeper] DEBUG com.zaxxer.hikari.pool.HikariPool - HikariPool-1 - Pool stats (total=20/20, idle=20/20, active=0, waiting=0)
2026-06-11 04:50:13 [HikariPool-1:housekeeper] DEBUG com.zaxxer.hikari.pool.HikariPool - HikariPool-1 - Fill pool skipped, pool has sufficient level or currently being filled.
2026-06-11 04:50:13 [HikariPool-1:housekeeper] DEBUG com.zaxxer.hikari.pool.HikariPool - HikariPool-1 - keepalive: connection com.mysql.cj.jdbc.ConnectionImpl@52fd40a5 is alive
2026-06-11 04:50:14 [HikariPool-1:housekeeper] DEBUG com.zaxxer.hikari.pool.HikariPool - HikariPool-1 - keepalive: connection com.mysql.cj.jdbc.ConnectionImpl@1df5b85 is alive
2026-06-11 04:50:28 [HikariPool-1:housekeeper] DEBUG com.zaxxer.hikari.pool.HikariPool - HikariPool-1 - keepalive: connection com.mysql.cj.jdbc.ConnectionImpl@3cb38533 is alive
2026-06-11 04:50:36 [HikariPool-1:housekeeper] DEBUG com.zaxxer.hikari.pool.HikariPool - HikariPool-1 - keepalive: connection com.mysql.cj.jdbc.ConnectionImpl@6d5bf403 is alive
2026-06-11 04:50:40 [HikariPool-1:housekeeper] DEBUG com.zaxxer.hikari.pool.HikariPool - HikariPool-1 - keepalive: connection com.mysql.cj.jdbc.ConnectionImpl@2ce74fa5 is alive
2026-06-11 04:50:42 [HikariPool-1:housekeeper] DEBUG com.zaxxer.hikari.pool.HikariPool - HikariPool-1 - keepalive: connection com.mysql.cj.jdbc.ConnectionImpl@1050ae60 is alive
2026-06-11 04:50:43 [HikariPool-1:housekeeper] DEBUG com.zaxxer.hikari.pool.HikariPool - HikariPool-1 - Pool stats (total=20/20, idle=20/20, active=0, waiting=0)
2026-06-11 04:50:43 [HikariPool-1:housekeeper] DEBUG com.zaxxer.hikari.pool.HikariPool - HikariPool-1 - Fill pool skipped, pool has sufficient level or currently being filled.
2026-06-11 04:50:53 [HikariPool-1:housekeeper] DEBUG com.zaxxer.hikari.pool.HikariPool - HikariPool-1 - keepalive: connection com.mysql.cj.jdbc.ConnectionImpl@1a6e7d3d is alive
2026-06-11 04:50:54 [HikariPool-1:housekeeper] DEBUG com.zaxxer.hikari.pool.HikariPool - HikariPool-1 - keepalive: connection com.mysql.cj.jdbc.ConnectionImpl@6ea9b044 is alive
2026-06-11 04:50:55 [HikariPool-1:housekeeper] DEBUG com.zaxxer.hikari.pool.HikariPool - HikariPool-1 - keepalive: connection com.mysql.cj.jdbc.ConnectionImpl@3d92f401 is alive
2026-06-11 04:50:57 [HikariPool-1:housekeeper] DEBUG com.zaxxer.hikari.pool.HikariPool - HikariPool-1 - keepalive: connection com.mysql.cj.jdbc.ConnectionImpl@4c490177 is alive
2026-06-11 04:51:00 [HikariPool-1:housekeeper] DEBUG com.zaxxer.hikari.pool.HikariPool - HikariPool-1 - keepalive: connection com.mysql.cj.jdbc.ConnectionImpl@4040460a is alive
2026-06-11 04:51:07 [HikariPool-1:housekeeper] DEBUG com.zaxxer.hikari.pool.HikariPool - HikariPool-1 - keepalive: connection com.mysql.cj.jdbc.ConnectionImpl@6dda459e is alive
2026-06-11 04:51:08 [HikariPool-1:housekeeper] DEBUG com.zaxxer.hikari.pool.HikariPool - HikariPool-1 - keepalive: connection com.mysql.cj.jdbc.ConnectionImpl@5c7d0d05 is alive
2026-06-11 04:51:12 [HikariPool-1:housekeeper] DEBUG com.zaxxer.hikari.pool.HikariPool - HikariPool-1 - keepalive: connection com.mysql.cj.jdbc.ConnectionImpl@7cc36373 is alive
2026-06-11 04:51:13 [HikariPool-1:housekeeper] DEBUG com.zaxxer.hikari.pool.HikariPool - HikariPool-1 - Pool stats (total=20/20, idle=20/20, active=0, waiting=0)
2026-06-11 04:51:13 [HikariPool-1:housekeeper] DEBUG com.zaxxer.hikari.pool.HikariPool - HikariPool-1 - Fill pool skipped, pool has sufficient level or currently being filled.
2026-06-11 04:51:14 [HikariPool-1:housekeeper] DEBUG com.zaxxer.hikari.pool.HikariPool - HikariPool-1 - keepalive: connection com.mysql.cj.jdbc.ConnectionImpl@d0d11ee is alive
2026-06-11 04:51:21 [HikariPool-1:housekeeper] DEBUG com.zaxxer.hikari.pool.HikariPool - HikariPool-1 - keepalive: connection com.mysql.cj.jdbc.ConnectionImpl@d740b4c is alive
2026-06-11 04:51:25 [HikariPool-1:housekeeper] DEBUG com.zaxxer.hikari.pool.HikariPool - HikariPool-1 - keepalive: connection com.mysql.cj.jdbc.ConnectionImpl@7caffe3a is alive
2026-06-11 04:51:33 [HikariPool-1:housekeeper] DEBUG com.zaxxer.hikari.pool.HikariPool - HikariPool-1 - keepalive: connection com.mysql.cj.jdbc.ConnectionImpl@6995391b is alive
2026-06-11 04:51:37 [HikariPool-1:housekeeper] DEBUG com.zaxxer.hikari.pool.HikariPool - HikariPool-1 - keepalive: connection com.mysql.cj.jdbc.ConnectionImpl@9299848 is alive
2026-06-11 04:51:43 [HikariPool-1:housekeeper] DEBUG com.zaxxer.hikari.pool.HikariPool - HikariPool-1 - Pool stats (total=20/20, idle=20/20, active=0, waiting=0)
2026-06-11 04:51:43 [HikariPool-1:housekeeper] DEBUG com.zaxxer.hikari.pool.HikariPool - HikariPool-1 - Fill pool skipped, pool has sufficient level or currently being filled.
2026-06-11 04:51:57 [HikariPool-1:housekeeper] DEBUG com.zaxxer.hikari.pool.HikariPool - HikariPool-1 - keepalive: connection com.mysql.cj.jdbc.ConnectionImpl@516da45b is alive
2026-06-11 04:52:09 [HikariPool-1:housekeeper] DEBUG com.zaxxer.hikari.pool.HikariPool - HikariPool-1 - keepalive: connection com.mysql.cj.jdbc.ConnectionImpl@52fd40a5 is alive
2026-06-11 04:52:13 [HikariPool-1:housekeeper] DEBUG com.zaxxer.hikari.pool.HikariPool - HikariPool-1 - keepalive: connection com.mysql.cj.jdbc.ConnectionImpl@1df5b85 is alive
2026-06-11 04:52:13 [HikariPool-1:housekeeper] DEBUG com.zaxxer.hikari.pool.HikariPool - HikariPool-1 - Pool stats (total=20/20, idle=20/20, active=0, waiting=0)
2026-06-11 04:52:13 [HikariPool-1:housekeeper] DEBUG com.zaxxer.hikari.pool.HikariPool - HikariPool-1 - Fill pool skipped, pool has sufficient level or currently being filled.
2026-06-11 04:52:19 [HikariPool-1:housekeeper] DEBUG com.zaxxer.hikari.pool.HikariPool - HikariPool-1 - keepalive: connection com.mysql.cj.jdbc.ConnectionImpl@2ce74fa5 is alive
2026-06-11 04:52:19 [HikariPool-1:housekeeper] DEBUG com.zaxxer.hikari.pool.HikariPool - HikariPool-1 - keepalive: connection com.mysql.cj.jdbc.ConnectionImpl@3cb38533 is alive
2026-06-11 04:52:22 [HikariPool-1:housekeeper] DEBUG com.zaxxer.hikari.pool.HikariPool - HikariPool-1 - keepalive: connection com.mysql.cj.jdbc.ConnectionImpl@1050ae60 is alive
2026-06-11 04:52:28 [HikariPool-1:housekeeper] DEBUG com.zaxxer.hikari.pool.HikariPool - HikariPool-1 - keepalive: connection com.mysql.cj.jdbc.ConnectionImpl@6d5bf403 is alive
2026-06-11 04:52:37 [HikariPool-1:housekeeper] DEBUG com.zaxxer.hikari.pool.HikariPool - HikariPool-1 - keepalive: connection com.mysql.cj.jdbc.ConnectionImpl@6ea9b044 is alive
2026-06-11 04:52:43 [HikariPool-1:housekeeper] DEBUG com.zaxxer.hikari.pool.HikariPool - HikariPool-1 - Pool stats (total=20/20, idle=20/20, active=0, waiting=0)
2026-06-11 04:52:43 [HikariPool-1:housekeeper] DEBUG com.zaxxer.hikari.pool.HikariPool - HikariPool-1 - Fill pool skipped, pool has sufficient level or currently being filled.
2026-06-11 04:52:44 [HikariPool-1:housekeeper] DEBUG com.zaxxer.hikari.pool.HikariPool - HikariPool-1 - keepalive: connection com.mysql.cj.jdbc.ConnectionImpl@1a6e7d3d is alive
2026-06-11 04:52:50 [HikariPool-1:housekeeper] DEBUG com.zaxxer.hikari.pool.HikariPool - HikariPool-1 - keepalive: connection com.mysql.cj.jdbc.ConnectionImpl@6dda459e is alive
2026-06-11 04:52:51 [HikariPool-1:housekeeper] DEBUG com.zaxxer.hikari.pool.HikariPool - HikariPool-1 - keepalive: connection com.mysql.cj.jdbc.ConnectionImpl@5c7d0d05 is alive
2026-06-11 04:52:52 [HikariPool-1:housekeeper] DEBUG com.zaxxer.hikari.pool.HikariPool - HikariPool-1 - keepalive: connection com.mysql.cj.jdbc.ConnectionImpl@4040460a is alive
2026-06-11 04:52:52 [HikariPool-1:housekeeper] DEBUG com.zaxxer.hikari.pool.HikariPool - HikariPool-1 - keepalive: connection com.mysql.cj.jdbc.ConnectionImpl@d0d11ee is alive
2026-06-11 04:52:53 [HikariPool-1:housekeeper] DEBUG com.zaxxer.hikari.pool.HikariPool - HikariPool-1 - keepalive: connection com.mysql.cj.jdbc.ConnectionImpl@3d92f401 is alive
2026-06-11 04:52:53 [HikariPool-1:housekeeper] DEBUG com.zaxxer.hikari.pool.HikariPool - HikariPool-1 - keepalive: connection com.mysql.cj.jdbc.ConnectionImpl@4c490177 is alive
2026-06-11 04:53:06 [HikariPool-1:housekeeper] DEBUG com.zaxxer.hikari.pool.HikariPool - HikariPool-1 - keepalive: connection com.mysql.cj.jdbc.ConnectionImpl@d740b4c is alive
2026-06-11 04:53:12 [HikariPool-1:housekeeper] DEBUG com.zaxxer.hikari.pool.HikariPool - HikariPool-1 - keepalive: connection com.mysql.cj.jdbc.ConnectionImpl@7cc36373 is alive
2026-06-11 04:53:13 [HikariPool-1:housekeeper] DEBUG com.zaxxer.hikari.pool.HikariPool - HikariPool-1 - Pool stats (total=20/20, idle=20/20, active=0, waiting=0)
2026-06-11 04:53:13 [HikariPool-1:housekeeper] DEBUG com.zaxxer.hikari.pool.HikariPool - HikariPool-1 - Fill pool skipped, pool has sufficient level or currently being filled.
2026-06-11 04:53:13 [HikariPool-1:housekeeper] DEBUG com.zaxxer.hikari.pool.HikariPool - HikariPool-1 - keepalive: connection com.mysql.cj.jdbc.ConnectionImpl@7caffe3a is alive
2026-06-11 04:53:14 [HikariPool-1:housekeeper] DEBUG com.zaxxer.hikari.pool.HikariPool - HikariPool-1 - keepalive: connection com.mysql.cj.jdbc.ConnectionImpl@9299848 is alive
2026-06-11 04:53:23 [HikariPool-1:housekeeper] DEBUG com.zaxxer.hikari.pool.HikariPool - HikariPool-1 - keepalive: connection com.mysql.cj.jdbc.ConnectionImpl@6995391b is alive
2026-06-11 04:53:43 [HikariPool-1:housekeeper] DEBUG com.zaxxer.hikari.pool.HikariPool - HikariPool-1 - Pool stats (total=20/20, idle=20/20, active=0, waiting=0)
2026-06-11 04:53:43 [HikariPool-1:housekeeper] DEBUG com.zaxxer.hikari.pool.HikariPool - HikariPool-1 - Fill pool skipped, pool has sufficient level or currently being filled.
2026-06-11 04:53:45 [HikariPool-1:housekeeper] DEBUG com.zaxxer.hikari.pool.HikariPool - HikariPool-1 - keepalive: connection com.mysql.cj.jdbc.ConnectionImpl@516da45b is alive
2026-06-11 04:53:58 [HikariPool-1:housekeeper] DEBUG com.zaxxer.hikari.pool.HikariPool - HikariPool-1 - keepalive: connection com.mysql.cj.jdbc.ConnectionImpl@2ce74fa5 is alive
2026-06-11 04:54:02 [HikariPool-1:housekeeper] DEBUG com.zaxxer.hikari.pool.HikariPool - HikariPool-1 - keepalive: connection com.mysql.cj.jdbc.ConnectionImpl@1050ae60 is alive
2026-06-11 04:54:04 [HikariPool-1:housekeeper] DEBUG com.zaxxer.hikari.pool.HikariPool - HikariPool-1 - keepalive: connection com.mysql.cj.jdbc.ConnectionImpl@52fd40a5 is alive
2026-06-11 04:54:10 [HikariPool-1:housekeeper] DEBUG com.zaxxer.hikari.pool.HikariPool - HikariPool-1 - keepalive: connection com.mysql.cj.jdbc.ConnectionImpl@3cb38533 is alive
2026-06-11 04:54:11 [HikariPool-1:housekeeper] DEBUG com.zaxxer.hikari.pool.HikariPool - HikariPool-1 - keepalive: connection com.mysql.cj.jdbc.ConnectionImpl@1df5b85 is alive
2026-06-11 04:54:13 [HikariPool-1:housekeeper] DEBUG com.zaxxer.hikari.pool.HikariPool - HikariPool-1 - Pool stats (total=20/20, idle=20/20, active=0, waiting=0)
2026-06-11 04:54:13 [HikariPool-1:housekeeper] DEBUG com.zaxxer.hikari.pool.HikariPool - HikariPool-1 - Fill pool skipped, pool has sufficient level or currently being filled.
2026-06-11 04:54:19 [HikariPool-1:housekeeper] DEBUG com.zaxxer.hikari.pool.HikariPool - HikariPool-1 - keepalive: connection com.mysql.cj.jdbc.ConnectionImpl@6ea9b044 is alive
2026-06-11 04:54:20 [HikariPool-1:housekeeper] DEBUG com.zaxxer.hikari.pool.HikariPool - HikariPool-1 - keepalive: connection com.mysql.cj.jdbc.ConnectionImpl@6d5bf403 is alive
2026-06-11 04:54:30 [HikariPool-1:housekeeper] DEBUG com.zaxxer.hikari.pool.HikariPool - HikariPool-1 - keepalive: connection com.mysql.cj.jdbc.ConnectionImpl@d0d11ee is alive
2026-06-11 04:54:33 [HikariPool-1:housekeeper] DEBUG com.zaxxer.hikari.pool.HikariPool - HikariPool-1 - keepalive: connection com.mysql.cj.jdbc.ConnectionImpl@6dda459e is alive
2026-06-11 04:54:34 [HikariPool-1:housekeeper] DEBUG com.zaxxer.hikari.pool.HikariPool - HikariPool-1 - keepalive: connection com.mysql.cj.jdbc.ConnectionImpl@5c7d0d05 is alive
2026-06-11 04:54:35 [HikariPool-1:housekeeper] DEBUG com.zaxxer.hikari.pool.HikariPool - HikariPool-1 - keepalive: connection com.mysql.cj.jdbc.ConnectionImpl@1a6e7d3d is alive
2026-06-11 04:54:43 [HikariPool-1:housekeeper] DEBUG com.zaxxer.hikari.pool.HikariPool - HikariPool-1 - Pool stats (total=20/20, idle=20/20, active=0, waiting=0)
2026-06-11 04:54:43 [HikariPool-1:housekeeper] DEBUG com.zaxxer.hikari.pool.HikariPool - HikariPool-1 - Fill pool skipped, pool has sufficient level or currently being filled.
2026-06-11 04:54:43 [HikariPool-1:housekeeper] DEBUG com.zaxxer.hikari.pool.HikariPool - HikariPool-1 - keepalive: connection com.mysql.cj.jdbc.ConnectionImpl@4040460a is alive
2026-06-11 04:54:49 [HikariPool-1:housekeeper] DEBUG com.zaxxer.hikari.pool.HikariPool - HikariPool-1 - keepalive: connection com.mysql.cj.jdbc.ConnectionImpl@4c490177 is alive
2026-06-11 04:54:50 [HikariPool-1:housekeeper] DEBUG com.zaxxer.hikari.pool.HikariPool - HikariPool-1 - keepalive: connection com.mysql.cj.jdbc.ConnectionImpl@d740b4c is alive
2026-06-11 04:54:50 [HikariPool-1:housekeeper] DEBUG com.zaxxer.hikari.pool.HikariPool - HikariPool-1 - keepalive: connection com.mysql.cj.jdbc.ConnectionImpl@3d92f401 is alive
2026-06-11 04:54:51 [HikariPool-1:housekeeper] DEBUG com.zaxxer.hikari.pool.HikariPool - HikariPool-1 - keepalive: connection com.mysql.cj.jdbc.ConnectionImpl@9299848 is alive
2026-06-11 04:55:01 [HikariPool-1:housekeeper] DEBUG com.zaxxer.hikari.pool.HikariPool - HikariPool-1 - keepalive: connection com.mysql.cj.jdbc.ConnectionImpl@7caffe3a is alive
2026-06-11 04:55:12 [HikariPool-1:housekeeper] DEBUG com.zaxxer.hikari.pool.HikariPool - HikariPool-1 - keepalive: connection com.mysql.cj.jdbc.ConnectionImpl@7cc36373 is alive
2026-06-11 04:55:12 [HikariPool-1:housekeeper] DEBUG com.zaxxer.hikari.pool.HikariPool - HikariPool-1 - keepalive: connection com.mysql.cj.jdbc.ConnectionImpl@6995391b is alive
2026-06-11 04:55:13 [HikariPool-1:housekeeper] DEBUG com.zaxxer.hikari.pool.HikariPool - HikariPool-1 - Pool stats (total=20/20, idle=20/20, active=0, waiting=0)
2026-06-11 04:55:13 [HikariPool-1:housekeeper] DEBUG com.zaxxer.hikari.pool.HikariPool - HikariPool-1 - Fill pool skipped, pool has sufficient level or currently being filled.
2026-06-11 04:55:34 [HikariPool-1:housekeeper] DEBUG com.zaxxer.hikari.pool.HikariPool - HikariPool-1 - keepalive: connection com.mysql.cj.jdbc.ConnectionImpl@516da45b is alive
2026-06-11 04:55:38 [HikariPool-1:housekeeper] DEBUG com.zaxxer.hikari.pool.HikariPool - HikariPool-1 - keepalive: connection com.mysql.cj.jdbc.ConnectionImpl@2ce74fa5 is alive
2026-06-11 04:55:42 [HikariPool-1:housekeeper] DEBUG com.zaxxer.hikari.pool.HikariPool - HikariPool-1 - keepalive: connection com.mysql.cj.jdbc.ConnectionImpl@1050ae60 is alive
2026-06-11 04:55:43 [HikariPool-1:housekeeper] DEBUG com.zaxxer.hikari.pool.HikariPool - HikariPool-1 - Pool stats (total=20/20, idle=20/20, active=0, waiting=0)
2026-06-11 04:55:43 [HikariPool-1:housekeeper] DEBUG com.zaxxer.hikari.pool.HikariPool - HikariPool-1 - Fill pool skipped, pool has sufficient level or currently being filled.
2026-06-11 04:55:59 [HikariPool-1:housekeeper] DEBUG com.zaxxer.hikari.pool.HikariPool - HikariPool-1 - keepalive: connection com.mysql.cj.jdbc.ConnectionImpl@52fd40a5 is alive
2026-06-11 04:56:02 [HikariPool-1:housekeeper] DEBUG com.zaxxer.hikari.pool.HikariPool - HikariPool-1 - keepalive: connection com.mysql.cj.jdbc.ConnectionImpl@3cb38533 is alive
2026-06-11 04:56:02 [HikariPool-1:housekeeper] DEBUG com.zaxxer.hikari.pool.HikariPool - HikariPool-1 - keepalive: connection com.mysql.cj.jdbc.ConnectionImpl@6ea9b044 is alive
2026-06-11 04:56:09 [HikariPool-1:housekeeper] DEBUG com.zaxxer.hikari.pool.HikariPool - HikariPool-1 - keepalive: connection com.mysql.cj.jdbc.ConnectionImpl@d0d11ee is alive
2026-06-11 04:56:09 [HikariPool-1:housekeeper] DEBUG com.zaxxer.hikari.pool.HikariPool - HikariPool-1 - keepalive: connection com.mysql.cj.jdbc.ConnectionImpl@1df5b85 is alive
2026-06-11 04:56:11 [HikariPool-1:housekeeper] DEBUG com.zaxxer.hikari.pool.HikariPool - HikariPool-1 - keepalive: connection com.mysql.cj.jdbc.ConnectionImpl@6d5bf403 is alive
2026-06-11 04:56:13 [HikariPool-1:housekeeper] DEBUG com.zaxxer.hikari.pool.HikariPool - HikariPool-1 - Pool stats (total=20/20, idle=20/20, active=0, waiting=0)
2026-06-11 04:56:13 [HikariPool-1:housekeeper] DEBUG com.zaxxer.hikari.pool.HikariPool - HikariPool-1 - Fill pool skipped, pool has sufficient level or currently being filled.
2026-06-11 04:56:16 [HikariPool-1:housekeeper] DEBUG com.zaxxer.hikari.pool.HikariPool - HikariPool-1 - keepalive: connection com.mysql.cj.jdbc.ConnectionImpl@6dda459e is alive
2026-06-11 04:56:17 [HikariPool-1:housekeeper] DEBUG com.zaxxer.hikari.pool.HikariPool - HikariPool-1 - keepalive: connection com.mysql.cj.jdbc.ConnectionImpl@5c7d0d05 is alive
2026-06-11 04:56:26 [HikariPool-1:housekeeper] DEBUG com.zaxxer.hikari.pool.HikariPool - HikariPool-1 - keepalive: connection com.mysql.cj.jdbc.ConnectionImpl@1a6e7d3d is alive
2026-06-11 04:56:28 [HikariPool-1:housekeeper] DEBUG com.zaxxer.hikari.pool.HikariPool - HikariPool-1 - keepalive: connection com.mysql.cj.jdbc.ConnectionImpl@9299848 is alive
2026-06-11 04:56:34 [HikariPool-1:housekeeper] DEBUG com.zaxxer.hikari.pool.HikariPool - HikariPool-1 - keepalive: connection com.mysql.cj.jdbc.ConnectionImpl@d740b4c is alive
2026-06-11 04:56:35 [HikariPool-1:housekeeper] DEBUG com.zaxxer.hikari.pool.HikariPool - HikariPool-1 - keepalive: connection com.mysql.cj.jdbc.ConnectionImpl@4040460a is alive
2026-06-11 04:56:43 [HikariPool-1:housekeeper] DEBUG com.zaxxer.hikari.pool.HikariPool - HikariPool-1 - Pool stats (total=20/20, idle=20/20, active=0, waiting=0)
2026-06-11 04:56:43 [HikariPool-1:housekeeper] DEBUG com.zaxxer.hikari.pool.HikariPool - HikariPool-1 - Fill pool skipped, pool has sufficient level or currently being filled.
2026-06-11 04:56:45 [HikariPool-1:housekeeper] DEBUG com.zaxxer.hikari.pool.HikariPool - HikariPool-1 - keepalive: connection com.mysql.cj.jdbc.ConnectionImpl@4c490177 is alive
2026-06-11 04:56:48 [HikariPool-1:housekeeper] DEBUG com.zaxxer.hikari.pool.HikariPool - HikariPool-1 - keepalive: connection com.mysql.cj.jdbc.ConnectionImpl@3d92f401 is alive
2026-06-11 04:56:49 [HikariPool-1:housekeeper] DEBUG com.zaxxer.hikari.pool.HikariPool - HikariPool-1 - keepalive: connection com.mysql.cj.jdbc.ConnectionImpl@7caffe3a is alive
2026-06-11 04:57:02 [HikariPool-1:housekeeper] DEBUG com.zaxxer.hikari.pool.HikariPool - HikariPool-1 - keepalive: connection com.mysql.cj.jdbc.ConnectionImpl@6995391b is alive
2026-06-11 04:57:11 [HikariPool-1:housekeeper] DEBUG com.zaxxer.hikari.pool.HikariPool - HikariPool-1 - keepalive: connection com.mysql.cj.jdbc.ConnectionImpl@7cc36373 is alive
2026-06-11 04:57:13 [HikariPool-1:housekeeper] DEBUG com.zaxxer.hikari.pool.HikariPool - HikariPool-1 - Pool stats (total=20/20, idle=20/20, active=0, waiting=0)
2026-06-11 04:57:13 [HikariPool-1:housekeeper] DEBUG com.zaxxer.hikari.pool.HikariPool - HikariPool-1 - Fill pool skipped, pool has sufficient level or currently being filled.
2026-06-11 04:57:17 [HikariPool-1:housekeeper] DEBUG com.zaxxer.hikari.pool.HikariPool - HikariPool-1 - keepalive: connection com.mysql.cj.jdbc.ConnectionImpl@2ce74fa5 is alive
2026-06-11 04:57:22 [HikariPool-1:housekeeper] DEBUG com.zaxxer.hikari.pool.HikariPool - HikariPool-1 - keepalive: connection com.mysql.cj.jdbc.ConnectionImpl@516da45b is alive
2026-06-11 04:57:22 [HikariPool-1:housekeeper] DEBUG com.zaxxer.hikari.pool.HikariPool - HikariPool-1 - keepalive: connection com.mysql.cj.jdbc.ConnectionImpl@1050ae60 is alive
2026-06-11 04:57:43 [HikariPool-1:housekeeper] DEBUG com.zaxxer.hikari.pool.HikariPool - HikariPool-1 - Pool stats (total=20/20, idle=20/20, active=0, waiting=0)
2026-06-11 04:57:43 [HikariPool-1:housekeeper] DEBUG com.zaxxer.hikari.pool.HikariPool - HikariPool-1 - Fill pool skipped, pool has sufficient level or currently being filled.
2026-06-11 04:57:45 [HikariPool-1:housekeeper] DEBUG com.zaxxer.hikari.pool.HikariPool - HikariPool-1 - keepalive: connection com.mysql.cj.jdbc.ConnectionImpl@6ea9b044 is alive
2026-06-11 04:57:47 [HikariPool-1:housekeeper] DEBUG com.zaxxer.hikari.pool.HikariPool - HikariPool-1 - keepalive: connection com.mysql.cj.jdbc.ConnectionImpl@d0d11ee is alive
2026-06-11 04:57:53 [HikariPool-1:housekeeper] DEBUG com.zaxxer.hikari.pool.HikariPool - HikariPool-1 - keepalive: connection com.mysql.cj.jdbc.ConnectionImpl@3cb38533 is alive
2026-06-11 04:57:55 [HikariPool-1:housekeeper] DEBUG com.zaxxer.hikari.pool.HikariPool - HikariPool-1 - keepalive: connection com.mysql.cj.jdbc.ConnectionImpl@52fd40a5 is alive
2026-06-11 04:58:00 [HikariPool-1:housekeeper] DEBUG com.zaxxer.hikari.pool.HikariPool - HikariPool-1 - keepalive: connection com.mysql.cj.jdbc.ConnectionImpl@6dda459e is alive
2026-06-11 04:58:01 [HikariPool-1:housekeeper] DEBUG com.zaxxer.hikari.pool.HikariPool - HikariPool-1 - keepalive: connection com.mysql.cj.jdbc.ConnectionImpl@5c7d0d05 is alive
2026-06-11 04:58:03 [HikariPool-1:housekeeper] DEBUG com.zaxxer.hikari.pool.HikariPool - HikariPool-1 - keepalive: connection com.mysql.cj.jdbc.ConnectionImpl@6d5bf403 is alive
2026-06-11 04:58:05 [HikariPool-1:housekeeper] DEBUG com.zaxxer.hikari.pool.HikariPool - HikariPool-1 - keepalive: connection com.mysql.cj.jdbc.ConnectionImpl@9299848 is alive
2026-06-11 04:58:07 [HikariPool-1:housekeeper] DEBUG com.zaxxer.hikari.pool.HikariPool - HikariPool-1 - keepalive: connection com.mysql.cj.jdbc.ConnectionImpl@1df5b85 is alive
2026-06-11 04:58:13 [HikariPool-1:housekeeper] DEBUG com.zaxxer.hikari.pool.HikariPool - HikariPool-1 - Pool stats (total=20/20, idle=20/20, active=0, waiting=0)
2026-06-11 04:58:13 [HikariPool-1:housekeeper] DEBUG com.zaxxer.hikari.pool.HikariPool - HikariPool-1 - Fill pool skipped, pool has sufficient level or currently being filled.
2026-06-11 04:58:17 [HikariPool-1:housekeeper] DEBUG com.zaxxer.hikari.pool.HikariPool - HikariPool-1 - keepalive: connection com.mysql.cj.jdbc.ConnectionImpl@1a6e7d3d is alive
2026-06-11 04:58:19 [HikariPool-1:housekeeper] DEBUG com.zaxxer.hikari.pool.HikariPool - HikariPool-1 - keepalive: connection com.mysql.cj.jdbc.ConnectionImpl@d740b4c is alive
2026-06-11 04:58:25 [HikariPool-1:connection-closer] DEBUG com.zaxxer.hikari.pool.PoolBase - HikariPool-1 - Closing connection com.mysql.cj.jdbc.ConnectionImpl@9299848: (connection has passed maxLifetime)
2026-06-11 04:58:25 [HikariPool-1:connection-adder] DEBUG com.zaxxer.hikari.pool.PoolBase - HikariPool-1 - Attempting to create/setup new connection (04125358-54b2-474d-9b9c-234587953562)
2026-06-11 04:58:25 [HikariPool-1:connection-adder] DEBUG com.zaxxer.hikari.pool.PoolBase - HikariPool-1 - Established new connection (04125358-54b2-474d-9b9c-234587953562)
2026-06-11 04:58:25 [HikariPool-1:connection-adder] DEBUG com.zaxxer.hikari.pool.HikariPool - HikariPool-1 - Added connection com.mysql.cj.jdbc.ConnectionImpl@714cb33f
2026-06-11 04:58:27 [HikariPool-1:housekeeper] DEBUG com.zaxxer.hikari.pool.HikariPool - HikariPool-1 - keepalive: connection com.mysql.cj.jdbc.ConnectionImpl@4040460a is alive
2026-06-11 04:58:37 [HikariPool-1:housekeeper] DEBUG com.zaxxer.hikari.pool.HikariPool - HikariPool-1 - keepalive: connection com.mysql.cj.jdbc.ConnectionImpl@7caffe3a is alive
2026-06-11 04:58:41 [HikariPool-1:housekeeper] DEBUG com.zaxxer.hikari.pool.HikariPool - HikariPool-1 - keepalive: connection com.mysql.cj.jdbc.ConnectionImpl@4c490177 is alive
2026-06-11 04:58:43 [HikariPool-1:housekeeper] DEBUG com.zaxxer.hikari.pool.HikariPool - HikariPool-1 - Pool stats (total=20/20, idle=20/20, active=0, waiting=0)
2026-06-11 04:58:43 [HikariPool-1:housekeeper] DEBUG com.zaxxer.hikari.pool.HikariPool - HikariPool-1 - Fill pool skipped, pool has sufficient level or currently being filled.
2026-06-11 04:58:46 [HikariPool-1:housekeeper] DEBUG com.zaxxer.hikari.pool.HikariPool - HikariPool-1 - keepalive: connection com.mysql.cj.jdbc.ConnectionImpl@3d92f401 is alive
2026-06-11 04:58:51 [HikariPool-1:housekeeper] DEBUG com.zaxxer.hikari.pool.HikariPool - HikariPool-1 - keepalive: connection com.mysql.cj.jdbc.ConnectionImpl@6995391b is alive
2026-06-11 04:58:57 [HikariPool-1:housekeeper] DEBUG com.zaxxer.hikari.pool.HikariPool - HikariPool-1 - keepalive: connection com.mysql.cj.jdbc.ConnectionImpl@2ce74fa5 is alive
2026-06-11 04:59:02 [HikariPool-1:housekeeper] DEBUG com.zaxxer.hikari.pool.HikariPool - HikariPool-1 - keepalive: connection com.mysql.cj.jdbc.ConnectionImpl@1050ae60 is alive
2026-06-11 04:59:10 [HikariPool-1:housekeeper] DEBUG com.zaxxer.hikari.pool.HikariPool - HikariPool-1 - keepalive: connection com.mysql.cj.jdbc.ConnectionImpl@516da45b is alive
2026-06-11 04:59:11 [HikariPool-1:housekeeper] DEBUG com.zaxxer.hikari.pool.HikariPool - HikariPool-1 - keepalive: connection com.mysql.cj.jdbc.ConnectionImpl@7cc36373 is alive
2026-06-11 04:59:13 [HikariPool-1:housekeeper] DEBUG com.zaxxer.hikari.pool.HikariPool - HikariPool-1 - Pool stats (total=20/20, idle=20/20, active=0, waiting=0)
2026-06-11 04:59:13 [HikariPool-1:housekeeper] DEBUG com.zaxxer.hikari.pool.HikariPool - HikariPool-1 - Fill pool skipped, pool has sufficient level or currently being filled.
2026-06-11 04:59:25 [HikariPool-1:housekeeper] DEBUG com.zaxxer.hikari.pool.HikariPool - HikariPool-1 - keepalive: connection com.mysql.cj.jdbc.ConnectionImpl@d0d11ee is alive
2026-06-11 04:59:27 [HikariPool-1:housekeeper] DEBUG com.zaxxer.hikari.pool.HikariPool - HikariPool-1 - keepalive: connection com.mysql.cj.jdbc.ConnectionImpl@6ea9b044 is alive
2026-06-11 04:59:43 [HikariPool-1:housekeeper] DEBUG com.zaxxer.hikari.pool.HikariPool - HikariPool-1 - Pool stats (total=20/20, idle=20/20, active=0, waiting=0)
2026-06-11 04:59:43 [HikariPool-1:housekeeper] DEBUG com.zaxxer.hikari.pool.HikariPool - HikariPool-1 - Fill pool skipped, pool has sufficient level or currently being filled.
2026-06-11 04:59:43 [HikariPool-1:housekeeper] DEBUG com.zaxxer.hikari.pool.HikariPool - HikariPool-1 - keepalive: connection com.mysql.cj.jdbc.ConnectionImpl@6dda459e is alive
2026-06-11 04:59:44 [HikariPool-1:housekeeper] DEBUG com.zaxxer.hikari.pool.HikariPool - HikariPool-1 - keepalive: connection com.mysql.cj.jdbc.ConnectionImpl@5c7d0d05 is alive
2026-06-11 04:59:44 [HikariPool-1:housekeeper] DEBUG com.zaxxer.hikari.pool.HikariPool - HikariPool-1 - keepalive: connection com.mysql.cj.jdbc.ConnectionImpl@3cb38533 is alive
2026-06-11 04:59:45 [HikariPool-1:connection-closer] DEBUG com.zaxxer.hikari.pool.PoolBase - HikariPool-1 - Closing connection com.mysql.cj.jdbc.ConnectionImpl@1050ae60: (connection has passed maxLifetime)
2026-06-11 04:59:45 [HikariPool-1:connection-adder] DEBUG com.zaxxer.hikari.pool.PoolBase - HikariPool-1 - Attempting to create/setup new connection (4b387685-f9e0-4878-a2bd-b1efae77cf21)
2026-06-11 04:59:45 [HikariPool-1:connection-adder] DEBUG com.zaxxer.hikari.pool.PoolBase - HikariPool-1 - Established new connection (4b387685-f9e0-4878-a2bd-b1efae77cf21)
2026-06-11 04:59:45 [HikariPool-1:connection-adder] DEBUG com.zaxxer.hikari.pool.HikariPool - HikariPool-1 - Added connection com.mysql.cj.jdbc.ConnectionImpl@4928277e
2026-06-11 04:59:50 [HikariPool-1:housekeeper] DEBUG com.zaxxer.hikari.pool.HikariPool - HikariPool-1 - keepalive: connection com.mysql.cj.jdbc.ConnectionImpl@52fd40a5 is alive
2026-06-11 04:59:55 [HikariPool-1:housekeeper] DEBUG com.zaxxer.hikari.pool.HikariPool - HikariPool-1 - keepalive: connection com.mysql.cj.jdbc.ConnectionImpl@6d5bf403 is alive
2026-06-11 05:00:03 [HikariPool-1:housekeeper] DEBUG com.zaxxer.hikari.pool.HikariPool - HikariPool-1 - keepalive: connection com.mysql.cj.jdbc.ConnectionImpl@d740b4c is alive
2026-06-11 05:00:06 [HikariPool-1:housekeeper] DEBUG com.zaxxer.hikari.pool.HikariPool - HikariPool-1 - keepalive: connection com.mysql.cj.jdbc.ConnectionImpl@1df5b85 is alive
2026-06-11 05:00:08 [HikariPool-1:housekeeper] DEBUG com.zaxxer.hikari.pool.HikariPool - HikariPool-1 - keepalive: connection com.mysql.cj.jdbc.ConnectionImpl@1a6e7d3d is alive
2026-06-11 05:00:13 [HikariPool-1:housekeeper] DEBUG com.zaxxer.hikari.pool.HikariPool - HikariPool-1 - Pool stats (total=20/20, idle=20/20, active=0, waiting=0)
2026-06-11 05:00:13 [HikariPool-1:housekeeper] DEBUG com.zaxxer.hikari.pool.HikariPool - HikariPool-1 - Fill pool skipped, pool has sufficient level or currently being filled.
2026-06-11 05:00:14 [HikariPool-1:housekeeper] DEBUG com.zaxxer.hikari.pool.HikariPool - HikariPool-1 - keepalive: connection com.mysql.cj.jdbc.ConnectionImpl@714cb33f is alive
2026-06-11 05:00:18 [HikariPool-1:housekeeper] DEBUG com.zaxxer.hikari.pool.HikariPool - HikariPool-1 - keepalive: connection com.mysql.cj.jdbc.ConnectionImpl@4040460a is alive
2026-06-11 05:00:25 [HikariPool-1:housekeeper] DEBUG com.zaxxer.hikari.pool.HikariPool - HikariPool-1 - keepalive: connection com.mysql.cj.jdbc.ConnectionImpl@7caffe3a is alive
2026-06-11 05:00:29 [HikariPool-1:connection-closer] DEBUG com.zaxxer.hikari.pool.PoolBase - HikariPool-1 - Closing connection com.mysql.cj.jdbc.ConnectionImpl@516da45b: (connection has passed maxLifetime)
2026-06-11 05:00:29 [HikariPool-1:connection-adder] DEBUG com.zaxxer.hikari.pool.PoolBase - HikariPool-1 - Attempting to create/setup new connection (caac9775-865f-4de9-8e2b-765ff90adc9a)
2026-06-11 05:00:29 [HikariPool-1:connection-adder] DEBUG com.zaxxer.hikari.pool.PoolBase - HikariPool-1 - Established new connection (caac9775-865f-4de9-8e2b-765ff90adc9a)
2026-06-11 05:00:29 [HikariPool-1:connection-adder] DEBUG com.zaxxer.hikari.pool.HikariPool - HikariPool-1 - Added connection com.mysql.cj.jdbc.ConnectionImpl@1e522bcc
2026-06-11 05:00:36 [HikariPool-1:housekeeper] DEBUG com.zaxxer.hikari.pool.HikariPool - HikariPool-1 - keepalive: connection com.mysql.cj.jdbc.ConnectionImpl@2ce74fa5 is alive
2026-06-11 05:00:37 [HikariPool-1:housekeeper] DEBUG com.zaxxer.hikari.pool.HikariPool - HikariPool-1 - keepalive: connection com.mysql.cj.jdbc.ConnectionImpl@4c490177 is alive
2026-06-11 05:00:40 [HikariPool-1:housekeeper] DEBUG com.zaxxer.hikari.pool.HikariPool - HikariPool-1 - keepalive: connection com.mysql.cj.jdbc.ConnectionImpl@6995391b is alive
2026-06-11 05:00:43 [HikariPool-1:housekeeper] DEBUG com.zaxxer.hikari.pool.HikariPool - HikariPool-1 - Pool stats (total=20/20, idle=20/20, active=0, waiting=0)
2026-06-11 05:00:43 [HikariPool-1:housekeeper] DEBUG com.zaxxer.hikari.pool.HikariPool - HikariPool-1 - Fill pool skipped, pool has sufficient level or currently being filled.
2026-06-11 05:00:44 [HikariPool-1:housekeeper] DEBUG com.zaxxer.hikari.pool.HikariPool - HikariPool-1 - keepalive: connection com.mysql.cj.jdbc.ConnectionImpl@3d92f401 is alive
2026-06-11 05:01:03 [HikariPool-1:housekeeper] DEBUG com.zaxxer.hikari.pool.HikariPool - HikariPool-1 - keepalive: connection com.mysql.cj.jdbc.ConnectionImpl@d0d11ee is alive
2026-06-11 05:01:10 [HikariPool-1:housekeeper] DEBUG com.zaxxer.hikari.pool.HikariPool - HikariPool-1 - keepalive: connection com.mysql.cj.jdbc.ConnectionImpl@6ea9b044 is alive
2026-06-11 05:01:11 [HikariPool-1:housekeeper] DEBUG com.zaxxer.hikari.pool.HikariPool - HikariPool-1 - keepalive: connection com.mysql.cj.jdbc.ConnectionImpl@7cc36373 is alive
2026-06-11 05:01:13 [HikariPool-1:housekeeper] DEBUG com.zaxxer.hikari.pool.HikariPool - HikariPool-1 - Pool stats (total=20/20, idle=20/20, active=0, waiting=0)
2026-06-11 05:01:13 [HikariPool-1:housekeeper] DEBUG com.zaxxer.hikari.pool.HikariPool - HikariPool-1 - Fill pool skipped, pool has sufficient level or currently being filled.
2026-06-11 05:01:26 [HikariPool-1:housekeeper] DEBUG com.zaxxer.hikari.pool.HikariPool - HikariPool-1 - keepalive: connection com.mysql.cj.jdbc.ConnectionImpl@6dda459e is alive
2026-06-11 05:01:27 [HikariPool-1:housekeeper] DEBUG com.zaxxer.hikari.pool.HikariPool - HikariPool-1 - keepalive: connection com.mysql.cj.jdbc.ConnectionImpl@4928277e is alive
2026-06-11 05:01:27 [HikariPool-1:housekeeper] DEBUG com.zaxxer.hikari.pool.HikariPool - HikariPool-1 - keepalive: connection com.mysql.cj.jdbc.ConnectionImpl@5c7d0d05 is alive
2026-06-11 05:01:35 [HikariPool-1:housekeeper] DEBUG com.zaxxer.hikari.pool.HikariPool - HikariPool-1 - keepalive: connection com.mysql.cj.jdbc.ConnectionImpl@3cb38533 is alive
2026-06-11 05:01:43 [HikariPool-1:housekeeper] DEBUG com.zaxxer.hikari.pool.HikariPool - HikariPool-1 - Pool stats (total=20/20, idle=20/20, active=0, waiting=0)
2026-06-11 05:01:43 [HikariPool-1:housekeeper] DEBUG com.zaxxer.hikari.pool.HikariPool - HikariPool-1 - Fill pool skipped, pool has sufficient level or currently being filled.
2026-06-11 05:01:46 [HikariPool-1:housekeeper] DEBUG com.zaxxer.hikari.pool.HikariPool - HikariPool-1 - keepalive: connection com.mysql.cj.jdbc.ConnectionImpl@52fd40a5 is alive
2026-06-11 05:01:47 [HikariPool-1:housekeeper] DEBUG com.zaxxer.hikari.pool.HikariPool - HikariPool-1 - keepalive: connection com.mysql.cj.jdbc.ConnectionImpl@6d5bf403 is alive
2026-06-11 05:01:47 [HikariPool-1:housekeeper] DEBUG com.zaxxer.hikari.pool.HikariPool - HikariPool-1 - keepalive: connection com.mysql.cj.jdbc.ConnectionImpl@d740b4c is alive
2026-06-11 05:01:54 [HikariPool-1:connection-closer] DEBUG com.zaxxer.hikari.pool.PoolBase - HikariPool-1 - Closing connection com.mysql.cj.jdbc.ConnectionImpl@4c490177: (connection has passed maxLifetime)
2026-06-11 05:01:54 [HikariPool-1:connection-adder] DEBUG com.zaxxer.hikari.pool.PoolBase - HikariPool-1 - Attempting to create/setup new connection (79184890-7f65-4654-b60b-6466cff0b755)
2026-06-11 05:01:54 [HikariPool-1:connection-adder] DEBUG com.zaxxer.hikari.pool.PoolBase - HikariPool-1 - Established new connection (79184890-7f65-4654-b60b-6466cff0b755)
2026-06-11 05:01:54 [HikariPool-1:connection-adder] DEBUG com.zaxxer.hikari.pool.HikariPool - HikariPool-1 - Added connection com.mysql.cj.jdbc.ConnectionImpl@16ee66c8
2026-06-11 05:02:00 [HikariPool-1:housekeeper] DEBUG com.zaxxer.hikari.pool.HikariPool - HikariPool-1 - keepalive: connection com.mysql.cj.jdbc.ConnectionImpl@1a6e7d3d is alive
2026-06-11 05:02:03 [HikariPool-1:housekeeper] DEBUG com.zaxxer.hikari.pool.HikariPool - HikariPool-1 - keepalive: connection com.mysql.cj.jdbc.ConnectionImpl@714cb33f is alive
2026-06-11 05:02:04 [HikariPool-1:housekeeper] DEBUG com.zaxxer.hikari.pool.HikariPool - HikariPool-1 - keepalive: connection com.mysql.cj.jdbc.ConnectionImpl@1df5b85 is alive
2026-06-11 05:02:10 [HikariPool-1:housekeeper] DEBUG com.zaxxer.hikari.pool.HikariPool - HikariPool-1 - keepalive: connection com.mysql.cj.jdbc.ConnectionImpl@4040460a is alive
2026-06-11 05:02:11 [HikariPool-1:housekeeper] DEBUG com.zaxxer.hikari.pool.HikariPool - HikariPool-1 - keepalive: connection com.mysql.cj.jdbc.ConnectionImpl@1e522bcc is alive
2026-06-11 05:02:12 [HikariPool-1:housekeeper] DEBUG com.zaxxer.hikari.pool.HikariPool - HikariPool-1 - keepalive: connection com.mysql.cj.jdbc.ConnectionImpl@7caffe3a is alive
2026-06-11 05:02:13 [HikariPool-1:housekeeper] DEBUG com.zaxxer.hikari.pool.HikariPool - HikariPool-1 - Pool stats (total=20/20, idle=20/20, active=0, waiting=0)
2026-06-11 05:02:13 [HikariPool-1:housekeeper] DEBUG com.zaxxer.hikari.pool.HikariPool - HikariPool-1 - Fill pool skipped, pool has sufficient level or currently being filled.
2026-06-11 05:02:15 [HikariPool-1:housekeeper] DEBUG com.zaxxer.hikari.pool.HikariPool - HikariPool-1 - keepalive: connection com.mysql.cj.jdbc.ConnectionImpl@2ce74fa5 is alive
2026-06-11 05:02:30 [HikariPool-1:housekeeper] DEBUG com.zaxxer.hikari.pool.HikariPool - HikariPool-1 - keepalive: connection com.mysql.cj.jdbc.ConnectionImpl@6995391b is alive
2026-06-11 05:02:41 [HikariPool-1:housekeeper] DEBUG com.zaxxer.hikari.pool.HikariPool - HikariPool-1 - keepalive: connection com.mysql.cj.jdbc.ConnectionImpl@d0d11ee is alive
2026-06-11 05:02:42 [HikariPool-1:housekeeper] DEBUG com.zaxxer.hikari.pool.HikariPool - HikariPool-1 - keepalive: connection com.mysql.cj.jdbc.ConnectionImpl@3d92f401 is alive
2026-06-11 05:02:43 [HikariPool-1:housekeeper] DEBUG com.zaxxer.hikari.pool.HikariPool - HikariPool-1 - Pool stats (total=20/20, idle=20/20, active=0, waiting=0)
2026-06-11 05:02:43 [HikariPool-1:housekeeper] DEBUG com.zaxxer.hikari.pool.HikariPool - HikariPool-1 - Fill pool skipped, pool has sufficient level or currently being filled.
2026-06-11 05:02:52 [HikariPool-1:connection-closer] DEBUG com.zaxxer.hikari.pool.PoolBase - HikariPool-1 - Closing connection com.mysql.cj.jdbc.ConnectionImpl@d0d11ee: (connection has passed maxLifetime)
2026-06-11 05:02:52 [HikariPool-1:connection-adder] DEBUG com.zaxxer.hikari.pool.PoolBase - HikariPool-1 - Attempting to create/setup new connection (445c667a-09ad-4d2e-a184-938ffe1d605d)
2026-06-11 05:02:52 [HikariPool-1:connection-adder] DEBUG com.zaxxer.hikari.pool.PoolBase - HikariPool-1 - Established new connection (445c667a-09ad-4d2e-a184-938ffe1d605d)
2026-06-11 05:02:52 [HikariPool-1:connection-adder] DEBUG com.zaxxer.hikari.pool.HikariPool - HikariPool-1 - Added connection com.mysql.cj.jdbc.ConnectionImpl@2ea25bb1
2026-06-11 05:02:52 [HikariPool-1:housekeeper] DEBUG com.zaxxer.hikari.pool.HikariPool - HikariPool-1 - keepalive: connection com.mysql.cj.jdbc.ConnectionImpl@6ea9b044 is alive
2026-06-11 05:02:56 [HikariPool-1:connection-closer] DEBUG com.zaxxer.hikari.pool.PoolBase - HikariPool-1 - Closing connection com.mysql.cj.jdbc.ConnectionImpl@3d92f401: (connection has passed maxLifetime)
2026-06-11 05:02:56 [HikariPool-1:connection-adder] DEBUG com.zaxxer.hikari.pool.PoolBase - HikariPool-1 - Attempting to create/setup new connection (7a1e5ddb-be1f-4f45-956b-d1423f33ad40)
2026-06-11 05:02:56 [HikariPool-1:connection-adder] DEBUG com.zaxxer.hikari.pool.PoolBase - HikariPool-1 - Established new connection (7a1e5ddb-be1f-4f45-956b-d1423f33ad40)
2026-06-11 05:02:56 [HikariPool-1:connection-adder] DEBUG com.zaxxer.hikari.pool.HikariPool - HikariPool-1 - Added connection com.mysql.cj.jdbc.ConnectionImpl@6f9f518a
2026-06-11 05:03:09 [HikariPool-1:housekeeper] DEBUG com.zaxxer.hikari.pool.HikariPool - HikariPool-1 - keepalive: connection com.mysql.cj.jdbc.ConnectionImpl@4928277e is alive
2026-06-11 05:03:10 [HikariPool-1:housekeeper] DEBUG com.zaxxer.hikari.pool.HikariPool - HikariPool-1 - keepalive: connection com.mysql.cj.jdbc.ConnectionImpl@6dda459e is alive
2026-06-11 05:03:10 [HikariPool-1:housekeeper] DEBUG com.zaxxer.hikari.pool.HikariPool - HikariPool-1 - keepalive: connection com.mysql.cj.jdbc.ConnectionImpl@5c7d0d05 is alive
2026-06-11 05:03:10 [HikariPool-1:housekeeper] DEBUG com.zaxxer.hikari.pool.HikariPool - HikariPool-1 - keepalive: connection com.mysql.cj.jdbc.ConnectionImpl@7cc36373 is alive
2026-06-11 05:03:13 [HikariPool-1:housekeeper] DEBUG com.zaxxer.hikari.pool.HikariPool - HikariPool-1 - Pool stats (total=20/20, idle=20/20, active=0, waiting=0)
2026-06-11 05:03:13 [HikariPool-1:housekeeper] DEBUG com.zaxxer.hikari.pool.HikariPool - HikariPool-1 - Fill pool skipped, pool has sufficient level or currently being filled.
2026-06-11 05:03:25 [HikariPool-1:connection-closer] DEBUG com.zaxxer.hikari.pool.PoolBase - HikariPool-1 - Closing connection com.mysql.cj.jdbc.ConnectionImpl@4040460a: (connection has passed maxLifetime)
2026-06-11 05:03:25 [HikariPool-1:connection-adder] DEBUG com.zaxxer.hikari.pool.PoolBase - HikariPool-1 - Attempting to create/setup new connection (b5a38d21-d84a-47ea-8f07-d8fec0613dc9)
2026-06-11 05:03:25 [HikariPool-1:connection-adder] DEBUG com.zaxxer.hikari.pool.PoolBase - HikariPool-1 - Established new connection (b5a38d21-d84a-47ea-8f07-d8fec0613dc9)
2026-06-11 05:03:25 [HikariPool-1:connection-adder] DEBUG com.zaxxer.hikari.pool.HikariPool - HikariPool-1 - Added connection com.mysql.cj.jdbc.ConnectionImpl@4930a03b
2026-06-11 05:03:26 [HikariPool-1:housekeeper] DEBUG com.zaxxer.hikari.pool.HikariPool - HikariPool-1 - keepalive: connection com.mysql.cj.jdbc.ConnectionImpl@3cb38533 is alive
2026-06-11 05:03:29 [HikariPool-1:connection-closer] DEBUG com.zaxxer.hikari.pool.PoolBase - HikariPool-1 - Closing connection com.mysql.cj.jdbc.ConnectionImpl@1df5b85: (connection has passed maxLifetime)
2026-06-11 05:03:29 [HikariPool-1:connection-adder] DEBUG com.zaxxer.hikari.pool.PoolBase - HikariPool-1 - Attempting to create/setup new connection (512d4177-0b8e-4d6c-85af-171985a47cf1)
2026-06-11 05:03:29 [HikariPool-1:connection-adder] DEBUG com.zaxxer.hikari.pool.PoolBase - HikariPool-1 - Established new connection (512d4177-0b8e-4d6c-85af-171985a47cf1)
2026-06-11 05:03:29 [HikariPool-1:connection-adder] DEBUG com.zaxxer.hikari.pool.HikariPool - HikariPool-1 - Added connection com.mysql.cj.jdbc.ConnectionImpl@80daa00
2026-06-11 05:03:31 [HikariPool-1:housekeeper] DEBUG com.zaxxer.hikari.pool.HikariPool - HikariPool-1 - keepalive: connection com.mysql.cj.jdbc.ConnectionImpl@d740b4c is alive
2026-06-11 05:03:39 [HikariPool-1:housekeeper] DEBUG com.zaxxer.hikari.pool.HikariPool - HikariPool-1 - keepalive: connection com.mysql.cj.jdbc.ConnectionImpl@6d5bf403 is alive
2026-06-11 05:03:41 [HikariPool-1:housekeeper] DEBUG com.zaxxer.hikari.pool.HikariPool - HikariPool-1 - keepalive: connection com.mysql.cj.jdbc.ConnectionImpl@52fd40a5 is alive
2026-06-11 05:03:43 [HikariPool-1:housekeeper] DEBUG com.zaxxer.hikari.pool.HikariPool - HikariPool-1 - Pool stats (total=20/20, idle=20/20, active=0, waiting=0)
2026-06-11 05:03:43 [HikariPool-1:housekeeper] DEBUG com.zaxxer.hikari.pool.HikariPool - HikariPool-1 - Fill pool skipped, pool has sufficient level or currently being filled.
2026-06-11 05:03:44 [HikariPool-1:housekeeper] DEBUG com.zaxxer.hikari.pool.HikariPool - HikariPool-1 - keepalive: connection com.mysql.cj.jdbc.ConnectionImpl@16ee66c8 is alive
2026-06-11 05:03:51 [HikariPool-1:housekeeper] DEBUG com.zaxxer.hikari.pool.HikariPool - HikariPool-1 - keepalive: connection com.mysql.cj.jdbc.ConnectionImpl@1a6e7d3d is alive
2026-06-11 05:03:52 [HikariPool-1:housekeeper] DEBUG com.zaxxer.hikari.pool.HikariPool - HikariPool-1 - keepalive: connection com.mysql.cj.jdbc.ConnectionImpl@714cb33f is alive
2026-06-11 05:03:53 [HikariPool-1:housekeeper] DEBUG com.zaxxer.hikari.pool.HikariPool - HikariPool-1 - keepalive: connection com.mysql.cj.jdbc.ConnectionImpl@1e522bcc is alive
2026-06-11 05:03:55 [HikariPool-1:housekeeper] DEBUG com.zaxxer.hikari.pool.HikariPool - HikariPool-1 - keepalive: connection com.mysql.cj.jdbc.ConnectionImpl@2ce74fa5 is alive
2026-06-11 05:04:00 [HikariPool-1:housekeeper] DEBUG com.zaxxer.hikari.pool.HikariPool - HikariPool-1 - keepalive: connection com.mysql.cj.jdbc.ConnectionImpl@7caffe3a is alive
2026-06-11 05:04:01 [HikariPool-1:connection-closer] DEBUG com.zaxxer.hikari.pool.PoolBase - HikariPool-1 - Closing connection com.mysql.cj.jdbc.ConnectionImpl@7caffe3a: (connection has passed maxLifetime)
2026-06-11 05:04:01 [HikariPool-1:connection-adder] DEBUG com.zaxxer.hikari.pool.PoolBase - HikariPool-1 - Attempting to create/setup new connection (741ec20d-aeac-4a57-9fb6-d2be9dc1597e)
2026-06-11 05:04:01 [HikariPool-1:connection-adder] DEBUG com.zaxxer.hikari.pool.PoolBase - HikariPool-1 - Established new connection (741ec20d-aeac-4a57-9fb6-d2be9dc1597e)
2026-06-11 05:04:01 [HikariPool-1:connection-adder] DEBUG com.zaxxer.hikari.pool.HikariPool - HikariPool-1 - Added connection com.mysql.cj.jdbc.ConnectionImpl@25a8edb6
2026-06-11 05:04:13 [HikariPool-1:housekeeper] DEBUG com.zaxxer.hikari.pool.HikariPool - HikariPool-1 - Pool stats (total=20/20, idle=20/20, active=0, waiting=0)
2026-06-11 05:04:13 [HikariPool-1:housekeeper] DEBUG com.zaxxer.hikari.pool.HikariPool - HikariPool-1 - Fill pool skipped, pool has sufficient level or currently being filled.
2026-06-11 05:04:19 [HikariPool-1:housekeeper] DEBUG com.zaxxer.hikari.pool.HikariPool - HikariPool-1 - keepalive: connection com.mysql.cj.jdbc.ConnectionImpl@6995391b is alive
2026-06-11 05:04:23 [HikariPool-1:connection-closer] DEBUG com.zaxxer.hikari.pool.PoolBase - HikariPool-1 - Closing connection com.mysql.cj.jdbc.ConnectionImpl@d740b4c: (connection has passed maxLifetime)
2026-06-11 05:04:23 [HikariPool-1:connection-adder] DEBUG com.zaxxer.hikari.pool.PoolBase - HikariPool-1 - Attempting to create/setup new connection (37707b7f-4f1a-410f-8b46-ff59a1097c84)
2026-06-11 05:04:23 [HikariPool-1:connection-adder] DEBUG com.zaxxer.hikari.pool.PoolBase - HikariPool-1 - Established new connection (37707b7f-4f1a-410f-8b46-ff59a1097c84)
2026-06-11 05:04:23 [HikariPool-1:connection-adder] DEBUG com.zaxxer.hikari.pool.HikariPool - HikariPool-1 - Added connection com.mysql.cj.jdbc.ConnectionImpl@4420c4b
2026-06-11 05:04:35 [HikariPool-1:housekeeper] DEBUG com.zaxxer.hikari.pool.HikariPool - HikariPool-1 - keepalive: connection com.mysql.cj.jdbc.ConnectionImpl@6ea9b044 is alive
2026-06-11 05:04:43 [HikariPool-1:housekeeper] DEBUG com.zaxxer.hikari.pool.HikariPool - HikariPool-1 - keepalive: connection com.mysql.cj.jdbc.ConnectionImpl@6f9f518a is alive
2026-06-11 05:04:43 [HikariPool-1:housekeeper] DEBUG com.zaxxer.hikari.pool.HikariPool - HikariPool-1 - Pool stats (total=20/20, idle=20/20, active=0, waiting=0)
2026-06-11 05:04:43 [HikariPool-1:housekeeper] DEBUG com.zaxxer.hikari.pool.HikariPool - HikariPool-1 - Fill pool skipped, pool has sufficient level or currently being filled.
2026-06-11 05:04:50 [HikariPool-1:housekeeper] DEBUG com.zaxxer.hikari.pool.HikariPool - HikariPool-1 - keepalive: connection com.mysql.cj.jdbc.ConnectionImpl@4928277e is alive
2026-06-11 05:04:51 [HikariPool-1:connection-closer] DEBUG com.zaxxer.hikari.pool.PoolBase - HikariPool-1 - Closing connection com.mysql.cj.jdbc.ConnectionImpl@7cc36373: (connection has passed maxLifetime)
2026-06-11 05:04:51 [HikariPool-1:connection-adder] DEBUG com.zaxxer.hikari.pool.PoolBase - HikariPool-1 - Attempting to create/setup new connection (0ec1b7bd-6bd8-4081-9057-9912ada16d01)
2026-06-11 05:04:51 [HikariPool-1:connection-adder] DEBUG com.zaxxer.hikari.pool.PoolBase - HikariPool-1 - Established new connection (0ec1b7bd-6bd8-4081-9057-9912ada16d01)
2026-06-11 05:04:51 [HikariPool-1:connection-adder] DEBUG com.zaxxer.hikari.pool.HikariPool - HikariPool-1 - Added connection com.mysql.cj.jdbc.ConnectionImpl@3b55e3de
2026-06-11 05:04:51 [HikariPool-1:housekeeper] DEBUG com.zaxxer.hikari.pool.HikariPool - HikariPool-1 - keepalive: connection com.mysql.cj.jdbc.ConnectionImpl@2ea25bb1 is alive
2026-06-11 05:04:52 [HikariPool-1:connection-closer] DEBUG com.zaxxer.hikari.pool.PoolBase - HikariPool-1 - Closing connection com.mysql.cj.jdbc.ConnectionImpl@52fd40a5: (connection has passed maxLifetime)
2026-06-11 05:04:52 [HikariPool-1:connection-adder] DEBUG com.zaxxer.hikari.pool.PoolBase - HikariPool-1 - Attempting to create/setup new connection (4a9f39ef-8e92-4de3-930a-32affcb8fa29)
2026-06-11 05:04:52 [HikariPool-1:connection-adder] DEBUG com.zaxxer.hikari.pool.PoolBase - HikariPool-1 - Established new connection (4a9f39ef-8e92-4de3-930a-32affcb8fa29)
2026-06-11 05:04:52 [HikariPool-1:connection-adder] DEBUG com.zaxxer.hikari.pool.HikariPool - HikariPool-1 - Added connection com.mysql.cj.jdbc.ConnectionImpl@7a68e9e5
2026-06-11 05:04:53 [HikariPool-1:housekeeper] DEBUG com.zaxxer.hikari.pool.HikariPool - HikariPool-1 - keepalive: connection com.mysql.cj.jdbc.ConnectionImpl@6dda459e is alive
2026-06-11 05:04:53 [HikariPool-1:housekeeper] DEBUG com.zaxxer.hikari.pool.HikariPool - HikariPool-1 - keepalive: connection com.mysql.cj.jdbc.ConnectionImpl@5c7d0d05 is alive
2026-06-11 05:05:07 [HikariPool-1:housekeeper] DEBUG com.zaxxer.hikari.pool.HikariPool - HikariPool-1 - keepalive: connection com.mysql.cj.jdbc.ConnectionImpl@4930a03b is alive
2026-06-11 05:05:13 [HikariPool-1:housekeeper] DEBUG com.zaxxer.hikari.pool.HikariPool - HikariPool-1 - Pool stats (total=20/20, idle=20/20, active=0, waiting=0)
2026-06-11 05:05:13 [HikariPool-1:housekeeper] DEBUG com.zaxxer.hikari.pool.HikariPool - HikariPool-1 - Fill pool skipped, pool has sufficient level or currently being filled.
2026-06-11 05:05:17 [HikariPool-1:housekeeper] DEBUG com.zaxxer.hikari.pool.HikariPool - HikariPool-1 - keepalive: connection com.mysql.cj.jdbc.ConnectionImpl@3cb38533 is alive
2026-06-11 05:05:28 [HikariPool-1:housekeeper] DEBUG com.zaxxer.hikari.pool.HikariPool - HikariPool-1 - keepalive: connection com.mysql.cj.jdbc.ConnectionImpl@80daa00 is alive
2026-06-11 05:05:31 [HikariPool-1:housekeeper] DEBUG com.zaxxer.hikari.pool.HikariPool - HikariPool-1 - keepalive: connection com.mysql.cj.jdbc.ConnectionImpl@6d5bf403 is alive
2026-06-11 05:05:33 [HikariPool-1:housekeeper] DEBUG com.zaxxer.hikari.pool.HikariPool - HikariPool-1 - keepalive: connection com.mysql.cj.jdbc.ConnectionImpl@16ee66c8 is alive
2026-06-11 05:05:34 [HikariPool-1:housekeeper] DEBUG com.zaxxer.hikari.pool.HikariPool - HikariPool-1 - keepalive: connection com.mysql.cj.jdbc.ConnectionImpl@2ce74fa5 is alive
2026-06-11 05:05:35 [HikariPool-1:housekeeper] DEBUG com.zaxxer.hikari.pool.HikariPool - HikariPool-1 - keepalive: connection com.mysql.cj.jdbc.ConnectionImpl@1e522bcc is alive
2026-06-11 05:05:40 [HikariPool-1:connection-closer] DEBUG com.zaxxer.hikari.pool.PoolBase - HikariPool-1 - Closing connection com.mysql.cj.jdbc.ConnectionImpl@3cb38533: (connection has passed maxLifetime)
2026-06-11 05:05:40 [HikariPool-1:connection-adder] DEBUG com.zaxxer.hikari.pool.PoolBase - HikariPool-1 - Attempting to create/setup new connection (4c8ed4ba-e337-4f94-8673-3a56db21f043)
2026-06-11 05:05:40 [HikariPool-1:connection-adder] DEBUG com.zaxxer.hikari.pool.PoolBase - HikariPool-1 - Established new connection (4c8ed4ba-e337-4f94-8673-3a56db21f043)
2026-06-11 05:05:40 [HikariPool-1:connection-adder] DEBUG com.zaxxer.hikari.pool.HikariPool - HikariPool-1 - Added connection com.mysql.cj.jdbc.ConnectionImpl@4f68d828
2026-06-11 05:05:41 [HikariPool-1:housekeeper] DEBUG com.zaxxer.hikari.pool.HikariPool - HikariPool-1 - keepalive: connection com.mysql.cj.jdbc.ConnectionImpl@714cb33f is alive
2026-06-11 05:05:42 [HikariPool-1:housekeeper] DEBUG com.zaxxer.hikari.pool.HikariPool - HikariPool-1 - keepalive: connection com.mysql.cj.jdbc.ConnectionImpl@1a6e7d3d is alive
2026-06-11 05:05:43 [HikariPool-1:housekeeper] DEBUG com.zaxxer.hikari.pool.HikariPool - HikariPool-1 - Pool stats (total=20/20, idle=20/20, active=0, waiting=0)
2026-06-11 05:05:43 [HikariPool-1:housekeeper] DEBUG com.zaxxer.hikari.pool.HikariPool - HikariPool-1 - Fill pool skipped, pool has sufficient level or currently being filled.
2026-06-11 05:05:55 [HikariPool-1:housekeeper] DEBUG com.zaxxer.hikari.pool.HikariPool - HikariPool-1 - keepalive: connection com.mysql.cj.jdbc.ConnectionImpl@25a8edb6 is alive
2026-06-11 05:06:04 [HikariPool-1:housekeeper] DEBUG com.zaxxer.hikari.pool.HikariPool - HikariPool-1 - keepalive: connection com.mysql.cj.jdbc.ConnectionImpl@4420c4b is alive
2026-06-11 05:06:09 [HikariPool-1:housekeeper] DEBUG com.zaxxer.hikari.pool.HikariPool - HikariPool-1 - keepalive: connection com.mysql.cj.jdbc.ConnectionImpl@6995391b is alive
2026-06-11 05:06:13 [HikariPool-1:housekeeper] DEBUG com.zaxxer.hikari.pool.HikariPool - HikariPool-1 - Pool stats (total=20/20, idle=20/20, active=0, waiting=0)
2026-06-11 05:06:13 [HikariPool-1:housekeeper] DEBUG com.zaxxer.hikari.pool.HikariPool - HikariPool-1 - Fill pool skipped, pool has sufficient level or currently being filled.
2026-06-11 05:06:17 [HikariPool-1:housekeeper] DEBUG com.zaxxer.hikari.pool.HikariPool - HikariPool-1 - keepalive: connection com.mysql.cj.jdbc.ConnectionImpl@6ea9b044 is alive
2026-06-11 05:06:27 [HikariPool-1:housekeeper] DEBUG com.zaxxer.hikari.pool.HikariPool - HikariPool-1 - keepalive: connection com.mysql.cj.jdbc.ConnectionImpl@3b55e3de is alive
2026-06-11 05:06:30 [HikariPool-1:housekeeper] DEBUG com.zaxxer.hikari.pool.HikariPool - HikariPool-1 - keepalive: connection com.mysql.cj.jdbc.ConnectionImpl@6f9f518a is alive
2026-06-11 05:06:32 [HikariPool-1:housekeeper] DEBUG com.zaxxer.hikari.pool.HikariPool - HikariPool-1 - keepalive: connection com.mysql.cj.jdbc.ConnectionImpl@4928277e is alive
2026-06-11 05:06:34 [HikariPool-1:housekeeper] DEBUG com.zaxxer.hikari.pool.HikariPool - HikariPool-1 - keepalive: connection com.mysql.cj.jdbc.ConnectionImpl@7a68e9e5 is alive
2026-06-11 05:06:36 [HikariPool-1:housekeeper] DEBUG com.zaxxer.hikari.pool.HikariPool - HikariPool-1 - keepalive: connection com.mysql.cj.jdbc.ConnectionImpl@6dda459e is alive
2026-06-11 05:06:37 [HikariPool-1:housekeeper] DEBUG com.zaxxer.hikari.pool.HikariPool - HikariPool-1 - keepalive: connection com.mysql.cj.jdbc.ConnectionImpl@5c7d0d05 is alive
2026-06-11 05:06:39 [HikariPool-1:connection-closer] DEBUG com.zaxxer.hikari.pool.PoolBase - HikariPool-1 - Closing connection com.mysql.cj.jdbc.ConnectionImpl@6ea9b044: (connection has passed maxLifetime)
2026-06-11 05:06:39 [HikariPool-1:connection-adder] DEBUG com.zaxxer.hikari.pool.PoolBase - HikariPool-1 - Attempting to create/setup new connection (719e369d-cad5-4a4f-8605-7b9abac23f88)
2026-06-11 05:06:39 [HikariPool-1:connection-adder] DEBUG com.zaxxer.hikari.pool.PoolBase - HikariPool-1 - Established new connection (719e369d-cad5-4a4f-8605-7b9abac23f88)
2026-06-11 05:06:39 [HikariPool-1:connection-adder] DEBUG com.zaxxer.hikari.pool.HikariPool - HikariPool-1 - Added connection com.mysql.cj.jdbc.ConnectionImpl@3889cdaa
2026-06-11 05:06:43 [HikariPool-1:housekeeper] DEBUG com.zaxxer.hikari.pool.HikariPool - HikariPool-1 - Pool stats (total=20/20, idle=20/20, active=0, waiting=0)
2026-06-11 05:06:43 [HikariPool-1:housekeeper] DEBUG com.zaxxer.hikari.pool.HikariPool - HikariPool-1 - Fill pool skipped, pool has sufficient level or currently being filled.
2026-06-11 05:06:49 [HikariPool-1:housekeeper] DEBUG com.zaxxer.hikari.pool.HikariPool - HikariPool-1 - keepalive: connection com.mysql.cj.jdbc.ConnectionImpl@4930a03b is alive
2026-06-11 05:06:50 [HikariPool-1:housekeeper] DEBUG com.zaxxer.hikari.pool.HikariPool - HikariPool-1 - keepalive: connection com.mysql.cj.jdbc.ConnectionImpl@2ea25bb1 is alive
2026-06-11 05:07:10 [HikariPool-1:connection-closer] DEBUG com.zaxxer.hikari.pool.PoolBase - HikariPool-1 - Closing connection com.mysql.cj.jdbc.ConnectionImpl@6d5bf403: (connection has passed maxLifetime)
2026-06-11 05:07:10 [HikariPool-1:connection-adder] DEBUG com.zaxxer.hikari.pool.PoolBase - HikariPool-1 - Attempting to create/setup new connection (e639c06c-191b-4ad6-adc2-2590db9081c6)
2026-06-11 05:07:10 [HikariPool-1:connection-adder] DEBUG com.zaxxer.hikari.pool.PoolBase - HikariPool-1 - Established new connection (e639c06c-191b-4ad6-adc2-2590db9081c6)
2026-06-11 05:07:10 [HikariPool-1:connection-adder] DEBUG com.zaxxer.hikari.pool.HikariPool - HikariPool-1 - Added connection com.mysql.cj.jdbc.ConnectionImpl@56a37a15
2026-06-11 05:07:13 [HikariPool-1:housekeeper] DEBUG com.zaxxer.hikari.pool.HikariPool - HikariPool-1 - Pool stats (total=20/20, idle=20/20, active=0, waiting=0)
2026-06-11 05:07:13 [HikariPool-1:housekeeper] DEBUG com.zaxxer.hikari.pool.HikariPool - HikariPool-1 - Fill pool skipped, pool has sufficient level or currently being filled.
2026-06-11 05:07:14 [HikariPool-1:housekeeper] DEBUG com.zaxxer.hikari.pool.HikariPool - HikariPool-1 - keepalive: connection com.mysql.cj.jdbc.ConnectionImpl@2ce74fa5 is alive
2026-06-11 05:07:17 [HikariPool-1:housekeeper] DEBUG com.zaxxer.hikari.pool.HikariPool - HikariPool-1 - keepalive: connection com.mysql.cj.jdbc.ConnectionImpl@1e522bcc is alive
2026-06-11 05:07:19 [HikariPool-1:housekeeper] DEBUG com.zaxxer.hikari.pool.HikariPool - HikariPool-1 - keepalive: connection com.mysql.cj.jdbc.ConnectionImpl@4f68d828 is alive
2026-06-11 05:07:23 [HikariPool-1:housekeeper] DEBUG com.zaxxer.hikari.pool.HikariPool - HikariPool-1 - keepalive: connection com.mysql.cj.jdbc.ConnectionImpl@16ee66c8 is alive
2026-06-11 05:07:27 [HikariPool-1:housekeeper] DEBUG com.zaxxer.hikari.pool.HikariPool - HikariPool-1 - keepalive: connection com.mysql.cj.jdbc.ConnectionImpl@80daa00 is alive
2026-06-11 05:07:30 [HikariPool-1:housekeeper] DEBUG com.zaxxer.hikari.pool.HikariPool - HikariPool-1 - keepalive: connection com.mysql.cj.jdbc.ConnectionImpl@714cb33f is alive
2026-06-11 05:07:33 [HikariPool-1:housekeeper] DEBUG com.zaxxer.hikari.pool.HikariPool - HikariPool-1 - keepalive: connection com.mysql.cj.jdbc.ConnectionImpl@1a6e7d3d is alive
2026-06-11 05:07:43 [HikariPool-1:housekeeper] DEBUG com.zaxxer.hikari.pool.HikariPool - HikariPool-1 - Pool stats (total=20/20, idle=20/20, active=0, waiting=0)
2026-06-11 05:07:43 [HikariPool-1:housekeeper] DEBUG com.zaxxer.hikari.pool.HikariPool - HikariPool-1 - Fill pool skipped, pool has sufficient level or currently being filled.
2026-06-11 05:07:44 [HikariPool-1:housekeeper] DEBUG com.zaxxer.hikari.pool.HikariPool - HikariPool-1 - keepalive: connection com.mysql.cj.jdbc.ConnectionImpl@4420c4b is alive
2026-06-11 05:07:49 [HikariPool-1:housekeeper] DEBUG com.zaxxer.hikari.pool.HikariPool - HikariPool-1 - keepalive: connection com.mysql.cj.jdbc.ConnectionImpl@25a8edb6 is alive
2026-06-11 05:07:58 [HikariPool-1:housekeeper] DEBUG com.zaxxer.hikari.pool.HikariPool - HikariPool-1 - keepalive: connection com.mysql.cj.jdbc.ConnectionImpl@6995391b is alive
2026-06-11 05:08:04 [HikariPool-1:housekeeper] DEBUG com.zaxxer.hikari.pool.HikariPool - HikariPool-1 - keepalive: connection com.mysql.cj.jdbc.ConnectionImpl@3b55e3de is alive
2026-06-11 05:08:05 [HikariPool-1:connection-closer] DEBUG com.zaxxer.hikari.pool.PoolBase - HikariPool-1 - Closing connection com.mysql.cj.jdbc.ConnectionImpl@5c7d0d05: (connection has passed maxLifetime)
2026-06-11 05:08:05 [HikariPool-1:connection-adder] DEBUG com.zaxxer.hikari.pool.PoolBase - HikariPool-1 - Attempting to create/setup new connection (4dc44413-b826-40e1-9312-d46ff67d81cf)
2026-06-11 05:08:05 [HikariPool-1:connection-adder] DEBUG com.zaxxer.hikari.pool.PoolBase - HikariPool-1 - Established new connection (4dc44413-b826-40e1-9312-d46ff67d81cf)
2026-06-11 05:08:05 [HikariPool-1:connection-adder] DEBUG com.zaxxer.hikari.pool.HikariPool - HikariPool-1 - Added connection com.mysql.cj.jdbc.ConnectionImpl@45af49fb
2026-06-11 05:08:10 [HikariPool-1:connection-closer] DEBUG com.zaxxer.hikari.pool.PoolBase - HikariPool-1 - Closing connection com.mysql.cj.jdbc.ConnectionImpl@6dda459e: (connection has passed maxLifetime)
2026-06-11 05:08:10 [HikariPool-1:connection-adder] DEBUG com.zaxxer.hikari.pool.PoolBase - HikariPool-1 - Attempting to create/setup new connection (d84da409-d504-4a18-a06b-997f68bfcfd5)
2026-06-11 05:08:10 [HikariPool-1:connection-adder] DEBUG com.zaxxer.hikari.pool.PoolBase - HikariPool-1 - Established new connection (d84da409-d504-4a18-a06b-997f68bfcfd5)
2026-06-11 05:08:10 [HikariPool-1:connection-adder] DEBUG com.zaxxer.hikari.pool.HikariPool - HikariPool-1 - Added connection com.mysql.cj.jdbc.ConnectionImpl@49243c0
2026-06-11 05:08:13 [HikariPool-1:housekeeper] DEBUG com.zaxxer.hikari.pool.HikariPool - HikariPool-1 - Pool stats (total=20/20, idle=20/20, active=0, waiting=0)
2026-06-11 05:08:13 [HikariPool-1:housekeeper] DEBUG com.zaxxer.hikari.pool.HikariPool - HikariPool-1 - Fill pool skipped, pool has sufficient level or currently being filled.
2026-06-11 05:08:14 [HikariPool-1:housekeeper] DEBUG com.zaxxer.hikari.pool.HikariPool - HikariPool-1 - keepalive: connection com.mysql.cj.jdbc.ConnectionImpl@4928277e is alive
2026-06-11 05:08:15 [HikariPool-1:connection-closer] DEBUG com.zaxxer.hikari.pool.PoolBase - HikariPool-1 - Closing connection com.mysql.cj.jdbc.ConnectionImpl@2ce74fa5: (connection has passed maxLifetime)
2026-06-11 05:08:15 [HikariPool-1:connection-adder] DEBUG com.zaxxer.hikari.pool.PoolBase - HikariPool-1 - Attempting to create/setup new connection (bc9e5d25-b1ea-4398-99d8-40a96d1b4588)
2026-06-11 05:08:15 [HikariPool-1:connection-adder] DEBUG com.zaxxer.hikari.pool.PoolBase - HikariPool-1 - Established new connection (bc9e5d25-b1ea-4398-99d8-40a96d1b4588)
2026-06-11 05:08:15 [HikariPool-1:connection-adder] DEBUG com.zaxxer.hikari.pool.HikariPool - HikariPool-1 - Added connection com.mysql.cj.jdbc.ConnectionImpl@5b304554
2026-06-11 05:08:16 [HikariPool-1:housekeeper] DEBUG com.zaxxer.hikari.pool.HikariPool - HikariPool-1 - keepalive: connection com.mysql.cj.jdbc.ConnectionImpl@7a68e9e5 is alive
2026-06-11 05:08:17 [HikariPool-1:housekeeper] DEBUG com.zaxxer.hikari.pool.HikariPool - HikariPool-1 - keepalive: connection com.mysql.cj.jdbc.ConnectionImpl@6f9f518a is alive
2026-06-11 05:08:19 [HikariPool-1:housekeeper] DEBUG com.zaxxer.hikari.pool.HikariPool - HikariPool-1 - keepalive: connection com.mysql.cj.jdbc.ConnectionImpl@3889cdaa is alive
2026-06-11 05:08:31 [HikariPool-1:housekeeper] DEBUG com.zaxxer.hikari.pool.HikariPool - HikariPool-1 - keepalive: connection com.mysql.cj.jdbc.ConnectionImpl@4930a03b is alive
2026-06-11 05:08:43 [HikariPool-1:housekeeper] DEBUG com.zaxxer.hikari.pool.HikariPool - HikariPool-1 - Pool stats (total=20/20, idle=20/20, active=0, waiting=0)
2026-06-11 05:08:43 [HikariPool-1:housekeeper] DEBUG com.zaxxer.hikari.pool.HikariPool - HikariPool-1 - Fill pool skipped, pool has sufficient level or currently being filled.
2026-06-11 05:08:44 [HikariPool-1:connection-closer] DEBUG com.zaxxer.hikari.pool.PoolBase - HikariPool-1 - Closing connection com.mysql.cj.jdbc.ConnectionImpl@1a6e7d3d: (connection has passed maxLifetime)
2026-06-11 05:08:44 [HikariPool-1:connection-adder] DEBUG com.zaxxer.hikari.pool.PoolBase - HikariPool-1 - Attempting to create/setup new connection (4dd9d0e2-c31a-4855-85ef-21f60c081619)
2026-06-11 05:08:44 [HikariPool-1:connection-adder] DEBUG com.zaxxer.hikari.pool.PoolBase - HikariPool-1 - Established new connection (4dd9d0e2-c31a-4855-85ef-21f60c081619)
2026-06-11 05:08:44 [HikariPool-1:connection-adder] DEBUG com.zaxxer.hikari.pool.HikariPool - HikariPool-1 - Added connection com.mysql.cj.jdbc.ConnectionImpl@39268c14
2026-06-11 05:08:47 [HikariPool-1:housekeeper] DEBUG com.zaxxer.hikari.pool.HikariPool - HikariPool-1 - keepalive: connection com.mysql.cj.jdbc.ConnectionImpl@56a37a15 is alive
2026-06-11 05:08:49 [HikariPool-1:housekeeper] DEBUG com.zaxxer.hikari.pool.HikariPool - HikariPool-1 - keepalive: connection com.mysql.cj.jdbc.ConnectionImpl@2ea25bb1 is alive
2026-06-11 05:08:58 [HikariPool-1:housekeeper] DEBUG com.zaxxer.hikari.pool.HikariPool - HikariPool-1 - keepalive: connection com.mysql.cj.jdbc.ConnectionImpl@4f68d828 is alive
2026-06-11 05:08:59 [HikariPool-1:housekeeper] DEBUG com.zaxxer.hikari.pool.HikariPool - HikariPool-1 - keepalive: connection com.mysql.cj.jdbc.ConnectionImpl@1e522bcc is alive
2026-06-11 05:09:12 [HikariPool-1:housekeeper] DEBUG com.zaxxer.hikari.pool.HikariPool - HikariPool-1 - keepalive: connection com.mysql.cj.jdbc.ConnectionImpl@16ee66c8 is alive
2026-06-11 05:09:13 [HikariPool-1:housekeeper] DEBUG com.zaxxer.hikari.pool.HikariPool - HikariPool-1 - Pool stats (total=20/20, idle=20/20, active=0, waiting=0)
2026-06-11 05:09:13 [HikariPool-1:housekeeper] DEBUG com.zaxxer.hikari.pool.HikariPool - HikariPool-1 - Fill pool skipped, pool has sufficient level or currently being filled.
2026-06-11 05:09:19 [HikariPool-1:housekeeper] DEBUG com.zaxxer.hikari.pool.HikariPool - HikariPool-1 - keepalive: connection com.mysql.cj.jdbc.ConnectionImpl@714cb33f is alive
2026-06-11 05:09:25 [HikariPool-1:housekeeper] DEBUG com.zaxxer.hikari.pool.HikariPool - HikariPool-1 - keepalive: connection com.mysql.cj.jdbc.ConnectionImpl@4420c4b is alive
2026-06-11 05:09:26 [HikariPool-1:housekeeper] DEBUG com.zaxxer.hikari.pool.HikariPool - HikariPool-1 - keepalive: connection com.mysql.cj.jdbc.ConnectionImpl@80daa00 is alive
2026-06-11 05:09:41 [HikariPool-1:housekeeper] DEBUG com.zaxxer.hikari.pool.HikariPool - HikariPool-1 - keepalive: connection com.mysql.cj.jdbc.ConnectionImpl@3b55e3de is alive
2026-06-11 05:09:43 [HikariPool-1:housekeeper] DEBUG com.zaxxer.hikari.pool.HikariPool - HikariPool-1 - keepalive: connection com.mysql.cj.jdbc.ConnectionImpl@25a8edb6 is alive
2026-06-11 05:09:43 [HikariPool-1:housekeeper] DEBUG com.zaxxer.hikari.pool.HikariPool - HikariPool-1 - Pool stats (total=20/20, idle=20/20, active=0, waiting=0)
2026-06-11 05:09:43 [HikariPool-1:housekeeper] DEBUG com.zaxxer.hikari.pool.HikariPool - HikariPool-1 - Fill pool skipped, pool has sufficient level or currently being filled.
2026-06-11 05:09:45 [HikariPool-1:housekeeper] DEBUG com.zaxxer.hikari.pool.HikariPool - HikariPool-1 - keepalive: connection com.mysql.cj.jdbc.ConnectionImpl@45af49fb is alive
2026-06-11 05:09:48 [HikariPool-1:housekeeper] DEBUG com.zaxxer.hikari.pool.HikariPool - HikariPool-1 - keepalive: connection com.mysql.cj.jdbc.ConnectionImpl@6995391b is alive
2026-06-11 05:09:49 [HikariPool-1:housekeeper] DEBUG com.zaxxer.hikari.pool.HikariPool - HikariPool-1 - keepalive: connection com.mysql.cj.jdbc.ConnectionImpl@49243c0 is alive
2026-06-11 05:09:56 [HikariPool-1:housekeeper] DEBUG com.zaxxer.hikari.pool.HikariPool - HikariPool-1 - keepalive: connection com.mysql.cj.jdbc.ConnectionImpl@4928277e is alive
2026-06-11 05:09:57 [HikariPool-1:housekeeper] DEBUG com.zaxxer.hikari.pool.HikariPool - HikariPool-1 - keepalive: connection com.mysql.cj.jdbc.ConnectionImpl@7a68e9e5 is alive
2026-06-11 05:09:58 [HikariPool-1:housekeeper] DEBUG com.zaxxer.hikari.pool.HikariPool - HikariPool-1 - keepalive: connection com.mysql.cj.jdbc.ConnectionImpl@3889cdaa is alive
2026-06-11 05:10:04 [HikariPool-1:housekeeper] DEBUG com.zaxxer.hikari.pool.HikariPool - HikariPool-1 - keepalive: connection com.mysql.cj.jdbc.ConnectionImpl@6f9f518a is alive
2026-06-11 05:10:08 [HikariPool-1:housekeeper] DEBUG com.zaxxer.hikari.pool.HikariPool - HikariPool-1 - keepalive: connection com.mysql.cj.jdbc.ConnectionImpl@5b304554 is alive
2026-06-11 05:10:13 [HikariPool-1:housekeeper] DEBUG com.zaxxer.hikari.pool.HikariPool - HikariPool-1 - keepalive: connection com.mysql.cj.jdbc.ConnectionImpl@4930a03b is alive
2026-06-11 05:10:13 [HikariPool-1:housekeeper] DEBUG com.zaxxer.hikari.pool.HikariPool - HikariPool-1 - Pool stats (total=20/20, idle=20/20, active=0, waiting=0)
2026-06-11 05:10:13 [HikariPool-1:housekeeper] DEBUG com.zaxxer.hikari.pool.HikariPool - HikariPool-1 - Fill pool skipped, pool has sufficient level or currently being filled.
2026-06-11 05:10:19 [HikariPool-1:connection-closer] DEBUG com.zaxxer.hikari.pool.PoolBase - HikariPool-1 - Closing connection com.mysql.cj.jdbc.ConnectionImpl@6995391b: (connection has passed maxLifetime)
2026-06-11 05:10:19 [HikariPool-1:connection-adder] DEBUG com.zaxxer.hikari.pool.PoolBase - HikariPool-1 - Attempting to create/setup new connection (ab40dcc2-f4dd-4e83-a15f-df0f5e92e64d)
2026-06-11 05:10:19 [HikariPool-1:connection-adder] DEBUG com.zaxxer.hikari.pool.PoolBase - HikariPool-1 - Established new connection (ab40dcc2-f4dd-4e83-a15f-df0f5e92e64d)
2026-06-11 05:10:19 [HikariPool-1:connection-adder] DEBUG com.zaxxer.hikari.pool.HikariPool - HikariPool-1 - Added connection com.mysql.cj.jdbc.ConnectionImpl@17422900
2026-06-11 05:10:25 [HikariPool-1:housekeeper] DEBUG com.zaxxer.hikari.pool.HikariPool - HikariPool-1 - keepalive: connection com.mysql.cj.jdbc.ConnectionImpl@56a37a15 is alive
2026-06-11 05:10:37 [HikariPool-1:housekeeper] DEBUG com.zaxxer.hikari.pool.HikariPool - HikariPool-1 - keepalive: connection com.mysql.cj.jdbc.ConnectionImpl@4f68d828 is alive
2026-06-11 05:10:39 [HikariPool-1:housekeeper] DEBUG com.zaxxer.hikari.pool.HikariPool - HikariPool-1 - keepalive: connection com.mysql.cj.jdbc.ConnectionImpl@39268c14 is alive
2026-06-11 05:10:40 [HikariPool-1:housekeeper] DEBUG com.zaxxer.hikari.pool.HikariPool - HikariPool-1 - keepalive: connection com.mysql.cj.jdbc.ConnectionImpl@1e522bcc is alive
2026-06-11 05:10:43 [HikariPool-1:housekeeper] DEBUG com.zaxxer.hikari.pool.HikariPool - HikariPool-1 - Pool stats (total=20/20, idle=20/20, active=0, waiting=0)
2026-06-11 05:10:43 [HikariPool-1:housekeeper] DEBUG com.zaxxer.hikari.pool.HikariPool - HikariPool-1 - Fill pool skipped, pool has sufficient level or currently being filled.
2026-06-11 05:10:48 [HikariPool-1:housekeeper] DEBUG com.zaxxer.hikari.pool.HikariPool - HikariPool-1 - keepalive: connection com.mysql.cj.jdbc.ConnectionImpl@2ea25bb1 is alive
2026-06-11 05:11:02 [HikariPool-1:housekeeper] DEBUG com.zaxxer.hikari.pool.HikariPool - HikariPool-1 - keepalive: connection com.mysql.cj.jdbc.ConnectionImpl@16ee66c8 is alive
2026-06-11 05:11:06 [HikariPool-1:housekeeper] DEBUG com.zaxxer.hikari.pool.HikariPool - HikariPool-1 - keepalive: connection com.mysql.cj.jdbc.ConnectionImpl@4420c4b is alive
2026-06-11 05:11:08 [HikariPool-1:housekeeper] DEBUG com.zaxxer.hikari.pool.HikariPool - HikariPool-1 - keepalive: connection com.mysql.cj.jdbc.ConnectionImpl@714cb33f is alive
2026-06-11 05:11:13 [HikariPool-1:housekeeper] DEBUG com.zaxxer.hikari.pool.HikariPool - HikariPool-1 - Pool stats (total=20/20, idle=20/20, active=0, waiting=0)
2026-06-11 05:11:13 [HikariPool-1:housekeeper] DEBUG com.zaxxer.hikari.pool.HikariPool - HikariPool-1 - Fill pool skipped, pool has sufficient level or currently being filled.
2026-06-11 05:11:18 [HikariPool-1:housekeeper] DEBUG com.zaxxer.hikari.pool.HikariPool - HikariPool-1 - keepalive: connection com.mysql.cj.jdbc.ConnectionImpl@3b55e3de is alive
2026-06-11 05:11:25 [HikariPool-1:housekeeper] DEBUG com.zaxxer.hikari.pool.HikariPool - HikariPool-1 - keepalive: connection com.mysql.cj.jdbc.ConnectionImpl@45af49fb is alive
2026-06-11 05:11:26 [HikariPool-1:housekeeper] DEBUG com.zaxxer.hikari.pool.HikariPool - HikariPool-1 - keepalive: connection com.mysql.cj.jdbc.ConnectionImpl@80daa00 is alive
2026-06-11 05:11:29 [HikariPool-1:housekeeper] DEBUG com.zaxxer.hikari.pool.HikariPool - HikariPool-1 - keepalive: connection com.mysql.cj.jdbc.ConnectionImpl@49243c0 is alive
2026-06-11 05:11:37 [HikariPool-1:housekeeper] DEBUG com.zaxxer.hikari.pool.HikariPool - HikariPool-1 - keepalive: connection com.mysql.cj.jdbc.ConnectionImpl@25a8edb6 is alive
2026-06-11 05:11:38 [HikariPool-1:housekeeper] DEBUG com.zaxxer.hikari.pool.HikariPool - HikariPool-1 - keepalive: connection com.mysql.cj.jdbc.ConnectionImpl@4928277e is alive
2026-06-11 05:11:38 [HikariPool-1:housekeeper] DEBUG com.zaxxer.hikari.pool.HikariPool - HikariPool-1 - keepalive: connection com.mysql.cj.jdbc.ConnectionImpl@3889cdaa is alive
2026-06-11 05:11:39 [HikariPool-1:housekeeper] DEBUG com.zaxxer.hikari.pool.HikariPool - HikariPool-1 - keepalive: connection com.mysql.cj.jdbc.ConnectionImpl@7a68e9e5 is alive
2026-06-11 05:11:43 [HikariPool-1:housekeeper] DEBUG com.zaxxer.hikari.pool.HikariPool - HikariPool-1 - Pool stats (total=20/20, idle=20/20, active=0, waiting=0)
2026-06-11 05:11:43 [HikariPool-1:housekeeper] DEBUG com.zaxxer.hikari.pool.HikariPool - HikariPool-1 - Fill pool skipped, pool has sufficient level or currently being filled.
2026-06-11 05:11:51 [HikariPool-1:housekeeper] DEBUG com.zaxxer.hikari.pool.HikariPool - HikariPool-1 - keepalive: connection com.mysql.cj.jdbc.ConnectionImpl@6f9f518a is alive
2026-06-11 05:11:55 [HikariPool-1:housekeeper] DEBUG com.zaxxer.hikari.pool.HikariPool - HikariPool-1 - keepalive: connection com.mysql.cj.jdbc.ConnectionImpl@4930a03b is alive
2026-06-11 05:12:01 [HikariPool-1:housekeeper] DEBUG com.zaxxer.hikari.pool.HikariPool - HikariPool-1 - keepalive: connection com.mysql.cj.jdbc.ConnectionImpl@5b304554 is alive
2026-06-11 05:12:03 [HikariPool-1:housekeeper] DEBUG com.zaxxer.hikari.pool.HikariPool - HikariPool-1 - keepalive: connection com.mysql.cj.jdbc.ConnectionImpl@56a37a15 is alive
2026-06-11 05:12:13 [HikariPool-1:housekeeper] DEBUG com.zaxxer.hikari.pool.HikariPool - HikariPool-1 - Pool stats (total=20/20, idle=20/20, active=0, waiting=0)
2026-06-11 05:12:13 [HikariPool-1:housekeeper] DEBUG com.zaxxer.hikari.pool.HikariPool - HikariPool-1 - Fill pool skipped, pool has sufficient level or currently being filled.
2026-06-11 05:12:15 [HikariPool-1:housekeeper] DEBUG com.zaxxer.hikari.pool.HikariPool - HikariPool-1 - keepalive: connection com.mysql.cj.jdbc.ConnectionImpl@17422900 is alive
2026-06-11 05:12:16 [HikariPool-1:housekeeper] DEBUG com.zaxxer.hikari.pool.HikariPool - HikariPool-1 - keepalive: connection com.mysql.cj.jdbc.ConnectionImpl@4f68d828 is alive
2026-06-11 05:12:22 [HikariPool-1:housekeeper] DEBUG com.zaxxer.hikari.pool.HikariPool - HikariPool-1 - keepalive: connection com.mysql.cj.jdbc.ConnectionImpl@1e522bcc is alive
2026-06-11 05:12:33 [HikariPool-1:housekeeper] DEBUG com.zaxxer.hikari.pool.HikariPool - HikariPool-1 - keepalive: connection com.mysql.cj.jdbc.ConnectionImpl@39268c14 is alive
2026-06-11 05:12:43 [HikariPool-1:housekeeper] DEBUG com.zaxxer.hikari.pool.HikariPool - HikariPool-1 - Pool stats (total=20/20, idle=20/20, active=0, waiting=0)
2026-06-11 05:12:43 [HikariPool-1:housekeeper] DEBUG com.zaxxer.hikari.pool.HikariPool - HikariPool-1 - Fill pool skipped, pool has sufficient level or currently being filled.
2026-06-11 05:12:47 [HikariPool-1:housekeeper] DEBUG com.zaxxer.hikari.pool.HikariPool - HikariPool-1 - keepalive: connection com.mysql.cj.jdbc.ConnectionImpl@4420c4b is alive
2026-06-11 05:12:47 [HikariPool-1:housekeeper] DEBUG com.zaxxer.hikari.pool.HikariPool - HikariPool-1 - keepalive: connection com.mysql.cj.jdbc.ConnectionImpl@2ea25bb1 is alive
2026-06-11 05:12:51 [HikariPool-1:housekeeper] DEBUG com.zaxxer.hikari.pool.HikariPool - HikariPool-1 - keepalive: connection com.mysql.cj.jdbc.ConnectionImpl@16ee66c8 is alive
2026-06-11 05:12:55 [HikariPool-1:housekeeper] DEBUG com.zaxxer.hikari.pool.HikariPool - HikariPool-1 - keepalive: connection com.mysql.cj.jdbc.ConnectionImpl@3b55e3de is alive
2026-06-11 05:12:57 [HikariPool-1:housekeeper] DEBUG com.zaxxer.hikari.pool.HikariPool - HikariPool-1 - keepalive: connection com.mysql.cj.jdbc.ConnectionImpl@714cb33f is alive
2026-06-11 05:13:06 [HikariPool-1:housekeeper] DEBUG com.zaxxer.hikari.pool.HikariPool - HikariPool-1 - keepalive: connection com.mysql.cj.jdbc.ConnectionImpl@45af49fb is alive
2026-06-11 05:13:09 [HikariPool-1:housekeeper] DEBUG com.zaxxer.hikari.pool.HikariPool - HikariPool-1 - keepalive: connection com.mysql.cj.jdbc.ConnectionImpl@49243c0 is alive
2026-06-11 05:13:13 [HikariPool-1:housekeeper] DEBUG com.zaxxer.hikari.pool.HikariPool - HikariPool-1 - Pool stats (total=20/20, idle=20/20, active=0, waiting=0)
2026-06-11 05:13:13 [HikariPool-1:housekeeper] DEBUG com.zaxxer.hikari.pool.HikariPool - HikariPool-1 - Fill pool skipped, pool has sufficient level or currently being filled.
2026-06-11 05:13:18 [HikariPool-1:housekeeper] DEBUG com.zaxxer.hikari.pool.HikariPool - HikariPool-1 - keepalive: connection com.mysql.cj.jdbc.ConnectionImpl@3889cdaa is alive
2026-06-11 05:13:20 [HikariPool-1:housekeeper] DEBUG com.zaxxer.hikari.pool.HikariPool - HikariPool-1 - keepalive: connection com.mysql.cj.jdbc.ConnectionImpl@4928277e is alive
2026-06-11 05:13:21 [HikariPool-1:housekeeper] DEBUG com.zaxxer.hikari.pool.HikariPool - HikariPool-1 - keepalive: connection com.mysql.cj.jdbc.ConnectionImpl@7a68e9e5 is alive
2026-06-11 05:13:25 [HikariPool-1:housekeeper] DEBUG com.zaxxer.hikari.pool.HikariPool - HikariPool-1 - keepalive: connection com.mysql.cj.jdbc.ConnectionImpl@80daa00 is alive
2026-06-11 05:13:31 [HikariPool-1:housekeeper] DEBUG com.zaxxer.hikari.pool.HikariPool - HikariPool-1 - keepalive: connection com.mysql.cj.jdbc.ConnectionImpl@25a8edb6 is alive
2026-06-11 05:13:37 [HikariPool-1:housekeeper] DEBUG com.zaxxer.hikari.pool.HikariPool - HikariPool-1 - keepalive: connection com.mysql.cj.jdbc.ConnectionImpl@4930a03b is alive
2026-06-11 05:13:38 [HikariPool-1:housekeeper] DEBUG com.zaxxer.hikari.pool.HikariPool - HikariPool-1 - keepalive: connection com.mysql.cj.jdbc.ConnectionImpl@6f9f518a is alive
2026-06-11 05:13:41 [HikariPool-1:housekeeper] DEBUG com.zaxxer.hikari.pool.HikariPool - HikariPool-1 - keepalive: connection com.mysql.cj.jdbc.ConnectionImpl@56a37a15 is alive
2026-06-11 05:13:43 [HikariPool-1:housekeeper] DEBUG com.zaxxer.hikari.pool.HikariPool - HikariPool-1 - Pool stats (total=20/20, idle=20/20, active=0, waiting=0)
2026-06-11 05:13:43 [HikariPool-1:housekeeper] DEBUG com.zaxxer.hikari.pool.HikariPool - HikariPool-1 - Fill pool skipped, pool has sufficient level or currently being filled.
2026-06-11 05:13:54 [HikariPool-1:housekeeper] DEBUG com.zaxxer.hikari.pool.HikariPool - HikariPool-1 - keepalive: connection com.mysql.cj.jdbc.ConnectionImpl@5b304554 is alive
2026-06-11 05:13:55 [HikariPool-1:housekeeper] DEBUG com.zaxxer.hikari.pool.HikariPool - HikariPool-1 - keepalive: connection com.mysql.cj.jdbc.ConnectionImpl@4f68d828 is alive
2026-06-11 05:14:04 [HikariPool-1:housekeeper] DEBUG com.zaxxer.hikari.pool.HikariPool - HikariPool-1 - keepalive: connection com.mysql.cj.jdbc.ConnectionImpl@1e522bcc is alive
2026-06-11 05:14:12 [HikariPool-1:housekeeper] DEBUG com.zaxxer.hikari.pool.HikariPool - HikariPool-1 - keepalive: connection com.mysql.cj.jdbc.ConnectionImpl@17422900 is alive
2026-06-11 05:14:13 [HikariPool-1:housekeeper] DEBUG com.zaxxer.hikari.pool.HikariPool - HikariPool-1 - Pool stats (total=20/20, idle=20/20, active=0, waiting=0)
2026-06-11 05:14:13 [HikariPool-1:housekeeper] DEBUG com.zaxxer.hikari.pool.HikariPool - HikariPool-1 - Fill pool skipped, pool has sufficient level or currently being filled.
2026-06-11 05:14:27 [HikariPool-1:housekeeper] DEBUG com.zaxxer.hikari.pool.HikariPool - HikariPool-1 - keepalive: connection com.mysql.cj.jdbc.ConnectionImpl@4420c4b is alive
2026-06-11 05:14:28 [HikariPool-1:housekeeper] DEBUG com.zaxxer.hikari.pool.HikariPool - HikariPool-1 - keepalive: connection com.mysql.cj.jdbc.ConnectionImpl@39268c14 is alive
2026-06-11 05:14:31 [HikariPool-1:housekeeper] DEBUG com.zaxxer.hikari.pool.HikariPool - HikariPool-1 - keepalive: connection com.mysql.cj.jdbc.ConnectionImpl@3b55e3de is alive
2026-06-11 05:14:41 [HikariPool-1:housekeeper] DEBUG com.zaxxer.hikari.pool.HikariPool - HikariPool-1 - keepalive: connection com.mysql.cj.jdbc.ConnectionImpl@16ee66c8 is alive
2026-06-11 05:14:43 [HikariPool-1:housekeeper] DEBUG com.zaxxer.hikari.pool.HikariPool - HikariPool-1 - Pool stats (total=20/20, idle=20/20, active=0, waiting=0)
2026-06-11 05:14:43 [HikariPool-1:housekeeper] DEBUG com.zaxxer.hikari.pool.HikariPool - HikariPool-1 - Fill pool skipped, pool has sufficient level or currently being filled.
2026-06-11 05:14:46 [HikariPool-1:housekeeper] DEBUG com.zaxxer.hikari.pool.HikariPool - HikariPool-1 - keepalive: connection com.mysql.cj.jdbc.ConnectionImpl@45af49fb is alive
2026-06-11 05:14:46 [HikariPool-1:housekeeper] DEBUG com.zaxxer.hikari.pool.HikariPool - HikariPool-1 - keepalive: connection com.mysql.cj.jdbc.ConnectionImpl@714cb33f is alive
2026-06-11 05:14:47 [HikariPool-1:housekeeper] DEBUG com.zaxxer.hikari.pool.HikariPool - HikariPool-1 - keepalive: connection com.mysql.cj.jdbc.ConnectionImpl@2ea25bb1 is alive
2026-06-11 05:14:49 [HikariPool-1:housekeeper] DEBUG com.zaxxer.hikari.pool.HikariPool - HikariPool-1 - keepalive: connection com.mysql.cj.jdbc.ConnectionImpl@49243c0 is alive
2026-06-11 05:14:58 [HikariPool-1:housekeeper] DEBUG com.zaxxer.hikari.pool.HikariPool - HikariPool-1 - keepalive: connection com.mysql.cj.jdbc.ConnectionImpl@3889cdaa is alive
2026-06-11 05:15:02 [HikariPool-1:housekeeper] DEBUG com.zaxxer.hikari.pool.HikariPool - HikariPool-1 - keepalive: connection com.mysql.cj.jdbc.ConnectionImpl@4928277e is alive
2026-06-11 05:15:03 [HikariPool-1:housekeeper] DEBUG com.zaxxer.hikari.pool.HikariPool - HikariPool-1 - keepalive: connection com.mysql.cj.jdbc.ConnectionImpl@7a68e9e5 is alive
2026-06-11 05:15:13 [HikariPool-1:housekeeper] DEBUG com.zaxxer.hikari.pool.HikariPool - HikariPool-1 - Pool stats (total=20/20, idle=20/20, active=0, waiting=0)
2026-06-11 05:15:13 [HikariPool-1:housekeeper] DEBUG com.zaxxer.hikari.pool.HikariPool - HikariPool-1 - Fill pool skipped, pool has sufficient level or currently being filled.
2026-06-11 05:15:18 [HikariPool-1:housekeeper] DEBUG com.zaxxer.hikari.pool.HikariPool - HikariPool-1 - keepalive: connection com.mysql.cj.jdbc.ConnectionImpl@56a37a15 is alive
2026-06-11 05:15:19 [HikariPool-1:housekeeper] DEBUG com.zaxxer.hikari.pool.HikariPool - HikariPool-1 - keepalive: connection com.mysql.cj.jdbc.ConnectionImpl@4930a03b is alive
2026-06-11 05:15:24 [HikariPool-1:housekeeper] DEBUG com.zaxxer.hikari.pool.HikariPool - HikariPool-1 - keepalive: connection com.mysql.cj.jdbc.ConnectionImpl@80daa00 is alive
2026-06-11 05:15:25 [HikariPool-1:housekeeper] DEBUG com.zaxxer.hikari.pool.HikariPool - HikariPool-1 - keepalive: connection com.mysql.cj.jdbc.ConnectionImpl@25a8edb6 is alive
2026-06-11 05:15:26 [HikariPool-1:housekeeper] DEBUG com.zaxxer.hikari.pool.HikariPool - HikariPool-1 - keepalive: connection com.mysql.cj.jdbc.ConnectionImpl@6f9f518a is alive
2026-06-11 05:15:35 [HikariPool-1:housekeeper] DEBUG com.zaxxer.hikari.pool.HikariPool - HikariPool-1 - keepalive: connection com.mysql.cj.jdbc.ConnectionImpl@4f68d828 is alive
2026-06-11 05:15:43 [HikariPool-1:housekeeper] DEBUG com.zaxxer.hikari.pool.HikariPool - HikariPool-1 - Pool stats (total=20/20, idle=20/20, active=0, waiting=0)
2026-06-11 05:15:43 [HikariPool-1:housekeeper] DEBUG com.zaxxer.hikari.pool.HikariPool - HikariPool-1 - Fill pool skipped, pool has sufficient level or currently being filled.
2026-06-11 05:15:46 [HikariPool-1:housekeeper] DEBUG com.zaxxer.hikari.pool.HikariPool - HikariPool-1 - keepalive: connection com.mysql.cj.jdbc.ConnectionImpl@1e522bcc is alive
2026-06-11 05:15:48 [HikariPool-1:housekeeper] DEBUG com.zaxxer.hikari.pool.HikariPool - HikariPool-1 - keepalive: connection com.mysql.cj.jdbc.ConnectionImpl@5b304554 is alive
2026-06-11 05:16:08 [HikariPool-1:housekeeper] DEBUG com.zaxxer.hikari.pool.HikariPool - HikariPool-1 - keepalive: connection com.mysql.cj.jdbc.ConnectionImpl@4420c4b is alive
2026-06-11 05:16:08 [HikariPool-1:housekeeper] DEBUG com.zaxxer.hikari.pool.HikariPool - HikariPool-1 - keepalive: connection com.mysql.cj.jdbc.ConnectionImpl@17422900 is alive
2026-06-11 05:16:08 [HikariPool-1:housekeeper] DEBUG com.zaxxer.hikari.pool.HikariPool - HikariPool-1 - keepalive: connection com.mysql.cj.jdbc.ConnectionImpl@3b55e3de is alive
2026-06-11 05:16:13 [HikariPool-1:housekeeper] DEBUG com.zaxxer.hikari.pool.HikariPool - HikariPool-1 - Pool stats (total=20/20, idle=20/20, active=0, waiting=0)
2026-06-11 05:16:13 [HikariPool-1:housekeeper] DEBUG com.zaxxer.hikari.pool.HikariPool - HikariPool-1 - Fill pool skipped, pool has sufficient level or currently being filled.
2026-06-11 05:16:23 [HikariPool-1:housekeeper] DEBUG com.zaxxer.hikari.pool.HikariPool - HikariPool-1 - keepalive: connection com.mysql.cj.jdbc.ConnectionImpl@39268c14 is alive
2026-06-11 05:16:26 [HikariPool-1:housekeeper] DEBUG com.zaxxer.hikari.pool.HikariPool - HikariPool-1 - keepalive: connection com.mysql.cj.jdbc.ConnectionImpl@45af49fb is alive
2026-06-11 05:16:29 [HikariPool-1:housekeeper] DEBUG com.zaxxer.hikari.pool.HikariPool - HikariPool-1 - keepalive: connection com.mysql.cj.jdbc.ConnectionImpl@49243c0 is alive
2026-06-11 05:16:30 [HikariPool-1:housekeeper] DEBUG com.zaxxer.hikari.pool.HikariPool - HikariPool-1 - keepalive: connection com.mysql.cj.jdbc.ConnectionImpl@16ee66c8 is alive
2026-06-11 05:16:35 [HikariPool-1:housekeeper] DEBUG com.zaxxer.hikari.pool.HikariPool - HikariPool-1 - keepalive: connection com.mysql.cj.jdbc.ConnectionImpl@714cb33f is alive
2026-06-11 05:16:37 [HikariPool-1:housekeeper] DEBUG com.zaxxer.hikari.pool.HikariPool - HikariPool-1 - keepalive: connection com.mysql.cj.jdbc.ConnectionImpl@3889cdaa is alive
2026-06-11 05:16:43 [HikariPool-1:housekeeper] DEBUG com.zaxxer.hikari.pool.HikariPool - HikariPool-1 - Pool stats (total=20/20, idle=20/20, active=0, waiting=0)
2026-06-11 05:16:43 [HikariPool-1:housekeeper] DEBUG com.zaxxer.hikari.pool.HikariPool - HikariPool-1 - Fill pool skipped, pool has sufficient level or currently being filled.
2026-06-11 05:16:44 [HikariPool-1:housekeeper] DEBUG com.zaxxer.hikari.pool.HikariPool - HikariPool-1 - keepalive: connection com.mysql.cj.jdbc.ConnectionImpl@4928277e is alive
2026-06-11 05:16:44 [HikariPool-1:housekeeper] DEBUG com.zaxxer.hikari.pool.HikariPool - HikariPool-1 - keepalive: connection com.mysql.cj.jdbc.ConnectionImpl@7a68e9e5 is alive
2026-06-11 05:16:46 [HikariPool-1:housekeeper] DEBUG com.zaxxer.hikari.pool.HikariPool - HikariPool-1 - keepalive: connection com.mysql.cj.jdbc.ConnectionImpl@2ea25bb1 is alive
2026-06-11 05:16:56 [HikariPool-1:housekeeper] DEBUG com.zaxxer.hikari.pool.HikariPool - HikariPool-1 - keepalive: connection com.mysql.cj.jdbc.ConnectionImpl@56a37a15 is alive
2026-06-11 05:17:02 [HikariPool-1:housekeeper] DEBUG com.zaxxer.hikari.pool.HikariPool - HikariPool-1 - keepalive: connection com.mysql.cj.jdbc.ConnectionImpl@4930a03b is alive
2026-06-11 05:17:13 [HikariPool-1:housekeeper] DEBUG com.zaxxer.hikari.pool.HikariPool - HikariPool-1 - keepalive: connection com.mysql.cj.jdbc.ConnectionImpl@6f9f518a is alive
2026-06-11 05:17:13 [HikariPool-1:housekeeper] DEBUG com.zaxxer.hikari.pool.HikariPool - HikariPool-1 - Pool stats (total=20/20, idle=20/20, active=0, waiting=0)
2026-06-11 05:17:13 [HikariPool-1:housekeeper] DEBUG com.zaxxer.hikari.pool.HikariPool - HikariPool-1 - Fill pool skipped, pool has sufficient level or currently being filled.
2026-06-11 05:17:14 [HikariPool-1:housekeeper] DEBUG com.zaxxer.hikari.pool.HikariPool - HikariPool-1 - keepalive: connection com.mysql.cj.jdbc.ConnectionImpl@4f68d828 is alive
2026-06-11 05:17:19 [HikariPool-1:housekeeper] DEBUG com.zaxxer.hikari.pool.HikariPool - HikariPool-1 - keepalive: connection com.mysql.cj.jdbc.ConnectionImpl@25a8edb6 is alive
2026-06-11 05:17:23 [HikariPool-1:housekeeper] DEBUG com.zaxxer.hikari.pool.HikariPool - HikariPool-1 - keepalive: connection com.mysql.cj.jdbc.ConnectionImpl@80daa00 is alive
2026-06-11 05:17:28 [HikariPool-1:housekeeper] DEBUG com.zaxxer.hikari.pool.HikariPool - HikariPool-1 - keepalive: connection com.mysql.cj.jdbc.ConnectionImpl@1e522bcc is alive
2026-06-11 05:17:41 [HikariPool-1:housekeeper] DEBUG com.zaxxer.hikari.pool.HikariPool - HikariPool-1 - keepalive: connection com.mysql.cj.jdbc.ConnectionImpl@5b304554 is alive
2026-06-11 05:17:43 [HikariPool-1:housekeeper] DEBUG com.zaxxer.hikari.pool.HikariPool - HikariPool-1 - Pool stats (total=20/20, idle=20/20, active=0, waiting=0)
2026-06-11 05:17:43 [HikariPool-1:housekeeper] DEBUG com.zaxxer.hikari.pool.HikariPool - HikariPool-1 - Fill pool skipped, pool has sufficient level or currently being filled.
2026-06-11 05:17:45 [HikariPool-1:housekeeper] DEBUG com.zaxxer.hikari.pool.HikariPool - HikariPool-1 - keepalive: connection com.mysql.cj.jdbc.ConnectionImpl@3b55e3de is alive
2026-06-11 05:17:49 [HikariPool-1:housekeeper] DEBUG com.zaxxer.hikari.pool.HikariPool - HikariPool-1 - keepalive: connection com.mysql.cj.jdbc.ConnectionImpl@4420c4b is alive
2026-06-11 05:18:05 [HikariPool-1:housekeeper] DEBUG com.zaxxer.hikari.pool.HikariPool - HikariPool-1 - keepalive: connection com.mysql.cj.jdbc.ConnectionImpl@17422900 is alive
2026-06-11 05:18:06 [HikariPool-1:housekeeper] DEBUG com.zaxxer.hikari.pool.HikariPool - HikariPool-1 - keepalive: connection com.mysql.cj.jdbc.ConnectionImpl@45af49fb is alive
2026-06-11 05:18:09 [HikariPool-1:housekeeper] DEBUG com.zaxxer.hikari.pool.HikariPool - HikariPool-1 - keepalive: connection com.mysql.cj.jdbc.ConnectionImpl@49243c0 is alive
2026-06-11 05:18:13 [HikariPool-1:housekeeper] DEBUG com.zaxxer.hikari.pool.HikariPool - HikariPool-1 - Pool stats (total=20/20, idle=20/20, active=0, waiting=0)
2026-06-11 05:18:13 [HikariPool-1:housekeeper] DEBUG com.zaxxer.hikari.pool.HikariPool - HikariPool-1 - Fill pool skipped, pool has sufficient level or currently being filled.
2026-06-11 05:18:17 [HikariPool-1:housekeeper] DEBUG com.zaxxer.hikari.pool.HikariPool - HikariPool-1 - keepalive: connection com.mysql.cj.jdbc.ConnectionImpl@3889cdaa is alive
2026-06-11 05:18:18 [HikariPool-1:housekeeper] DEBUG com.zaxxer.hikari.pool.HikariPool - HikariPool-1 - keepalive: connection com.mysql.cj.jdbc.ConnectionImpl@39268c14 is alive
2026-06-11 05:18:19 [HikariPool-1:housekeeper] DEBUG com.zaxxer.hikari.pool.HikariPool - HikariPool-1 - keepalive: connection com.mysql.cj.jdbc.ConnectionImpl@16ee66c8 is alive
2026-06-11 05:18:24 [HikariPool-1:housekeeper] DEBUG com.zaxxer.hikari.pool.HikariPool - HikariPool-1 - keepalive: connection com.mysql.cj.jdbc.ConnectionImpl@714cb33f is alive
2026-06-11 05:18:26 [HikariPool-1:housekeeper] DEBUG com.zaxxer.hikari.pool.HikariPool - HikariPool-1 - keepalive: connection com.mysql.cj.jdbc.ConnectionImpl@4928277e is alive
2026-06-11 05:18:26 [HikariPool-1:housekeeper] DEBUG com.zaxxer.hikari.pool.HikariPool - HikariPool-1 - keepalive: connection com.mysql.cj.jdbc.ConnectionImpl@7a68e9e5 is alive
2026-06-11 05:18:34 [HikariPool-1:housekeeper] DEBUG com.zaxxer.hikari.pool.HikariPool - HikariPool-1 - keepalive: connection com.mysql.cj.jdbc.ConnectionImpl@56a37a15 is alive
2026-06-11 05:18:43 [HikariPool-1:housekeeper] DEBUG com.zaxxer.hikari.pool.HikariPool - HikariPool-1 - Pool stats (total=20/20, idle=20/20, active=0, waiting=0)
2026-06-11 05:18:43 [HikariPool-1:housekeeper] DEBUG com.zaxxer.hikari.pool.HikariPool - HikariPool-1 - Fill pool skipped, pool has sufficient level or currently being filled.
2026-06-11 05:18:44 [HikariPool-1:housekeeper] DEBUG com.zaxxer.hikari.pool.HikariPool - HikariPool-1 - keepalive: connection com.mysql.cj.jdbc.ConnectionImpl@4930a03b is alive
2026-06-11 05:18:45 [HikariPool-1:housekeeper] DEBUG com.zaxxer.hikari.pool.HikariPool - HikariPool-1 - keepalive: connection com.mysql.cj.jdbc.ConnectionImpl@2ea25bb1 is alive
2026-06-11 05:18:53 [HikariPool-1:housekeeper] DEBUG com.zaxxer.hikari.pool.HikariPool - HikariPool-1 - keepalive: connection com.mysql.cj.jdbc.ConnectionImpl@4f68d828 is alive
2026-06-11 05:19:00 [HikariPool-1:housekeeper] DEBUG com.zaxxer.hikari.pool.HikariPool - HikariPool-1 - keepalive: connection com.mysql.cj.jdbc.ConnectionImpl@6f9f518a is alive
2026-06-11 05:19:10 [HikariPool-1:housekeeper] DEBUG com.zaxxer.hikari.pool.HikariPool - HikariPool-1 - keepalive: connection com.mysql.cj.jdbc.ConnectionImpl@1e522bcc is alive
2026-06-11 05:19:13 [HikariPool-1:housekeeper] DEBUG com.zaxxer.hikari.pool.HikariPool - HikariPool-1 - Pool stats (total=20/20, idle=20/20, active=0, waiting=0)
2026-06-11 05:19:13 [HikariPool-1:housekeeper] DEBUG com.zaxxer.hikari.pool.HikariPool - HikariPool-1 - Fill pool skipped, pool has sufficient level or currently being filled.
2026-06-11 05:19:13 [HikariPool-1:housekeeper] DEBUG com.zaxxer.hikari.pool.HikariPool - HikariPool-1 - keepalive: connection com.mysql.cj.jdbc.ConnectionImpl@25a8edb6 is alive
2026-06-11 05:19:22 [HikariPool-1:housekeeper] DEBUG com.zaxxer.hikari.pool.HikariPool - HikariPool-1 - keepalive: connection com.mysql.cj.jdbc.ConnectionImpl@3b55e3de is alive
2026-06-11 05:19:22 [HikariPool-1:housekeeper] DEBUG com.zaxxer.hikari.pool.HikariPool - HikariPool-1 - keepalive: connection com.mysql.cj.jdbc.ConnectionImpl@80daa00 is alive
2026-06-11 05:19:30 [HikariPool-1:housekeeper] DEBUG com.zaxxer.hikari.pool.HikariPool - HikariPool-1 - keepalive: connection com.mysql.cj.jdbc.ConnectionImpl@4420c4b is alive
2026-06-11 05:19:34 [HikariPool-1:housekeeper] DEBUG com.zaxxer.hikari.pool.HikariPool - HikariPool-1 - keepalive: connection com.mysql.cj.jdbc.ConnectionImpl@5b304554 is alive
2026-06-11 05:19:43 [HikariPool-1:housekeeper] DEBUG com.zaxxer.hikari.pool.HikariPool - HikariPool-1 - Pool stats (total=20/20, idle=20/20, active=0, waiting=0)
2026-06-11 05:19:43 [HikariPool-1:housekeeper] DEBUG com.zaxxer.hikari.pool.HikariPool - HikariPool-1 - Fill pool skipped, pool has sufficient level or currently being filled.
2026-06-11 05:19:47 [HikariPool-1:housekeeper] DEBUG com.zaxxer.hikari.pool.HikariPool - HikariPool-1 - keepalive: connection com.mysql.cj.jdbc.ConnectionImpl@45af49fb is alive
2026-06-11 05:19:49 [HikariPool-1:housekeeper] DEBUG com.zaxxer.hikari.pool.HikariPool - HikariPool-1 - keepalive: connection com.mysql.cj.jdbc.ConnectionImpl@49243c0 is alive
2026-06-11 05:19:57 [HikariPool-1:housekeeper] DEBUG com.zaxxer.hikari.pool.HikariPool - HikariPool-1 - keepalive: connection com.mysql.cj.jdbc.ConnectionImpl@3889cdaa is alive
2026-06-11 05:20:01 [HikariPool-1:housekeeper] DEBUG com.zaxxer.hikari.pool.HikariPool - HikariPool-1 - keepalive: connection com.mysql.cj.jdbc.ConnectionImpl@17422900 is alive
2026-06-11 05:20:07 [HikariPool-1:housekeeper] DEBUG com.zaxxer.hikari.pool.HikariPool - HikariPool-1 - keepalive: connection com.mysql.cj.jdbc.ConnectionImpl@4928277e is alive
2026-06-11 05:20:08 [HikariPool-1:housekeeper] DEBUG com.zaxxer.hikari.pool.HikariPool - HikariPool-1 - keepalive: connection com.mysql.cj.jdbc.ConnectionImpl@7a68e9e5 is alive
2026-06-11 05:20:09 [HikariPool-1:housekeeper] DEBUG com.zaxxer.hikari.pool.HikariPool - HikariPool-1 - keepalive: connection com.mysql.cj.jdbc.ConnectionImpl@16ee66c8 is alive
2026-06-11 05:20:11 [HikariPool-1:housekeeper] DEBUG com.zaxxer.hikari.pool.HikariPool - HikariPool-1 - keepalive: connection com.mysql.cj.jdbc.ConnectionImpl@56a37a15 is alive
2026-06-11 05:20:12 [HikariPool-1:housekeeper] DEBUG com.zaxxer.hikari.pool.HikariPool - HikariPool-1 - keepalive: connection com.mysql.cj.jdbc.ConnectionImpl@39268c14 is alive
2026-06-11 05:20:13 [HikariPool-1:housekeeper] DEBUG com.zaxxer.hikari.pool.HikariPool - HikariPool-1 - keepalive: connection com.mysql.cj.jdbc.ConnectionImpl@714cb33f is alive
2026-06-11 05:20:13 [HikariPool-1:housekeeper] DEBUG com.zaxxer.hikari.pool.HikariPool - HikariPool-1 - Pool stats (total=20/20, idle=20/20, active=0, waiting=0)
2026-06-11 05:20:13 [HikariPool-1:housekeeper] DEBUG com.zaxxer.hikari.pool.HikariPool - HikariPool-1 - Fill pool skipped, pool has sufficient level or currently being filled.
2026-06-11 05:20:26 [HikariPool-1:housekeeper] DEBUG com.zaxxer.hikari.pool.HikariPool - HikariPool-1 - keepalive: connection com.mysql.cj.jdbc.ConnectionImpl@4930a03b is alive
2026-06-11 05:20:32 [HikariPool-1:housekeeper] DEBUG com.zaxxer.hikari.pool.HikariPool - HikariPool-1 - keepalive: connection com.mysql.cj.jdbc.ConnectionImpl@4f68d828 is alive
2026-06-11 05:20:43 [HikariPool-1:housekeeper] DEBUG com.zaxxer.hikari.pool.HikariPool - HikariPool-1 - Pool stats (total=20/20, idle=20/20, active=0, waiting=0)
2026-06-11 05:20:43 [HikariPool-1:housekeeper] DEBUG com.zaxxer.hikari.pool.HikariPool - HikariPool-1 - Fill pool skipped, pool has sufficient level or currently being filled.
2026-06-11 05:20:44 [HikariPool-1:housekeeper] DEBUG com.zaxxer.hikari.pool.HikariPool - HikariPool-1 - keepalive: connection com.mysql.cj.jdbc.ConnectionImpl@2ea25bb1 is alive
2026-06-11 05:20:47 [HikariPool-1:housekeeper] DEBUG com.zaxxer.hikari.pool.HikariPool - HikariPool-1 - keepalive: connection com.mysql.cj.jdbc.ConnectionImpl@6f9f518a is alive
2026-06-11 05:20:52 [HikariPool-1:housekeeper] DEBUG com.zaxxer.hikari.pool.HikariPool - HikariPool-1 - keepalive: connection com.mysql.cj.jdbc.ConnectionImpl@1e522bcc is alive
2026-06-11 05:20:59 [HikariPool-1:housekeeper] DEBUG com.zaxxer.hikari.pool.HikariPool - HikariPool-1 - keepalive: connection com.mysql.cj.jdbc.ConnectionImpl@3b55e3de is alive
2026-06-11 05:21:08 [HikariPool-1:housekeeper] DEBUG com.zaxxer.hikari.pool.HikariPool - HikariPool-1 - keepalive: connection com.mysql.cj.jdbc.ConnectionImpl@25a8edb6 is alive
2026-06-11 05:21:10 [HikariPool-1:housekeeper] DEBUG com.zaxxer.hikari.pool.HikariPool - HikariPool-1 - keepalive: connection com.mysql.cj.jdbc.ConnectionImpl@4420c4b is alive
2026-06-11 05:21:13 [HikariPool-1:housekeeper] DEBUG com.zaxxer.hikari.pool.HikariPool - HikariPool-1 - Pool stats (total=20/20, idle=20/20, active=0, waiting=0)
2026-06-11 05:21:13 [HikariPool-1:housekeeper] DEBUG com.zaxxer.hikari.pool.HikariPool - HikariPool-1 - Fill pool skipped, pool has sufficient level or currently being filled.
2026-06-11 05:21:22 [HikariPool-1:housekeeper] DEBUG com.zaxxer.hikari.pool.HikariPool - HikariPool-1 - keepalive: connection com.mysql.cj.jdbc.ConnectionImpl@80daa00 is alive
2026-06-11 05:21:27 [HikariPool-1:housekeeper] DEBUG com.zaxxer.hikari.pool.HikariPool - HikariPool-1 - keepalive: connection com.mysql.cj.jdbc.ConnectionImpl@45af49fb is alive
2026-06-11 05:21:27 [HikariPool-1:housekeeper] DEBUG com.zaxxer.hikari.pool.HikariPool - HikariPool-1 - keepalive: connection com.mysql.cj.jdbc.ConnectionImpl@5b304554 is alive
2026-06-11 05:21:29 [HikariPool-1:housekeeper] DEBUG com.zaxxer.hikari.pool.HikariPool - HikariPool-1 - keepalive: connection com.mysql.cj.jdbc.ConnectionImpl@49243c0 is alive
2026-06-11 05:21:37 [HikariPool-1:housekeeper] DEBUG com.zaxxer.hikari.pool.HikariPool - HikariPool-1 - keepalive: connection com.mysql.cj.jdbc.ConnectionImpl@3889cdaa is alive
2026-06-11 05:21:43 [HikariPool-1:housekeeper] DEBUG com.zaxxer.hikari.pool.HikariPool - HikariPool-1 - Pool stats (total=20/20, idle=20/20, active=0, waiting=0)
2026-06-11 05:21:43 [HikariPool-1:housekeeper] DEBUG com.zaxxer.hikari.pool.HikariPool - HikariPool-1 - Fill pool skipped, pool has sufficient level or currently being filled.
2026-06-11 05:21:49 [HikariPool-1:housekeeper] DEBUG com.zaxxer.hikari.pool.HikariPool - HikariPool-1 - keepalive: connection com.mysql.cj.jdbc.ConnectionImpl@56a37a15 is alive
2026-06-11 05:21:49 [HikariPool-1:housekeeper] DEBUG com.zaxxer.hikari.pool.HikariPool - HikariPool-1 - keepalive: connection com.mysql.cj.jdbc.ConnectionImpl@4928277e is alive
2026-06-11 05:21:49 [HikariPool-1:housekeeper] DEBUG com.zaxxer.hikari.pool.HikariPool - HikariPool-1 - keepalive: connection com.mysql.cj.jdbc.ConnectionImpl@7a68e9e5 is alive
2026-06-11 05:21:58 [HikariPool-1:housekeeper] DEBUG com.zaxxer.hikari.pool.HikariPool - HikariPool-1 - keepalive: connection com.mysql.cj.jdbc.ConnectionImpl@17422900 is alive
2026-06-11 05:21:58 [HikariPool-1:housekeeper] DEBUG com.zaxxer.hikari.pool.HikariPool - HikariPool-1 - keepalive: connection com.mysql.cj.jdbc.ConnectionImpl@16ee66c8 is alive
2026-06-11 05:22:02 [HikariPool-1:housekeeper] DEBUG com.zaxxer.hikari.pool.HikariPool - HikariPool-1 - keepalive: connection com.mysql.cj.jdbc.ConnectionImpl@714cb33f is alive
2026-06-11 05:22:07 [HikariPool-1:housekeeper] DEBUG com.zaxxer.hikari.pool.HikariPool - HikariPool-1 - keepalive: connection com.mysql.cj.jdbc.ConnectionImpl@39268c14 is alive
2026-06-11 05:22:08 [HikariPool-1:housekeeper] DEBUG com.zaxxer.hikari.pool.HikariPool - HikariPool-1 - keepalive: connection com.mysql.cj.jdbc.ConnectionImpl@4930a03b is alive
2026-06-11 05:22:11 [HikariPool-1:housekeeper] DEBUG com.zaxxer.hikari.pool.HikariPool - HikariPool-1 - keepalive: connection com.mysql.cj.jdbc.ConnectionImpl@4f68d828 is alive
2026-06-11 05:22:13 [HikariPool-1:housekeeper] DEBUG com.zaxxer.hikari.pool.HikariPool - HikariPool-1 - Pool stats (total=20/20, idle=20/20, active=0, waiting=0)
2026-06-11 05:22:13 [HikariPool-1:housekeeper] DEBUG com.zaxxer.hikari.pool.HikariPool - HikariPool-1 - Fill pool skipped, pool has sufficient level or currently being filled.
2026-06-11 05:22:34 [HikariPool-1:housekeeper] DEBUG com.zaxxer.hikari.pool.HikariPool - HikariPool-1 - keepalive: connection com.mysql.cj.jdbc.ConnectionImpl@1e522bcc is alive
2026-06-11 05:22:34 [HikariPool-1:housekeeper] DEBUG com.zaxxer.hikari.pool.HikariPool - HikariPool-1 - keepalive: connection com.mysql.cj.jdbc.ConnectionImpl@6f9f518a is alive
2026-06-11 05:22:36 [HikariPool-1:housekeeper] DEBUG com.zaxxer.hikari.pool.HikariPool - HikariPool-1 - keepalive: connection com.mysql.cj.jdbc.ConnectionImpl@3b55e3de is alive
2026-06-11 05:22:43 [HikariPool-1:housekeeper] DEBUG com.zaxxer.hikari.pool.HikariPool - HikariPool-1 - keepalive: connection com.mysql.cj.jdbc.ConnectionImpl@2ea25bb1 is alive
2026-06-11 05:22:43 [HikariPool-1:housekeeper] DEBUG com.zaxxer.hikari.pool.HikariPool - HikariPool-1 - Pool stats (total=20/20, idle=20/20, active=0, waiting=0)
2026-06-11 05:22:43 [HikariPool-1:housekeeper] DEBUG com.zaxxer.hikari.pool.HikariPool - HikariPool-1 - Fill pool skipped, pool has sufficient level or currently being filled.
2026-06-11 05:22:51 [HikariPool-1:housekeeper] DEBUG com.zaxxer.hikari.pool.HikariPool - HikariPool-1 - keepalive: connection com.mysql.cj.jdbc.ConnectionImpl@4420c4b is alive
2026-06-11 05:22:53 [HikariPool-1:connection-closer] DEBUG com.zaxxer.hikari.pool.PoolBase - HikariPool-1 - Closing connection com.mysql.cj.jdbc.ConnectionImpl@4928277e: (connection has passed maxLifetime)
2026-06-11 05:22:53 [HikariPool-1:connection-adder] DEBUG com.zaxxer.hikari.pool.PoolBase - HikariPool-1 - Attempting to create/setup new connection (15572c29-f2f1-4180-8b27-fc738a4534df)
2026-06-11 05:22:53 [HikariPool-1:connection-adder] DEBUG com.zaxxer.hikari.pool.PoolBase - HikariPool-1 - Established new connection (15572c29-f2f1-4180-8b27-fc738a4534df)
2026-06-11 05:22:53 [HikariPool-1:connection-adder] DEBUG com.zaxxer.hikari.pool.HikariPool - HikariPool-1 - Added connection com.mysql.cj.jdbc.ConnectionImpl@3da2fcfd
2026-06-11 05:23:02 [HikariPool-1:housekeeper] DEBUG com.zaxxer.hikari.pool.HikariPool - HikariPool-1 - keepalive: connection com.mysql.cj.jdbc.ConnectionImpl@25a8edb6 is alive
2026-06-11 05:23:07 [HikariPool-1:housekeeper] DEBUG com.zaxxer.hikari.pool.HikariPool - HikariPool-1 - keepalive: connection com.mysql.cj.jdbc.ConnectionImpl@45af49fb is alive
2026-06-11 05:23:08 [HikariPool-1:housekeeper] DEBUG com.zaxxer.hikari.pool.HikariPool - HikariPool-1 - keepalive: connection com.mysql.cj.jdbc.ConnectionImpl@49243c0 is alive
2026-06-11 05:23:13 [HikariPool-1:housekeeper] DEBUG com.zaxxer.hikari.pool.HikariPool - HikariPool-1 - Pool stats (total=20/20, idle=20/20, active=0, waiting=0)
2026-06-11 05:23:13 [HikariPool-1:housekeeper] DEBUG com.zaxxer.hikari.pool.HikariPool - HikariPool-1 - Fill pool skipped, pool has sufficient level or currently being filled.
2026-06-11 05:23:16 [HikariPool-1:housekeeper] DEBUG com.zaxxer.hikari.pool.HikariPool - HikariPool-1 - keepalive: connection com.mysql.cj.jdbc.ConnectionImpl@3889cdaa is alive
2026-06-11 05:23:20 [HikariPool-1:housekeeper] DEBUG com.zaxxer.hikari.pool.HikariPool - HikariPool-1 - keepalive: connection com.mysql.cj.jdbc.ConnectionImpl@5b304554 is alive
2026-06-11 05:23:21 [HikariPool-1:housekeeper] DEBUG com.zaxxer.hikari.pool.HikariPool - HikariPool-1 - keepalive: connection com.mysql.cj.jdbc.ConnectionImpl@80daa00 is alive
2026-06-11 05:23:27 [HikariPool-1:housekeeper] DEBUG com.zaxxer.hikari.pool.HikariPool - HikariPool-1 - keepalive: connection com.mysql.cj.jdbc.ConnectionImpl@56a37a15 is alive
2026-06-11 05:23:31 [HikariPool-1:housekeeper] DEBUG com.zaxxer.hikari.pool.HikariPool - HikariPool-1 - keepalive: connection com.mysql.cj.jdbc.ConnectionImpl@7a68e9e5 is alive
2026-06-11 05:23:43 [HikariPool-1:housekeeper] DEBUG com.zaxxer.hikari.pool.HikariPool - HikariPool-1 - Pool stats (total=20/20, idle=20/20, active=0, waiting=0)
2026-06-11 05:23:43 [HikariPool-1:housekeeper] DEBUG com.zaxxer.hikari.pool.HikariPool - HikariPool-1 - Fill pool skipped, pool has sufficient level or currently being filled.
2026-06-11 05:23:48 [HikariPool-1:housekeeper] DEBUG com.zaxxer.hikari.pool.HikariPool - HikariPool-1 - keepalive: connection com.mysql.cj.jdbc.ConnectionImpl@16ee66c8 is alive
2026-06-11 05:23:50 [HikariPool-1:housekeeper] DEBUG com.zaxxer.hikari.pool.HikariPool - HikariPool-1 - keepalive: connection com.mysql.cj.jdbc.ConnectionImpl@4930a03b is alive
2026-06-11 05:23:50 [HikariPool-1:housekeeper] DEBUG com.zaxxer.hikari.pool.HikariPool - HikariPool-1 - keepalive: connection com.mysql.cj.jdbc.ConnectionImpl@4f68d828 is alive
2026-06-11 05:23:51 [HikariPool-1:housekeeper] DEBUG com.zaxxer.hikari.pool.HikariPool - HikariPool-1 - keepalive: connection com.mysql.cj.jdbc.ConnectionImpl@714cb33f is alive
2026-06-11 05:23:54 [HikariPool-1:housekeeper] DEBUG com.zaxxer.hikari.pool.HikariPool - HikariPool-1 - keepalive: connection com.mysql.cj.jdbc.ConnectionImpl@17422900 is alive
2026-06-11 05:24:02 [HikariPool-1:housekeeper] DEBUG com.zaxxer.hikari.pool.HikariPool - HikariPool-1 - keepalive: connection com.mysql.cj.jdbc.ConnectionImpl@39268c14 is alive
2026-06-11 05:24:12 [HikariPool-1:housekeeper] DEBUG com.zaxxer.hikari.pool.HikariPool - HikariPool-1 - keepalive: connection com.mysql.cj.jdbc.ConnectionImpl@3b55e3de is alive
2026-06-11 05:24:13 [HikariPool-1:housekeeper] DEBUG com.zaxxer.hikari.pool.HikariPool - HikariPool-1 - Pool stats (total=20/20, idle=20/20, active=0, waiting=0)
2026-06-11 05:24:13 [HikariPool-1:housekeeper] DEBUG com.zaxxer.hikari.pool.HikariPool - HikariPool-1 - Fill pool skipped, pool has sufficient level or currently being filled.
2026-06-11 05:24:16 [HikariPool-1:housekeeper] DEBUG com.zaxxer.hikari.pool.HikariPool - HikariPool-1 - keepalive: connection com.mysql.cj.jdbc.ConnectionImpl@1e522bcc is alive
2026-06-11 05:24:21 [HikariPool-1:housekeeper] DEBUG com.zaxxer.hikari.pool.HikariPool - HikariPool-1 - keepalive: connection com.mysql.cj.jdbc.ConnectionImpl@6f9f518a is alive
2026-06-11 05:24:32 [HikariPool-1:housekeeper] DEBUG com.zaxxer.hikari.pool.HikariPool - HikariPool-1 - keepalive: connection com.mysql.cj.jdbc.ConnectionImpl@4420c4b is alive
2026-06-11 05:24:42 [HikariPool-1:housekeeper] DEBUG com.zaxxer.hikari.pool.HikariPool - HikariPool-1 - keepalive: connection com.mysql.cj.jdbc.ConnectionImpl@2ea25bb1 is alive
2026-06-11 05:24:43 [HikariPool-1:housekeeper] DEBUG com.zaxxer.hikari.pool.HikariPool - HikariPool-1 - Pool stats (total=20/20, idle=20/20, active=0, waiting=0)
2026-06-11 05:24:43 [HikariPool-1:housekeeper] DEBUG com.zaxxer.hikari.pool.HikariPool - HikariPool-1 - Fill pool skipped, pool has sufficient level or currently being filled.
2026-06-11 05:24:44 [HikariPool-1:housekeeper] DEBUG com.zaxxer.hikari.pool.HikariPool - HikariPool-1 - keepalive: connection com.mysql.cj.jdbc.ConnectionImpl@3da2fcfd is alive
2026-06-11 05:24:47 [HikariPool-1:housekeeper] DEBUG com.zaxxer.hikari.pool.HikariPool - HikariPool-1 - keepalive: connection com.mysql.cj.jdbc.ConnectionImpl@45af49fb is alive
2026-06-11 05:24:48 [HikariPool-1:housekeeper] DEBUG com.zaxxer.hikari.pool.HikariPool - HikariPool-1 - keepalive: connection com.mysql.cj.jdbc.ConnectionImpl@49243c0 is alive
2026-06-11 05:24:56 [HikariPool-1:housekeeper] DEBUG com.zaxxer.hikari.pool.HikariPool - HikariPool-1 - keepalive: connection com.mysql.cj.jdbc.ConnectionImpl@25a8edb6 is alive
2026-06-11 05:24:56 [HikariPool-1:housekeeper] DEBUG com.zaxxer.hikari.pool.HikariPool - HikariPool-1 - keepalive: connection com.mysql.cj.jdbc.ConnectionImpl@3889cdaa is alive
2026-06-11 05:25:05 [HikariPool-1:housekeeper] DEBUG com.zaxxer.hikari.pool.HikariPool - HikariPool-1 - keepalive: connection com.mysql.cj.jdbc.ConnectionImpl@56a37a15 is alive
2026-06-11 05:25:13 [HikariPool-1:housekeeper] DEBUG com.zaxxer.hikari.pool.HikariPool - HikariPool-1 - keepalive: connection com.mysql.cj.jdbc.ConnectionImpl@7a68e9e5 is alive
2026-06-11 05:25:13 [HikariPool-1:housekeeper] DEBUG com.zaxxer.hikari.pool.HikariPool - HikariPool-1 - keepalive: connection com.mysql.cj.jdbc.ConnectionImpl@5b304554 is alive
2026-06-11 05:25:13 [HikariPool-1:housekeeper] DEBUG com.zaxxer.hikari.pool.HikariPool - HikariPool-1 - Pool stats (total=20/20, idle=20/20, active=0, waiting=0)
2026-06-11 05:25:13 [HikariPool-1:housekeeper] DEBUG com.zaxxer.hikari.pool.HikariPool - HikariPool-1 - Fill pool skipped, pool has sufficient level or currently being filled.
2026-06-11 05:25:20 [HikariPool-1:housekeeper] DEBUG com.zaxxer.hikari.pool.HikariPool - HikariPool-1 - keepalive: connection com.mysql.cj.jdbc.ConnectionImpl@80daa00 is alive
2026-06-11 05:25:29 [HikariPool-1:housekeeper] DEBUG com.zaxxer.hikari.pool.HikariPool - HikariPool-1 - keepalive: connection com.mysql.cj.jdbc.ConnectionImpl@4f68d828 is alive
2026-06-11 05:25:32 [HikariPool-1:housekeeper] DEBUG com.zaxxer.hikari.pool.HikariPool - HikariPool-1 - keepalive: connection com.mysql.cj.jdbc.ConnectionImpl@4930a03b is alive
2026-06-11 05:25:37 [HikariPool-1:housekeeper] DEBUG com.zaxxer.hikari.pool.HikariPool - HikariPool-1 - keepalive: connection com.mysql.cj.jdbc.ConnectionImpl@16ee66c8 is alive
2026-06-11 05:25:40 [HikariPool-1:housekeeper] DEBUG com.zaxxer.hikari.pool.HikariPool - HikariPool-1 - keepalive: connection com.mysql.cj.jdbc.ConnectionImpl@714cb33f is alive
2026-06-11 05:25:43 [HikariPool-1:housekeeper] DEBUG com.zaxxer.hikari.pool.HikariPool - HikariPool-1 - Pool stats (total=20/20, idle=20/20, active=0, waiting=0)
2026-06-11 05:25:43 [HikariPool-1:housekeeper] DEBUG com.zaxxer.hikari.pool.HikariPool - HikariPool-1 - Fill pool skipped, pool has sufficient level or currently being filled.
2026-06-11 05:25:49 [HikariPool-1:housekeeper] DEBUG com.zaxxer.hikari.pool.HikariPool - HikariPool-1 - keepalive: connection com.mysql.cj.jdbc.ConnectionImpl@3b55e3de is alive
2026-06-11 05:25:51 [HikariPool-1:housekeeper] DEBUG com.zaxxer.hikari.pool.HikariPool - HikariPool-1 - keepalive: connection com.mysql.cj.jdbc.ConnectionImpl@17422900 is alive
2026-06-11 05:25:56 [HikariPool-1:housekeeper] DEBUG com.zaxxer.hikari.pool.HikariPool - HikariPool-1 - keepalive: connection com.mysql.cj.jdbc.ConnectionImpl@39268c14 is alive
2026-06-11 05:25:58 [HikariPool-1:housekeeper] DEBUG com.zaxxer.hikari.pool.HikariPool - HikariPool-1 - keepalive: connection com.mysql.cj.jdbc.ConnectionImpl@1e522bcc is alive
2026-06-11 05:26:08 [HikariPool-1:housekeeper] DEBUG com.zaxxer.hikari.pool.HikariPool - HikariPool-1 - keepalive: connection com.mysql.cj.jdbc.ConnectionImpl@6f9f518a is alive
2026-06-11 05:26:13 [HikariPool-1:housekeeper] DEBUG com.zaxxer.hikari.pool.HikariPool - HikariPool-1 - keepalive: connection com.mysql.cj.jdbc.ConnectionImpl@4420c4b is alive
2026-06-11 05:26:13 [HikariPool-1:housekeeper] DEBUG com.zaxxer.hikari.pool.HikariPool - HikariPool-1 - Pool stats (total=20/20, idle=20/20, active=0, waiting=0)
2026-06-11 05:26:13 [HikariPool-1:housekeeper] DEBUG com.zaxxer.hikari.pool.HikariPool - HikariPool-1 - Fill pool skipped, pool has sufficient level or currently being filled.
2026-06-11 05:26:20 [HikariPool-1:connection-closer] DEBUG com.zaxxer.hikari.pool.PoolBase - HikariPool-1 - Closing connection com.mysql.cj.jdbc.ConnectionImpl@2ea25bb1: (connection has passed maxLifetime)
2026-06-11 05:26:20 [HikariPool-1:connection-adder] DEBUG com.zaxxer.hikari.pool.PoolBase - HikariPool-1 - Attempting to create/setup new connection (abece543-d2b1-42b1-8dfb-6f45af75d6be)
2026-06-11 05:26:20 [HikariPool-1:connection-adder] DEBUG com.zaxxer.hikari.pool.PoolBase - HikariPool-1 - Established new connection (abece543-d2b1-42b1-8dfb-6f45af75d6be)
2026-06-11 05:26:20 [HikariPool-1:connection-adder] DEBUG com.zaxxer.hikari.pool.HikariPool - HikariPool-1 - Added connection com.mysql.cj.jdbc.ConnectionImpl@51bf37a4
2026-06-11 05:26:27 [HikariPool-1:housekeeper] DEBUG com.zaxxer.hikari.pool.HikariPool - HikariPool-1 - keepalive: connection com.mysql.cj.jdbc.ConnectionImpl@45af49fb is alive
2026-06-11 05:26:28 [HikariPool-1:housekeeper] DEBUG com.zaxxer.hikari.pool.HikariPool - HikariPool-1 - keepalive: connection com.mysql.cj.jdbc.ConnectionImpl@49243c0 is alive
2026-06-11 05:26:36 [HikariPool-1:housekeeper] DEBUG com.zaxxer.hikari.pool.HikariPool - HikariPool-1 - keepalive: connection com.mysql.cj.jdbc.ConnectionImpl@3da2fcfd is alive
2026-06-11 05:26:36 [HikariPool-1:housekeeper] DEBUG com.zaxxer.hikari.pool.HikariPool - HikariPool-1 - keepalive: connection com.mysql.cj.jdbc.ConnectionImpl@3889cdaa is alive
2026-06-11 05:26:42 [HikariPool-1:housekeeper] DEBUG com.zaxxer.hikari.pool.HikariPool - HikariPool-1 - keepalive: connection com.mysql.cj.jdbc.ConnectionImpl@56a37a15 is alive
2026-06-11 05:26:43 [HikariPool-1:housekeeper] DEBUG com.zaxxer.hikari.pool.HikariPool - HikariPool-1 - Pool stats (total=20/20, idle=20/20, active=0, waiting=0)
2026-06-11 05:26:43 [HikariPool-1:housekeeper] DEBUG com.zaxxer.hikari.pool.HikariPool - HikariPool-1 - Fill pool skipped, pool has sufficient level or currently being filled.
2026-06-11 05:26:50 [HikariPool-1:housekeeper] DEBUG com.zaxxer.hikari.pool.HikariPool - HikariPool-1 - keepalive: connection com.mysql.cj.jdbc.ConnectionImpl@25a8edb6 is alive
2026-06-11 05:26:55 [HikariPool-1:housekeeper] DEBUG com.zaxxer.hikari.pool.HikariPool - HikariPool-1 - keepalive: connection com.mysql.cj.jdbc.ConnectionImpl@7a68e9e5 is alive
2026-06-11 05:26:55 [HikariPool-1:connection-closer] DEBUG com.zaxxer.hikari.pool.PoolBase - HikariPool-1 - Closing connection com.mysql.cj.jdbc.ConnectionImpl@80daa00: (connection has passed maxLifetime)
2026-06-11 05:26:55 [HikariPool-1:connection-adder] DEBUG com.zaxxer.hikari.pool.PoolBase - HikariPool-1 - Attempting to create/setup new connection (b20b967f-0f7a-4939-98c0-e48759add0af)
2026-06-11 05:26:55 [HikariPool-1:connection-adder] DEBUG com.zaxxer.hikari.pool.PoolBase - HikariPool-1 - Established new connection (b20b967f-0f7a-4939-98c0-e48759add0af)
2026-06-11 05:26:55 [HikariPool-1:connection-adder] DEBUG com.zaxxer.hikari.pool.HikariPool - HikariPool-1 - Added connection com.mysql.cj.jdbc.ConnectionImpl@61881abe
2026-06-11 05:27:06 [HikariPool-1:housekeeper] DEBUG com.zaxxer.hikari.pool.HikariPool - HikariPool-1 - keepalive: connection com.mysql.cj.jdbc.ConnectionImpl@5b304554 is alive
2026-06-11 05:27:09 [HikariPool-1:housekeeper] DEBUG com.zaxxer.hikari.pool.HikariPool - HikariPool-1 - keepalive: connection com.mysql.cj.jdbc.ConnectionImpl@4f68d828 is alive
2026-06-11 05:27:13 [HikariPool-1:housekeeper] DEBUG com.zaxxer.hikari.pool.HikariPool - HikariPool-1 - Pool stats (total=20/20, idle=20/20, active=0, waiting=0)
2026-06-11 05:27:13 [HikariPool-1:housekeeper] DEBUG com.zaxxer.hikari.pool.HikariPool - HikariPool-1 - Fill pool skipped, pool has sufficient level or currently being filled.
2026-06-11 05:27:14 [HikariPool-1:housekeeper] DEBUG com.zaxxer.hikari.pool.HikariPool - HikariPool-1 - keepalive: connection com.mysql.cj.jdbc.ConnectionImpl@4930a03b is alive
2026-06-11 05:27:26 [HikariPool-1:housekeeper] DEBUG com.zaxxer.hikari.pool.HikariPool - HikariPool-1 - keepalive: connection com.mysql.cj.jdbc.ConnectionImpl@3b55e3de is alive
2026-06-11 05:27:27 [HikariPool-1:housekeeper] DEBUG com.zaxxer.hikari.pool.HikariPool - HikariPool-1 - keepalive: connection com.mysql.cj.jdbc.ConnectionImpl@16ee66c8 is alive
2026-06-11 05:27:29 [HikariPool-1:housekeeper] DEBUG com.zaxxer.hikari.pool.HikariPool - HikariPool-1 - keepalive: connection com.mysql.cj.jdbc.ConnectionImpl@714cb33f is alive
2026-06-11 05:27:40 [HikariPool-1:housekeeper] DEBUG com.zaxxer.hikari.pool.HikariPool - HikariPool-1 - keepalive: connection com.mysql.cj.jdbc.ConnectionImpl@1e522bcc is alive
2026-06-11 05:27:43 [HikariPool-1:housekeeper] DEBUG com.zaxxer.hikari.pool.HikariPool - HikariPool-1 - Pool stats (total=20/20, idle=20/20, active=0, waiting=0)
2026-06-11 05:27:43 [HikariPool-1:housekeeper] DEBUG com.zaxxer.hikari.pool.HikariPool - HikariPool-1 - Fill pool skipped, pool has sufficient level or currently being filled.
2026-06-11 05:27:47 [HikariPool-1:housekeeper] DEBUG com.zaxxer.hikari.pool.HikariPool - HikariPool-1 - keepalive: connection com.mysql.cj.jdbc.ConnectionImpl@17422900 is alive
2026-06-11 05:27:51 [HikariPool-1:housekeeper] DEBUG com.zaxxer.hikari.pool.HikariPool - HikariPool-1 - keepalive: connection com.mysql.cj.jdbc.ConnectionImpl@39268c14 is alive
2026-06-11 05:27:53 [HikariPool-1:housekeeper] DEBUG com.zaxxer.hikari.pool.HikariPool - HikariPool-1 - keepalive: connection com.mysql.cj.jdbc.ConnectionImpl@4420c4b is alive
2026-06-11 05:27:55 [HikariPool-1:housekeeper] DEBUG com.zaxxer.hikari.pool.HikariPool - HikariPool-1 - keepalive: connection com.mysql.cj.jdbc.ConnectionImpl@6f9f518a is alive
2026-06-11 05:28:05 [HikariPool-1:housekeeper] DEBUG com.zaxxer.hikari.pool.HikariPool - HikariPool-1 - keepalive: connection com.mysql.cj.jdbc.ConnectionImpl@51bf37a4 is alive
2026-06-11 05:28:07 [HikariPool-1:connection-closer] DEBUG com.zaxxer.hikari.pool.PoolBase - HikariPool-1 - Closing connection com.mysql.cj.jdbc.ConnectionImpl@714cb33f: (connection has passed maxLifetime)
2026-06-11 05:28:07 [HikariPool-1:connection-adder] DEBUG com.zaxxer.hikari.pool.PoolBase - HikariPool-1 - Attempting to create/setup new connection (ad835134-35c7-477a-bd6f-dea89b4a917f)
2026-06-11 05:28:07 [HikariPool-1:connection-adder] DEBUG com.zaxxer.hikari.pool.PoolBase - HikariPool-1 - Established new connection (ad835134-35c7-477a-bd6f-dea89b4a917f)
2026-06-11 05:28:07 [HikariPool-1:connection-adder] DEBUG com.zaxxer.hikari.pool.HikariPool - HikariPool-1 - Added connection com.mysql.cj.jdbc.ConnectionImpl@4d0472b
2026-06-11 05:28:08 [HikariPool-1:housekeeper] DEBUG com.zaxxer.hikari.pool.HikariPool - HikariPool-1 - keepalive: connection com.mysql.cj.jdbc.ConnectionImpl@45af49fb is alive
2026-06-11 05:28:08 [HikariPool-1:housekeeper] DEBUG com.zaxxer.hikari.pool.HikariPool - HikariPool-1 - keepalive: connection com.mysql.cj.jdbc.ConnectionImpl@49243c0 is alive
2026-06-11 05:28:09 [HikariPool-1:connection-closer] DEBUG com.zaxxer.hikari.pool.PoolBase - HikariPool-1 - Closing connection com.mysql.cj.jdbc.ConnectionImpl@4420c4b: (connection has passed maxLifetime)
2026-06-11 05:28:09 [HikariPool-1:connection-adder] DEBUG com.zaxxer.hikari.pool.PoolBase - HikariPool-1 - Attempting to create/setup new connection (5c5aed65-b2df-4288-9666-d6bea6f3c2c1)
2026-06-11 05:28:09 [HikariPool-1:connection-adder] DEBUG com.zaxxer.hikari.pool.PoolBase - HikariPool-1 - Established new connection (5c5aed65-b2df-4288-9666-d6bea6f3c2c1)
2026-06-11 05:28:09 [HikariPool-1:connection-adder] DEBUG com.zaxxer.hikari.pool.HikariPool - HikariPool-1 - Added connection com.mysql.cj.jdbc.ConnectionImpl@45ed4d10
2026-06-11 05:28:14 [HikariPool-1:housekeeper] DEBUG com.zaxxer.hikari.pool.HikariPool - HikariPool-1 - Pool stats (total=20/20, idle=20/20, active=0, waiting=0)
2026-06-11 05:28:14 [HikariPool-1:housekeeper] DEBUG com.zaxxer.hikari.pool.HikariPool - HikariPool-1 - Fill pool skipped, pool has sufficient level or currently being filled.
2026-06-11 05:28:16 [HikariPool-1:housekeeper] DEBUG com.zaxxer.hikari.pool.HikariPool - HikariPool-1 - keepalive: connection com.mysql.cj.jdbc.ConnectionImpl@3889cdaa is alive
2026-06-11 05:28:20 [HikariPool-1:housekeeper] DEBUG com.zaxxer.hikari.pool.HikariPool - HikariPool-1 - keepalive: connection com.mysql.cj.jdbc.ConnectionImpl@56a37a15 is alive
2026-06-11 05:28:26 [HikariPool-1:connection-closer] DEBUG com.zaxxer.hikari.pool.PoolBase - HikariPool-1 - Closing connection com.mysql.cj.jdbc.ConnectionImpl@7a68e9e5: (connection has passed maxLifetime)
2026-06-11 05:28:26 [HikariPool-1:connection-adder] DEBUG com.zaxxer.hikari.pool.PoolBase - HikariPool-1 - Attempting to create/setup new connection (ebe70beb-c9e3-410a-a1a0-89a69c37938d)
2026-06-11 05:28:26 [HikariPool-1:connection-adder] DEBUG com.zaxxer.hikari.pool.PoolBase - HikariPool-1 - Established new connection (ebe70beb-c9e3-410a-a1a0-89a69c37938d)
2026-06-11 05:28:26 [HikariPool-1:connection-adder] DEBUG com.zaxxer.hikari.pool.HikariPool - HikariPool-1 - Added connection com.mysql.cj.jdbc.ConnectionImpl@6f4d16fc
2026-06-11 05:28:27 [HikariPool-1:housekeeper] DEBUG com.zaxxer.hikari.pool.HikariPool - HikariPool-1 - keepalive: connection com.mysql.cj.jdbc.ConnectionImpl@3da2fcfd is alive
2026-06-11 05:28:44 [HikariPool-1:housekeeper] DEBUG com.zaxxer.hikari.pool.HikariPool - HikariPool-1 - Pool stats (total=20/20, idle=20/20, active=0, waiting=0)
2026-06-11 05:28:44 [HikariPool-1:housekeeper] DEBUG com.zaxxer.hikari.pool.HikariPool - HikariPool-1 - Fill pool skipped, pool has sufficient level or currently being filled.
2026-06-11 05:28:44 [HikariPool-1:housekeeper] DEBUG com.zaxxer.hikari.pool.HikariPool - HikariPool-1 - keepalive: connection com.mysql.cj.jdbc.ConnectionImpl@25a8edb6 is alive
2026-06-11 05:28:44 [HikariPool-1:housekeeper] DEBUG com.zaxxer.hikari.pool.HikariPool - HikariPool-1 - keepalive: connection com.mysql.cj.jdbc.ConnectionImpl@61881abe is alive
2026-06-11 05:28:48 [HikariPool-1:housekeeper] DEBUG com.zaxxer.hikari.pool.HikariPool - HikariPool-1 - keepalive: connection com.mysql.cj.jdbc.ConnectionImpl@4f68d828 is alive
2026-06-11 05:28:56 [HikariPool-1:housekeeper] DEBUG com.zaxxer.hikari.pool.HikariPool - HikariPool-1 - keepalive: connection com.mysql.cj.jdbc.ConnectionImpl@4930a03b is alive
2026-06-11 05:28:59 [HikariPool-1:housekeeper] DEBUG com.zaxxer.hikari.pool.HikariPool - HikariPool-1 - keepalive: connection com.mysql.cj.jdbc.ConnectionImpl@5b304554 is alive
2026-06-11 05:29:03 [HikariPool-1:housekeeper] DEBUG com.zaxxer.hikari.pool.HikariPool - HikariPool-1 - keepalive: connection com.mysql.cj.jdbc.ConnectionImpl@3b55e3de is alive
2026-06-11 05:29:03 [HikariPool-1:connection-closer] DEBUG com.zaxxer.hikari.pool.PoolBase - HikariPool-1 - Closing connection com.mysql.cj.jdbc.ConnectionImpl@16ee66c8: (connection has passed maxLifetime)
2026-06-11 05:29:03 [HikariPool-1:connection-adder] DEBUG com.zaxxer.hikari.pool.PoolBase - HikariPool-1 - Attempting to create/setup new connection (affd32ed-3f45-4064-a0c0-126055c2809d)
2026-06-11 05:29:03 [HikariPool-1:connection-adder] DEBUG com.zaxxer.hikari.pool.PoolBase - HikariPool-1 - Established new connection (affd32ed-3f45-4064-a0c0-126055c2809d)
2026-06-11 05:29:03 [HikariPool-1:connection-adder] DEBUG com.zaxxer.hikari.pool.HikariPool - HikariPool-1 - Added connection com.mysql.cj.jdbc.ConnectionImpl@5e1b66cc
2026-06-11 05:29:14 [HikariPool-1:housekeeper] DEBUG com.zaxxer.hikari.pool.HikariPool - HikariPool-1 - Pool stats (total=20/20, idle=20/20, active=0, waiting=0)
2026-06-11 05:29:14 [HikariPool-1:housekeeper] DEBUG com.zaxxer.hikari.pool.HikariPool - HikariPool-1 - Fill pool skipped, pool has sufficient level or currently being filled.
2026-06-11 05:29:22 [HikariPool-1:housekeeper] DEBUG com.zaxxer.hikari.pool.HikariPool - HikariPool-1 - keepalive: connection com.mysql.cj.jdbc.ConnectionImpl@1e522bcc is alive
2026-06-11 05:29:43 [HikariPool-1:housekeeper] DEBUG com.zaxxer.hikari.pool.HikariPool - HikariPool-1 - keepalive: connection com.mysql.cj.jdbc.ConnectionImpl@6f9f518a is alive
2026-06-11 05:29:43 [HikariPool-1:connection-closer] DEBUG com.zaxxer.hikari.pool.PoolBase - HikariPool-1 - Closing connection com.mysql.cj.jdbc.ConnectionImpl@6f9f518a: (connection has passed maxLifetime)
2026-06-11 05:29:43 [HikariPool-1:connection-adder] DEBUG com.zaxxer.hikari.pool.PoolBase - HikariPool-1 - Attempting to create/setup new connection (3e678747-cfff-4103-8a5c-ca9047ceaab9)
2026-06-11 05:29:43 [HikariPool-1:connection-adder] DEBUG com.zaxxer.hikari.pool.PoolBase - HikariPool-1 - Established new connection (3e678747-cfff-4103-8a5c-ca9047ceaab9)
2026-06-11 05:29:43 [HikariPool-1:connection-adder] DEBUG com.zaxxer.hikari.pool.HikariPool - HikariPool-1 - Added connection com.mysql.cj.jdbc.ConnectionImpl@2d71523e
2026-06-11 05:29:44 [HikariPool-1:housekeeper] DEBUG com.zaxxer.hikari.pool.HikariPool - HikariPool-1 - Pool stats (total=20/20, idle=20/20, active=0, waiting=0)
2026-06-11 05:29:44 [HikariPool-1:housekeeper] DEBUG com.zaxxer.hikari.pool.HikariPool - HikariPool-1 - Fill pool skipped, pool has sufficient level or currently being filled.
2026-06-11 05:29:44 [HikariPool-1:housekeeper] DEBUG com.zaxxer.hikari.pool.HikariPool - HikariPool-1 - keepalive: connection com.mysql.cj.jdbc.ConnectionImpl@17422900 is alive
2026-06-11 05:29:44 [HikariPool-1:housekeeper] DEBUG com.zaxxer.hikari.pool.HikariPool - HikariPool-1 - keepalive: connection com.mysql.cj.jdbc.ConnectionImpl@4d0472b is alive
2026-06-11 05:29:46 [HikariPool-1:housekeeper] DEBUG com.zaxxer.hikari.pool.HikariPool - HikariPool-1 - keepalive: connection com.mysql.cj.jdbc.ConnectionImpl@39268c14 is alive
2026-06-11 05:29:48 [HikariPool-1:housekeeper] DEBUG com.zaxxer.hikari.pool.HikariPool - HikariPool-1 - keepalive: connection com.mysql.cj.jdbc.ConnectionImpl@45af49fb is alive
2026-06-11 05:29:48 [HikariPool-1:housekeeper] DEBUG com.zaxxer.hikari.pool.HikariPool - HikariPool-1 - keepalive: connection com.mysql.cj.jdbc.ConnectionImpl@49243c0 is alive
2026-06-11 05:29:50 [HikariPool-1:housekeeper] DEBUG com.zaxxer.hikari.pool.HikariPool - HikariPool-1 - keepalive: connection com.mysql.cj.jdbc.ConnectionImpl@51bf37a4 is alive
2026-06-11 05:29:56 [HikariPool-1:housekeeper] DEBUG com.zaxxer.hikari.pool.HikariPool - HikariPool-1 - keepalive: connection com.mysql.cj.jdbc.ConnectionImpl@3889cdaa is alive
2026-06-11 05:29:58 [HikariPool-1:housekeeper] DEBUG com.zaxxer.hikari.pool.HikariPool - HikariPool-1 - keepalive: connection com.mysql.cj.jdbc.ConnectionImpl@56a37a15 is alive
2026-06-11 05:30:05 [HikariPool-1:housekeeper] DEBUG com.zaxxer.hikari.pool.HikariPool - HikariPool-1 - keepalive: connection com.mysql.cj.jdbc.ConnectionImpl@45ed4d10 is alive
2026-06-11 05:30:13 [HikariPool-1:connection-closer] DEBUG com.zaxxer.hikari.pool.PoolBase - HikariPool-1 - Closing connection com.mysql.cj.jdbc.ConnectionImpl@1e522bcc: (connection has passed maxLifetime)
2026-06-11 05:30:13 [HikariPool-1:connection-adder] DEBUG com.zaxxer.hikari.pool.PoolBase - HikariPool-1 - Attempting to create/setup new connection (8d2c41ec-e6f7-4403-bca1-207230f5a203)
2026-06-11 05:30:13 [HikariPool-1:connection-adder] DEBUG com.zaxxer.hikari.pool.PoolBase - HikariPool-1 - Established new connection (8d2c41ec-e6f7-4403-bca1-207230f5a203)
2026-06-11 05:30:13 [HikariPool-1:connection-adder] DEBUG com.zaxxer.hikari.pool.HikariPool - HikariPool-1 - Added connection com.mysql.cj.jdbc.ConnectionImpl@1eea1aba
2026-06-11 05:30:14 [HikariPool-1:housekeeper] DEBUG com.zaxxer.hikari.pool.HikariPool - HikariPool-1 - Pool stats (total=20/20, idle=20/20, active=0, waiting=0)
2026-06-11 05:30:14 [HikariPool-1:housekeeper] DEBUG com.zaxxer.hikari.pool.HikariPool - HikariPool-1 - Fill pool skipped, pool has sufficient level or currently being filled.
2026-06-11 05:30:18 [HikariPool-1:housekeeper] DEBUG com.zaxxer.hikari.pool.HikariPool - HikariPool-1 - keepalive: connection com.mysql.cj.jdbc.ConnectionImpl@3da2fcfd is alive
2026-06-11 05:30:20 [HikariPool-1:housekeeper] DEBUG com.zaxxer.hikari.pool.HikariPool - HikariPool-1 - keepalive: connection com.mysql.cj.jdbc.ConnectionImpl@6f4d16fc is alive
2026-06-11 05:30:27 [HikariPool-1:housekeeper] DEBUG com.zaxxer.hikari.pool.HikariPool - HikariPool-1 - keepalive: connection com.mysql.cj.jdbc.ConnectionImpl@4f68d828 is alive
2026-06-11 05:30:29 [HikariPool-1:connection-closer] DEBUG com.zaxxer.hikari.pool.PoolBase - HikariPool-1 - Closing connection com.mysql.cj.jdbc.ConnectionImpl@4930a03b: (connection has passed maxLifetime)
2026-06-11 05:30:29 [HikariPool-1:connection-adder] DEBUG com.zaxxer.hikari.pool.PoolBase - HikariPool-1 - Attempting to create/setup new connection (ab1a4a19-6243-462b-8927-04b919397c13)
2026-06-11 05:30:29 [HikariPool-1:connection-adder] DEBUG com.zaxxer.hikari.pool.PoolBase - HikariPool-1 - Established new connection (ab1a4a19-6243-462b-8927-04b919397c13)
2026-06-11 05:30:29 [HikariPool-1:connection-adder] DEBUG com.zaxxer.hikari.pool.HikariPool - HikariPool-1 - Added connection com.mysql.cj.jdbc.ConnectionImpl@595e5031
2026-06-11 05:30:34 [HikariPool-1:housekeeper] DEBUG com.zaxxer.hikari.pool.HikariPool - HikariPool-1 - keepalive: connection com.mysql.cj.jdbc.ConnectionImpl@61881abe is alive
2026-06-11 05:30:38 [HikariPool-1:housekeeper] DEBUG com.zaxxer.hikari.pool.HikariPool - HikariPool-1 - keepalive: connection com.mysql.cj.jdbc.ConnectionImpl@25a8edb6 is alive
2026-06-11 05:30:40 [HikariPool-1:housekeeper] DEBUG com.zaxxer.hikari.pool.HikariPool - HikariPool-1 - keepalive: connection com.mysql.cj.jdbc.ConnectionImpl@3b55e3de is alive
2026-06-11 05:30:44 [HikariPool-1:housekeeper] DEBUG com.zaxxer.hikari.pool.HikariPool - HikariPool-1 - Pool stats (total=20/20, idle=20/20, active=0, waiting=0)
2026-06-11 05:30:44 [HikariPool-1:housekeeper] DEBUG com.zaxxer.hikari.pool.HikariPool - HikariPool-1 - Fill pool skipped, pool has sufficient level or currently being filled.
2026-06-11 05:30:48 [HikariPool-1:housekeeper] DEBUG com.zaxxer.hikari.pool.HikariPool - HikariPool-1 - keepalive: connection com.mysql.cj.jdbc.ConnectionImpl@5e1b66cc is alive
2026-06-11 05:30:53 [HikariPool-1:housekeeper] DEBUG com.zaxxer.hikari.pool.HikariPool - HikariPool-1 - keepalive: connection com.mysql.cj.jdbc.ConnectionImpl@5b304554 is alive
2026-06-11 05:31:14 [HikariPool-1:housekeeper] DEBUG com.zaxxer.hikari.pool.HikariPool - HikariPool-1 - Pool stats (total=20/20, idle=20/20, active=0, waiting=0)
2026-06-11 05:31:14 [HikariPool-1:housekeeper] DEBUG com.zaxxer.hikari.pool.HikariPool - HikariPool-1 - Fill pool skipped, pool has sufficient level or currently being filled.
2026-06-11 05:31:15 [HikariPool-1:connection-closer] DEBUG com.zaxxer.hikari.pool.PoolBase - HikariPool-1 - Closing connection com.mysql.cj.jdbc.ConnectionImpl@25a8edb6: (connection has passed maxLifetime)
2026-06-11 05:31:15 [HikariPool-1:connection-adder] DEBUG com.zaxxer.hikari.pool.PoolBase - HikariPool-1 - Attempting to create/setup new connection (5bbfc19a-50a0-4c8a-b93a-a9afa9196e25)
2026-06-11 05:31:15 [HikariPool-1:connection-adder] DEBUG com.zaxxer.hikari.pool.PoolBase - HikariPool-1 - Established new connection (5bbfc19a-50a0-4c8a-b93a-a9afa9196e25)
2026-06-11 05:31:15 [HikariPool-1:connection-adder] DEBUG com.zaxxer.hikari.pool.HikariPool - HikariPool-1 - Added connection com.mysql.cj.jdbc.ConnectionImpl@2c559047
2026-06-11 05:31:21 [HikariPool-1:housekeeper] DEBUG com.zaxxer.hikari.pool.HikariPool - HikariPool-1 - keepalive: connection com.mysql.cj.jdbc.ConnectionImpl@4d0472b is alive
2026-06-11 05:31:26 [HikariPool-1:housekeeper] DEBUG com.zaxxer.hikari.pool.HikariPool - HikariPool-1 - keepalive: connection com.mysql.cj.jdbc.ConnectionImpl@2d71523e is alive
2026-06-11 05:31:28 [HikariPool-1:housekeeper] DEBUG com.zaxxer.hikari.pool.HikariPool - HikariPool-1 - keepalive: connection com.mysql.cj.jdbc.ConnectionImpl@49243c0 is alive
2026-06-11 05:31:28 [HikariPool-1:housekeeper] DEBUG com.zaxxer.hikari.pool.HikariPool - HikariPool-1 - keepalive: connection com.mysql.cj.jdbc.ConnectionImpl@45af49fb is alive
2026-06-11 05:31:33 [HikariPool-1:connection-closer] DEBUG com.zaxxer.hikari.pool.PoolBase - HikariPool-1 - Closing connection com.mysql.cj.jdbc.ConnectionImpl@4f68d828: (connection has passed maxLifetime)
2026-06-11 05:31:33 [HikariPool-1:connection-adder] DEBUG com.zaxxer.hikari.pool.PoolBase - HikariPool-1 - Attempting to create/setup new connection (36f2f38c-30f6-4eb3-a033-9f6dc9f03df7)
2026-06-11 05:31:33 [HikariPool-1:connection-adder] DEBUG com.zaxxer.hikari.pool.PoolBase - HikariPool-1 - Established new connection (36f2f38c-30f6-4eb3-a033-9f6dc9f03df7)
2026-06-11 05:31:33 [HikariPool-1:connection-adder] DEBUG com.zaxxer.hikari.pool.HikariPool - HikariPool-1 - Added connection com.mysql.cj.jdbc.ConnectionImpl@40ee8ab4
2026-06-11 05:31:35 [HikariPool-1:housekeeper] DEBUG com.zaxxer.hikari.pool.HikariPool - HikariPool-1 - keepalive: connection com.mysql.cj.jdbc.ConnectionImpl@3889cdaa is alive
2026-06-11 05:31:35 [HikariPool-1:housekeeper] DEBUG com.zaxxer.hikari.pool.HikariPool - HikariPool-1 - keepalive: connection com.mysql.cj.jdbc.ConnectionImpl@51bf37a4 is alive
2026-06-11 05:31:36 [HikariPool-1:housekeeper] DEBUG com.zaxxer.hikari.pool.HikariPool - HikariPool-1 - keepalive: connection com.mysql.cj.jdbc.ConnectionImpl@56a37a15 is alive
2026-06-11 05:31:41 [HikariPool-1:housekeeper] DEBUG com.zaxxer.hikari.pool.HikariPool - HikariPool-1 - keepalive: connection com.mysql.cj.jdbc.ConnectionImpl@17422900 is alive
2026-06-11 05:31:41 [HikariPool-1:housekeeper] DEBUG com.zaxxer.hikari.pool.HikariPool - HikariPool-1 - keepalive: connection com.mysql.cj.jdbc.ConnectionImpl@39268c14 is alive
2026-06-11 05:31:41 [HikariPool-1:connection-closer] DEBUG com.zaxxer.hikari.pool.PoolBase - HikariPool-1 - Closing connection com.mysql.cj.jdbc.ConnectionImpl@49243c0: (connection has passed maxLifetime)
2026-06-11 05:31:41 [HikariPool-1:connection-adder] DEBUG com.zaxxer.hikari.pool.PoolBase - HikariPool-1 - Attempting to create/setup new connection (2fe9c128-b2d6-4e62-a4ab-82715fd776e4)
2026-06-11 05:31:41 [HikariPool-1:connection-adder] DEBUG com.zaxxer.hikari.pool.PoolBase - HikariPool-1 - Established new connection (2fe9c128-b2d6-4e62-a4ab-82715fd776e4)
2026-06-11 05:31:41 [HikariPool-1:connection-adder] DEBUG com.zaxxer.hikari.pool.HikariPool - HikariPool-1 - Added connection com.mysql.cj.jdbc.ConnectionImpl@2721ed3e
2026-06-11 05:31:43 [HikariPool-1:connection-closer] DEBUG com.zaxxer.hikari.pool.PoolBase - HikariPool-1 - Closing connection com.mysql.cj.jdbc.ConnectionImpl@56a37a15: (connection has passed maxLifetime)
2026-06-11 05:31:43 [HikariPool-1:connection-adder] DEBUG com.zaxxer.hikari.pool.PoolBase - HikariPool-1 - Attempting to create/setup new connection (9f57f2f0-5199-4ee4-95f0-16ec11552c73)
2026-06-11 05:31:43 [HikariPool-1:connection-adder] DEBUG com.zaxxer.hikari.pool.PoolBase - HikariPool-1 - Established new connection (9f57f2f0-5199-4ee4-95f0-16ec11552c73)
2026-06-11 05:31:43 [HikariPool-1:connection-adder] DEBUG com.zaxxer.hikari.pool.HikariPool - HikariPool-1 - Added connection com.mysql.cj.jdbc.ConnectionImpl@661ce705
2026-06-11 05:31:44 [HikariPool-1:housekeeper] DEBUG com.zaxxer.hikari.pool.HikariPool - HikariPool-1 - Pool stats (total=20/20, idle=20/20, active=0, waiting=0)
2026-06-11 05:31:44 [HikariPool-1:housekeeper] DEBUG com.zaxxer.hikari.pool.HikariPool - HikariPool-1 - Fill pool skipped, pool has sufficient level or currently being filled.
2026-06-11 05:31:55 [HikariPool-1:connection-closer] DEBUG com.zaxxer.hikari.pool.PoolBase - HikariPool-1 - Closing connection com.mysql.cj.jdbc.ConnectionImpl@3889cdaa: (connection has passed maxLifetime)
2026-06-11 05:31:55 [HikariPool-1:connection-adder] DEBUG com.zaxxer.hikari.pool.PoolBase - HikariPool-1 - Attempting to create/setup new connection (cf402ce3-64a6-4c34-847b-46fe3f593ea1)
2026-06-11 05:31:55 [HikariPool-1:connection-adder] DEBUG com.zaxxer.hikari.pool.PoolBase - HikariPool-1 - Established new connection (cf402ce3-64a6-4c34-847b-46fe3f593ea1)
2026-06-11 05:31:55 [HikariPool-1:connection-adder] DEBUG com.zaxxer.hikari.pool.HikariPool - HikariPool-1 - Added connection com.mysql.cj.jdbc.ConnectionImpl@2965f5eb
2026-06-11 05:31:57 [HikariPool-1:housekeeper] DEBUG com.zaxxer.hikari.pool.HikariPool - HikariPool-1 - keepalive: connection com.mysql.cj.jdbc.ConnectionImpl@1eea1aba is alive
2026-06-11 05:32:01 [HikariPool-1:housekeeper] DEBUG com.zaxxer.hikari.pool.HikariPool - HikariPool-1 - keepalive: connection com.mysql.cj.jdbc.ConnectionImpl@45ed4d10 is alive
2026-06-11 05:32:10 [HikariPool-1:housekeeper] DEBUG com.zaxxer.hikari.pool.HikariPool - HikariPool-1 - keepalive: connection com.mysql.cj.jdbc.ConnectionImpl@3da2fcfd is alive
2026-06-11 05:32:14 [HikariPool-1:housekeeper] DEBUG com.zaxxer.hikari.pool.HikariPool - HikariPool-1 - Pool stats (total=20/20, idle=20/20, active=0, waiting=0)
2026-06-11 05:32:14 [HikariPool-1:housekeeper] DEBUG com.zaxxer.hikari.pool.HikariPool - HikariPool-1 - Fill pool skipped, pool has sufficient level or currently being filled.
2026-06-11 05:32:14 [HikariPool-1:housekeeper] DEBUG com.zaxxer.hikari.pool.HikariPool - HikariPool-1 - keepalive: connection com.mysql.cj.jdbc.ConnectionImpl@595e5031 is alive
2026-06-11 05:32:14 [HikariPool-1:housekeeper] DEBUG com.zaxxer.hikari.pool.HikariPool - HikariPool-1 - keepalive: connection com.mysql.cj.jdbc.ConnectionImpl@6f4d16fc is alive
2026-06-11 05:32:16 [HikariPool-1:housekeeper] DEBUG com.zaxxer.hikari.pool.HikariPool - HikariPool-1 - keepalive: connection com.mysql.cj.jdbc.ConnectionImpl@3b55e3de is alive
2026-06-11 05:32:23 [HikariPool-1:housekeeper] DEBUG com.zaxxer.hikari.pool.HikariPool - HikariPool-1 - keepalive: connection com.mysql.cj.jdbc.ConnectionImpl@61881abe is alive
2026-06-11 05:32:33 [HikariPool-1:housekeeper] DEBUG com.zaxxer.hikari.pool.HikariPool - HikariPool-1 - keepalive: connection com.mysql.cj.jdbc.ConnectionImpl@5e1b66cc is alive
2026-06-11 05:32:34 [HikariPool-1:connection-closer] DEBUG com.zaxxer.hikari.pool.PoolBase - HikariPool-1 - Closing connection com.mysql.cj.jdbc.ConnectionImpl@3b55e3de: (connection has passed maxLifetime)
2026-06-11 05:32:34 [HikariPool-1:connection-adder] DEBUG com.zaxxer.hikari.pool.PoolBase - HikariPool-1 - Attempting to create/setup new connection (cfab2c2d-1b9b-4ea6-a373-1bf57802b838)
2026-06-11 05:32:34 [HikariPool-1:connection-adder] DEBUG com.zaxxer.hikari.pool.PoolBase - HikariPool-1 - Established new connection (cfab2c2d-1b9b-4ea6-a373-1bf57802b838)
2026-06-11 05:32:34 [HikariPool-1:connection-adder] DEBUG com.zaxxer.hikari.pool.HikariPool - HikariPool-1 - Added connection com.mysql.cj.jdbc.ConnectionImpl@5ac7fe01
2026-06-11 05:32:44 [HikariPool-1:housekeeper] DEBUG com.zaxxer.hikari.pool.HikariPool - HikariPool-1 - Pool stats (total=20/20, idle=20/20, active=0, waiting=0)
2026-06-11 05:32:44 [HikariPool-1:housekeeper] DEBUG com.zaxxer.hikari.pool.HikariPool - HikariPool-1 - Fill pool skipped, pool has sufficient level or currently being filled.
2026-06-11 05:32:46 [HikariPool-1:housekeeper] DEBUG com.zaxxer.hikari.pool.HikariPool - HikariPool-1 - keepalive: connection com.mysql.cj.jdbc.ConnectionImpl@5b304554 is alive
2026-06-11 05:32:54 [HikariPool-1:housekeeper] DEBUG com.zaxxer.hikari.pool.HikariPool - HikariPool-1 - keepalive: connection com.mysql.cj.jdbc.ConnectionImpl@2c559047 is alive
2026-06-11 05:32:59 [HikariPool-1:housekeeper] DEBUG com.zaxxer.hikari.pool.HikariPool - HikariPool-1 - keepalive: connection com.mysql.cj.jdbc.ConnectionImpl@4d0472b is alive
2026-06-11 05:33:08 [HikariPool-1:housekeeper] DEBUG com.zaxxer.hikari.pool.HikariPool - HikariPool-1 - keepalive: connection com.mysql.cj.jdbc.ConnectionImpl@45af49fb is alive
2026-06-11 05:33:09 [HikariPool-1:housekeeper] DEBUG com.zaxxer.hikari.pool.HikariPool - HikariPool-1 - keepalive: connection com.mysql.cj.jdbc.ConnectionImpl@2d71523e is alive
2026-06-11 05:33:12 [HikariPool-1:housekeeper] DEBUG com.zaxxer.hikari.pool.HikariPool - HikariPool-1 - keepalive: connection com.mysql.cj.jdbc.ConnectionImpl@40ee8ab4 is alive
2026-06-11 05:33:14 [HikariPool-1:housekeeper] DEBUG com.zaxxer.hikari.pool.HikariPool - HikariPool-1 - Pool stats (total=20/20, idle=20/20, active=0, waiting=0)
2026-06-11 05:33:14 [HikariPool-1:housekeeper] DEBUG com.zaxxer.hikari.pool.HikariPool - HikariPool-1 - Fill pool skipped, pool has sufficient level or currently being filled.
2026-06-11 05:33:20 [HikariPool-1:housekeeper] DEBUG com.zaxxer.hikari.pool.HikariPool - HikariPool-1 - keepalive: connection com.mysql.cj.jdbc.ConnectionImpl@51bf37a4 is alive
2026-06-11 05:33:29 [HikariPool-1:housekeeper] DEBUG com.zaxxer.hikari.pool.HikariPool - HikariPool-1 - keepalive: connection com.mysql.cj.jdbc.ConnectionImpl@2721ed3e is alive
2026-06-11 05:33:34 [HikariPool-1:housekeeper] DEBUG com.zaxxer.hikari.pool.HikariPool - HikariPool-1 - keepalive: connection com.mysql.cj.jdbc.ConnectionImpl@2965f5eb is alive
2026-06-11 05:33:35 [HikariPool-1:housekeeper] DEBUG com.zaxxer.hikari.pool.HikariPool - HikariPool-1 - keepalive: connection com.mysql.cj.jdbc.ConnectionImpl@39268c14 is alive
2026-06-11 05:33:36 [HikariPool-1:housekeeper] DEBUG com.zaxxer.hikari.pool.HikariPool - HikariPool-1 - keepalive: connection com.mysql.cj.jdbc.ConnectionImpl@661ce705 is alive
2026-06-11 05:33:37 [HikariPool-1:housekeeper] DEBUG com.zaxxer.hikari.pool.HikariPool - HikariPool-1 - keepalive: connection com.mysql.cj.jdbc.ConnectionImpl@17422900 is alive
2026-06-11 05:33:40 [HikariPool-1:connection-closer] DEBUG com.zaxxer.hikari.pool.PoolBase - HikariPool-1 - Closing connection com.mysql.cj.jdbc.ConnectionImpl@5b304554: (connection has passed maxLifetime)
2026-06-11 05:33:40 [HikariPool-1:connection-adder] DEBUG com.zaxxer.hikari.pool.PoolBase - HikariPool-1 - Attempting to create/setup new connection (efa583b5-5f49-4cd0-9fb3-df4feba00b62)
2026-06-11 05:33:40 [HikariPool-1:connection-adder] DEBUG com.zaxxer.hikari.pool.PoolBase - HikariPool-1 - Established new connection (efa583b5-5f49-4cd0-9fb3-df4feba00b62)
2026-06-11 05:33:40 [HikariPool-1:connection-adder] DEBUG com.zaxxer.hikari.pool.HikariPool - HikariPool-1 - Added connection com.mysql.cj.jdbc.ConnectionImpl@4c8deb5e
2026-06-11 05:33:41 [HikariPool-1:housekeeper] DEBUG com.zaxxer.hikari.pool.HikariPool - HikariPool-1 - keepalive: connection com.mysql.cj.jdbc.ConnectionImpl@1eea1aba is alive
2026-06-11 05:33:44 [HikariPool-1:housekeeper] DEBUG com.zaxxer.hikari.pool.HikariPool - HikariPool-1 - Pool stats (total=20/20, idle=20/20, active=0, waiting=0)
2026-06-11 05:33:44 [HikariPool-1:housekeeper] DEBUG com.zaxxer.hikari.pool.HikariPool - HikariPool-1 - Fill pool skipped, pool has sufficient level or currently being filled.
2026-06-11 05:33:58 [HikariPool-1:housekeeper] DEBUG com.zaxxer.hikari.pool.HikariPool - HikariPool-1 - keepalive: connection com.mysql.cj.jdbc.ConnectionImpl@45ed4d10 is alive
2026-06-11 05:33:59 [HikariPool-1:housekeeper] DEBUG com.zaxxer.hikari.pool.HikariPool - HikariPool-1 - keepalive: connection com.mysql.cj.jdbc.ConnectionImpl@595e5031 is alive
2026-06-11 05:34:01 [HikariPool-1:housekeeper] DEBUG com.zaxxer.hikari.pool.HikariPool - HikariPool-1 - keepalive: connection com.mysql.cj.jdbc.ConnectionImpl@3da2fcfd is alive
2026-06-11 05:34:08 [HikariPool-1:housekeeper] DEBUG com.zaxxer.hikari.pool.HikariPool - HikariPool-1 - keepalive: connection com.mysql.cj.jdbc.ConnectionImpl@6f4d16fc is alive
2026-06-11 05:34:12 [HikariPool-1:housekeeper] DEBUG com.zaxxer.hikari.pool.HikariPool - HikariPool-1 - keepalive: connection com.mysql.cj.jdbc.ConnectionImpl@61881abe is alive
2026-06-11 05:34:14 [HikariPool-1:housekeeper] DEBUG com.zaxxer.hikari.pool.HikariPool - HikariPool-1 - Pool stats (total=20/20, idle=20/20, active=0, waiting=0)
2026-06-11 05:34:14 [HikariPool-1:housekeeper] DEBUG com.zaxxer.hikari.pool.HikariPool - HikariPool-1 - Fill pool skipped, pool has sufficient level or currently being filled.
2026-06-11 05:34:17 [HikariPool-1:housekeeper] DEBUG com.zaxxer.hikari.pool.HikariPool - HikariPool-1 - keepalive: connection com.mysql.cj.jdbc.ConnectionImpl@5ac7fe01 is alive
2026-06-11 05:34:18 [HikariPool-1:housekeeper] DEBUG com.zaxxer.hikari.pool.HikariPool - HikariPool-1 - keepalive: connection com.mysql.cj.jdbc.ConnectionImpl@5e1b66cc is alive
2026-06-11 05:34:33 [HikariPool-1:housekeeper] DEBUG com.zaxxer.hikari.pool.HikariPool - HikariPool-1 - keepalive: connection com.mysql.cj.jdbc.ConnectionImpl@2c559047 is alive
2026-06-11 05:34:36 [HikariPool-1:housekeeper] DEBUG com.zaxxer.hikari.pool.HikariPool - HikariPool-1 - keepalive: connection com.mysql.cj.jdbc.ConnectionImpl@4d0472b is alive
2026-06-11 05:34:44 [HikariPool-1:housekeeper] DEBUG com.zaxxer.hikari.pool.HikariPool - HikariPool-1 - Pool stats (total=20/20, idle=20/20, active=0, waiting=0)
2026-06-11 05:34:44 [HikariPool-1:housekeeper] DEBUG com.zaxxer.hikari.pool.HikariPool - HikariPool-1 - Fill pool skipped, pool has sufficient level or currently being filled.
2026-06-11 05:34:49 [HikariPool-1:housekeeper] DEBUG com.zaxxer.hikari.pool.HikariPool - HikariPool-1 - keepalive: connection com.mysql.cj.jdbc.ConnectionImpl@45af49fb is alive
2026-06-11 05:34:51 [HikariPool-1:housekeeper] DEBUG com.zaxxer.hikari.pool.HikariPool - HikariPool-1 - keepalive: connection com.mysql.cj.jdbc.ConnectionImpl@40ee8ab4 is alive
2026-06-11 05:34:52 [HikariPool-1:housekeeper] DEBUG com.zaxxer.hikari.pool.HikariPool - HikariPool-1 - keepalive: connection com.mysql.cj.jdbc.ConnectionImpl@2d71523e is alive
2026-06-11 05:35:05 [HikariPool-1:housekeeper] DEBUG com.zaxxer.hikari.pool.HikariPool - HikariPool-1 - keepalive: connection com.mysql.cj.jdbc.ConnectionImpl@51bf37a4 is alive
2026-06-11 05:35:13 [HikariPool-1:housekeeper] DEBUG com.zaxxer.hikari.pool.HikariPool - HikariPool-1 - keepalive: connection com.mysql.cj.jdbc.ConnectionImpl@2965f5eb is alive
2026-06-11 05:35:14 [HikariPool-1:housekeeper] DEBUG com.zaxxer.hikari.pool.HikariPool - HikariPool-1 - Pool stats (total=20/20, idle=20/20, active=0, waiting=0)
2026-06-11 05:35:14 [HikariPool-1:housekeeper] DEBUG com.zaxxer.hikari.pool.HikariPool - HikariPool-1 - Fill pool skipped, pool has sufficient level or currently being filled.
2026-06-11 05:35:17 [HikariPool-1:housekeeper] DEBUG com.zaxxer.hikari.pool.HikariPool - HikariPool-1 - keepalive: connection com.mysql.cj.jdbc.ConnectionImpl@2721ed3e is alive
2026-06-11 05:35:24 [HikariPool-1:housekeeper] DEBUG com.zaxxer.hikari.pool.HikariPool - HikariPool-1 - keepalive: connection com.mysql.cj.jdbc.ConnectionImpl@1eea1aba is alive
2026-06-11 05:35:29 [HikariPool-1:housekeeper] DEBUG com.zaxxer.hikari.pool.HikariPool - HikariPool-1 - keepalive: connection com.mysql.cj.jdbc.ConnectionImpl@4c8deb5e is alive
2026-06-11 05:35:30 [HikariPool-1:housekeeper] DEBUG com.zaxxer.hikari.pool.HikariPool - HikariPool-1 - keepalive: connection com.mysql.cj.jdbc.ConnectionImpl@661ce705 is alive
2026-06-11 05:35:30 [HikariPool-1:housekeeper] DEBUG com.zaxxer.hikari.pool.HikariPool - HikariPool-1 - keepalive: connection com.mysql.cj.jdbc.ConnectionImpl@39268c14 is alive
2026-06-11 05:35:34 [HikariPool-1:housekeeper] DEBUG com.zaxxer.hikari.pool.HikariPool - HikariPool-1 - keepalive: connection com.mysql.cj.jdbc.ConnectionImpl@17422900 is alive
2026-06-11 05:35:44 [HikariPool-1:housekeeper] DEBUG com.zaxxer.hikari.pool.HikariPool - HikariPool-1 - keepalive: connection com.mysql.cj.jdbc.ConnectionImpl@595e5031 is alive
2026-06-11 05:35:44 [HikariPool-1:housekeeper] DEBUG com.zaxxer.hikari.pool.HikariPool - HikariPool-1 - Pool stats (total=20/20, idle=20/20, active=0, waiting=0)
2026-06-11 05:35:44 [HikariPool-1:housekeeper] DEBUG com.zaxxer.hikari.pool.HikariPool - HikariPool-1 - Fill pool skipped, pool has sufficient level or currently being filled.
2026-06-11 05:35:52 [HikariPool-1:housekeeper] DEBUG com.zaxxer.hikari.pool.HikariPool - HikariPool-1 - keepalive: connection com.mysql.cj.jdbc.ConnectionImpl@3da2fcfd is alive
2026-06-11 05:35:54 [HikariPool-1:housekeeper] DEBUG com.zaxxer.hikari.pool.HikariPool - HikariPool-1 - keepalive: connection com.mysql.cj.jdbc.ConnectionImpl@45ed4d10 is alive
2026-06-11 05:36:00 [HikariPool-1:housekeeper] DEBUG com.zaxxer.hikari.pool.HikariPool - HikariPool-1 - keepalive: connection com.mysql.cj.jdbc.ConnectionImpl@5ac7fe01 is alive
2026-06-11 05:36:02 [HikariPool-1:housekeeper] DEBUG com.zaxxer.hikari.pool.HikariPool - HikariPool-1 - keepalive: connection com.mysql.cj.jdbc.ConnectionImpl@61881abe is alive
2026-06-11 05:36:03 [HikariPool-1:housekeeper] DEBUG com.zaxxer.hikari.pool.HikariPool - HikariPool-1 - keepalive: connection com.mysql.cj.jdbc.ConnectionImpl@5e1b66cc is alive
2026-06-11 05:36:03 [HikariPool-1:housekeeper] DEBUG com.zaxxer.hikari.pool.HikariPool - HikariPool-1 - keepalive: connection com.mysql.cj.jdbc.ConnectionImpl@6f4d16fc is alive
2026-06-11 05:36:12 [HikariPool-1:housekeeper] DEBUG com.zaxxer.hikari.pool.HikariPool - HikariPool-1 - keepalive: connection com.mysql.cj.jdbc.ConnectionImpl@2c559047 is alive
2026-06-11 05:36:13 [HikariPool-1:housekeeper] DEBUG com.zaxxer.hikari.pool.HikariPool - HikariPool-1 - keepalive: connection com.mysql.cj.jdbc.ConnectionImpl@4d0472b is alive
2026-06-11 05:36:14 [HikariPool-1:housekeeper] DEBUG com.zaxxer.hikari.pool.HikariPool - HikariPool-1 - Pool stats (total=20/20, idle=20/20, active=0, waiting=0)
2026-06-11 05:36:14 [HikariPool-1:housekeeper] DEBUG com.zaxxer.hikari.pool.HikariPool - HikariPool-1 - Fill pool skipped, pool has sufficient level or currently being filled.
2026-06-11 05:36:25 [HikariPool-1:connection-closer] DEBUG com.zaxxer.hikari.pool.PoolBase - HikariPool-1 - Closing connection com.mysql.cj.jdbc.ConnectionImpl@45af49fb: (connection has passed maxLifetime)
2026-06-11 05:36:25 [HikariPool-1:connection-adder] DEBUG com.zaxxer.hikari.pool.PoolBase - HikariPool-1 - Attempting to create/setup new connection (a9f41186-10e3-4e5d-9c48-189a91b1b892)
2026-06-11 05:36:25 [HikariPool-1:connection-adder] DEBUG com.zaxxer.hikari.pool.PoolBase - HikariPool-1 - Established new connection (a9f41186-10e3-4e5d-9c48-189a91b1b892)
2026-06-11 05:36:25 [HikariPool-1:connection-adder] DEBUG com.zaxxer.hikari.pool.HikariPool - HikariPool-1 - Added connection com.mysql.cj.jdbc.ConnectionImpl@2ba91a70
2026-06-11 05:36:31 [HikariPool-1:housekeeper] DEBUG com.zaxxer.hikari.pool.HikariPool - HikariPool-1 - keepalive: connection com.mysql.cj.jdbc.ConnectionImpl@40ee8ab4 is alive
2026-06-11 05:36:35 [HikariPool-1:housekeeper] DEBUG com.zaxxer.hikari.pool.HikariPool - HikariPool-1 - keepalive: connection com.mysql.cj.jdbc.ConnectionImpl@2d71523e is alive
2026-06-11 05:36:44 [HikariPool-1:housekeeper] DEBUG com.zaxxer.hikari.pool.HikariPool - HikariPool-1 - Pool stats (total=20/20, idle=20/20, active=0, waiting=0)
2026-06-11 05:36:44 [HikariPool-1:housekeeper] DEBUG com.zaxxer.hikari.pool.HikariPool - HikariPool-1 - Fill pool skipped, pool has sufficient level or currently being filled.
2026-06-11 05:36:50 [HikariPool-1:housekeeper] DEBUG com.zaxxer.hikari.pool.HikariPool - HikariPool-1 - keepalive: connection com.mysql.cj.jdbc.ConnectionImpl@51bf37a4 is alive
2026-06-11 05:36:52 [HikariPool-1:housekeeper] DEBUG com.zaxxer.hikari.pool.HikariPool - HikariPool-1 - keepalive: connection com.mysql.cj.jdbc.ConnectionImpl@2965f5eb is alive
2026-06-11 05:37:05 [HikariPool-1:housekeeper] DEBUG com.zaxxer.hikari.pool.HikariPool - HikariPool-1 - keepalive: connection com.mysql.cj.jdbc.ConnectionImpl@2721ed3e is alive
2026-06-11 05:37:08 [HikariPool-1:housekeeper] DEBUG com.zaxxer.hikari.pool.HikariPool - HikariPool-1 - keepalive: connection com.mysql.cj.jdbc.ConnectionImpl@1eea1aba is alive
2026-06-11 05:37:14 [HikariPool-1:housekeeper] DEBUG com.zaxxer.hikari.pool.HikariPool - HikariPool-1 - Pool stats (total=20/20, idle=20/20, active=0, waiting=0)
2026-06-11 05:37:14 [HikariPool-1:housekeeper] DEBUG com.zaxxer.hikari.pool.HikariPool - HikariPool-1 - Fill pool skipped, pool has sufficient level or currently being filled.
2026-06-11 05:37:18 [HikariPool-1:housekeeper] DEBUG com.zaxxer.hikari.pool.HikariPool - HikariPool-1 - keepalive: connection com.mysql.cj.jdbc.ConnectionImpl@4c8deb5e is alive
2026-06-11 05:37:23 [HikariPool-1:housekeeper] DEBUG com.zaxxer.hikari.pool.HikariPool - HikariPool-1 - keepalive: connection com.mysql.cj.jdbc.ConnectionImpl@661ce705 is alive
2026-06-11 05:37:25 [HikariPool-1:housekeeper] DEBUG com.zaxxer.hikari.pool.HikariPool - HikariPool-1 - keepalive: connection com.mysql.cj.jdbc.ConnectionImpl@39268c14 is alive
2026-06-11 05:37:29 [HikariPool-1:housekeeper] DEBUG com.zaxxer.hikari.pool.HikariPool - HikariPool-1 - keepalive: connection com.mysql.cj.jdbc.ConnectionImpl@595e5031 is alive
2026-06-11 05:37:30 [HikariPool-1:housekeeper] DEBUG com.zaxxer.hikari.pool.HikariPool - HikariPool-1 - keepalive: connection com.mysql.cj.jdbc.ConnectionImpl@17422900 is alive
2026-06-11 05:37:38 [JavaFX Application Thread] DEBUG application.java.manager.LogManager - [SQL操作クラス] ： 非同期処理 スレッドプール解放
2026-06-11 05:37:38 [JavaFX Application Thread] INFO  com.zaxxer.hikari.HikariDataSource - HikariPool-1 - Shutdown initiated...
2026-06-11 05:37:38 [JavaFX Application Thread] DEBUG com.zaxxer.hikari.pool.HikariPool - HikariPool-1 - Before shutdown stats (total=20/20, idle=20/20, active=0, waiting=0)
2026-06-11 05:37:38 [HikariPool-1:connection-closer] DEBUG com.zaxxer.hikari.pool.PoolBase - HikariPool-1 - Closing connection com.mysql.cj.jdbc.ConnectionImpl@39268c14: (connection evicted)
2026-06-11 05:37:38 [HikariPool-1:connection-closer] DEBUG com.zaxxer.hikari.pool.PoolBase - HikariPool-1 - Closing connection com.mysql.cj.jdbc.ConnectionImpl@17422900: (connection evicted)
2026-06-11 05:37:38 [HikariPool-1:connection-closer] DEBUG com.zaxxer.hikari.pool.PoolBase - HikariPool-1 - Closing connection com.mysql.cj.jdbc.ConnectionImpl@3da2fcfd: (connection evicted)
2026-06-11 05:37:38 [HikariPool-1:connection-closer] DEBUG com.zaxxer.hikari.pool.PoolBase - HikariPool-1 - Closing connection com.mysql.cj.jdbc.ConnectionImpl@51bf37a4: (connection evicted)
2026-06-11 05:37:38 [HikariPool-1:connection-closer] DEBUG com.zaxxer.hikari.pool.PoolBase - HikariPool-1 - Closing connection com.mysql.cj.jdbc.ConnectionImpl@61881abe: (connection evicted)
2026-06-11 05:37:38 [HikariPool-1:connection-closer] DEBUG com.zaxxer.hikari.pool.PoolBase - HikariPool-1 - Closing connection com.mysql.cj.jdbc.ConnectionImpl@4d0472b: (connection evicted)
2026-06-11 05:37:38 [HikariPool-1:connection-closer] DEBUG com.zaxxer.hikari.pool.PoolBase - HikariPool-1 - Closing connection com.mysql.cj.jdbc.ConnectionImpl@45ed4d10: (connection evicted)
2026-06-11 05:37:38 [HikariPool-1:connection-closer] DEBUG com.zaxxer.hikari.pool.PoolBase - HikariPool-1 - Closing connection com.mysql.cj.jdbc.ConnectionImpl@6f4d16fc: (connection evicted)
2026-06-11 05:37:38 [HikariPool-1:connection-closer] DEBUG com.zaxxer.hikari.pool.PoolBase - HikariPool-1 - Closing connection com.mysql.cj.jdbc.ConnectionImpl@5e1b66cc: (connection evicted)
2026-06-11 05:37:38 [HikariPool-1:connection-closer] DEBUG com.zaxxer.hikari.pool.PoolBase - HikariPool-1 - Closing connection com.mysql.cj.jdbc.ConnectionImpl@2d71523e: (connection evicted)
2026-06-11 05:37:38 [HikariPool-1:connection-closer] DEBUG com.zaxxer.hikari.pool.PoolBase - HikariPool-1 - Closing connection com.mysql.cj.jdbc.ConnectionImpl@1eea1aba: (connection evicted)
2026-06-11 05:37:38 [HikariPool-1:connection-closer] DEBUG com.zaxxer.hikari.pool.PoolBase - HikariPool-1 - Closing connection com.mysql.cj.jdbc.ConnectionImpl@595e5031: (connection evicted)
2026-06-11 05:37:38 [HikariPool-1:connection-closer] DEBUG com.zaxxer.hikari.pool.PoolBase - HikariPool-1 - Closing connection com.mysql.cj.jdbc.ConnectionImpl@2c559047: (connection evicted)
2026-06-11 05:37:38 [HikariPool-1:connection-closer] DEBUG com.zaxxer.hikari.pool.PoolBase - HikariPool-1 - Closing connection com.mysql.cj.jdbc.ConnectionImpl@40ee8ab4: (connection evicted)
2026-06-11 05:37:38 [HikariPool-1:connection-closer] DEBUG com.zaxxer.hikari.pool.PoolBase - HikariPool-1 - Closing connection com.mysql.cj.jdbc.ConnectionImpl@2721ed3e: (connection evicted)
2026-06-11 05:37:38 [HikariPool-1:connection-closer] DEBUG com.zaxxer.hikari.pool.PoolBase - HikariPool-1 - Closing connection com.mysql.cj.jdbc.ConnectionImpl@661ce705: (connection evicted)
2026-06-11 05:37:38 [HikariPool-1:connection-closer] DEBUG com.zaxxer.hikari.pool.PoolBase - HikariPool-1 - Closing connection com.mysql.cj.jdbc.ConnectionImpl@2965f5eb: (connection evicted)
2026-06-11 05:37:38 [HikariPool-1:connection-closer] DEBUG com.zaxxer.hikari.pool.PoolBase - HikariPool-1 - Closing connection com.mysql.cj.jdbc.ConnectionImpl@5ac7fe01: (connection evicted)
2026-06-11 05:37:38 [HikariPool-1:connection-closer] DEBUG com.zaxxer.hikari.pool.PoolBase - HikariPool-1 - Closing connection com.mysql.cj.jdbc.ConnectionImpl@4c8deb5e: (connection evicted)
2026-06-11 05:37:38 [HikariPool-1:connection-closer] DEBUG com.zaxxer.hikari.pool.PoolBase - HikariPool-1 - Closing connection com.mysql.cj.jdbc.ConnectionImpl@2ba91a70: (connection evicted)
2026-06-11 05:37:38 [JavaFX Application Thread] DEBUG com.zaxxer.hikari.pool.HikariPool - HikariPool-1 - After  shutdown stats (total=0/20, idle=0/20, active=0, waiting=0)
2026-06-11 05:37:38 [JavaFX Application Thread] INFO  com.zaxxer.hikari.HikariDataSource - HikariPool-1 - Shutdown completed.
2026-06-11 05:37:38 [JavaFX Application Thread] DEBUG application.java.manager.LogManager - [SQL操作クラス] ： コネクションプール(HikariCP) Closeing
2026-06-11 05:37:38 [JavaFX Application Thread] INFO  application.java.manager.LogManager - 終了処理 : 完了
2026-06-11 09:10:39 [main] INFO  application.java.manager.LogManager - 備品管理システム : 起動
2026-06-11 09:10:39 [JavaFX Application Thread] INFO  application.java.manager.LogManager - 開始処理 : 画面ウィンドウ枠生成
2026-06-11 09:10:39 [JavaFX Application Thread] INFO  application.java.manager.LogManager - [ログイン画面] ： 初期化処理
2026-06-11 09:10:39 [JavaFX Application Thread] INFO  application.java.manager.LogManager - 画面展開 [setPage] ： 画面設定・表示処理 開始
2026-06-11 09:10:39 [JavaFX Application Thread] DEBUG application.java.manager.LogManager - Window切替 [setWindowFrame] : TRANSPARENT(透明枠・背景色透明)
2026-06-11 09:10:39 [JavaFX Application Thread] INFO  application.java.manager.LogManager - [SQL操作クラス] ： 非同期処理 スレッドプール作成
2026-06-11 09:10:39 [JavaFX Application Thread] INFO  application.java.manager.LogManager - [SQL操作クラス] ： SQL Session生成
2026-06-11 09:10:39 [JavaFX Application Thread] DEBUG application.java.manager.LogManager - [SQL操作クラス] ： mybatis有効化
2026-06-11 09:10:39 [JavaFX Application Thread] DEBUG o.apache.ibatis.logging.LogFactory - Logging initialized using 'class org.apache.ibatis.logging.slf4j.Slf4jImpl' adapter.
2026-06-11 09:10:39 [JavaFX Application Thread] DEBUG o.apache.ibatis.logging.LogFactory - Logging initialized using 'class org.apache.ibatis.logging.slf4j.Slf4jImpl' adapter.
2026-06-11 09:10:39 [JavaFX Application Thread] DEBUG com.zaxxer.hikari.util.UtilityElf - Class com.mysql.cj.jdbc.Driver found in Thread context class loader jdk.internal.loader.ClassLoaders$AppClassLoader@7699a589
2026-06-11 09:10:39 [JavaFX Application Thread] INFO  application.java.manager.LogManager - /application/resources/css/LoginStyle.css

2026-06-11 09:10:39 [JavaFX Application Thread] INFO  application.java.manager.LogManager - 画面展開 [setPage] : ログイン画面
2026-06-11 09:10:42 [JavaFX Application Thread] INFO  application.java.manager.LogManager - [ログイン画面] ： [QRコード認証]ボタン押下
2026-06-11 09:10:42 [JavaFX Application Thread] INFO  application.java.manager.LogManager - [Webサーバー操作クラス] ： 受信サーバー設定(LocalHost)
2026-06-11 09:10:42 [JavaFX Application Thread] INFO  application.java.manager.LogManager - [ログイン画面] ： 認証サーバーexeを起動します。
2026-06-11 09:10:43 [JavaFX Application Thread] DEBUG application.java.manager.LogManager - [ログイン画面] ： 標準ブラウザを起動します URL: https://localhost:7215?redirect_uri=http://localhost:8888/callback
2026-06-11 09:11:13 [HTTP-Dispatcher] INFO  application.java.manager.LogManager - [Webサーバー操作クラス] ： 認証サーバーからデータを受信しました
2026-06-11 09:11:15 [JavaFX Application Thread] INFO  application.java.manager.LogManager - [ログイン画面] ： ログイン(PassKey)成功
2026-06-11 09:11:15 [JavaFX Application Thread] DEBUG application.java.manager.LogManager - [ログイン画面] ： 受信したトークン情報: 1
2026-06-11 09:11:15 [JavaFX Application Thread] DEBUG application.java.manager.LogManager - [SQL操作クラス] ： SELECT句発行
2026-06-11 09:11:15 [JavaFX Application Thread] DEBUG application.java.manager.LogManager - [ログイン画面] ： DB 社員マスタ取得処理
2026-06-11 09:11:15 [JavaFX Application Thread] DEBUG o.a.i.t.jdbc.JdbcTransaction - Opening JDBC Connection
2026-06-11 09:11:15 [JavaFX Application Thread] DEBUG com.zaxxer.hikari.HikariConfig - HikariPool-1 - configuration:
2026-06-11 09:11:15 [JavaFX Application Thread] DEBUG com.zaxxer.hikari.HikariConfig - allowPoolSuspension.............false
2026-06-11 09:11:15 [JavaFX Application Thread] DEBUG com.zaxxer.hikari.HikariConfig - autoCommit......................true
2026-06-11 09:11:15 [JavaFX Application Thread] DEBUG com.zaxxer.hikari.HikariConfig - catalog.........................none
2026-06-11 09:11:15 [JavaFX Application Thread] DEBUG com.zaxxer.hikari.HikariConfig - connectionInitSql...............none
2026-06-11 09:11:15 [JavaFX Application Thread] DEBUG com.zaxxer.hikari.HikariConfig - connectionTestQuery.............none
2026-06-11 09:11:15 [JavaFX Application Thread] DEBUG com.zaxxer.hikari.HikariConfig - connectionTimeout...............30000
2026-06-11 09:11:15 [JavaFX Application Thread] DEBUG com.zaxxer.hikari.HikariConfig - credentials.....................com.zaxxer.hikari.util.Credentials@213968d1
2026-06-11 09:11:15 [JavaFX Application Thread] DEBUG com.zaxxer.hikari.HikariConfig - credentialsProvider.............none
2026-06-11 09:11:15 [JavaFX Application Thread] DEBUG com.zaxxer.hikari.HikariConfig - credentialsProviderClassName....none
2026-06-11 09:11:15 [JavaFX Application Thread] DEBUG com.zaxxer.hikari.HikariConfig - dataSource......................none
2026-06-11 09:11:15 [JavaFX Application Thread] DEBUG com.zaxxer.hikari.HikariConfig - dataSourceClassName.............none
2026-06-11 09:11:15 [JavaFX Application Thread] DEBUG com.zaxxer.hikari.HikariConfig - dataSourceJNDI..................none
2026-06-11 09:11:15 [JavaFX Application Thread] DEBUG com.zaxxer.hikari.HikariConfig - dataSourceProperties............{password=<masked>}
2026-06-11 09:11:15 [JavaFX Application Thread] DEBUG com.zaxxer.hikari.HikariConfig - driverClassName................."com.mysql.cj.jdbc.Driver"
2026-06-11 09:11:15 [JavaFX Application Thread] DEBUG com.zaxxer.hikari.HikariConfig - exceptionOverride...............none
2026-06-11 09:11:15 [JavaFX Application Thread] DEBUG com.zaxxer.hikari.HikariConfig - exceptionOverrideClassName......none
2026-06-11 09:11:15 [JavaFX Application Thread] DEBUG com.zaxxer.hikari.HikariConfig - healthCheckProperties...........{}
2026-06-11 09:11:15 [JavaFX Application Thread] DEBUG com.zaxxer.hikari.HikariConfig - healthCheckRegistry.............none
2026-06-11 09:11:15 [JavaFX Application Thread] DEBUG com.zaxxer.hikari.HikariConfig - idleTimeout.....................600000
2026-06-11 09:11:15 [JavaFX Application Thread] DEBUG com.zaxxer.hikari.HikariConfig - initializationFailTimeout.......1
2026-06-11 09:11:15 [JavaFX Application Thread] DEBUG com.zaxxer.hikari.HikariConfig - isolateInternalQueries..........false
2026-06-11 09:11:15 [JavaFX Application Thread] DEBUG com.zaxxer.hikari.HikariConfig - jdbcUrl.........................jdbc:mysql://localhost:3306/java_learning?useUnicode=true&characterEncoding=UTF-8&serverTimezone=GMT%2B9&useSSL=false&allowPublicKeyRetrieval=true&useCursorFetch=true
2026-06-11 09:11:15 [JavaFX Application Thread] DEBUG com.zaxxer.hikari.HikariConfig - keepaliveTime...................120000
2026-06-11 09:11:15 [JavaFX Application Thread] DEBUG com.zaxxer.hikari.HikariConfig - leakDetectionThreshold..........0
2026-06-11 09:11:15 [JavaFX Application Thread] DEBUG com.zaxxer.hikari.HikariConfig - maxLifetime.....................1800000
2026-06-11 09:11:15 [JavaFX Application Thread] DEBUG com.zaxxer.hikari.HikariConfig - maximumPoolSize.................20
2026-06-11 09:11:15 [JavaFX Application Thread] DEBUG com.zaxxer.hikari.HikariConfig - metricRegistry..................none
2026-06-11 09:11:15 [JavaFX Application Thread] DEBUG com.zaxxer.hikari.HikariConfig - metricsTrackerFactory...........none
2026-06-11 09:11:15 [JavaFX Application Thread] DEBUG com.zaxxer.hikari.HikariConfig - minimumIdle.....................20
2026-06-11 09:11:15 [JavaFX Application Thread] DEBUG com.zaxxer.hikari.HikariConfig - password........................<masked>
2026-06-11 09:11:15 [JavaFX Application Thread] DEBUG com.zaxxer.hikari.HikariConfig - poolName........................"HikariPool-1"
2026-06-11 09:11:15 [JavaFX Application Thread] DEBUG com.zaxxer.hikari.HikariConfig - readOnly........................false
2026-06-11 09:11:15 [JavaFX Application Thread] DEBUG com.zaxxer.hikari.HikariConfig - registerMbeans..................false
2026-06-11 09:11:15 [JavaFX Application Thread] DEBUG com.zaxxer.hikari.HikariConfig - scheduledExecutor...............none
2026-06-11 09:11:15 [JavaFX Application Thread] DEBUG com.zaxxer.hikari.HikariConfig - schema..........................none
2026-06-11 09:11:15 [JavaFX Application Thread] DEBUG com.zaxxer.hikari.HikariConfig - threadFactory...................internal
2026-06-11 09:11:15 [JavaFX Application Thread] DEBUG com.zaxxer.hikari.HikariConfig - transactionIsolation............default
2026-06-11 09:11:15 [JavaFX Application Thread] DEBUG com.zaxxer.hikari.HikariConfig - username........................"user"
2026-06-11 09:11:15 [JavaFX Application Thread] DEBUG com.zaxxer.hikari.HikariConfig - validationTimeout...............5000
2026-06-11 09:11:15 [JavaFX Application Thread] INFO  com.zaxxer.hikari.HikariDataSource - HikariPool-1 - Starting...
2026-06-11 09:11:15 [JavaFX Application Thread] DEBUG com.zaxxer.hikari.pool.PoolBase - HikariPool-1 - Attempting to create/setup new connection (418afd14-ccf9-4a7d-ab56-2d0087ab7053)
2026-06-11 09:11:15 [JavaFX Application Thread] DEBUG com.zaxxer.hikari.pool.PoolBase - HikariPool-1 - Established new connection (418afd14-ccf9-4a7d-ab56-2d0087ab7053)
2026-06-11 09:11:15 [JavaFX Application Thread] INFO  com.zaxxer.hikari.pool.HikariPool - HikariPool-1 - Added connection com.mysql.cj.jdbc.ConnectionImpl@339ac98d
2026-06-11 09:11:15 [JavaFX Application Thread] INFO  com.zaxxer.hikari.HikariDataSource - HikariPool-1 - Start completed.
2026-06-11 09:11:15 [JavaFX Application Thread] DEBUG o.a.i.t.jdbc.JdbcTransaction - Setting autocommit to false on JDBC Connection [HikariProxyConnection@1916114892 wrapping com.mysql.cj.jdbc.ConnectionImpl@339ac98d]
2026-06-11 09:11:15 [JavaFX Application Thread] DEBUG a.r.m.StaffMasterMapper.selectByNo - ==>  Preparing: SELECT * FROM staff_master WHERE staff_no = ?
2026-06-11 09:11:15 [JavaFX Application Thread] DEBUG a.r.m.StaffMasterMapper.selectByNo - ==> Parameters: 1(Integer)
2026-06-11 09:11:15 [JavaFX Application Thread] DEBUG a.r.m.StaffMasterMapper.selectByNo - <==      Total: 1
2026-06-11 09:11:15 [JavaFX Application Thread] DEBUG o.a.i.t.jdbc.JdbcTransaction - Resetting autocommit to true on JDBC Connection [HikariProxyConnection@1916114892 wrapping com.mysql.cj.jdbc.ConnectionImpl@339ac98d]
2026-06-11 09:11:15 [JavaFX Application Thread] DEBUG o.a.i.t.jdbc.JdbcTransaction - Closing JDBC Connection [HikariProxyConnection@1916114892 wrapping com.mysql.cj.jdbc.ConnectionImpl@339ac98d]
2026-06-11 09:11:15 [JavaFX Application Thread] INFO  application.java.manager.LogManager - [ログイン画面] ： メニュー画面へ切替
2026-06-11 09:11:15 [JavaFX Application Thread] INFO  application.java.manager.LogManager - [備品管理システム メニュー画面] ： 初期化処理
2026-06-11 09:11:15 [HikariPool-1:housekeeper] DEBUG com.zaxxer.hikari.pool.HikariPool - HikariPool-1 - Pool stats (total=1/20, idle=1/20, active=0, waiting=0)
2026-06-11 09:11:15 [HikariPool-1:connection-adder] DEBUG com.zaxxer.hikari.pool.PoolBase - HikariPool-1 - Attempting to create/setup new connection (db9ccbb6-371b-4488-a530-a854014fa65f)
2026-06-11 09:11:15 [JavaFX Application Thread] INFO  application.java.manager.LogManager - 呼出中[Page](ログイン画面)の終了処理(dispose)を実行
2026-06-11 09:11:15 [JavaFX Application Thread] INFO  application.java.manager.LogManager - 画面展開 [setPage] ： 画面設定・表示処理 開始
2026-06-11 09:11:15 [HikariPool-1:connection-adder] DEBUG com.zaxxer.hikari.pool.PoolBase - HikariPool-1 - Established new connection (db9ccbb6-371b-4488-a530-a854014fa65f)
2026-06-11 09:11:15 [HikariPool-1:connection-adder] DEBUG com.zaxxer.hikari.pool.HikariPool - HikariPool-1 - Added connection com.mysql.cj.jdbc.ConnectionImpl@2e4cf291
2026-06-11 09:11:15 [HikariPool-1:connection-adder] DEBUG com.zaxxer.hikari.pool.HikariPool - HikariPool-1 - After adding stats (total=2/20, idle=2/20, active=0, waiting=0)
2026-06-11 09:11:15 [HikariPool-1:connection-adder] DEBUG com.zaxxer.hikari.pool.PoolBase - HikariPool-1 - Attempting to create/setup new connection (59aed307-9a66-462f-aa4d-2735ef85c734)
2026-06-11 09:11:15 [HikariPool-1:connection-adder] DEBUG com.zaxxer.hikari.pool.PoolBase - HikariPool-1 - Established new connection (59aed307-9a66-462f-aa4d-2735ef85c734)
2026-06-11 09:11:15 [HikariPool-1:connection-adder] DEBUG com.zaxxer.hikari.pool.HikariPool - HikariPool-1 - Added connection com.mysql.cj.jdbc.ConnectionImpl@6f71f8aa
2026-06-11 09:11:15 [JavaFX Application Thread] INFO  application.java.manager.LogManager - /application/resources/css/MenuMacFinderStyle.css

2026-06-11 09:11:15 [HikariPool-1:connection-adder] DEBUG com.zaxxer.hikari.pool.HikariPool - HikariPool-1 - After adding stats (total=3/20, idle=3/20, active=0, waiting=0)
2026-06-11 09:11:15 [HikariPool-1:connection-adder] DEBUG com.zaxxer.hikari.pool.PoolBase - HikariPool-1 - Attempting to create/setup new connection (b4facd72-fe67-442c-a087-2e6c7e98eeec)
2026-06-11 09:11:15 [HikariPool-1:connection-adder] DEBUG com.zaxxer.hikari.pool.PoolBase - HikariPool-1 - Established new connection (b4facd72-fe67-442c-a087-2e6c7e98eeec)
2026-06-11 09:11:15 [HikariPool-1:connection-adder] DEBUG com.zaxxer.hikari.pool.HikariPool - HikariPool-1 - Added connection com.mysql.cj.jdbc.ConnectionImpl@5ed4112f
2026-06-11 09:11:15 [HikariPool-1:connection-adder] DEBUG com.zaxxer.hikari.pool.HikariPool - HikariPool-1 - After adding stats (total=4/20, idle=4/20, active=0, waiting=0)
2026-06-11 09:11:15 [HikariPool-1:connection-adder] DEBUG com.zaxxer.hikari.pool.PoolBase - HikariPool-1 - Attempting to create/setup new connection (2bb8e2cc-fb0e-45d3-8510-207cec92e29d)
2026-06-11 09:11:15 [HikariPool-1:connection-adder] DEBUG com.zaxxer.hikari.pool.PoolBase - HikariPool-1 - Established new connection (2bb8e2cc-fb0e-45d3-8510-207cec92e29d)
2026-06-11 09:11:15 [HikariPool-1:connection-adder] DEBUG com.zaxxer.hikari.pool.HikariPool - HikariPool-1 - Added connection com.mysql.cj.jdbc.ConnectionImpl@f5e07e5
2026-06-11 09:11:15 [HikariPool-1:connection-adder] DEBUG com.zaxxer.hikari.pool.HikariPool - HikariPool-1 - After adding stats (total=5/20, idle=5/20, active=0, waiting=0)
2026-06-11 09:11:15 [HikariPool-1:connection-adder] DEBUG com.zaxxer.hikari.pool.PoolBase - HikariPool-1 - Attempting to create/setup new connection (51c66e9c-31f9-4072-824a-c004c2e2816f)
2026-06-11 09:11:15 [HikariPool-1:connection-adder] DEBUG com.zaxxer.hikari.pool.PoolBase - HikariPool-1 - Established new connection (51c66e9c-31f9-4072-824a-c004c2e2816f)
2026-06-11 09:11:15 [HikariPool-1:connection-adder] DEBUG com.zaxxer.hikari.pool.HikariPool - HikariPool-1 - Added connection com.mysql.cj.jdbc.ConnectionImpl@4b8ba990
2026-06-11 09:11:15 [HikariPool-1:connection-adder] DEBUG com.zaxxer.hikari.pool.HikariPool - HikariPool-1 - After adding stats (total=6/20, idle=6/20, active=0, waiting=0)
2026-06-11 09:11:15 [HikariPool-1:connection-adder] DEBUG com.zaxxer.hikari.pool.PoolBase - HikariPool-1 - Attempting to create/setup new connection (da7ae0c7-073d-4be6-b622-90861bd8a3a2)
2026-06-11 09:11:15 [HikariPool-1:connection-adder] DEBUG com.zaxxer.hikari.pool.PoolBase - HikariPool-1 - Established new connection (da7ae0c7-073d-4be6-b622-90861bd8a3a2)
2026-06-11 09:11:15 [HikariPool-1:connection-adder] DEBUG com.zaxxer.hikari.pool.HikariPool - HikariPool-1 - Added connection com.mysql.cj.jdbc.ConnectionImpl@b107c0a
2026-06-11 09:11:15 [HikariPool-1:connection-adder] DEBUG com.zaxxer.hikari.pool.HikariPool - HikariPool-1 - After adding stats (total=7/20, idle=7/20, active=0, waiting=0)
2026-06-11 09:11:15 [HikariPool-1:connection-adder] DEBUG com.zaxxer.hikari.pool.PoolBase - HikariPool-1 - Attempting to create/setup new connection (0cc63220-6b1e-487e-b43e-a1a806f2b14b)
2026-06-11 09:11:15 [HikariPool-1:connection-adder] DEBUG com.zaxxer.hikari.pool.PoolBase - HikariPool-1 - Established new connection (0cc63220-6b1e-487e-b43e-a1a806f2b14b)
2026-06-11 09:11:15 [HikariPool-1:connection-adder] DEBUG com.zaxxer.hikari.pool.HikariPool - HikariPool-1 - Added connection com.mysql.cj.jdbc.ConnectionImpl@6c43ece3
2026-06-11 09:11:15 [JavaFX Application Thread] INFO  application.java.manager.LogManager - 画面展開 [setPage] : 備品管理システム メニュー画面
2026-06-11 09:11:15 [HikariPool-1:connection-adder] DEBUG com.zaxxer.hikari.pool.HikariPool - HikariPool-1 - After adding stats (total=8/20, idle=8/20, active=0, waiting=0)
2026-06-11 09:11:15 [HikariPool-1:connection-adder] DEBUG com.zaxxer.hikari.pool.PoolBase - HikariPool-1 - Attempting to create/setup new connection (7f5a317d-7ed6-4a3c-b658-8f8b787da4cf)
2026-06-11 09:11:15 [HikariPool-1:connection-adder] DEBUG com.zaxxer.hikari.pool.PoolBase - HikariPool-1 - Established new connection (7f5a317d-7ed6-4a3c-b658-8f8b787da4cf)
2026-06-11 09:11:15 [HikariPool-1:connection-adder] DEBUG com.zaxxer.hikari.pool.HikariPool - HikariPool-1 - Added connection com.mysql.cj.jdbc.ConnectionImpl@61d2e88d
2026-06-11 09:11:15 [HikariPool-1:connection-adder] DEBUG com.zaxxer.hikari.pool.HikariPool - HikariPool-1 - After adding stats (total=9/20, idle=9/20, active=0, waiting=0)
2026-06-11 09:11:15 [HikariPool-1:connection-adder] DEBUG com.zaxxer.hikari.pool.PoolBase - HikariPool-1 - Attempting to create/setup new connection (9ca8f27b-ab85-4cb6-8ebe-411565b375c0)
2026-06-11 09:11:15 [HikariPool-1:connection-adder] DEBUG com.zaxxer.hikari.pool.PoolBase - HikariPool-1 - Established new connection (9ca8f27b-ab85-4cb6-8ebe-411565b375c0)
2026-06-11 09:11:15 [HikariPool-1:connection-adder] DEBUG com.zaxxer.hikari.pool.HikariPool - HikariPool-1 - Added connection com.mysql.cj.jdbc.ConnectionImpl@7895929d
2026-06-11 09:11:15 [HikariPool-1:connection-adder] DEBUG com.zaxxer.hikari.pool.HikariPool - HikariPool-1 - After adding stats (total=10/20, idle=10/20, active=0, waiting=0)
2026-06-11 09:11:15 [HikariPool-1:connection-adder] DEBUG com.zaxxer.hikari.pool.PoolBase - HikariPool-1 - Attempting to create/setup new connection (b3f169c4-9dba-4736-a407-4bbb1b16f57b)
2026-06-11 09:11:15 [HikariPool-1:connection-adder] DEBUG com.zaxxer.hikari.pool.PoolBase - HikariPool-1 - Established new connection (b3f169c4-9dba-4736-a407-4bbb1b16f57b)
2026-06-11 09:11:15 [HikariPool-1:connection-adder] DEBUG com.zaxxer.hikari.pool.HikariPool - HikariPool-1 - Added connection com.mysql.cj.jdbc.ConnectionImpl@362b2c4c
2026-06-11 09:11:15 [HikariPool-1:connection-adder] DEBUG com.zaxxer.hikari.pool.HikariPool - HikariPool-1 - After adding stats (total=11/20, idle=11/20, active=0, waiting=0)
2026-06-11 09:11:15 [HikariPool-1:connection-adder] DEBUG com.zaxxer.hikari.pool.PoolBase - HikariPool-1 - Attempting to create/setup new connection (9806cb8c-3376-48be-ae76-1970357e0525)
2026-06-11 09:11:15 [HikariPool-1:connection-adder] DEBUG com.zaxxer.hikari.pool.PoolBase - HikariPool-1 - Established new connection (9806cb8c-3376-48be-ae76-1970357e0525)
2026-06-11 09:11:15 [HikariPool-1:connection-adder] DEBUG com.zaxxer.hikari.pool.HikariPool - HikariPool-1 - Added connection com.mysql.cj.jdbc.ConnectionImpl@7bbadaa2
2026-06-11 09:11:15 [HikariPool-1:connection-adder] DEBUG com.zaxxer.hikari.pool.HikariPool - HikariPool-1 - After adding stats (total=12/20, idle=12/20, active=0, waiting=0)
2026-06-11 09:11:15 [HikariPool-1:connection-adder] DEBUG com.zaxxer.hikari.pool.PoolBase - HikariPool-1 - Attempting to create/setup new connection (0e9c30d2-043a-4ddb-81dd-dd746df87b7e)
2026-06-11 09:11:15 [HikariPool-1:connection-adder] DEBUG com.zaxxer.hikari.pool.PoolBase - HikariPool-1 - Established new connection (0e9c30d2-043a-4ddb-81dd-dd746df87b7e)
2026-06-11 09:11:15 [HikariPool-1:connection-adder] DEBUG com.zaxxer.hikari.pool.HikariPool - HikariPool-1 - Added connection com.mysql.cj.jdbc.ConnectionImpl@d5cf7b0
2026-06-11 09:11:15 [HikariPool-1:connection-adder] DEBUG com.zaxxer.hikari.pool.HikariPool - HikariPool-1 - After adding stats (total=13/20, idle=13/20, active=0, waiting=0)
2026-06-11 09:11:15 [HikariPool-1:connection-adder] DEBUG com.zaxxer.hikari.pool.PoolBase - HikariPool-1 - Attempting to create/setup new connection (193501f5-d54e-400a-8edc-692548e83c72)
2026-06-11 09:11:15 [HikariPool-1:connection-adder] DEBUG com.zaxxer.hikari.pool.PoolBase - HikariPool-1 - Established new connection (193501f5-d54e-400a-8edc-692548e83c72)
2026-06-11 09:11:15 [HikariPool-1:connection-adder] DEBUG com.zaxxer.hikari.pool.HikariPool - HikariPool-1 - Added connection com.mysql.cj.jdbc.ConnectionImpl@72867647
2026-06-11 09:11:15 [HikariPool-1:connection-adder] DEBUG com.zaxxer.hikari.pool.HikariPool - HikariPool-1 - After adding stats (total=14/20, idle=14/20, active=0, waiting=0)
2026-06-11 09:11:15 [HikariPool-1:connection-adder] DEBUG com.zaxxer.hikari.pool.PoolBase - HikariPool-1 - Attempting to create/setup new connection (5707e753-3220-4edb-be82-37110ae8951f)
2026-06-11 09:11:15 [HikariPool-1:connection-adder] DEBUG com.zaxxer.hikari.pool.PoolBase - HikariPool-1 - Established new connection (5707e753-3220-4edb-be82-37110ae8951f)
2026-06-11 09:11:15 [HikariPool-1:connection-adder] DEBUG com.zaxxer.hikari.pool.HikariPool - HikariPool-1 - Added connection com.mysql.cj.jdbc.ConnectionImpl@2db57dde
2026-06-11 09:11:15 [HikariPool-1:connection-adder] DEBUG com.zaxxer.hikari.pool.HikariPool - HikariPool-1 - After adding stats (total=15/20, idle=15/20, active=0, waiting=0)
2026-06-11 09:11:15 [HikariPool-1:connection-adder] DEBUG com.zaxxer.hikari.pool.PoolBase - HikariPool-1 - Attempting to create/setup new connection (8ac9f14e-c64e-4a7f-9d43-75823c9e1312)
2026-06-11 09:11:15 [HikariPool-1:connection-adder] DEBUG com.zaxxer.hikari.pool.PoolBase - HikariPool-1 - Established new connection (8ac9f14e-c64e-4a7f-9d43-75823c9e1312)
2026-06-11 09:11:15 [HikariPool-1:connection-adder] DEBUG com.zaxxer.hikari.pool.HikariPool - HikariPool-1 - Added connection com.mysql.cj.jdbc.ConnectionImpl@153bea5f
2026-06-11 09:11:15 [HikariPool-1:connection-adder] DEBUG com.zaxxer.hikari.pool.HikariPool - HikariPool-1 - After adding stats (total=16/20, idle=16/20, active=0, waiting=0)
2026-06-11 09:11:15 [HikariPool-1:connection-adder] DEBUG com.zaxxer.hikari.pool.PoolBase - HikariPool-1 - Attempting to create/setup new connection (e9eea589-51a1-4e96-82cc-9fbd86b2a06b)
2026-06-11 09:11:15 [HikariPool-1:connection-adder] DEBUG com.zaxxer.hikari.pool.PoolBase - HikariPool-1 - Established new connection (e9eea589-51a1-4e96-82cc-9fbd86b2a06b)
2026-06-11 09:11:15 [HikariPool-1:connection-adder] DEBUG com.zaxxer.hikari.pool.HikariPool - HikariPool-1 - Added connection com.mysql.cj.jdbc.ConnectionImpl@23771873
2026-06-11 09:11:15 [HikariPool-1:connection-adder] DEBUG com.zaxxer.hikari.pool.HikariPool - HikariPool-1 - After adding stats (total=17/20, idle=17/20, active=0, waiting=0)
2026-06-11 09:11:15 [HikariPool-1:connection-adder] DEBUG com.zaxxer.hikari.pool.PoolBase - HikariPool-1 - Attempting to create/setup new connection (adcb3f89-7884-4398-b9f0-9dcda85e4f7a)
2026-06-11 09:11:15 [HikariPool-1:connection-adder] DEBUG com.zaxxer.hikari.pool.PoolBase - HikariPool-1 - Established new connection (adcb3f89-7884-4398-b9f0-9dcda85e4f7a)
2026-06-11 09:11:15 [HikariPool-1:connection-adder] DEBUG com.zaxxer.hikari.pool.HikariPool - HikariPool-1 - Added connection com.mysql.cj.jdbc.ConnectionImpl@496c9d14
2026-06-11 09:11:15 [HikariPool-1:connection-adder] DEBUG com.zaxxer.hikari.pool.HikariPool - HikariPool-1 - After adding stats (total=18/20, idle=18/20, active=0, waiting=0)
2026-06-11 09:11:15 [HikariPool-1:connection-adder] DEBUG com.zaxxer.hikari.pool.PoolBase - HikariPool-1 - Attempting to create/setup new connection (a96fee37-5437-44f7-b9e8-61df0a3fe006)
2026-06-11 09:11:15 [HikariPool-1:connection-adder] DEBUG com.zaxxer.hikari.pool.PoolBase - HikariPool-1 - Established new connection (a96fee37-5437-44f7-b9e8-61df0a3fe006)
2026-06-11 09:11:15 [HikariPool-1:connection-adder] DEBUG com.zaxxer.hikari.pool.HikariPool - HikariPool-1 - Added connection com.mysql.cj.jdbc.ConnectionImpl@214e3be1
2026-06-11 09:11:15 [HikariPool-1:connection-adder] DEBUG com.zaxxer.hikari.pool.HikariPool - HikariPool-1 - After adding stats (total=19/20, idle=19/20, active=0, waiting=0)
2026-06-11 09:11:15 [HikariPool-1:connection-adder] DEBUG com.zaxxer.hikari.pool.PoolBase - HikariPool-1 - Attempting to create/setup new connection (980abdb3-a985-4353-a27d-1add592bb290)
2026-06-11 09:11:15 [HikariPool-1:connection-adder] DEBUG com.zaxxer.hikari.pool.PoolBase - HikariPool-1 - Established new connection (980abdb3-a985-4353-a27d-1add592bb290)
2026-06-11 09:11:15 [HikariPool-1:connection-adder] DEBUG com.zaxxer.hikari.pool.HikariPool - HikariPool-1 - Added connection com.mysql.cj.jdbc.ConnectionImpl@70e5951e
2026-06-11 09:11:15 [HikariPool-1:connection-adder] DEBUG com.zaxxer.hikari.pool.HikariPool - HikariPool-1 - After adding stats (total=20/20, idle=20/20, active=0, waiting=0)
2026-06-11 09:11:21 [JavaFX Application Thread] INFO  application.java.manager.LogManager - [備品管理システム メニュー画面] ： [貸出業務]ボタン押下
2026-06-11 09:11:21 [JavaFX Application Thread] INFO  application.java.manager.LogManager - [備品一覧画面] ： 初期化処理
2026-06-11 09:11:21 [JavaFX Application Thread] INFO  application.java.manager.LogManager - スライドショーのTimelineを停止しました
2026-06-11 09:11:21 [JavaFX Application Thread] INFO  application.java.manager.LogManager - 呼出中[Page](備品管理システム メニュー画面)の終了処理(dispose)を実行
2026-06-11 09:11:21 [JavaFX Application Thread] INFO  application.java.manager.LogManager - 画面展開 [setPage] ： 画面設定・表示処理 開始
2026-06-11 09:11:21 [JavaFX Application Thread] DEBUG application.java.manager.LogManager - Window切替 [setWindowFrame] : DECORATED(標準)
2026-06-11 09:11:21 [JavaFX Application Thread] DEBUG application.java.manager.LogManager - [備品一覧画面] ： リスト表示処理
2026-06-11 09:11:21 [JavaFX Application Thread] DEBUG application.java.manager.LogManager - [SQL操作クラス] ： 非同期処理 SELECT句発行
2026-06-11 09:11:21 [Thread-5] DEBUG application.java.manager.LogManager - [SQL操作クラス] ： SELECT句発行
2026-06-11 09:11:21 [JavaFX Application Thread] INFO  application.java.manager.LogManager - /application/resources/css/InventoryListStyle.css

2026-06-11 09:11:21 [JavaFX Application Thread] INFO  application.java.manager.LogManager - 画面展開 [setPage] : 備品一覧画面
2026-06-11 09:11:21 [Thread-5] DEBUG o.a.i.t.jdbc.JdbcTransaction - Opening JDBC Connection
2026-06-11 09:11:21 [Thread-5] DEBUG o.a.i.t.jdbc.JdbcTransaction - Setting autocommit to false on JDBC Connection [HikariProxyConnection@1788177123 wrapping com.mysql.cj.jdbc.ConnectionImpl@339ac98d]
2026-06-11 09:11:21 [Thread-5] DEBUG a.r.m.I.getTableRecords - ==>  Preparing: WITH SUB_TOTAL AS ( SELECT ST.stock_type , ST.stock_code , SUM(CASE WHEN SD.staff_no IS NOT NULL AND (DATEDIFF(CURRENT_DATE(), SD.confirmed_date) <= 365 ) THEN 1 ELSE 0 END) AS lending_count -- 貸出備品の数 , SUM(CASE /* 在庫 = [staff_no]：貸出先ユーザーの社員番号 が未設定(NULL) 且つ [return_date]：返却日が未設定(NULL) 且つ [confirmed_date]：最終所在確認日 が１年以内 */ WHEN SD.staff_no IS NULL AND (DATEDIFF(CURRENT_DATE(), SD.confirmed_date) <= 365 ) THEN 1 ELSE 0 END) AS stock_count -- 在庫備品の数 , SUM(CASE /* 不明 = [return_date]：返却日が未設定(NULL) 且つ [confirmed_date]：最終所在確認日 が１年前以前 ※ 貸出中・在庫を問わず１年前以前のデータを不明とする */ WHEN (DATEDIFF(CURRENT_DATE(), SD.confirmed_date) > 365 ) THEN 1 ELSE 0 END) AS unknown_count -- 不明備品の数 FROM (SELECT stock_type , stock_code FROM stock_type_master WHERE 1 = 1 AND del = FALSE) ST INNER JOIN stock_master SM ON ST.stock_type = SM.stock_type AND ST.stock_code = SM.stock_code AND SM.del = FALSE /* 未登録データを考慮しLEFT JOINとする */ LEFT JOIN stock_data SD ON SM.serial_no = SD.serial_no /* 返却済データの除去 */ AND SD.return_date IS NULL AND SD.del = FALSE WHERE 1 = 1 GROUP BY ST.stock_type , ST.stock_code ) SELECT ST.stock_type AS type, ST.stock_code AS code, ST.name AS itemName, IFNULL(S.lending_count, 0) AS loanCount, IFNULL(S.stock_count, 0) AS returnCount, IFNULL(S.unknown_count, 0) AS unknownCount, IFNULL(S.lending_count + S.stock_count, 0) AS totalCount /* 追加項目：遷移先画面サイズ */ , IFNULL( GCM.value_1, '1') AS windowSize FROM stock_type_master ST INNER JOIN SUB_TOTAL S ON ST.stock_type = S.stock_type AND ST.stock_code = S.stock_code /* 追加項目 遷移先画面サイズ */ LEFT JOIN generic_code_master GCM ON CAST(ST.stock_type AS CHAR) = GCM.type_key AND ST.stock_code = GCM.code AND GCM.generic_key = 'WINDOW_SIZE' WHERE 1 = 1 ORDER BY ST.stock_type , St.stock_code
2026-06-11 09:11:21 [Thread-5] DEBUG a.r.m.I.getTableRecords - ==> Parameters: 
2026-06-11 09:11:21 [Thread-5] DEBUG a.r.m.I.getTableRecords - <==      Total: 16
2026-06-11 09:11:21 [Thread-5] DEBUG o.a.i.t.jdbc.JdbcTransaction - Resetting autocommit to true on JDBC Connection [HikariProxyConnection@1788177123 wrapping com.mysql.cj.jdbc.ConnectionImpl@339ac98d]
2026-06-11 09:11:21 [Thread-5] DEBUG o.a.i.t.jdbc.JdbcTransaction - Closing JDBC Connection [HikariProxyConnection@1788177123 wrapping com.mysql.cj.jdbc.ConnectionImpl@339ac98d]
2026-06-11 09:11:36 [JavaFX Application Thread] INFO  application.java.manager.LogManager - [備品一覧画面] ： [メニューに戻る]ボタン押下
2026-06-11 09:11:36 [JavaFX Application Thread] INFO  application.java.manager.LogManager - [備品管理システム メニュー画面] ： 初期化処理
2026-06-11 09:11:36 [JavaFX Application Thread] INFO  application.java.manager.LogManager - 呼出中[Page](備品一覧画面)の終了処理(dispose)を実行
2026-06-11 09:11:36 [JavaFX Application Thread] INFO  application.java.manager.LogManager - 画面展開 [setPage] ： 画面設定・表示処理 開始
2026-06-11 09:11:36 [JavaFX Application Thread] DEBUG application.java.manager.LogManager - Window切替 [setWindowFrame] : TRANSPARENT(透明枠・背景色透明)
2026-06-11 09:11:36 [JavaFX Application Thread] INFO  application.java.manager.LogManager - /application/resources/css/MenuMacFinderStyle.css

2026-06-11 09:11:36 [JavaFX Application Thread] INFO  application.java.manager.LogManager - 画面展開 [setPage] : 備品管理システム メニュー画面
2026-06-11 09:11:39 [JavaFX Application Thread] DEBUG application.java.manager.LogManager - [SQL操作クラス] ： 非同期処理 スレッドプール解放
2026-06-11 09:11:39 [JavaFX Application Thread] INFO  com.zaxxer.hikari.HikariDataSource - HikariPool-1 - Shutdown initiated...
2026-06-11 09:11:39 [JavaFX Application Thread] DEBUG com.zaxxer.hikari.pool.HikariPool - HikariPool-1 - Before shutdown stats (total=20/20, idle=20/20, active=0, waiting=0)
2026-06-11 09:11:39 [HikariPool-1:connection-closer] DEBUG com.zaxxer.hikari.pool.PoolBase - HikariPool-1 - Closing connection com.mysql.cj.jdbc.ConnectionImpl@339ac98d: (connection evicted)
2026-06-11 09:11:39 [HikariPool-1:connection-closer] DEBUG com.zaxxer.hikari.pool.PoolBase - HikariPool-1 - Closing connection com.mysql.cj.jdbc.ConnectionImpl@2e4cf291: (connection evicted)
2026-06-11 09:11:39 [HikariPool-1:connection-closer] DEBUG com.zaxxer.hikari.pool.PoolBase - HikariPool-1 - Closing connection com.mysql.cj.jdbc.ConnectionImpl@6f71f8aa: (connection evicted)
2026-06-11 09:11:39 [HikariPool-1:connection-closer] DEBUG com.zaxxer.hikari.pool.PoolBase - HikariPool-1 - Closing connection com.mysql.cj.jdbc.ConnectionImpl@5ed4112f: (connection evicted)
2026-06-11 09:11:39 [HikariPool-1:connection-closer] DEBUG com.zaxxer.hikari.pool.PoolBase - HikariPool-1 - Closing connection com.mysql.cj.jdbc.ConnectionImpl@f5e07e5: (connection evicted)
2026-06-11 09:11:39 [HikariPool-1:connection-closer] DEBUG com.zaxxer.hikari.pool.PoolBase - HikariPool-1 - Closing connection com.mysql.cj.jdbc.ConnectionImpl@4b8ba990: (connection evicted)
2026-06-11 09:11:39 [HikariPool-1:connection-closer] DEBUG com.zaxxer.hikari.pool.PoolBase - HikariPool-1 - Closing connection com.mysql.cj.jdbc.ConnectionImpl@b107c0a: (connection evicted)
2026-06-11 09:11:39 [HikariPool-1:connection-closer] DEBUG com.zaxxer.hikari.pool.PoolBase - HikariPool-1 - Closing connection com.mysql.cj.jdbc.ConnectionImpl@6c43ece3: (connection evicted)
2026-06-11 09:11:39 [HikariPool-1:connection-closer] DEBUG com.zaxxer.hikari.pool.PoolBase - HikariPool-1 - Closing connection com.mysql.cj.jdbc.ConnectionImpl@61d2e88d: (connection evicted)
2026-06-11 09:11:39 [HikariPool-1:connection-closer] DEBUG com.zaxxer.hikari.pool.PoolBase - HikariPool-1 - Closing connection com.mysql.cj.jdbc.ConnectionImpl@7895929d: (connection evicted)
2026-06-11 09:11:39 [HikariPool-1:connection-closer] DEBUG com.zaxxer.hikari.pool.PoolBase - HikariPool-1 - Closing connection com.mysql.cj.jdbc.ConnectionImpl@362b2c4c: (connection evicted)
2026-06-11 09:11:39 [HikariPool-1:connection-closer] DEBUG com.zaxxer.hikari.pool.PoolBase - HikariPool-1 - Closing connection com.mysql.cj.jdbc.ConnectionImpl@7bbadaa2: (connection evicted)
2026-06-11 09:11:39 [HikariPool-1:connection-closer] DEBUG com.zaxxer.hikari.pool.PoolBase - HikariPool-1 - Closing connection com.mysql.cj.jdbc.ConnectionImpl@d5cf7b0: (connection evicted)
2026-06-11 09:11:39 [HikariPool-1:connection-closer] DEBUG com.zaxxer.hikari.pool.PoolBase - HikariPool-1 - Closing connection com.mysql.cj.jdbc.ConnectionImpl@72867647: (connection evicted)
2026-06-11 09:11:39 [HikariPool-1:connection-closer] DEBUG com.zaxxer.hikari.pool.PoolBase - HikariPool-1 - Closing connection com.mysql.cj.jdbc.ConnectionImpl@2db57dde: (connection evicted)
2026-06-11 09:11:39 [HikariPool-1:connection-closer] DEBUG com.zaxxer.hikari.pool.PoolBase - HikariPool-1 - Closing connection com.mysql.cj.jdbc.ConnectionImpl@153bea5f: (connection evicted)
2026-06-11 09:11:39 [HikariPool-1:connection-closer] DEBUG com.zaxxer.hikari.pool.PoolBase - HikariPool-1 - Closing connection com.mysql.cj.jdbc.ConnectionImpl@23771873: (connection evicted)
2026-06-11 09:11:39 [HikariPool-1:connection-closer] DEBUG com.zaxxer.hikari.pool.PoolBase - HikariPool-1 - Closing connection com.mysql.cj.jdbc.ConnectionImpl@496c9d14: (connection evicted)
2026-06-11 09:11:39 [HikariPool-1:connection-closer] DEBUG com.zaxxer.hikari.pool.PoolBase - HikariPool-1 - Closing connection com.mysql.cj.jdbc.ConnectionImpl@214e3be1: (connection evicted)
2026-06-11 09:11:39 [HikariPool-1:connection-closer] DEBUG com.zaxxer.hikari.pool.PoolBase - HikariPool-1 - Closing connection com.mysql.cj.jdbc.ConnectionImpl@70e5951e: (connection evicted)
2026-06-11 09:11:39 [JavaFX Application Thread] DEBUG com.zaxxer.hikari.pool.HikariPool - HikariPool-1 - After  shutdown stats (total=0/20, idle=0/20, active=0, waiting=0)
2026-06-11 09:11:39 [JavaFX Application Thread] INFO  com.zaxxer.hikari.HikariDataSource - HikariPool-1 - Shutdown completed.
2026-06-11 09:11:39 [JavaFX Application Thread] DEBUG application.java.manager.LogManager - [SQL操作クラス] ： コネクションプール(HikariCP) Closeing
2026-06-11 09:11:39 [JavaFX Application Thread] INFO  application.java.manager.LogManager - 終了処理 : 完了
2026-06-11 09:29:54 [main] INFO  application.java.manager.LogManager - 備品管理システム : 起動
2026-06-11 09:29:54 [JavaFX Application Thread] INFO  application.java.manager.LogManager - 開始処理 : 画面ウィンドウ枠生成
2026-06-11 09:29:54 [JavaFX Application Thread] INFO  application.java.manager.LogManager - [ログイン画面] ： 初期化処理
2026-06-11 09:29:54 [JavaFX Application Thread] INFO  application.java.manager.LogManager - 画面展開 [setPage] ： 画面設定・表示処理 開始
2026-06-11 09:29:54 [JavaFX Application Thread] DEBUG application.java.manager.LogManager - Window切替 [setWindowFrame] : TRANSPARENT(透明枠・背景色透明)
2026-06-11 09:29:54 [JavaFX Application Thread] INFO  application.java.manager.LogManager - [SQL操作クラス] ： 非同期処理 スレッドプール作成
2026-06-11 09:29:54 [JavaFX Application Thread] INFO  application.java.manager.LogManager - [SQL操作クラス] ： SQL Session生成
2026-06-11 09:29:54 [JavaFX Application Thread] DEBUG application.java.manager.LogManager - [SQL操作クラス] ： mybatis有効化
2026-06-11 09:29:54 [JavaFX Application Thread] DEBUG o.apache.ibatis.logging.LogFactory - Logging initialized using 'class org.apache.ibatis.logging.slf4j.Slf4jImpl' adapter.
2026-06-11 09:29:54 [JavaFX Application Thread] DEBUG o.apache.ibatis.logging.LogFactory - Logging initialized using 'class org.apache.ibatis.logging.slf4j.Slf4jImpl' adapter.
2026-06-11 09:29:54 [JavaFX Application Thread] DEBUG com.zaxxer.hikari.util.UtilityElf - Class com.mysql.cj.jdbc.Driver found in Thread context class loader jdk.internal.loader.ClassLoaders$AppClassLoader@7699a589
2026-06-11 09:29:55 [JavaFX Application Thread] INFO  application.java.manager.LogManager - /application/resources/css/LoginStyle.css

2026-06-11 09:29:55 [JavaFX Application Thread] INFO  application.java.manager.LogManager - 画面展開 [setPage] : ログイン画面
2026-06-11 09:29:58 [JavaFX Application Thread] INFO  application.java.manager.LogManager - [ログイン画面] ： [QRコード認証]ボタン押下
2026-06-11 09:29:58 [JavaFX Application Thread] INFO  application.java.manager.LogManager - [Webサーバー操作クラス] ： 受信サーバー設定(LocalHost)
2026-06-11 09:29:59 [JavaFX Application Thread] INFO  application.java.manager.LogManager - [ログイン画面] ： 認証サーバーexeを起動します。
2026-06-11 09:29:59 [JavaFX Application Thread] DEBUG application.java.manager.LogManager - [ログイン画面] ： 標準ブラウザを起動します URL: https://localhost:7215?redirect_uri=http://localhost:8888/callback
2026-06-11 09:30:34 [HTTP-Dispatcher] INFO  application.java.manager.LogManager - [Webサーバー操作クラス] ： 認証サーバーからデータを受信しました
2026-06-11 09:30:36 [JavaFX Application Thread] INFO  application.java.manager.LogManager - [ログイン画面] ： ログイン(PassKey)成功
2026-06-11 09:30:36 [JavaFX Application Thread] DEBUG application.java.manager.LogManager - [ログイン画面] ： 受信したトークン情報: 1
2026-06-11 09:30:36 [JavaFX Application Thread] DEBUG application.java.manager.LogManager - [SQL操作クラス] ： SELECT句発行
2026-06-11 09:30:36 [JavaFX Application Thread] DEBUG application.java.manager.LogManager - [ログイン画面] ： DB 社員マスタ取得処理
2026-06-11 09:30:36 [JavaFX Application Thread] DEBUG o.a.i.t.jdbc.JdbcTransaction - Opening JDBC Connection
2026-06-11 09:30:36 [JavaFX Application Thread] DEBUG com.zaxxer.hikari.HikariConfig - HikariPool-1 - configuration:
2026-06-11 09:30:36 [JavaFX Application Thread] DEBUG com.zaxxer.hikari.HikariConfig - allowPoolSuspension.............false
2026-06-11 09:30:36 [JavaFX Application Thread] DEBUG com.zaxxer.hikari.HikariConfig - autoCommit......................true
2026-06-11 09:30:36 [JavaFX Application Thread] DEBUG com.zaxxer.hikari.HikariConfig - catalog.........................none
2026-06-11 09:30:36 [JavaFX Application Thread] DEBUG com.zaxxer.hikari.HikariConfig - connectionInitSql...............none
2026-06-11 09:30:36 [JavaFX Application Thread] DEBUG com.zaxxer.hikari.HikariConfig - connectionTestQuery.............none
2026-06-11 09:30:36 [JavaFX Application Thread] DEBUG com.zaxxer.hikari.HikariConfig - connectionTimeout...............30000
2026-06-11 09:30:36 [JavaFX Application Thread] DEBUG com.zaxxer.hikari.HikariConfig - credentials.....................com.zaxxer.hikari.util.Credentials@63302b59
2026-06-11 09:30:36 [JavaFX Application Thread] DEBUG com.zaxxer.hikari.HikariConfig - credentialsProvider.............none
2026-06-11 09:30:36 [JavaFX Application Thread] DEBUG com.zaxxer.hikari.HikariConfig - credentialsProviderClassName....none
2026-06-11 09:30:36 [JavaFX Application Thread] DEBUG com.zaxxer.hikari.HikariConfig - dataSource......................none
2026-06-11 09:30:36 [JavaFX Application Thread] DEBUG com.zaxxer.hikari.HikariConfig - dataSourceClassName.............none
2026-06-11 09:30:36 [JavaFX Application Thread] DEBUG com.zaxxer.hikari.HikariConfig - dataSourceJNDI..................none
2026-06-11 09:30:36 [JavaFX Application Thread] DEBUG com.zaxxer.hikari.HikariConfig - dataSourceProperties............{password=<masked>}
2026-06-11 09:30:36 [JavaFX Application Thread] DEBUG com.zaxxer.hikari.HikariConfig - driverClassName................."com.mysql.cj.jdbc.Driver"
2026-06-11 09:30:36 [JavaFX Application Thread] DEBUG com.zaxxer.hikari.HikariConfig - exceptionOverride...............none
2026-06-11 09:30:36 [JavaFX Application Thread] DEBUG com.zaxxer.hikari.HikariConfig - exceptionOverrideClassName......none
2026-06-11 09:30:36 [JavaFX Application Thread] DEBUG com.zaxxer.hikari.HikariConfig - healthCheckProperties...........{}
2026-06-11 09:30:36 [JavaFX Application Thread] DEBUG com.zaxxer.hikari.HikariConfig - healthCheckRegistry.............none
2026-06-11 09:30:36 [JavaFX Application Thread] DEBUG com.zaxxer.hikari.HikariConfig - idleTimeout.....................600000
2026-06-11 09:30:36 [JavaFX Application Thread] DEBUG com.zaxxer.hikari.HikariConfig - initializationFailTimeout.......1
2026-06-11 09:30:36 [JavaFX Application Thread] DEBUG com.zaxxer.hikari.HikariConfig - isolateInternalQueries..........false
2026-06-11 09:30:36 [JavaFX Application Thread] DEBUG com.zaxxer.hikari.HikariConfig - jdbcUrl.........................jdbc:mysql://localhost:3306/java_learning?useUnicode=true&characterEncoding=UTF-8&serverTimezone=GMT%2B9&useSSL=false&allowPublicKeyRetrieval=true&useCursorFetch=true
2026-06-11 09:30:36 [JavaFX Application Thread] DEBUG com.zaxxer.hikari.HikariConfig - keepaliveTime...................120000
2026-06-11 09:30:36 [JavaFX Application Thread] DEBUG com.zaxxer.hikari.HikariConfig - leakDetectionThreshold..........0
2026-06-11 09:30:36 [JavaFX Application Thread] DEBUG com.zaxxer.hikari.HikariConfig - maxLifetime.....................1800000
2026-06-11 09:30:36 [JavaFX Application Thread] DEBUG com.zaxxer.hikari.HikariConfig - maximumPoolSize.................20
2026-06-11 09:30:36 [JavaFX Application Thread] DEBUG com.zaxxer.hikari.HikariConfig - metricRegistry..................none
2026-06-11 09:30:36 [JavaFX Application Thread] DEBUG com.zaxxer.hikari.HikariConfig - metricsTrackerFactory...........none
2026-06-11 09:30:36 [JavaFX Application Thread] DEBUG com.zaxxer.hikari.HikariConfig - minimumIdle.....................20
2026-06-11 09:30:36 [JavaFX Application Thread] DEBUG com.zaxxer.hikari.HikariConfig - password........................<masked>
2026-06-11 09:30:36 [JavaFX Application Thread] DEBUG com.zaxxer.hikari.HikariConfig - poolName........................"HikariPool-1"
2026-06-11 09:30:36 [JavaFX Application Thread] DEBUG com.zaxxer.hikari.HikariConfig - readOnly........................false
2026-06-11 09:30:36 [JavaFX Application Thread] DEBUG com.zaxxer.hikari.HikariConfig - registerMbeans..................false
2026-06-11 09:30:36 [JavaFX Application Thread] DEBUG com.zaxxer.hikari.HikariConfig - scheduledExecutor...............none
2026-06-11 09:30:36 [JavaFX Application Thread] DEBUG com.zaxxer.hikari.HikariConfig - schema..........................none
2026-06-11 09:30:36 [JavaFX Application Thread] DEBUG com.zaxxer.hikari.HikariConfig - threadFactory...................internal
2026-06-11 09:30:36 [JavaFX Application Thread] DEBUG com.zaxxer.hikari.HikariConfig - transactionIsolation............default
2026-06-11 09:30:36 [JavaFX Application Thread] DEBUG com.zaxxer.hikari.HikariConfig - username........................"user"
2026-06-11 09:30:36 [JavaFX Application Thread] DEBUG com.zaxxer.hikari.HikariConfig - validationTimeout...............5000
2026-06-11 09:30:36 [JavaFX Application Thread] INFO  com.zaxxer.hikari.HikariDataSource - HikariPool-1 - Starting...
2026-06-11 09:30:36 [JavaFX Application Thread] DEBUG com.zaxxer.hikari.pool.PoolBase - HikariPool-1 - Attempting to create/setup new connection (9cdf15c4-e619-457c-b155-cdf3c26ad098)
2026-06-11 09:30:36 [JavaFX Application Thread] DEBUG com.zaxxer.hikari.pool.PoolBase - HikariPool-1 - Established new connection (9cdf15c4-e619-457c-b155-cdf3c26ad098)
2026-06-11 09:30:36 [JavaFX Application Thread] INFO  com.zaxxer.hikari.pool.HikariPool - HikariPool-1 - Added connection com.mysql.cj.jdbc.ConnectionImpl@71b904a
2026-06-11 09:30:36 [JavaFX Application Thread] INFO  com.zaxxer.hikari.HikariDataSource - HikariPool-1 - Start completed.
2026-06-11 09:30:36 [JavaFX Application Thread] DEBUG o.a.i.t.jdbc.JdbcTransaction - Setting autocommit to false on JDBC Connection [HikariProxyConnection@1340165404 wrapping com.mysql.cj.jdbc.ConnectionImpl@71b904a]
2026-06-11 09:30:36 [JavaFX Application Thread] DEBUG a.r.m.StaffMasterMapper.selectByNo - ==>  Preparing: SELECT * FROM staff_master WHERE staff_no = ?
2026-06-11 09:30:36 [JavaFX Application Thread] DEBUG a.r.m.StaffMasterMapper.selectByNo - ==> Parameters: 1(Integer)
2026-06-11 09:30:36 [JavaFX Application Thread] DEBUG a.r.m.StaffMasterMapper.selectByNo - <==      Total: 1
2026-06-11 09:30:36 [JavaFX Application Thread] DEBUG o.a.i.t.jdbc.JdbcTransaction - Resetting autocommit to true on JDBC Connection [HikariProxyConnection@1340165404 wrapping com.mysql.cj.jdbc.ConnectionImpl@71b904a]
2026-06-11 09:30:36 [JavaFX Application Thread] DEBUG o.a.i.t.jdbc.JdbcTransaction - Closing JDBC Connection [HikariProxyConnection@1340165404 wrapping com.mysql.cj.jdbc.ConnectionImpl@71b904a]
2026-06-11 09:30:36 [JavaFX Application Thread] INFO  application.java.manager.LogManager - [ログイン画面] ： メニュー画面へ切替
2026-06-11 09:30:36 [JavaFX Application Thread] INFO  application.java.manager.LogManager - [備品管理システム メニュー画面] ： 初期化処理
2026-06-11 09:30:36 [JavaFX Application Thread] INFO  application.java.manager.LogManager - 呼出中[Page](ログイン画面)の終了処理(dispose)を実行
2026-06-11 09:30:36 [JavaFX Application Thread] INFO  application.java.manager.LogManager - 画面展開 [setPage] ： 画面設定・表示処理 開始
2026-06-11 09:30:36 [HikariPool-1:housekeeper] DEBUG com.zaxxer.hikari.pool.HikariPool - HikariPool-1 - Pool stats (total=1/20, idle=1/20, active=0, waiting=0)
2026-06-11 09:30:36 [HikariPool-1:connection-adder] DEBUG com.zaxxer.hikari.pool.PoolBase - HikariPool-1 - Attempting to create/setup new connection (6e5c7126-76f0-4b17-9f6d-3799def1749e)
2026-06-11 09:30:36 [HikariPool-1:connection-adder] DEBUG com.zaxxer.hikari.pool.PoolBase - HikariPool-1 - Established new connection (6e5c7126-76f0-4b17-9f6d-3799def1749e)
2026-06-11 09:30:36 [HikariPool-1:connection-adder] DEBUG com.zaxxer.hikari.pool.HikariPool - HikariPool-1 - Added connection com.mysql.cj.jdbc.ConnectionImpl@4ca5ca92
2026-06-11 09:30:36 [JavaFX Application Thread] INFO  application.java.manager.LogManager - /application/resources/css/MenuMacFinderStyle.css

2026-06-11 09:30:36 [HikariPool-1:connection-adder] DEBUG com.zaxxer.hikari.pool.HikariPool - HikariPool-1 - After adding stats (total=2/20, idle=2/20, active=0, waiting=0)
2026-06-11 09:30:36 [HikariPool-1:connection-adder] DEBUG com.zaxxer.hikari.pool.PoolBase - HikariPool-1 - Attempting to create/setup new connection (94da2c8f-48ed-4c41-9e47-bf38d0bd78cd)
2026-06-11 09:30:36 [HikariPool-1:connection-adder] DEBUG com.zaxxer.hikari.pool.PoolBase - HikariPool-1 - Established new connection (94da2c8f-48ed-4c41-9e47-bf38d0bd78cd)
2026-06-11 09:30:36 [HikariPool-1:connection-adder] DEBUG com.zaxxer.hikari.pool.HikariPool - HikariPool-1 - Added connection com.mysql.cj.jdbc.ConnectionImpl@d98c0a9
2026-06-11 09:30:36 [HikariPool-1:connection-adder] DEBUG com.zaxxer.hikari.pool.HikariPool - HikariPool-1 - After adding stats (total=3/20, idle=3/20, active=0, waiting=0)
2026-06-11 09:30:36 [HikariPool-1:connection-adder] DEBUG com.zaxxer.hikari.pool.PoolBase - HikariPool-1 - Attempting to create/setup new connection (db7e5b20-553b-4325-bda4-82d2cce8fec2)
2026-06-11 09:30:36 [HikariPool-1:connection-adder] DEBUG com.zaxxer.hikari.pool.PoolBase - HikariPool-1 - Established new connection (db7e5b20-553b-4325-bda4-82d2cce8fec2)
2026-06-11 09:30:36 [HikariPool-1:connection-adder] DEBUG com.zaxxer.hikari.pool.HikariPool - HikariPool-1 - Added connection com.mysql.cj.jdbc.ConnectionImpl@3cdf2ae9
2026-06-11 09:30:36 [HikariPool-1:connection-adder] DEBUG com.zaxxer.hikari.pool.HikariPool - HikariPool-1 - After adding stats (total=4/20, idle=4/20, active=0, waiting=0)
2026-06-11 09:30:36 [HikariPool-1:connection-adder] DEBUG com.zaxxer.hikari.pool.PoolBase - HikariPool-1 - Attempting to create/setup new connection (7f3e71b4-b73b-4db4-865f-7684b3daf88a)
2026-06-11 09:30:36 [HikariPool-1:connection-adder] DEBUG com.zaxxer.hikari.pool.PoolBase - HikariPool-1 - Established new connection (7f3e71b4-b73b-4db4-865f-7684b3daf88a)
2026-06-11 09:30:36 [HikariPool-1:connection-adder] DEBUG com.zaxxer.hikari.pool.HikariPool - HikariPool-1 - Added connection com.mysql.cj.jdbc.ConnectionImpl@6db73fe6
2026-06-11 09:30:36 [HikariPool-1:connection-adder] DEBUG com.zaxxer.hikari.pool.HikariPool - HikariPool-1 - After adding stats (total=5/20, idle=5/20, active=0, waiting=0)
2026-06-11 09:30:36 [HikariPool-1:connection-adder] DEBUG com.zaxxer.hikari.pool.PoolBase - HikariPool-1 - Attempting to create/setup new connection (d2c7efaf-1c68-4187-b51b-7353e75eeb79)
2026-06-11 09:30:36 [HikariPool-1:connection-adder] DEBUG com.zaxxer.hikari.pool.PoolBase - HikariPool-1 - Established new connection (d2c7efaf-1c68-4187-b51b-7353e75eeb79)
2026-06-11 09:30:36 [HikariPool-1:connection-adder] DEBUG com.zaxxer.hikari.pool.HikariPool - HikariPool-1 - Added connection com.mysql.cj.jdbc.ConnectionImpl@125b831b
2026-06-11 09:30:36 [HikariPool-1:connection-adder] DEBUG com.zaxxer.hikari.pool.HikariPool - HikariPool-1 - After adding stats (total=6/20, idle=6/20, active=0, waiting=0)
2026-06-11 09:30:36 [HikariPool-1:connection-adder] DEBUG com.zaxxer.hikari.pool.PoolBase - HikariPool-1 - Attempting to create/setup new connection (73c79dfa-448f-4e34-8b3b-d8b7d96c62ee)
2026-06-11 09:30:36 [HikariPool-1:connection-adder] DEBUG com.zaxxer.hikari.pool.PoolBase - HikariPool-1 - Established new connection (73c79dfa-448f-4e34-8b3b-d8b7d96c62ee)
2026-06-11 09:30:36 [HikariPool-1:connection-adder] DEBUG com.zaxxer.hikari.pool.HikariPool - HikariPool-1 - Added connection com.mysql.cj.jdbc.ConnectionImpl@69f9a6e8
2026-06-11 09:30:36 [JavaFX Application Thread] INFO  application.java.manager.LogManager - 画面展開 [setPage] : 備品管理システム メニュー画面
2026-06-11 09:30:36 [HikariPool-1:connection-adder] DEBUG com.zaxxer.hikari.pool.HikariPool - HikariPool-1 - After adding stats (total=7/20, idle=7/20, active=0, waiting=0)
2026-06-11 09:30:36 [HikariPool-1:connection-adder] DEBUG com.zaxxer.hikari.pool.PoolBase - HikariPool-1 - Attempting to create/setup new connection (b87ae22a-2089-49ac-8cd6-f200d90841af)
2026-06-11 09:30:36 [HikariPool-1:connection-adder] DEBUG com.zaxxer.hikari.pool.PoolBase - HikariPool-1 - Established new connection (b87ae22a-2089-49ac-8cd6-f200d90841af)
2026-06-11 09:30:36 [HikariPool-1:connection-adder] DEBUG com.zaxxer.hikari.pool.HikariPool - HikariPool-1 - Added connection com.mysql.cj.jdbc.ConnectionImpl@431d5c34
2026-06-11 09:30:36 [HikariPool-1:connection-adder] DEBUG com.zaxxer.hikari.pool.HikariPool - HikariPool-1 - After adding stats (total=8/20, idle=8/20, active=0, waiting=0)
2026-06-11 09:30:36 [HikariPool-1:connection-adder] DEBUG com.zaxxer.hikari.pool.PoolBase - HikariPool-1 - Attempting to create/setup new connection (7ae5ef16-755a-429d-95b0-45904ae20e6d)
2026-06-11 09:30:36 [HikariPool-1:connection-adder] DEBUG com.zaxxer.hikari.pool.PoolBase - HikariPool-1 - Established new connection (7ae5ef16-755a-429d-95b0-45904ae20e6d)
2026-06-11 09:30:36 [HikariPool-1:connection-adder] DEBUG com.zaxxer.hikari.pool.HikariPool - HikariPool-1 - Added connection com.mysql.cj.jdbc.ConnectionImpl@75b5a8d1
2026-06-11 09:30:36 [HikariPool-1:connection-adder] DEBUG com.zaxxer.hikari.pool.HikariPool - HikariPool-1 - After adding stats (total=9/20, idle=9/20, active=0, waiting=0)
2026-06-11 09:30:36 [HikariPool-1:connection-adder] DEBUG com.zaxxer.hikari.pool.PoolBase - HikariPool-1 - Attempting to create/setup new connection (1a591572-314b-4fb6-be33-f5d624d57057)
2026-06-11 09:30:36 [HikariPool-1:connection-adder] DEBUG com.zaxxer.hikari.pool.PoolBase - HikariPool-1 - Established new connection (1a591572-314b-4fb6-be33-f5d624d57057)
2026-06-11 09:30:36 [HikariPool-1:connection-adder] DEBUG com.zaxxer.hikari.pool.HikariPool - HikariPool-1 - Added connection com.mysql.cj.jdbc.ConnectionImpl@53d1f25c
2026-06-11 09:30:37 [HikariPool-1:connection-adder] DEBUG com.zaxxer.hikari.pool.HikariPool - HikariPool-1 - After adding stats (total=10/20, idle=10/20, active=0, waiting=0)
2026-06-11 09:30:37 [HikariPool-1:connection-adder] DEBUG com.zaxxer.hikari.pool.PoolBase - HikariPool-1 - Attempting to create/setup new connection (c721e5ba-9230-4f36-bfe3-4b6e97b68a9d)
2026-06-11 09:30:37 [HikariPool-1:connection-adder] DEBUG com.zaxxer.hikari.pool.PoolBase - HikariPool-1 - Established new connection (c721e5ba-9230-4f36-bfe3-4b6e97b68a9d)
2026-06-11 09:30:37 [HikariPool-1:connection-adder] DEBUG com.zaxxer.hikari.pool.HikariPool - HikariPool-1 - Added connection com.mysql.cj.jdbc.ConnectionImpl@265f1647
2026-06-11 09:30:37 [HikariPool-1:connection-adder] DEBUG com.zaxxer.hikari.pool.HikariPool - HikariPool-1 - After adding stats (total=11/20, idle=11/20, active=0, waiting=0)
2026-06-11 09:30:37 [HikariPool-1:connection-adder] DEBUG com.zaxxer.hikari.pool.PoolBase - HikariPool-1 - Attempting to create/setup new connection (bb29e897-89a2-49f4-a9b2-efda17233bfb)
2026-06-11 09:30:37 [HikariPool-1:connection-adder] DEBUG com.zaxxer.hikari.pool.PoolBase - HikariPool-1 - Established new connection (bb29e897-89a2-49f4-a9b2-efda17233bfb)
2026-06-11 09:30:37 [HikariPool-1:connection-adder] DEBUG com.zaxxer.hikari.pool.HikariPool - HikariPool-1 - Added connection com.mysql.cj.jdbc.ConnectionImpl@27f77ba6
2026-06-11 09:30:37 [HikariPool-1:connection-adder] DEBUG com.zaxxer.hikari.pool.HikariPool - HikariPool-1 - After adding stats (total=12/20, idle=12/20, active=0, waiting=0)
2026-06-11 09:30:37 [HikariPool-1:connection-adder] DEBUG com.zaxxer.hikari.pool.PoolBase - HikariPool-1 - Attempting to create/setup new connection (34186c14-3ef4-4333-8fb5-003406f1db71)
2026-06-11 09:30:37 [HikariPool-1:connection-adder] DEBUG com.zaxxer.hikari.pool.PoolBase - HikariPool-1 - Established new connection (34186c14-3ef4-4333-8fb5-003406f1db71)
2026-06-11 09:30:37 [HikariPool-1:connection-adder] DEBUG com.zaxxer.hikari.pool.HikariPool - HikariPool-1 - Added connection com.mysql.cj.jdbc.ConnectionImpl@213b0e32
2026-06-11 09:30:37 [HikariPool-1:connection-adder] DEBUG com.zaxxer.hikari.pool.HikariPool - HikariPool-1 - After adding stats (total=13/20, idle=13/20, active=0, waiting=0)
2026-06-11 09:30:37 [HikariPool-1:connection-adder] DEBUG com.zaxxer.hikari.pool.PoolBase - HikariPool-1 - Attempting to create/setup new connection (c30b7dc0-99b4-4a9f-82c9-2a5042bedc15)
2026-06-11 09:30:37 [HikariPool-1:connection-adder] DEBUG com.zaxxer.hikari.pool.PoolBase - HikariPool-1 - Established new connection (c30b7dc0-99b4-4a9f-82c9-2a5042bedc15)
2026-06-11 09:30:37 [HikariPool-1:connection-adder] DEBUG com.zaxxer.hikari.pool.HikariPool - HikariPool-1 - Added connection com.mysql.cj.jdbc.ConnectionImpl@7732118
2026-06-11 09:30:37 [HikariPool-1:connection-adder] DEBUG com.zaxxer.hikari.pool.HikariPool - HikariPool-1 - After adding stats (total=14/20, idle=14/20, active=0, waiting=0)
2026-06-11 09:30:37 [HikariPool-1:connection-adder] DEBUG com.zaxxer.hikari.pool.PoolBase - HikariPool-1 - Attempting to create/setup new connection (8105affa-b32c-4020-a903-7a110a11dbc4)
2026-06-11 09:30:37 [HikariPool-1:connection-adder] DEBUG com.zaxxer.hikari.pool.PoolBase - HikariPool-1 - Established new connection (8105affa-b32c-4020-a903-7a110a11dbc4)
2026-06-11 09:30:37 [HikariPool-1:connection-adder] DEBUG com.zaxxer.hikari.pool.HikariPool - HikariPool-1 - Added connection com.mysql.cj.jdbc.ConnectionImpl@47e47da8
2026-06-11 09:30:37 [HikariPool-1:connection-adder] DEBUG com.zaxxer.hikari.pool.HikariPool - HikariPool-1 - After adding stats (total=15/20, idle=15/20, active=0, waiting=0)
2026-06-11 09:30:37 [HikariPool-1:connection-adder] DEBUG com.zaxxer.hikari.pool.PoolBase - HikariPool-1 - Attempting to create/setup new connection (9c2d559d-99d2-428a-a089-ae1f8c583c58)
2026-06-11 09:30:37 [HikariPool-1:connection-adder] DEBUG com.zaxxer.hikari.pool.PoolBase - HikariPool-1 - Established new connection (9c2d559d-99d2-428a-a089-ae1f8c583c58)
2026-06-11 09:30:37 [HikariPool-1:connection-adder] DEBUG com.zaxxer.hikari.pool.HikariPool - HikariPool-1 - Added connection com.mysql.cj.jdbc.ConnectionImpl@68e9935a
2026-06-11 09:30:37 [HikariPool-1:connection-adder] DEBUG com.zaxxer.hikari.pool.HikariPool - HikariPool-1 - After adding stats (total=16/20, idle=16/20, active=0, waiting=0)
2026-06-11 09:30:37 [HikariPool-1:connection-adder] DEBUG com.zaxxer.hikari.pool.PoolBase - HikariPool-1 - Attempting to create/setup new connection (ef81242f-ee67-46f4-92e3-fe4aed1edaed)
2026-06-11 09:30:37 [HikariPool-1:connection-adder] DEBUG com.zaxxer.hikari.pool.PoolBase - HikariPool-1 - Established new connection (ef81242f-ee67-46f4-92e3-fe4aed1edaed)
2026-06-11 09:30:37 [HikariPool-1:connection-adder] DEBUG com.zaxxer.hikari.pool.HikariPool - HikariPool-1 - Added connection com.mysql.cj.jdbc.ConnectionImpl@fa6482b
2026-06-11 09:30:37 [HikariPool-1:connection-adder] DEBUG com.zaxxer.hikari.pool.HikariPool - HikariPool-1 - After adding stats (total=17/20, idle=17/20, active=0, waiting=0)
2026-06-11 09:30:37 [HikariPool-1:connection-adder] DEBUG com.zaxxer.hikari.pool.PoolBase - HikariPool-1 - Attempting to create/setup new connection (841c0947-9257-44de-bc12-4b5d7a855e23)
2026-06-11 09:30:37 [HikariPool-1:connection-adder] DEBUG com.zaxxer.hikari.pool.PoolBase - HikariPool-1 - Established new connection (841c0947-9257-44de-bc12-4b5d7a855e23)
2026-06-11 09:30:37 [HikariPool-1:connection-adder] DEBUG com.zaxxer.hikari.pool.HikariPool - HikariPool-1 - Added connection com.mysql.cj.jdbc.ConnectionImpl@3dd0da13
2026-06-11 09:30:37 [HikariPool-1:connection-adder] DEBUG com.zaxxer.hikari.pool.HikariPool - HikariPool-1 - After adding stats (total=18/20, idle=18/20, active=0, waiting=0)
2026-06-11 09:30:37 [HikariPool-1:connection-adder] DEBUG com.zaxxer.hikari.pool.PoolBase - HikariPool-1 - Attempting to create/setup new connection (e0c5bfe2-a8af-4497-acf7-82ab426bdaf5)
2026-06-11 09:30:37 [HikariPool-1:connection-adder] DEBUG com.zaxxer.hikari.pool.PoolBase - HikariPool-1 - Established new connection (e0c5bfe2-a8af-4497-acf7-82ab426bdaf5)
2026-06-11 09:30:37 [HikariPool-1:connection-adder] DEBUG com.zaxxer.hikari.pool.HikariPool - HikariPool-1 - Added connection com.mysql.cj.jdbc.ConnectionImpl@307f27a8
2026-06-11 09:30:37 [HikariPool-1:connection-adder] DEBUG com.zaxxer.hikari.pool.HikariPool - HikariPool-1 - After adding stats (total=19/20, idle=19/20, active=0, waiting=0)
2026-06-11 09:30:37 [HikariPool-1:connection-adder] DEBUG com.zaxxer.hikari.pool.PoolBase - HikariPool-1 - Attempting to create/setup new connection (bd83d4ee-4e4e-4e16-8037-7b0ebe493052)
2026-06-11 09:30:37 [HikariPool-1:connection-adder] DEBUG com.zaxxer.hikari.pool.PoolBase - HikariPool-1 - Established new connection (bd83d4ee-4e4e-4e16-8037-7b0ebe493052)
2026-06-11 09:30:37 [HikariPool-1:connection-adder] DEBUG com.zaxxer.hikari.pool.HikariPool - HikariPool-1 - Added connection com.mysql.cj.jdbc.ConnectionImpl@2dac16b7
2026-06-11 09:30:37 [HikariPool-1:connection-adder] DEBUG com.zaxxer.hikari.pool.HikariPool - HikariPool-1 - After adding stats (total=20/20, idle=20/20, active=0, waiting=0)
2026-06-11 09:30:51 [JavaFX Application Thread] INFO  application.java.manager.LogManager - [備品管理システム メニュー画面] ： [貸出業務]ボタン押下
2026-06-11 09:30:51 [JavaFX Application Thread] INFO  application.java.manager.LogManager - [備品一覧画面] ： 初期化処理
2026-06-11 09:30:51 [JavaFX Application Thread] INFO  application.java.manager.LogManager - スライドショーのTimelineを停止しました
2026-06-11 09:30:51 [JavaFX Application Thread] INFO  application.java.manager.LogManager - 呼出中[Page](備品管理システム メニュー画面)の終了処理(dispose)を実行
2026-06-11 09:30:51 [JavaFX Application Thread] INFO  application.java.manager.LogManager - 画面展開 [setPage] ： 画面設定・表示処理 開始
2026-06-11 09:30:51 [JavaFX Application Thread] DEBUG application.java.manager.LogManager - Window切替 [setWindowFrame] : DECORATED(標準)
2026-06-11 09:30:51 [JavaFX Application Thread] DEBUG application.java.manager.LogManager - [備品一覧画面] ： リスト表示処理
2026-06-11 09:30:51 [JavaFX Application Thread] DEBUG application.java.manager.LogManager - [SQL操作クラス] ： 非同期処理 SELECT句発行
2026-06-11 09:30:51 [Thread-5] DEBUG application.java.manager.LogManager - [SQL操作クラス] ： SELECT句発行
2026-06-11 09:30:51 [JavaFX Application Thread] INFO  application.java.manager.LogManager - /application/resources/css/InventoryListStyle.css

2026-06-11 09:30:51 [JavaFX Application Thread] INFO  application.java.manager.LogManager - 画面展開 [setPage] : 備品一覧画面
2026-06-11 09:30:51 [Thread-5] DEBUG o.a.i.t.jdbc.JdbcTransaction - Opening JDBC Connection
2026-06-11 09:30:51 [Thread-5] DEBUG o.a.i.t.jdbc.JdbcTransaction - Setting autocommit to false on JDBC Connection [HikariProxyConnection@372587854 wrapping com.mysql.cj.jdbc.ConnectionImpl@71b904a]
2026-06-11 09:30:51 [Thread-5] DEBUG a.r.m.I.getTableRecords - ==>  Preparing: WITH SUB_TOTAL AS ( SELECT ST.stock_type , ST.stock_code , SUM(CASE WHEN SD.staff_no IS NOT NULL AND (DATEDIFF(CURRENT_DATE(), SD.confirmed_date) <= 365 ) THEN 1 ELSE 0 END) AS lending_count -- 貸出備品の数 , SUM(CASE /* 在庫 = [staff_no]：貸出先ユーザーの社員番号 が未設定(NULL) 且つ [return_date]：返却日が未設定(NULL) 且つ [confirmed_date]：最終所在確認日 が１年以内 */ WHEN SD.staff_no IS NULL AND (DATEDIFF(CURRENT_DATE(), SD.confirmed_date) <= 365 ) THEN 1 ELSE 0 END) AS stock_count -- 在庫備品の数 , SUM(CASE /* 不明 = [return_date]：返却日が未設定(NULL) 且つ [confirmed_date]：最終所在確認日 が１年前以前 ※ 貸出中・在庫を問わず１年前以前のデータを不明とする */ WHEN (DATEDIFF(CURRENT_DATE(), SD.confirmed_date) > 365 ) THEN 1 ELSE 0 END) AS unknown_count -- 不明備品の数 FROM (SELECT stock_type , stock_code FROM stock_type_master WHERE 1 = 1 AND del = FALSE) ST INNER JOIN stock_master SM ON ST.stock_type = SM.stock_type AND ST.stock_code = SM.stock_code AND SM.del = FALSE /* 未登録データを考慮しLEFT JOINとする */ LEFT JOIN stock_data SD ON SM.serial_no = SD.serial_no /* 返却済データの除去 */ AND SD.return_date IS NULL AND SD.del = FALSE WHERE 1 = 1 GROUP BY ST.stock_type , ST.stock_code ) SELECT ST.stock_type AS type, ST.stock_code AS code, ST.name AS itemName, IFNULL(S.lending_count, 0) AS loanCount, IFNULL(S.stock_count, 0) AS returnCount, IFNULL(S.unknown_count, 0) AS unknownCount, IFNULL(S.lending_count + S.stock_count, 0) AS totalCount /* 追加項目：遷移先画面サイズ */ , IFNULL( GCM.value_1, '1') AS windowSize FROM stock_type_master ST INNER JOIN SUB_TOTAL S ON ST.stock_type = S.stock_type AND ST.stock_code = S.stock_code /* 追加項目 遷移先画面サイズ */ LEFT JOIN generic_code_master GCM ON CAST(ST.stock_type AS CHAR) = GCM.type_key AND ST.stock_code = GCM.code AND GCM.generic_key = 'WINDOW_SIZE' WHERE 1 = 1 ORDER BY ST.stock_type , St.stock_code
2026-06-11 09:30:51 [Thread-5] DEBUG a.r.m.I.getTableRecords - ==> Parameters: 
2026-06-11 09:30:51 [Thread-5] DEBUG a.r.m.I.getTableRecords - <==      Total: 16
2026-06-11 09:30:51 [Thread-5] DEBUG o.a.i.t.jdbc.JdbcTransaction - Resetting autocommit to true on JDBC Connection [HikariProxyConnection@372587854 wrapping com.mysql.cj.jdbc.ConnectionImpl@71b904a]
2026-06-11 09:30:51 [Thread-5] DEBUG o.a.i.t.jdbc.JdbcTransaction - Closing JDBC Connection [HikariProxyConnection@372587854 wrapping com.mysql.cj.jdbc.ConnectionImpl@71b904a]
2026-06-11 09:31:06 [HikariPool-1:housekeeper] DEBUG com.zaxxer.hikari.pool.HikariPool - HikariPool-1 - Pool stats (total=20/20, idle=20/20, active=0, waiting=0)
2026-06-11 09:31:06 [HikariPool-1:housekeeper] DEBUG com.zaxxer.hikari.pool.HikariPool - HikariPool-1 - Fill pool skipped, pool has sufficient level or currently being filled.
2026-06-11 09:31:15 [JavaFX Application Thread] INFO  application.java.manager.LogManager - [備品一覧画面] ： [メニューに戻る]ボタン押下
2026-06-11 09:31:15 [JavaFX Application Thread] INFO  application.java.manager.LogManager - [備品管理システム メニュー画面] ： 初期化処理
2026-06-11 09:31:15 [JavaFX Application Thread] INFO  application.java.manager.LogManager - 呼出中[Page](備品一覧画面)の終了処理(dispose)を実行
2026-06-11 09:31:15 [JavaFX Application Thread] INFO  application.java.manager.LogManager - 画面展開 [setPage] ： 画面設定・表示処理 開始
2026-06-11 09:31:15 [JavaFX Application Thread] DEBUG application.java.manager.LogManager - Window切替 [setWindowFrame] : TRANSPARENT(透明枠・背景色透明)
2026-06-11 09:31:15 [JavaFX Application Thread] INFO  application.java.manager.LogManager - /application/resources/css/MenuMacFinderStyle.css

2026-06-11 09:31:15 [JavaFX Application Thread] INFO  application.java.manager.LogManager - 画面展開 [setPage] : 備品管理システム メニュー画面
2026-06-11 09:31:23 [JavaFX Application Thread] DEBUG application.java.manager.LogManager - [SQL操作クラス] ： 非同期処理 スレッドプール解放
2026-06-11 09:31:23 [JavaFX Application Thread] INFO  com.zaxxer.hikari.HikariDataSource - HikariPool-1 - Shutdown initiated...
2026-06-11 09:31:23 [JavaFX Application Thread] DEBUG com.zaxxer.hikari.pool.HikariPool - HikariPool-1 - Before shutdown stats (total=20/20, idle=20/20, active=0, waiting=0)
2026-06-11 09:31:23 [HikariPool-1:connection-closer] DEBUG com.zaxxer.hikari.pool.PoolBase - HikariPool-1 - Closing connection com.mysql.cj.jdbc.ConnectionImpl@71b904a: (connection evicted)
2026-06-11 09:31:23 [HikariPool-1:connection-closer] DEBUG com.zaxxer.hikari.pool.PoolBase - HikariPool-1 - Closing connection com.mysql.cj.jdbc.ConnectionImpl@4ca5ca92: (connection evicted)
2026-06-11 09:31:23 [HikariPool-1:connection-closer] DEBUG com.zaxxer.hikari.pool.PoolBase - HikariPool-1 - Closing connection com.mysql.cj.jdbc.ConnectionImpl@d98c0a9: (connection evicted)
2026-06-11 09:31:23 [HikariPool-1:connection-closer] DEBUG com.zaxxer.hikari.pool.PoolBase - HikariPool-1 - Closing connection com.mysql.cj.jdbc.ConnectionImpl@3cdf2ae9: (connection evicted)
2026-06-11 09:31:23 [HikariPool-1:connection-closer] DEBUG com.zaxxer.hikari.pool.PoolBase - HikariPool-1 - Closing connection com.mysql.cj.jdbc.ConnectionImpl@6db73fe6: (connection evicted)
2026-06-11 09:31:23 [HikariPool-1:connection-closer] DEBUG com.zaxxer.hikari.pool.PoolBase - HikariPool-1 - Closing connection com.mysql.cj.jdbc.ConnectionImpl@125b831b: (connection evicted)
2026-06-11 09:31:23 [HikariPool-1:connection-closer] DEBUG com.zaxxer.hikari.pool.PoolBase - HikariPool-1 - Closing connection com.mysql.cj.jdbc.ConnectionImpl@69f9a6e8: (connection evicted)
2026-06-11 09:31:23 [HikariPool-1:connection-closer] DEBUG com.zaxxer.hikari.pool.PoolBase - HikariPool-1 - Closing connection com.mysql.cj.jdbc.ConnectionImpl@431d5c34: (connection evicted)
2026-06-11 09:31:23 [HikariPool-1:connection-closer] DEBUG com.zaxxer.hikari.pool.PoolBase - HikariPool-1 - Closing connection com.mysql.cj.jdbc.ConnectionImpl@75b5a8d1: (connection evicted)
2026-06-11 09:31:23 [HikariPool-1:connection-closer] DEBUG com.zaxxer.hikari.pool.PoolBase - HikariPool-1 - Closing connection com.mysql.cj.jdbc.ConnectionImpl@53d1f25c: (connection evicted)
2026-06-11 09:31:23 [HikariPool-1:connection-closer] DEBUG com.zaxxer.hikari.pool.PoolBase - HikariPool-1 - Closing connection com.mysql.cj.jdbc.ConnectionImpl@265f1647: (connection evicted)
2026-06-11 09:31:23 [HikariPool-1:connection-closer] DEBUG com.zaxxer.hikari.pool.PoolBase - HikariPool-1 - Closing connection com.mysql.cj.jdbc.ConnectionImpl@27f77ba6: (connection evicted)
2026-06-11 09:31:23 [HikariPool-1:connection-closer] DEBUG com.zaxxer.hikari.pool.PoolBase - HikariPool-1 - Closing connection com.mysql.cj.jdbc.ConnectionImpl@213b0e32: (connection evicted)
2026-06-11 09:31:23 [HikariPool-1:connection-closer] DEBUG com.zaxxer.hikari.pool.PoolBase - HikariPool-1 - Closing connection com.mysql.cj.jdbc.ConnectionImpl@7732118: (connection evicted)
2026-06-11 09:31:23 [HikariPool-1:connection-closer] DEBUG com.zaxxer.hikari.pool.PoolBase - HikariPool-1 - Closing connection com.mysql.cj.jdbc.ConnectionImpl@47e47da8: (connection evicted)
2026-06-11 09:31:23 [HikariPool-1:connection-closer] DEBUG com.zaxxer.hikari.pool.PoolBase - HikariPool-1 - Closing connection com.mysql.cj.jdbc.ConnectionImpl@68e9935a: (connection evicted)
2026-06-11 09:31:23 [HikariPool-1:connection-closer] DEBUG com.zaxxer.hikari.pool.PoolBase - HikariPool-1 - Closing connection com.mysql.cj.jdbc.ConnectionImpl@fa6482b: (connection evicted)
2026-06-11 09:31:23 [HikariPool-1:connection-closer] DEBUG com.zaxxer.hikari.pool.PoolBase - HikariPool-1 - Closing connection com.mysql.cj.jdbc.ConnectionImpl@3dd0da13: (connection evicted)
2026-06-11 09:31:23 [HikariPool-1:connection-closer] DEBUG com.zaxxer.hikari.pool.PoolBase - HikariPool-1 - Closing connection com.mysql.cj.jdbc.ConnectionImpl@307f27a8: (connection evicted)
2026-06-11 09:31:23 [HikariPool-1:connection-closer] DEBUG com.zaxxer.hikari.pool.PoolBase - HikariPool-1 - Closing connection com.mysql.cj.jdbc.ConnectionImpl@2dac16b7: (connection evicted)
2026-06-11 09:31:23 [JavaFX Application Thread] DEBUG com.zaxxer.hikari.pool.HikariPool - HikariPool-1 - After  shutdown stats (total=0/20, idle=0/20, active=0, waiting=0)
2026-06-11 09:31:23 [JavaFX Application Thread] INFO  com.zaxxer.hikari.HikariDataSource - HikariPool-1 - Shutdown completed.
2026-06-11 09:31:23 [JavaFX Application Thread] DEBUG application.java.manager.LogManager - [SQL操作クラス] ： コネクションプール(HikariCP) Closeing
2026-06-11 09:31:23 [JavaFX Application Thread] INFO  application.java.manager.LogManager - 終了処理 : 完了
