2026-03-15 04:08:53 [main] INFO  application.java.manager.LogManager - 備品管理システム : 起動
2026-03-15 04:08:53 [JavaFX Application Thread] INFO  application.java.manager.LogManager - 開始処理 : 画面ウィンドウ枠生成
2026-03-15 04:08:53 [JavaFX Application Thread] INFO  application.java.manager.LogManager - [メニュー画面] ： 初期化処理
2026-03-15 04:08:53 [JavaFX Application Thread] DEBUG application.java.manager.LogManager - Window切替 [setWindowFrame] : TRANSPARENT(透明枠・背景色透明)
2026-03-15 04:08:54 [JavaFX Application Thread] INFO  application.java.manager.LogManager - 画面展開 [setPage] : メニュー画面
2026-03-15 04:09:21 [JavaFX Application Thread] INFO  application.java.manager.LogManager - [SQL操作クラス] ： 非同期処理 スレッドプール作成
2026-03-15 04:09:21 [JavaFX Application Thread] DEBUG application.java.manager.LogManager - [SQL操作クラス] ： 非同期処理 スレッドプール解放
2026-03-15 04:09:21 [JavaFX Application Thread] INFO  application.java.manager.LogManager - 終了処理 : 完了
2026-03-15 04:59:39 [main] INFO  application.java.manager.LogManager - 備品管理システム : 起動
2026-03-15 04:59:39 [JavaFX Application Thread] INFO  application.java.manager.LogManager - 開始処理 : 画面ウィンドウ枠生成
2026-03-15 04:59:39 [JavaFX Application Thread] INFO  application.java.manager.LogManager - [メニュー画面] ： 初期化処理
2026-03-15 04:59:39 [JavaFX Application Thread] DEBUG application.java.manager.LogManager - Window切替 [setWindowFrame] : TRANSPARENT(透明枠・背景色透明)
2026-03-15 04:59:39 [JavaFX Application Thread] INFO  application.java.manager.LogManager - [SQL操作クラス] ： 非同期処理 スレッドプール作成
2026-03-15 04:59:39 [JavaFX Application Thread] DEBUG application.java.manager.LogManager - [SQL操作クラス] ： 非同期処理 スレッドプール解放
2026-03-15 04:59:39 [JavaFX Application Thread] INFO  application.java.manager.LogManager - 終了処理 : 完了
2026-03-15 05:05:12 [main] INFO  application.java.manager.LogManager - 備品管理システム : 起動
2026-03-15 05:05:12 [JavaFX Application Thread] INFO  application.java.manager.LogManager - 開始処理 : 画面ウィンドウ枠生成
2026-03-15 05:05:12 [JavaFX Application Thread] INFO  application.java.manager.LogManager - [メニュー画面] ： 初期化処理
2026-03-15 05:05:12 [JavaFX Application Thread] DEBUG application.java.manager.LogManager - Window切替 [setWindowFrame] : TRANSPARENT(透明枠・背景色透明)
2026-03-15 05:05:12 [JavaFX Application Thread] INFO  application.java.manager.LogManager - 画面展開 [setPage] : メニュー画面
2026-03-15 05:06:36 [JavaFX Application Thread] INFO  application.java.manager.LogManager - [SQL操作クラス] ： 非同期処理 スレッドプール作成
2026-03-15 05:06:36 [JavaFX Application Thread] DEBUG application.java.manager.LogManager - [SQL操作クラス] ： 非同期処理 スレッドプール解放
2026-03-15 05:06:36 [JavaFX Application Thread] INFO  application.java.manager.LogManager - 終了処理 : 完了
2026-03-15 05:07:03 [main] INFO  application.java.manager.LogManager - 備品管理システム : 起動
2026-03-15 05:07:03 [JavaFX Application Thread] INFO  application.java.manager.LogManager - 開始処理 : 画面ウィンドウ枠生成
2026-03-15 05:07:03 [JavaFX Application Thread] INFO  application.java.manager.LogManager - [メニュー画面] ： 初期化処理
2026-03-15 05:07:03 [JavaFX Application Thread] DEBUG application.java.manager.LogManager - Window切替 [setWindowFrame] : TRANSPARENT(透明枠・背景色透明)
2026-03-15 05:07:03 [JavaFX Application Thread] INFO  application.java.manager.LogManager - 画面展開 [setPage] : メニュー画面
2026-03-15 05:07:21 [JavaFX Application Thread] INFO  application.java.manager.LogManager - [SQL操作クラス] ： 非同期処理 スレッドプール作成
2026-03-15 05:07:21 [JavaFX Application Thread] DEBUG application.java.manager.LogManager - [SQL操作クラス] ： 非同期処理 スレッドプール解放
2026-03-15 05:07:21 [JavaFX Application Thread] INFO  application.java.manager.LogManager - 終了処理 : 完了
2026-03-15 05:20:40 [main] INFO  application.java.manager.LogManager - 備品管理システム : 起動
2026-03-15 05:20:40 [JavaFX Application Thread] INFO  application.java.manager.LogManager - 開始処理 : 画面ウィンドウ枠生成
2026-03-15 05:20:40 [JavaFX Application Thread] INFO  application.java.manager.LogManager - [メニュー画面] ： 初期化処理
2026-03-15 05:20:40 [JavaFX Application Thread] DEBUG application.java.manager.LogManager - Window切替 [setWindowFrame] : TRANSPARENT(透明枠・背景色透明)
2026-03-15 05:20:41 [JavaFX Application Thread] INFO  application.java.manager.LogManager - 画面展開 [setPage] : メニュー画面
2026-03-15 05:20:52 [JavaFX Application Thread] INFO  application.java.manager.LogManager - [SQL操作クラス] ： 非同期処理 スレッドプール作成
2026-03-15 05:20:52 [JavaFX Application Thread] DEBUG application.java.manager.LogManager - [SQL操作クラス] ： 非同期処理 スレッドプール解放
2026-03-15 05:20:52 [JavaFX Application Thread] INFO  application.java.manager.LogManager - 終了処理 : 完了
2026-03-15 05:28:31 [main] INFO  application.java.manager.LogManager - 備品管理システム : 起動
2026-03-15 05:28:31 [JavaFX Application Thread] INFO  application.java.manager.LogManager - 開始処理 : 画面ウィンドウ枠生成
2026-03-15 05:28:31 [JavaFX Application Thread] INFO  application.java.manager.LogManager - [メニュー画面] ： 初期化処理
2026-03-15 05:28:31 [JavaFX Application Thread] DEBUG application.java.manager.LogManager - Window切替 [setWindowFrame] : TRANSPARENT(透明枠・背景色透明)
2026-03-15 05:28:32 [JavaFX Application Thread] INFO  application.java.manager.LogManager - 画面展開 [setPage] : メニュー画面
2026-03-15 05:28:41 [JavaFX Application Thread] INFO  application.java.manager.LogManager - [SQL操作クラス] ： 非同期処理 スレッドプール作成
2026-03-15 05:28:41 [JavaFX Application Thread] DEBUG application.java.manager.LogManager - [SQL操作クラス] ： 非同期処理 スレッドプール解放
2026-03-15 05:28:41 [JavaFX Application Thread] INFO  application.java.manager.LogManager - 終了処理 : 完了
2026-03-15 05:46:58 [main] INFO  application.java.manager.LogManager - 備品管理システム : 起動
2026-03-15 05:46:58 [JavaFX Application Thread] INFO  application.java.manager.LogManager - 開始処理 : 画面ウィンドウ枠生成
2026-03-15 05:46:58 [JavaFX Application Thread] INFO  application.java.manager.LogManager - [メニュー画面] ： 初期化処理
2026-03-15 05:46:58 [JavaFX Application Thread] DEBUG application.java.manager.LogManager - Window切替 [setWindowFrame] : TRANSPARENT(透明枠・背景色透明)
2026-03-15 05:46:58 [JavaFX Application Thread] INFO  application.java.manager.LogManager - 画面展開 [setPage] : メニュー画面
2026-03-15 05:50:53 [JavaFX Application Thread] INFO  application.java.manager.LogManager - [SQL操作クラス] ： 非同期処理 スレッドプール作成
2026-03-15 05:50:53 [JavaFX Application Thread] DEBUG application.java.manager.LogManager - [SQL操作クラス] ： 非同期処理 スレッドプール解放
2026-03-15 05:50:53 [JavaFX Application Thread] INFO  application.java.manager.LogManager - 終了処理 : 完了
2026-03-15 05:52:03 [main] INFO  application.java.manager.LogManager - 備品管理システム : 起動
2026-03-15 05:52:03 [JavaFX Application Thread] INFO  application.java.manager.LogManager - 開始処理 : 画面ウィンドウ枠生成
2026-03-15 05:52:03 [JavaFX Application Thread] INFO  application.java.manager.LogManager - [メニュー画面] ： 初期化処理
2026-03-15 05:52:03 [JavaFX Application Thread] DEBUG application.java.manager.LogManager - Window切替 [setWindowFrame] : TRANSPARENT(透明枠・背景色透明)
2026-03-15 05:52:04 [JavaFX Application Thread] INFO  application.java.manager.LogManager - 画面展開 [setPage] : メニュー画面
2026-03-15 05:52:37 [JavaFX Application Thread] INFO  application.java.manager.LogManager - [SQL操作クラス] ： 非同期処理 スレッドプール作成
2026-03-15 05:52:37 [JavaFX Application Thread] DEBUG application.java.manager.LogManager - [SQL操作クラス] ： 非同期処理 スレッドプール解放
2026-03-15 05:52:37 [JavaFX Application Thread] INFO  application.java.manager.LogManager - 終了処理 : 完了
2026-03-15 05:53:14 [main] INFO  application.java.manager.LogManager - 備品管理システム : 起動
2026-03-15 05:53:14 [JavaFX Application Thread] INFO  application.java.manager.LogManager - 開始処理 : 画面ウィンドウ枠生成
2026-03-15 05:53:14 [JavaFX Application Thread] INFO  application.java.manager.LogManager - [メニュー画面] ： 初期化処理
2026-03-15 05:53:14 [JavaFX Application Thread] DEBUG application.java.manager.LogManager - Window切替 [setWindowFrame] : TRANSPARENT(透明枠・背景色透明)
2026-03-15 05:53:15 [JavaFX Application Thread] INFO  application.java.manager.LogManager - 画面展開 [setPage] : メニュー画面
2026-03-15 05:53:42 [JavaFX Application Thread] INFO  application.java.manager.LogManager - [SQL操作クラス] ： 非同期処理 スレッドプール作成
2026-03-15 05:53:42 [JavaFX Application Thread] DEBUG application.java.manager.LogManager - [SQL操作クラス] ： 非同期処理 スレッドプール解放
2026-03-15 05:53:42 [JavaFX Application Thread] INFO  application.java.manager.LogManager - 終了処理 : 完了
2026-03-15 05:57:52 [main] INFO  application.java.manager.LogManager - 備品管理システム : 起動
2026-03-15 05:57:52 [JavaFX Application Thread] INFO  application.java.manager.LogManager - 開始処理 : 画面ウィンドウ枠生成
2026-03-15 05:57:52 [JavaFX Application Thread] INFO  application.java.manager.LogManager - [メニュー画面] ： 初期化処理
2026-03-15 05:57:52 [JavaFX Application Thread] DEBUG application.java.manager.LogManager - Window切替 [setWindowFrame] : TRANSPARENT(透明枠・背景色透明)
2026-03-15 05:57:53 [JavaFX Application Thread] INFO  application.java.manager.LogManager - 画面展開 [setPage] : メニュー画面
2026-03-15 05:58:57 [JavaFX Application Thread] INFO  application.java.manager.LogManager - [SQL操作クラス] ： 非同期処理 スレッドプール作成
2026-03-15 05:58:57 [JavaFX Application Thread] DEBUG application.java.manager.LogManager - [SQL操作クラス] ： 非同期処理 スレッドプール解放
2026-03-15 05:58:57 [JavaFX Application Thread] INFO  application.java.manager.LogManager - 終了処理 : 完了
2026-03-15 05:59:51 [main] INFO  application.java.manager.LogManager - 備品管理システム : 起動
2026-03-15 05:59:51 [JavaFX Application Thread] INFO  application.java.manager.LogManager - 開始処理 : 画面ウィンドウ枠生成
2026-03-15 05:59:51 [JavaFX Application Thread] INFO  application.java.manager.LogManager - [メニュー画面] ： 初期化処理
2026-03-15 05:59:51 [JavaFX Application Thread] DEBUG application.java.manager.LogManager - Window切替 [setWindowFrame] : TRANSPARENT(透明枠・背景色透明)
2026-03-15 05:59:51 [JavaFX Application Thread] INFO  application.java.manager.LogManager - 画面展開 [setPage] : メニュー画面
2026-03-15 06:02:34 [JavaFX Application Thread] INFO  application.java.manager.LogManager - [SQL操作クラス] ： 非同期処理 スレッドプール作成
2026-03-15 06:02:34 [JavaFX Application Thread] DEBUG application.java.manager.LogManager - [SQL操作クラス] ： 非同期処理 スレッドプール解放
2026-03-15 06:02:34 [JavaFX Application Thread] INFO  application.java.manager.LogManager - 終了処理 : 完了
2026-03-15 06:02:40 [main] INFO  application.java.manager.LogManager - 備品管理システム : 起動
2026-03-15 06:02:40 [JavaFX Application Thread] INFO  application.java.manager.LogManager - 開始処理 : 画面ウィンドウ枠生成
2026-03-15 06:02:40 [JavaFX Application Thread] INFO  application.java.manager.LogManager - [メニュー画面] ： 初期化処理
2026-03-15 06:02:40 [JavaFX Application Thread] DEBUG application.java.manager.LogManager - Window切替 [setWindowFrame] : TRANSPARENT(透明枠・背景色透明)
2026-03-15 06:02:41 [JavaFX Application Thread] INFO  application.java.manager.LogManager - 画面展開 [setPage] : メニュー画面
2026-03-15 06:03:17 [JavaFX Application Thread] INFO  application.java.manager.LogManager - [SQL操作クラス] ： 非同期処理 スレッドプール作成
2026-03-15 06:03:17 [JavaFX Application Thread] DEBUG application.java.manager.LogManager - [SQL操作クラス] ： 非同期処理 スレッドプール解放
2026-03-15 06:03:17 [JavaFX Application Thread] INFO  application.java.manager.LogManager - 終了処理 : 完了
2026-03-15 06:03:51 [main] INFO  application.java.manager.LogManager - 備品管理システム : 起動
2026-03-15 06:03:51 [JavaFX Application Thread] INFO  application.java.manager.LogManager - 開始処理 : 画面ウィンドウ枠生成
2026-03-15 06:03:51 [JavaFX Application Thread] INFO  application.java.manager.LogManager - [メニュー画面] ： 初期化処理
2026-03-15 06:03:51 [JavaFX Application Thread] DEBUG application.java.manager.LogManager - Window切替 [setWindowFrame] : TRANSPARENT(透明枠・背景色透明)
2026-03-15 06:03:51 [JavaFX Application Thread] INFO  application.java.manager.LogManager - 画面展開 [setPage] : メニュー画面
2026-03-15 06:05:06 [JavaFX Application Thread] INFO  application.java.manager.LogManager - [SQL操作クラス] ： 非同期処理 スレッドプール作成
2026-03-15 06:05:06 [JavaFX Application Thread] DEBUG application.java.manager.LogManager - [SQL操作クラス] ： 非同期処理 スレッドプール解放
2026-03-15 06:05:06 [JavaFX Application Thread] INFO  application.java.manager.LogManager - 終了処理 : 完了
2026-03-15 06:06:34 [main] INFO  application.java.manager.LogManager - 備品管理システム : 起動
2026-03-15 06:06:34 [JavaFX Application Thread] INFO  application.java.manager.LogManager - 開始処理 : 画面ウィンドウ枠生成
2026-03-15 06:06:34 [JavaFX Application Thread] INFO  application.java.manager.LogManager - [メニュー画面] ： 初期化処理
2026-03-15 06:06:34 [JavaFX Application Thread] DEBUG application.java.manager.LogManager - Window切替 [setWindowFrame] : TRANSPARENT(透明枠・背景色透明)
2026-03-15 06:06:35 [JavaFX Application Thread] INFO  application.java.manager.LogManager - 画面展開 [setPage] : メニュー画面
2026-03-15 06:07:55 [JavaFX Application Thread] INFO  application.java.manager.LogManager - [SQL操作クラス] ： 非同期処理 スレッドプール作成
2026-03-15 06:07:55 [JavaFX Application Thread] DEBUG application.java.manager.LogManager - [SQL操作クラス] ： 非同期処理 スレッドプール解放
2026-03-15 06:07:55 [JavaFX Application Thread] INFO  application.java.manager.LogManager - 終了処理 : 完了
2026-03-15 06:08:01 [main] INFO  application.java.manager.LogManager - 備品管理システム : 起動
2026-03-15 06:08:01 [JavaFX Application Thread] INFO  application.java.manager.LogManager - 開始処理 : 画面ウィンドウ枠生成
2026-03-15 06:08:01 [JavaFX Application Thread] INFO  application.java.manager.LogManager - [メニュー画面] ： 初期化処理
2026-03-15 06:08:01 [JavaFX Application Thread] DEBUG application.java.manager.LogManager - Window切替 [setWindowFrame] : TRANSPARENT(透明枠・背景色透明)
2026-03-15 06:08:01 [JavaFX Application Thread] INFO  application.java.manager.LogManager - 画面展開 [setPage] : メニュー画面
2026-03-15 06:10:22 [JavaFX Application Thread] INFO  application.java.manager.LogManager - [SQL操作クラス] ： 非同期処理 スレッドプール作成
2026-03-15 06:10:22 [JavaFX Application Thread] DEBUG application.java.manager.LogManager - [SQL操作クラス] ： 非同期処理 スレッドプール解放
2026-03-15 06:10:22 [JavaFX Application Thread] INFO  application.java.manager.LogManager - 終了処理 : 完了
2026-03-15 06:10:29 [main] INFO  application.java.manager.LogManager - 備品管理システム : 起動
2026-03-15 06:10:29 [JavaFX Application Thread] INFO  application.java.manager.LogManager - 開始処理 : 画面ウィンドウ枠生成
2026-03-15 06:10:29 [JavaFX Application Thread] INFO  application.java.manager.LogManager - [メニュー画面] ： 初期化処理
2026-03-15 06:10:29 [JavaFX Application Thread] DEBUG application.java.manager.LogManager - Window切替 [setWindowFrame] : TRANSPARENT(透明枠・背景色透明)
2026-03-15 06:10:29 [JavaFX Application Thread] INFO  application.java.manager.LogManager - 画面展開 [setPage] : メニュー画面
2026-03-15 06:11:12 [JavaFX Application Thread] INFO  application.java.manager.LogManager - [SQL操作クラス] ： 非同期処理 スレッドプール作成
2026-03-15 06:11:12 [JavaFX Application Thread] DEBUG application.java.manager.LogManager - [SQL操作クラス] ： 非同期処理 スレッドプール解放
2026-03-15 06:11:12 [JavaFX Application Thread] INFO  application.java.manager.LogManager - 終了処理 : 完了
2026-03-15 06:11:47 [main] INFO  application.java.manager.LogManager - 備品管理システム : 起動
2026-03-15 06:11:47 [JavaFX Application Thread] INFO  application.java.manager.LogManager - 開始処理 : 画面ウィンドウ枠生成
2026-03-15 06:11:47 [JavaFX Application Thread] INFO  application.java.manager.LogManager - [メニュー画面] ： 初期化処理
2026-03-15 06:11:47 [JavaFX Application Thread] DEBUG application.java.manager.LogManager - Window切替 [setWindowFrame] : TRANSPARENT(透明枠・背景色透明)
2026-03-15 06:11:48 [JavaFX Application Thread] INFO  application.java.manager.LogManager - 画面展開 [setPage] : メニュー画面
2026-03-15 06:12:08 [JavaFX Application Thread] INFO  application.java.manager.LogManager - [SQL操作クラス] ： 非同期処理 スレッドプール作成
2026-03-15 06:12:08 [JavaFX Application Thread] DEBUG application.java.manager.LogManager - [SQL操作クラス] ： 非同期処理 スレッドプール解放
2026-03-15 06:12:08 [JavaFX Application Thread] INFO  application.java.manager.LogManager - 終了処理 : 完了
2026-03-15 06:12:41 [main] INFO  application.java.manager.LogManager - 備品管理システム : 起動
2026-03-15 06:12:41 [JavaFX Application Thread] INFO  application.java.manager.LogManager - 開始処理 : 画面ウィンドウ枠生成
2026-03-15 06:12:41 [JavaFX Application Thread] INFO  application.java.manager.LogManager - [メニュー画面] ： 初期化処理
2026-03-15 06:12:41 [JavaFX Application Thread] DEBUG application.java.manager.LogManager - Window切替 [setWindowFrame] : TRANSPARENT(透明枠・背景色透明)
2026-03-15 06:12:41 [JavaFX Application Thread] INFO  application.java.manager.LogManager - 画面展開 [setPage] : メニュー画面
2026-03-15 06:13:06 [JavaFX Application Thread] INFO  application.java.manager.LogManager - [SQL操作クラス] ： 非同期処理 スレッドプール作成
2026-03-15 06:13:06 [JavaFX Application Thread] DEBUG application.java.manager.LogManager - [SQL操作クラス] ： 非同期処理 スレッドプール解放
2026-03-15 06:13:06 [JavaFX Application Thread] INFO  application.java.manager.LogManager - 終了処理 : 完了
2026-03-15 06:13:29 [main] INFO  application.java.manager.LogManager - 備品管理システム : 起動
2026-03-15 06:13:29 [JavaFX Application Thread] INFO  application.java.manager.LogManager - 開始処理 : 画面ウィンドウ枠生成
2026-03-15 06:13:29 [JavaFX Application Thread] INFO  application.java.manager.LogManager - [メニュー画面] ： 初期化処理
2026-03-15 06:13:29 [JavaFX Application Thread] DEBUG application.java.manager.LogManager - Window切替 [setWindowFrame] : TRANSPARENT(透明枠・背景色透明)
2026-03-15 06:13:29 [JavaFX Application Thread] INFO  application.java.manager.LogManager - 画面展開 [setPage] : メニュー画面
2026-03-15 06:17:27 [JavaFX Application Thread] INFO  application.java.manager.LogManager - [SQL操作クラス] ： 非同期処理 スレッドプール作成
2026-03-15 06:17:27 [JavaFX Application Thread] DEBUG application.java.manager.LogManager - [SQL操作クラス] ： 非同期処理 スレッドプール解放
2026-03-15 06:17:27 [JavaFX Application Thread] INFO  application.java.manager.LogManager - 終了処理 : 完了
2026-03-15 06:17:33 [main] INFO  application.java.manager.LogManager - 備品管理システム : 起動
2026-03-15 06:17:33 [JavaFX Application Thread] INFO  application.java.manager.LogManager - 開始処理 : 画面ウィンドウ枠生成
2026-03-15 06:17:33 [JavaFX Application Thread] INFO  application.java.manager.LogManager - [メニュー画面] ： 初期化処理
2026-03-15 06:17:33 [JavaFX Application Thread] DEBUG application.java.manager.LogManager - Window切替 [setWindowFrame] : TRANSPARENT(透明枠・背景色透明)
2026-03-15 06:17:33 [JavaFX Application Thread] INFO  application.java.manager.LogManager - 画面展開 [setPage] : メニュー画面
2026-03-15 06:46:28 [main] INFO  application.java.manager.LogManager - 備品管理システム : 起動
2026-03-15 06:46:28 [JavaFX Application Thread] INFO  application.java.manager.LogManager - 開始処理 : 画面ウィンドウ枠生成
2026-03-15 06:46:28 [JavaFX Application Thread] INFO  application.java.manager.LogManager - [メニュー画面] ： 初期化処理
2026-03-15 06:46:28 [JavaFX Application Thread] DEBUG application.java.manager.LogManager - Window切替 [setWindowFrame] : TRANSPARENT(透明枠・背景色透明)
2026-03-15 06:46:29 [JavaFX Application Thread] INFO  application.java.manager.LogManager - 画面展開 [setPage] : メニュー画面
2026-03-15 06:47:04 [JavaFX Application Thread] INFO  application.java.manager.LogManager - [SQL操作クラス] ： 非同期処理 スレッドプール作成
2026-03-15 06:47:04 [JavaFX Application Thread] DEBUG application.java.manager.LogManager - [SQL操作クラス] ： 非同期処理 スレッドプール解放
2026-03-15 06:47:04 [JavaFX Application Thread] INFO  application.java.manager.LogManager - 終了処理 : 完了
2026-03-15 06:47:08 [main] INFO  application.java.manager.LogManager - 備品管理システム : 起動
2026-03-15 06:47:08 [JavaFX Application Thread] INFO  application.java.manager.LogManager - 開始処理 : 画面ウィンドウ枠生成
2026-03-15 06:47:08 [JavaFX Application Thread] INFO  application.java.manager.LogManager - [メニュー画面] ： 初期化処理
2026-03-15 06:47:08 [JavaFX Application Thread] DEBUG application.java.manager.LogManager - Window切替 [setWindowFrame] : TRANSPARENT(透明枠・背景色透明)
2026-03-15 06:47:08 [JavaFX Application Thread] INFO  application.java.manager.LogManager - 画面展開 [setPage] : メニュー画面
2026-03-15 06:47:22 [JavaFX Application Thread] INFO  application.java.manager.LogManager - [SQL操作クラス] ： 非同期処理 スレッドプール作成
2026-03-15 06:47:22 [JavaFX Application Thread] DEBUG application.java.manager.LogManager - [SQL操作クラス] ： 非同期処理 スレッドプール解放
2026-03-15 06:47:22 [JavaFX Application Thread] INFO  application.java.manager.LogManager - 終了処理 : 完了
2026-03-15 06:47:28 [main] INFO  application.java.manager.LogManager - 備品管理システム : 起動
2026-03-15 06:47:28 [JavaFX Application Thread] INFO  application.java.manager.LogManager - 開始処理 : 画面ウィンドウ枠生成
2026-03-15 06:47:28 [JavaFX Application Thread] INFO  application.java.manager.LogManager - [メニュー画面] ： 初期化処理
2026-03-15 06:47:28 [JavaFX Application Thread] DEBUG application.java.manager.LogManager - Window切替 [setWindowFrame] : TRANSPARENT(透明枠・背景色透明)
2026-03-15 06:47:28 [JavaFX Application Thread] INFO  application.java.manager.LogManager - 画面展開 [setPage] : メニュー画面
2026-03-15 06:47:42 [JavaFX Application Thread] INFO  application.java.manager.LogManager - [SQL操作クラス] ： 非同期処理 スレッドプール作成
2026-03-15 06:47:42 [JavaFX Application Thread] DEBUG application.java.manager.LogManager - [SQL操作クラス] ： 非同期処理 スレッドプール解放
2026-03-15 06:47:42 [JavaFX Application Thread] INFO  application.java.manager.LogManager - 終了処理 : 完了
2026-03-15 06:52:11 [main] INFO  application.java.manager.LogManager - 備品管理システム : 起動
2026-03-15 06:52:11 [JavaFX Application Thread] INFO  application.java.manager.LogManager - 開始処理 : 画面ウィンドウ枠生成
2026-03-15 06:52:11 [JavaFX Application Thread] INFO  application.java.manager.LogManager - [メニュー画面] ： 初期化処理
2026-03-15 06:52:11 [JavaFX Application Thread] DEBUG application.java.manager.LogManager - Window切替 [setWindowFrame] : TRANSPARENT(透明枠・背景色透明)
2026-03-15 06:52:12 [JavaFX Application Thread] INFO  application.java.manager.LogManager - 画面展開 [setPage] : メニュー画面
2026-03-15 06:52:29 [JavaFX Application Thread] INFO  application.java.manager.LogManager - [SQL操作クラス] ： 非同期処理 スレッドプール作成
2026-03-15 06:52:29 [JavaFX Application Thread] DEBUG application.java.manager.LogManager - [SQL操作クラス] ： 非同期処理 スレッドプール解放
2026-03-15 06:52:29 [JavaFX Application Thread] INFO  application.java.manager.LogManager - 終了処理 : 完了
2026-03-15 06:55:08 [main] INFO  application.java.manager.LogManager - 備品管理システム : 起動
2026-03-15 06:55:08 [JavaFX Application Thread] INFO  application.java.manager.LogManager - 開始処理 : 画面ウィンドウ枠生成
2026-03-15 06:55:08 [JavaFX Application Thread] INFO  application.java.manager.LogManager - [メニュー画面] ： 初期化処理
2026-03-15 06:55:08 [JavaFX Application Thread] DEBUG application.java.manager.LogManager - Window切替 [setWindowFrame] : TRANSPARENT(透明枠・背景色透明)
2026-03-15 06:55:09 [JavaFX Application Thread] INFO  application.java.manager.LogManager - 画面展開 [setPage] : メニュー画面
2026-03-15 06:55:21 [JavaFX Application Thread] INFO  application.java.manager.LogManager - [SQL操作クラス] ： 非同期処理 スレッドプール作成
2026-03-15 06:55:21 [JavaFX Application Thread] DEBUG application.java.manager.LogManager - [SQL操作クラス] ： 非同期処理 スレッドプール解放
2026-03-15 06:55:21 [JavaFX Application Thread] INFO  application.java.manager.LogManager - 終了処理 : 完了
2026-03-15 07:06:07 [main] INFO  application.java.manager.LogManager - 備品管理システム : 起動
2026-03-15 07:06:07 [JavaFX Application Thread] INFO  application.java.manager.LogManager - 開始処理 : 画面ウィンドウ枠生成
2026-03-15 07:06:07 [JavaFX Application Thread] INFO  application.java.manager.LogManager - [メニュー画面] ： 初期化処理
2026-03-15 07:06:07 [JavaFX Application Thread] DEBUG application.java.manager.LogManager - Window切替 [setWindowFrame] : TRANSPARENT(透明枠・背景色透明)
2026-03-15 07:06:08 [JavaFX Application Thread] INFO  application.java.manager.LogManager - 画面展開 [setPage] : メニュー画面
2026-03-15 07:06:16 [JavaFX Application Thread] INFO  application.java.manager.LogManager - [SQL操作クラス] ： 非同期処理 スレッドプール作成
2026-03-15 07:06:16 [JavaFX Application Thread] DEBUG application.java.manager.LogManager - [SQL操作クラス] ： 非同期処理 スレッドプール解放
2026-03-15 07:06:16 [JavaFX Application Thread] INFO  application.java.manager.LogManager - 終了処理 : 完了
2026-03-15 07:07:10 [main] INFO  application.java.manager.LogManager - 備品管理システム : 起動
2026-03-15 07:07:10 [JavaFX Application Thread] INFO  application.java.manager.LogManager - 開始処理 : 画面ウィンドウ枠生成
2026-03-15 07:07:10 [JavaFX Application Thread] INFO  application.java.manager.LogManager - [メニュー画面] ： 初期化処理
2026-03-15 07:07:10 [JavaFX Application Thread] DEBUG application.java.manager.LogManager - Window切替 [setWindowFrame] : TRANSPARENT(透明枠・背景色透明)
2026-03-15 07:07:11 [JavaFX Application Thread] INFO  application.java.manager.LogManager - 画面展開 [setPage] : メニュー画面
2026-03-15 07:07:19 [JavaFX Application Thread] INFO  application.java.manager.LogManager - [SQL操作クラス] ： 非同期処理 スレッドプール作成
2026-03-15 07:07:19 [JavaFX Application Thread] DEBUG application.java.manager.LogManager - [SQL操作クラス] ： 非同期処理 スレッドプール解放
2026-03-15 07:07:19 [JavaFX Application Thread] INFO  application.java.manager.LogManager - 終了処理 : 完了
2026-03-15 07:09:14 [main] INFO  application.java.manager.LogManager - 備品管理システム : 起動
2026-03-15 07:09:14 [JavaFX Application Thread] INFO  application.java.manager.LogManager - 開始処理 : 画面ウィンドウ枠生成
2026-03-15 07:09:14 [JavaFX Application Thread] INFO  application.java.manager.LogManager - [メニュー画面] ： 初期化処理
2026-03-15 07:09:14 [JavaFX Application Thread] DEBUG application.java.manager.LogManager - Window切替 [setWindowFrame] : TRANSPARENT(透明枠・背景色透明)
2026-03-15 07:09:15 [JavaFX Application Thread] INFO  application.java.manager.LogManager - 画面展開 [setPage] : メニュー画面
2026-03-15 07:09:22 [JavaFX Application Thread] INFO  application.java.manager.LogManager - [SQL操作クラス] ： 非同期処理 スレッドプール作成
2026-03-15 07:09:22 [JavaFX Application Thread] DEBUG application.java.manager.LogManager - [SQL操作クラス] ： 非同期処理 スレッドプール解放
2026-03-15 07:09:22 [JavaFX Application Thread] INFO  application.java.manager.LogManager - 終了処理 : 完了
2026-03-15 07:09:47 [main] INFO  application.java.manager.LogManager - 備品管理システム : 起動
2026-03-15 07:09:47 [JavaFX Application Thread] INFO  application.java.manager.LogManager - 開始処理 : 画面ウィンドウ枠生成
2026-03-15 07:09:47 [JavaFX Application Thread] INFO  application.java.manager.LogManager - [メニュー画面] ： 初期化処理
2026-03-15 07:09:47 [JavaFX Application Thread] DEBUG application.java.manager.LogManager - Window切替 [setWindowFrame] : TRANSPARENT(透明枠・背景色透明)
2026-03-15 07:09:48 [JavaFX Application Thread] INFO  application.java.manager.LogManager - 画面展開 [setPage] : メニュー画面
2026-03-15 07:09:55 [JavaFX Application Thread] INFO  application.java.manager.LogManager - [SQL操作クラス] ： 非同期処理 スレッドプール作成
2026-03-15 07:09:55 [JavaFX Application Thread] DEBUG application.java.manager.LogManager - [SQL操作クラス] ： 非同期処理 スレッドプール解放
2026-03-15 07:09:55 [JavaFX Application Thread] INFO  application.java.manager.LogManager - 終了処理 : 完了
2026-03-15 07:10:21 [main] INFO  application.java.manager.LogManager - 備品管理システム : 起動
2026-03-15 07:10:21 [JavaFX Application Thread] INFO  application.java.manager.LogManager - 開始処理 : 画面ウィンドウ枠生成
2026-03-15 07:10:21 [JavaFX Application Thread] INFO  application.java.manager.LogManager - [メニュー画面] ： 初期化処理
2026-03-15 07:10:21 [JavaFX Application Thread] DEBUG application.java.manager.LogManager - Window切替 [setWindowFrame] : TRANSPARENT(透明枠・背景色透明)
2026-03-15 07:10:22 [JavaFX Application Thread] INFO  application.java.manager.LogManager - 画面展開 [setPage] : メニュー画面
2026-03-15 07:10:40 [JavaFX Application Thread] INFO  application.java.manager.LogManager - [SQL操作クラス] ： 非同期処理 スレッドプール作成
2026-03-15 07:10:40 [JavaFX Application Thread] DEBUG application.java.manager.LogManager - [SQL操作クラス] ： 非同期処理 スレッドプール解放
2026-03-15 07:10:40 [JavaFX Application Thread] INFO  application.java.manager.LogManager - 終了処理 : 完了
2026-03-15 07:14:29 [main] INFO  application.java.manager.LogManager - 備品管理システム : 起動
2026-03-15 07:14:29 [JavaFX Application Thread] INFO  application.java.manager.LogManager - 開始処理 : 画面ウィンドウ枠生成
2026-03-15 07:14:29 [JavaFX Application Thread] INFO  application.java.manager.LogManager - [メニュー画面] ： 初期化処理
2026-03-15 07:14:29 [JavaFX Application Thread] DEBUG application.java.manager.LogManager - Window切替 [setWindowFrame] : TRANSPARENT(透明枠・背景色透明)
2026-03-15 07:14:30 [JavaFX Application Thread] INFO  application.java.manager.LogManager - 画面展開 [setPage] : メニュー画面
2026-03-15 07:14:39 [JavaFX Application Thread] INFO  application.java.manager.LogManager - [SQL操作クラス] ： 非同期処理 スレッドプール作成
2026-03-15 07:14:39 [JavaFX Application Thread] DEBUG application.java.manager.LogManager - [SQL操作クラス] ： 非同期処理 スレッドプール解放
2026-03-15 07:14:39 [JavaFX Application Thread] INFO  application.java.manager.LogManager - 終了処理 : 完了
2026-03-15 07:15:09 [main] INFO  application.java.manager.LogManager - 備品管理システム : 起動
2026-03-15 07:15:09 [JavaFX Application Thread] INFO  application.java.manager.LogManager - 開始処理 : 画面ウィンドウ枠生成
2026-03-15 07:15:09 [JavaFX Application Thread] INFO  application.java.manager.LogManager - [メニュー画面] ： 初期化処理
2026-03-15 07:15:09 [JavaFX Application Thread] DEBUG application.java.manager.LogManager - Window切替 [setWindowFrame] : TRANSPARENT(透明枠・背景色透明)
2026-03-15 07:15:09 [JavaFX Application Thread] INFO  application.java.manager.LogManager - 画面展開 [setPage] : メニュー画面
2026-03-15 07:15:24 [JavaFX Application Thread] INFO  application.java.manager.LogManager - [SQL操作クラス] ： 非同期処理 スレッドプール作成
2026-03-15 07:15:24 [JavaFX Application Thread] DEBUG application.java.manager.LogManager - [SQL操作クラス] ： 非同期処理 スレッドプール解放
2026-03-15 07:15:24 [JavaFX Application Thread] INFO  application.java.manager.LogManager - 終了処理 : 完了
2026-03-15 07:18:01 [main] INFO  application.java.manager.LogManager - 備品管理システム : 起動
2026-03-15 07:18:01 [JavaFX Application Thread] INFO  application.java.manager.LogManager - 開始処理 : 画面ウィンドウ枠生成
2026-03-15 07:18:01 [JavaFX Application Thread] INFO  application.java.manager.LogManager - [メニュー画面] ： 初期化処理
2026-03-15 07:18:01 [JavaFX Application Thread] DEBUG application.java.manager.LogManager - Window切替 [setWindowFrame] : TRANSPARENT(透明枠・背景色透明)
2026-03-15 07:18:02 [JavaFX Application Thread] INFO  application.java.manager.LogManager - 画面展開 [setPage] : メニュー画面
2026-03-15 07:18:11 [JavaFX Application Thread] INFO  application.java.manager.LogManager - [SQL操作クラス] ： 非同期処理 スレッドプール作成
2026-03-15 07:18:11 [JavaFX Application Thread] DEBUG application.java.manager.LogManager - [SQL操作クラス] ： 非同期処理 スレッドプール解放
2026-03-15 07:18:11 [JavaFX Application Thread] INFO  application.java.manager.LogManager - 終了処理 : 完了
2026-03-15 07:20:18 [main] INFO  application.java.manager.LogManager - 備品管理システム : 起動
2026-03-15 07:20:18 [JavaFX Application Thread] INFO  application.java.manager.LogManager - 開始処理 : 画面ウィンドウ枠生成
2026-03-15 07:20:18 [JavaFX Application Thread] INFO  application.java.manager.LogManager - [メニュー画面] ： 初期化処理
2026-03-15 07:20:18 [JavaFX Application Thread] DEBUG application.java.manager.LogManager - Window切替 [setWindowFrame] : TRANSPARENT(透明枠・背景色透明)
2026-03-15 07:20:19 [JavaFX Application Thread] INFO  application.java.manager.LogManager - 画面展開 [setPage] : メニュー画面
2026-03-15 07:20:37 [JavaFX Application Thread] INFO  application.java.manager.LogManager - [SQL操作クラス] ： 非同期処理 スレッドプール作成
2026-03-15 07:20:37 [JavaFX Application Thread] DEBUG application.java.manager.LogManager - [SQL操作クラス] ： 非同期処理 スレッドプール解放
2026-03-15 07:20:37 [JavaFX Application Thread] INFO  application.java.manager.LogManager - 終了処理 : 完了
2026-03-15 07:25:04 [main] INFO  application.java.manager.LogManager - 備品管理システム : 起動
2026-03-15 07:25:04 [JavaFX Application Thread] INFO  application.java.manager.LogManager - 開始処理 : 画面ウィンドウ枠生成
2026-03-15 07:25:04 [JavaFX Application Thread] INFO  application.java.manager.LogManager - [メニュー画面] ： 初期化処理
2026-03-15 07:25:04 [JavaFX Application Thread] DEBUG application.java.manager.LogManager - Window切替 [setWindowFrame] : TRANSPARENT(透明枠・背景色透明)
2026-03-15 07:25:04 [JavaFX Application Thread] INFO  application.java.manager.LogManager - 画面展開 [setPage] : メニュー画面
2026-03-15 07:25:20 [JavaFX Application Thread] INFO  application.java.manager.LogManager - [SQL操作クラス] ： 非同期処理 スレッドプール作成
2026-03-15 07:25:20 [JavaFX Application Thread] DEBUG application.java.manager.LogManager - [SQL操作クラス] ： 非同期処理 スレッドプール解放
2026-03-15 07:25:20 [JavaFX Application Thread] INFO  application.java.manager.LogManager - 終了処理 : 完了
2026-03-15 07:26:00 [main] INFO  application.java.manager.LogManager - 備品管理システム : 起動
2026-03-15 07:26:00 [JavaFX Application Thread] INFO  application.java.manager.LogManager - 開始処理 : 画面ウィンドウ枠生成
2026-03-15 07:26:00 [JavaFX Application Thread] INFO  application.java.manager.LogManager - [メニュー画面] ： 初期化処理
2026-03-15 07:26:00 [JavaFX Application Thread] DEBUG application.java.manager.LogManager - Window切替 [setWindowFrame] : TRANSPARENT(透明枠・背景色透明)
2026-03-15 07:26:01 [JavaFX Application Thread] INFO  application.java.manager.LogManager - 画面展開 [setPage] : メニュー画面
2026-03-15 07:26:05 [JavaFX Application Thread] INFO  application.java.manager.LogManager - [SQL操作クラス] ： 非同期処理 スレッドプール作成
2026-03-15 07:26:05 [JavaFX Application Thread] DEBUG application.java.manager.LogManager - [SQL操作クラス] ： 非同期処理 スレッドプール解放
2026-03-15 07:26:05 [JavaFX Application Thread] INFO  application.java.manager.LogManager - 終了処理 : 完了
2026-03-15 07:28:00 [main] INFO  application.java.manager.LogManager - 備品管理システム : 起動
2026-03-15 07:28:00 [JavaFX Application Thread] INFO  application.java.manager.LogManager - 開始処理 : 画面ウィンドウ枠生成
2026-03-15 07:28:00 [JavaFX Application Thread] INFO  application.java.manager.LogManager - [メニュー画面] ： 初期化処理
2026-03-15 07:28:00 [JavaFX Application Thread] DEBUG application.java.manager.LogManager - Window切替 [setWindowFrame] : TRANSPARENT(透明枠・背景色透明)
2026-03-15 07:28:00 [JavaFX Application Thread] INFO  application.java.manager.LogManager - 画面展開 [setPage] : メニュー画面
2026-03-15 07:28:44 [JavaFX Application Thread] INFO  application.java.manager.LogManager - [SQL操作クラス] ： 非同期処理 スレッドプール作成
2026-03-15 07:28:44 [JavaFX Application Thread] DEBUG application.java.manager.LogManager - [SQL操作クラス] ： 非同期処理 スレッドプール解放
2026-03-15 07:28:44 [JavaFX Application Thread] INFO  application.java.manager.LogManager - 終了処理 : 完了
2026-03-15 07:29:51 [main] INFO  application.java.manager.LogManager - 備品管理システム : 起動
2026-03-15 07:29:51 [JavaFX Application Thread] INFO  application.java.manager.LogManager - 開始処理 : 画面ウィンドウ枠生成
2026-03-15 07:29:51 [JavaFX Application Thread] INFO  application.java.manager.LogManager - [メニュー画面] ： 初期化処理
2026-03-15 07:29:51 [JavaFX Application Thread] DEBUG application.java.manager.LogManager - Window切替 [setWindowFrame] : TRANSPARENT(透明枠・背景色透明)
2026-03-15 07:29:51 [JavaFX Application Thread] INFO  application.java.manager.LogManager - 画面展開 [setPage] : メニュー画面
2026-03-15 07:30:36 [JavaFX Application Thread] INFO  application.java.manager.LogManager - [SQL操作クラス] ： 非同期処理 スレッドプール作成
2026-03-15 07:30:36 [JavaFX Application Thread] DEBUG application.java.manager.LogManager - [SQL操作クラス] ： 非同期処理 スレッドプール解放
2026-03-15 07:30:36 [JavaFX Application Thread] INFO  application.java.manager.LogManager - 終了処理 : 完了
2026-03-15 07:30:44 [main] INFO  application.java.manager.LogManager - 備品管理システム : 起動
2026-03-15 07:30:44 [JavaFX Application Thread] INFO  application.java.manager.LogManager - 開始処理 : 画面ウィンドウ枠生成
2026-03-15 07:30:44 [JavaFX Application Thread] INFO  application.java.manager.LogManager - [メニュー画面] ： 初期化処理
2026-03-15 07:30:44 [JavaFX Application Thread] DEBUG application.java.manager.LogManager - Window切替 [setWindowFrame] : TRANSPARENT(透明枠・背景色透明)
2026-03-15 07:30:45 [JavaFX Application Thread] INFO  application.java.manager.LogManager - 画面展開 [setPage] : メニュー画面
2026-03-15 07:32:14 [JavaFX Application Thread] INFO  application.java.manager.LogManager - [SQL操作クラス] ： 非同期処理 スレッドプール作成
2026-03-15 07:32:14 [JavaFX Application Thread] DEBUG application.java.manager.LogManager - [SQL操作クラス] ： 非同期処理 スレッドプール解放
2026-03-15 07:32:14 [JavaFX Application Thread] INFO  application.java.manager.LogManager - 終了処理 : 完了
2026-03-15 07:34:59 [main] INFO  application.java.manager.LogManager - 備品管理システム : 起動
2026-03-15 07:34:59 [JavaFX Application Thread] INFO  application.java.manager.LogManager - 開始処理 : 画面ウィンドウ枠生成
2026-03-15 07:34:59 [JavaFX Application Thread] INFO  application.java.manager.LogManager - [メニュー画面] ： 初期化処理
2026-03-15 07:34:59 [JavaFX Application Thread] DEBUG application.java.manager.LogManager - Window切替 [setWindowFrame] : TRANSPARENT(透明枠・背景色透明)
2026-03-15 07:34:59 [JavaFX Application Thread] INFO  application.java.manager.LogManager - 画面展開 [setPage] : メニュー画面
2026-03-15 07:35:06 [JavaFX Application Thread] INFO  application.java.manager.LogManager - [SQL操作クラス] ： 非同期処理 スレッドプール作成
2026-03-15 07:35:06 [JavaFX Application Thread] DEBUG application.java.manager.LogManager - [SQL操作クラス] ： 非同期処理 スレッドプール解放
2026-03-15 07:35:06 [JavaFX Application Thread] INFO  application.java.manager.LogManager - 終了処理 : 完了
2026-03-15 07:40:07 [main] INFO  application.java.manager.LogManager - 備品管理システム : 起動
2026-03-15 07:40:07 [JavaFX Application Thread] INFO  application.java.manager.LogManager - 開始処理 : 画面ウィンドウ枠生成
2026-03-15 07:40:07 [JavaFX Application Thread] INFO  application.java.manager.LogManager - [メニュー画面] ： 初期化処理
2026-03-15 07:40:07 [JavaFX Application Thread] DEBUG application.java.manager.LogManager - Window切替 [setWindowFrame] : TRANSPARENT(透明枠・背景色透明)
2026-03-15 07:40:08 [JavaFX Application Thread] INFO  application.java.manager.LogManager - 画面展開 [setPage] : メニュー画面
2026-03-15 07:41:51 [JavaFX Application Thread] INFO  application.java.manager.LogManager - [SQL操作クラス] ： 非同期処理 スレッドプール作成
2026-03-15 07:41:51 [JavaFX Application Thread] DEBUG application.java.manager.LogManager - [SQL操作クラス] ： 非同期処理 スレッドプール解放
2026-03-15 07:41:51 [JavaFX Application Thread] INFO  application.java.manager.LogManager - 終了処理 : 完了
2026-03-15 07:41:54 [main] INFO  application.java.manager.LogManager - 備品管理システム : 起動
2026-03-15 07:41:54 [JavaFX Application Thread] INFO  application.java.manager.LogManager - 開始処理 : 画面ウィンドウ枠生成
2026-03-15 07:41:54 [JavaFX Application Thread] INFO  application.java.manager.LogManager - [メニュー画面] ： 初期化処理
2026-03-15 07:41:54 [JavaFX Application Thread] DEBUG application.java.manager.LogManager - Window切替 [setWindowFrame] : TRANSPARENT(透明枠・背景色透明)
2026-03-15 07:41:55 [JavaFX Application Thread] INFO  application.java.manager.LogManager - 画面展開 [setPage] : メニュー画面
2026-03-15 07:42:26 [JavaFX Application Thread] INFO  application.java.manager.LogManager - [SQL操作クラス] ： 非同期処理 スレッドプール作成
2026-03-15 07:42:26 [JavaFX Application Thread] DEBUG application.java.manager.LogManager - [SQL操作クラス] ： 非同期処理 スレッドプール解放
2026-03-15 07:42:26 [JavaFX Application Thread] INFO  application.java.manager.LogManager - 終了処理 : 完了
2026-03-15 07:42:54 [main] INFO  application.java.manager.LogManager - 備品管理システム : 起動
2026-03-15 07:42:54 [JavaFX Application Thread] INFO  application.java.manager.LogManager - 開始処理 : 画面ウィンドウ枠生成
2026-03-15 07:42:54 [JavaFX Application Thread] INFO  application.java.manager.LogManager - [メニュー画面] ： 初期化処理
2026-03-15 07:42:54 [JavaFX Application Thread] DEBUG application.java.manager.LogManager - Window切替 [setWindowFrame] : TRANSPARENT(透明枠・背景色透明)
2026-03-15 07:42:54 [JavaFX Application Thread] INFO  application.java.manager.LogManager - 画面展開 [setPage] : メニュー画面
2026-03-15 07:43:07 [JavaFX Application Thread] INFO  application.java.manager.LogManager - [SQL操作クラス] ： 非同期処理 スレッドプール作成
2026-03-15 07:43:07 [JavaFX Application Thread] DEBUG application.java.manager.LogManager - [SQL操作クラス] ： 非同期処理 スレッドプール解放
2026-03-15 07:43:07 [JavaFX Application Thread] INFO  application.java.manager.LogManager - 終了処理 : 完了
2026-03-15 07:43:23 [main] INFO  application.java.manager.LogManager - 備品管理システム : 起動
2026-03-15 07:43:23 [JavaFX Application Thread] INFO  application.java.manager.LogManager - 開始処理 : 画面ウィンドウ枠生成
2026-03-15 07:43:23 [JavaFX Application Thread] INFO  application.java.manager.LogManager - [メニュー画面] ： 初期化処理
2026-03-15 07:43:23 [JavaFX Application Thread] DEBUG application.java.manager.LogManager - Window切替 [setWindowFrame] : TRANSPARENT(透明枠・背景色透明)
2026-03-15 07:43:23 [JavaFX Application Thread] INFO  application.java.manager.LogManager - 画面展開 [setPage] : メニュー画面
2026-03-15 07:43:41 [JavaFX Application Thread] INFO  application.java.manager.LogManager - [SQL操作クラス] ： 非同期処理 スレッドプール作成
2026-03-15 07:43:41 [JavaFX Application Thread] DEBUG application.java.manager.LogManager - [SQL操作クラス] ： 非同期処理 スレッドプール解放
2026-03-15 07:43:41 [JavaFX Application Thread] INFO  application.java.manager.LogManager - 終了処理 : 完了
2026-03-15 07:43:51 [main] INFO  application.java.manager.LogManager - 備品管理システム : 起動
2026-03-15 07:43:51 [JavaFX Application Thread] INFO  application.java.manager.LogManager - 開始処理 : 画面ウィンドウ枠生成
2026-03-15 07:43:51 [JavaFX Application Thread] INFO  application.java.manager.LogManager - [メニュー画面] ： 初期化処理
2026-03-15 07:43:51 [JavaFX Application Thread] DEBUG application.java.manager.LogManager - Window切替 [setWindowFrame] : TRANSPARENT(透明枠・背景色透明)
2026-03-15 07:43:52 [JavaFX Application Thread] INFO  application.java.manager.LogManager - 画面展開 [setPage] : メニュー画面
2026-03-15 07:44:19 [JavaFX Application Thread] INFO  application.java.manager.LogManager - [SQL操作クラス] ： 非同期処理 スレッドプール作成
2026-03-15 07:44:19 [JavaFX Application Thread] DEBUG application.java.manager.LogManager - [SQL操作クラス] ： 非同期処理 スレッドプール解放
2026-03-15 07:44:19 [JavaFX Application Thread] INFO  application.java.manager.LogManager - 終了処理 : 完了
2026-03-15 07:44:51 [main] INFO  application.java.manager.LogManager - 備品管理システム : 起動
2026-03-15 07:44:51 [JavaFX Application Thread] INFO  application.java.manager.LogManager - 開始処理 : 画面ウィンドウ枠生成
2026-03-15 07:44:51 [JavaFX Application Thread] INFO  application.java.manager.LogManager - [メニュー画面] ： 初期化処理
2026-03-15 07:44:51 [JavaFX Application Thread] DEBUG application.java.manager.LogManager - Window切替 [setWindowFrame] : TRANSPARENT(透明枠・背景色透明)
2026-03-15 07:44:51 [JavaFX Application Thread] INFO  application.java.manager.LogManager - 画面展開 [setPage] : メニュー画面
2026-03-15 07:45:19 [JavaFX Application Thread] INFO  application.java.manager.LogManager - [SQL操作クラス] ： 非同期処理 スレッドプール作成
2026-03-15 07:45:19 [JavaFX Application Thread] DEBUG application.java.manager.LogManager - [SQL操作クラス] ： 非同期処理 スレッドプール解放
2026-03-15 07:45:19 [JavaFX Application Thread] INFO  application.java.manager.LogManager - 終了処理 : 完了
2026-03-15 07:45:31 [main] INFO  application.java.manager.LogManager - 備品管理システム : 起動
2026-03-15 07:45:31 [JavaFX Application Thread] INFO  application.java.manager.LogManager - 開始処理 : 画面ウィンドウ枠生成
2026-03-15 07:45:31 [JavaFX Application Thread] INFO  application.java.manager.LogManager - [メニュー画面] ： 初期化処理
2026-03-15 07:45:31 [JavaFX Application Thread] DEBUG application.java.manager.LogManager - Window切替 [setWindowFrame] : TRANSPARENT(透明枠・背景色透明)
2026-03-15 07:45:31 [JavaFX Application Thread] INFO  application.java.manager.LogManager - 画面展開 [setPage] : メニュー画面
2026-03-15 07:45:45 [JavaFX Application Thread] INFO  application.java.manager.LogManager - [SQL操作クラス] ： 非同期処理 スレッドプール作成
2026-03-15 07:45:45 [JavaFX Application Thread] DEBUG application.java.manager.LogManager - [SQL操作クラス] ： 非同期処理 スレッドプール解放
2026-03-15 07:45:45 [JavaFX Application Thread] INFO  application.java.manager.LogManager - 終了処理 : 完了
2026-03-15 07:46:02 [main] INFO  application.java.manager.LogManager - 備品管理システム : 起動
2026-03-15 07:46:02 [JavaFX Application Thread] INFO  application.java.manager.LogManager - 開始処理 : 画面ウィンドウ枠生成
2026-03-15 07:46:02 [JavaFX Application Thread] INFO  application.java.manager.LogManager - [メニュー画面] ： 初期化処理
2026-03-15 07:46:02 [JavaFX Application Thread] DEBUG application.java.manager.LogManager - Window切替 [setWindowFrame] : TRANSPARENT(透明枠・背景色透明)
2026-03-15 07:46:03 [JavaFX Application Thread] INFO  application.java.manager.LogManager - 画面展開 [setPage] : メニュー画面
2026-03-15 07:46:37 [JavaFX Application Thread] INFO  application.java.manager.LogManager - [SQL操作クラス] ： 非同期処理 スレッドプール作成
2026-03-15 07:46:37 [JavaFX Application Thread] DEBUG application.java.manager.LogManager - [SQL操作クラス] ： 非同期処理 スレッドプール解放
2026-03-15 07:46:37 [JavaFX Application Thread] INFO  application.java.manager.LogManager - 終了処理 : 完了
2026-03-15 07:47:00 [main] INFO  application.java.manager.LogManager - 備品管理システム : 起動
2026-03-15 07:47:00 [JavaFX Application Thread] INFO  application.java.manager.LogManager - 開始処理 : 画面ウィンドウ枠生成
2026-03-15 07:47:00 [JavaFX Application Thread] INFO  application.java.manager.LogManager - [メニュー画面] ： 初期化処理
2026-03-15 07:47:00 [JavaFX Application Thread] DEBUG application.java.manager.LogManager - Window切替 [setWindowFrame] : TRANSPARENT(透明枠・背景色透明)
2026-03-15 07:47:00 [JavaFX Application Thread] INFO  application.java.manager.LogManager - 画面展開 [setPage] : メニュー画面
2026-03-15 07:47:18 [JavaFX Application Thread] INFO  application.java.manager.LogManager - [SQL操作クラス] ： 非同期処理 スレッドプール作成
2026-03-15 07:47:18 [JavaFX Application Thread] DEBUG application.java.manager.LogManager - [SQL操作クラス] ： 非同期処理 スレッドプール解放
2026-03-15 07:47:18 [JavaFX Application Thread] INFO  application.java.manager.LogManager - 終了処理 : 完了
2026-03-15 07:47:42 [main] INFO  application.java.manager.LogManager - 備品管理システム : 起動
2026-03-15 07:47:42 [JavaFX Application Thread] INFO  application.java.manager.LogManager - 開始処理 : 画面ウィンドウ枠生成
2026-03-15 07:47:42 [JavaFX Application Thread] INFO  application.java.manager.LogManager - [メニュー画面] ： 初期化処理
2026-03-15 07:47:42 [JavaFX Application Thread] DEBUG application.java.manager.LogManager - Window切替 [setWindowFrame] : TRANSPARENT(透明枠・背景色透明)
2026-03-15 07:47:42 [JavaFX Application Thread] INFO  application.java.manager.LogManager - 画面展開 [setPage] : メニュー画面
2026-03-15 07:47:52 [JavaFX Application Thread] INFO  application.java.manager.LogManager - [SQL操作クラス] ： 非同期処理 スレッドプール作成
2026-03-15 07:47:52 [JavaFX Application Thread] DEBUG application.java.manager.LogManager - [SQL操作クラス] ： 非同期処理 スレッドプール解放
2026-03-15 07:47:52 [JavaFX Application Thread] INFO  application.java.manager.LogManager - 終了処理 : 完了
2026-03-15 07:48:16 [main] INFO  application.java.manager.LogManager - 備品管理システム : 起動
2026-03-15 07:48:16 [JavaFX Application Thread] INFO  application.java.manager.LogManager - 開始処理 : 画面ウィンドウ枠生成
2026-03-15 07:48:16 [JavaFX Application Thread] INFO  application.java.manager.LogManager - [メニュー画面] ： 初期化処理
2026-03-15 07:48:16 [JavaFX Application Thread] DEBUG application.java.manager.LogManager - Window切替 [setWindowFrame] : TRANSPARENT(透明枠・背景色透明)
2026-03-15 07:48:16 [JavaFX Application Thread] INFO  application.java.manager.LogManager - 画面展開 [setPage] : メニュー画面
2026-03-15 07:49:05 [JavaFX Application Thread] INFO  application.java.manager.LogManager - [SQL操作クラス] ： 非同期処理 スレッドプール作成
2026-03-15 07:49:05 [JavaFX Application Thread] DEBUG application.java.manager.LogManager - [SQL操作クラス] ： 非同期処理 スレッドプール解放
2026-03-15 07:49:05 [JavaFX Application Thread] INFO  application.java.manager.LogManager - 終了処理 : 完了
2026-03-15 07:49:19 [main] INFO  application.java.manager.LogManager - 備品管理システム : 起動
2026-03-15 07:49:19 [JavaFX Application Thread] INFO  application.java.manager.LogManager - 開始処理 : 画面ウィンドウ枠生成
2026-03-15 07:49:19 [JavaFX Application Thread] INFO  application.java.manager.LogManager - [メニュー画面] ： 初期化処理
2026-03-15 07:49:19 [JavaFX Application Thread] DEBUG application.java.manager.LogManager - Window切替 [setWindowFrame] : TRANSPARENT(透明枠・背景色透明)
2026-03-15 07:49:19 [JavaFX Application Thread] INFO  application.java.manager.LogManager - 画面展開 [setPage] : メニュー画面
2026-03-15 07:50:37 [JavaFX Application Thread] INFO  application.java.manager.LogManager - [SQL操作クラス] ： 非同期処理 スレッドプール作成
2026-03-15 07:50:37 [JavaFX Application Thread] DEBUG application.java.manager.LogManager - [SQL操作クラス] ： 非同期処理 スレッドプール解放
2026-03-15 07:50:37 [JavaFX Application Thread] INFO  application.java.manager.LogManager - 終了処理 : 完了
2026-03-15 07:58:35 [main] INFO  application.java.manager.LogManager - 備品管理システム : 起動
2026-03-15 07:58:35 [JavaFX Application Thread] INFO  application.java.manager.LogManager - 開始処理 : 画面ウィンドウ枠生成
2026-03-15 07:58:35 [JavaFX Application Thread] INFO  application.java.manager.LogManager - [メニュー画面] ： 初期化処理
2026-03-15 07:58:35 [JavaFX Application Thread] DEBUG application.java.manager.LogManager - Window切替 [setWindowFrame] : TRANSPARENT(透明枠・背景色透明)
2026-03-15 07:58:36 [JavaFX Application Thread] INFO  application.java.manager.LogManager - 画面展開 [setPage] : メニュー画面
2026-03-15 07:59:48 [JavaFX Application Thread] INFO  application.java.manager.LogManager - [SQL操作クラス] ： 非同期処理 スレッドプール作成
2026-03-15 07:59:48 [JavaFX Application Thread] DEBUG application.java.manager.LogManager - [SQL操作クラス] ： 非同期処理 スレッドプール解放
2026-03-15 07:59:48 [JavaFX Application Thread] INFO  application.java.manager.LogManager - 終了処理 : 完了
2026-03-15 08:00:56 [main] INFO  application.java.manager.LogManager - 備品管理システム : 起動
2026-03-15 08:00:56 [JavaFX Application Thread] INFO  application.java.manager.LogManager - 開始処理 : 画面ウィンドウ枠生成
2026-03-15 08:00:56 [JavaFX Application Thread] INFO  application.java.manager.LogManager - [メニュー画面] ： 初期化処理
2026-03-15 08:00:56 [JavaFX Application Thread] DEBUG application.java.manager.LogManager - Window切替 [setWindowFrame] : TRANSPARENT(透明枠・背景色透明)
2026-03-15 08:00:56 [JavaFX Application Thread] INFO  application.java.manager.LogManager - 画面展開 [setPage] : メニュー画面
2026-03-15 08:02:50 [JavaFX Application Thread] INFO  application.java.manager.LogManager - [SQL操作クラス] ： 非同期処理 スレッドプール作成
2026-03-15 08:02:50 [JavaFX Application Thread] DEBUG application.java.manager.LogManager - [SQL操作クラス] ： 非同期処理 スレッドプール解放
2026-03-15 08:02:50 [JavaFX Application Thread] INFO  application.java.manager.LogManager - 終了処理 : 完了
2026-03-15 08:07:23 [main] INFO  application.java.manager.LogManager - 備品管理システム : 起動
2026-03-15 08:07:23 [JavaFX Application Thread] INFO  application.java.manager.LogManager - 開始処理 : 画面ウィンドウ枠生成
2026-03-15 08:07:23 [JavaFX Application Thread] INFO  application.java.manager.LogManager - [メニュー画面] ： 初期化処理
2026-03-15 08:07:23 [JavaFX Application Thread] DEBUG application.java.manager.LogManager - Window切替 [setWindowFrame] : TRANSPARENT(透明枠・背景色透明)
2026-03-15 08:07:24 [JavaFX Application Thread] INFO  application.java.manager.LogManager - 画面展開 [setPage] : メニュー画面
2026-03-15 08:09:23 [JavaFX Application Thread] INFO  application.java.manager.LogManager - [SQL操作クラス] ： 非同期処理 スレッドプール作成
2026-03-15 08:09:23 [JavaFX Application Thread] DEBUG application.java.manager.LogManager - [SQL操作クラス] ： 非同期処理 スレッドプール解放
2026-03-15 08:09:23 [JavaFX Application Thread] INFO  application.java.manager.LogManager - 終了処理 : 完了
2026-03-15 08:14:22 [main] INFO  application.java.manager.LogManager - 備品管理システム : 起動
2026-03-15 08:14:22 [JavaFX Application Thread] INFO  application.java.manager.LogManager - 開始処理 : 画面ウィンドウ枠生成
2026-03-15 08:14:22 [JavaFX Application Thread] INFO  application.java.manager.LogManager - [メニュー画面] ： 初期化処理
2026-03-15 08:14:22 [JavaFX Application Thread] DEBUG application.java.manager.LogManager - Window切替 [setWindowFrame] : TRANSPARENT(透明枠・背景色透明)
2026-03-15 08:14:23 [JavaFX Application Thread] INFO  application.java.manager.LogManager - 画面展開 [setPage] : メニュー画面
2026-03-15 08:15:08 [JavaFX Application Thread] INFO  application.java.manager.LogManager - [SQL操作クラス] ： 非同期処理 スレッドプール作成
2026-03-15 08:15:08 [JavaFX Application Thread] DEBUG application.java.manager.LogManager - [SQL操作クラス] ： 非同期処理 スレッドプール解放
2026-03-15 08:15:08 [JavaFX Application Thread] INFO  application.java.manager.LogManager - 終了処理 : 完了
2026-03-15 08:25:39 [main] INFO  application.java.manager.LogManager - 備品管理システム : 起動
2026-03-15 08:25:39 [JavaFX Application Thread] INFO  application.java.manager.LogManager - 開始処理 : 画面ウィンドウ枠生成
2026-03-15 08:25:39 [JavaFX Application Thread] INFO  application.java.manager.LogManager - [メニュー画面] ： 初期化処理
2026-03-15 08:25:39 [JavaFX Application Thread] DEBUG application.java.manager.LogManager - Window切替 [setWindowFrame] : TRANSPARENT(透明枠・背景色透明)
2026-03-15 08:25:39 [JavaFX Application Thread] INFO  application.java.manager.LogManager - 画面展開 [setPage] : メニュー画面
2026-03-15 08:26:12 [JavaFX Application Thread] INFO  application.java.manager.LogManager - [SQL操作クラス] ： 非同期処理 スレッドプール作成
2026-03-15 08:26:12 [JavaFX Application Thread] DEBUG application.java.manager.LogManager - [SQL操作クラス] ： 非同期処理 スレッドプール解放
2026-03-15 08:26:12 [JavaFX Application Thread] INFO  application.java.manager.LogManager - 終了処理 : 完了
2026-03-15 08:26:40 [main] INFO  application.java.manager.LogManager - 備品管理システム : 起動
2026-03-15 08:26:40 [JavaFX Application Thread] INFO  application.java.manager.LogManager - 開始処理 : 画面ウィンドウ枠生成
2026-03-15 08:26:40 [JavaFX Application Thread] INFO  application.java.manager.LogManager - [メニュー画面] ： 初期化処理
2026-03-15 08:26:40 [JavaFX Application Thread] DEBUG application.java.manager.LogManager - Window切替 [setWindowFrame] : TRANSPARENT(透明枠・背景色透明)
2026-03-15 08:26:40 [JavaFX Application Thread] INFO  application.java.manager.LogManager - 画面展開 [setPage] : メニュー画面
2026-03-15 09:54:37 [main] INFO  application.java.manager.LogManager - 備品管理システム : 起動
2026-03-15 09:54:37 [JavaFX Application Thread] INFO  application.java.manager.LogManager - 開始処理 : 画面ウィンドウ枠生成
2026-03-15 09:54:37 [JavaFX Application Thread] INFO  application.java.manager.LogManager - [メニュー画面] ： 初期化処理
2026-03-15 09:54:37 [JavaFX Application Thread] INFO  application.java.manager.LogManager - [SQL操作クラス] ： 非同期処理 スレッドプール作成
2026-03-15 09:54:37 [JavaFX Application Thread] DEBUG application.java.manager.LogManager - [SQL操作クラス] ： 非同期処理 スレッドプール解放
2026-03-15 09:54:37 [JavaFX Application Thread] INFO  application.java.manager.LogManager - 終了処理 : 完了
2026-03-15 10:01:30 [main] INFO  application.java.manager.LogManager - 備品管理システム : 起動
2026-03-15 10:01:30 [JavaFX Application Thread] INFO  application.java.manager.LogManager - 開始処理 : 画面ウィンドウ枠生成
2026-03-15 10:01:30 [JavaFX Application Thread] INFO  application.java.manager.LogManager - [メニュー画面] ： 初期化処理
2026-03-15 10:52:53 [main] INFO  application.java.manager.LogManager - 備品管理システム : 起動
2026-03-15 10:52:53 [JavaFX Application Thread] INFO  application.java.manager.LogManager - 開始処理 : 画面ウィンドウ枠生成
2026-03-15 10:52:53 [JavaFX Application Thread] INFO  application.java.manager.LogManager - [メニュー画面] ： 初期化処理
2026-03-15 10:53:32 [JavaFX Application Thread] INFO  application.java.manager.LogManager - [SQL操作クラス] ： 非同期処理 スレッドプール作成
2026-03-15 10:53:32 [JavaFX Application Thread] DEBUG application.java.manager.LogManager - [SQL操作クラス] ： 非同期処理 スレッドプール解放
2026-03-15 10:53:32 [JavaFX Application Thread] INFO  application.java.manager.LogManager - 終了処理 : 完了
2026-03-15 10:55:45 [main] INFO  application.java.manager.LogManager - 備品管理システム : 起動
2026-03-15 10:55:45 [JavaFX Application Thread] INFO  application.java.manager.LogManager - 開始処理 : 画面ウィンドウ枠生成
2026-03-15 10:55:45 [JavaFX Application Thread] INFO  application.java.manager.LogManager - [メニュー画面] ： 初期化処理
2026-03-15 10:55:52 [JavaFX Application Thread] INFO  application.java.manager.LogManager - [SQL操作クラス] ： 非同期処理 スレッドプール作成
2026-03-15 10:55:52 [JavaFX Application Thread] DEBUG application.java.manager.LogManager - [SQL操作クラス] ： 非同期処理 スレッドプール解放
2026-03-15 10:55:52 [JavaFX Application Thread] INFO  application.java.manager.LogManager - 終了処理 : 完了
2026-03-15 10:57:41 [main] INFO  application.java.manager.LogManager - 備品管理システム : 起動
2026-03-15 10:57:41 [JavaFX Application Thread] INFO  application.java.manager.LogManager - 開始処理 : 画面ウィンドウ枠生成
2026-03-15 10:57:41 [JavaFX Application Thread] INFO  application.java.manager.LogManager - [メニュー画面] ： 初期化処理
2026-03-15 10:57:43 [JavaFX Application Thread] INFO  application.java.manager.LogManager - [SQL操作クラス] ： 非同期処理 スレッドプール作成
2026-03-15 10:57:43 [JavaFX Application Thread] DEBUG application.java.manager.LogManager - [SQL操作クラス] ： 非同期処理 スレッドプール解放
2026-03-15 10:57:43 [JavaFX Application Thread] INFO  application.java.manager.LogManager - 終了処理 : 完了
2026-03-15 10:57:52 [main] INFO  application.java.manager.LogManager - 備品管理システム : 起動
2026-03-15 10:57:52 [JavaFX Application Thread] INFO  application.java.manager.LogManager - 開始処理 : 画面ウィンドウ枠生成
2026-03-15 10:57:52 [JavaFX Application Thread] INFO  application.java.manager.LogManager - [メニュー画面] ： 初期化処理
2026-03-15 10:57:54 [JavaFX Application Thread] INFO  application.java.manager.LogManager - [SQL操作クラス] ： 非同期処理 スレッドプール作成
2026-03-15 10:57:54 [JavaFX Application Thread] DEBUG application.java.manager.LogManager - [SQL操作クラス] ： 非同期処理 スレッドプール解放
2026-03-15 10:57:54 [JavaFX Application Thread] INFO  application.java.manager.LogManager - 終了処理 : 完了
2026-03-15 10:59:21 [main] INFO  application.java.manager.LogManager - 備品管理システム : 起動
2026-03-15 10:59:21 [JavaFX Application Thread] INFO  application.java.manager.LogManager - 開始処理 : 画面ウィンドウ枠生成
2026-03-15 10:59:21 [JavaFX Application Thread] INFO  application.java.manager.LogManager - [メニュー画面] ： 初期化処理
2026-03-15 11:03:25 [main] INFO  application.java.manager.LogManager - 備品管理システム : 起動
2026-03-15 11:03:25 [JavaFX Application Thread] INFO  application.java.manager.LogManager - 開始処理 : 画面ウィンドウ枠生成
2026-03-15 11:03:25 [JavaFX Application Thread] INFO  application.java.manager.LogManager - [メニュー画面] ： 初期化処理
2026-03-15 11:03:42 [JavaFX Application Thread] INFO  application.java.manager.LogManager - [SQL操作クラス] ： 非同期処理 スレッドプール作成
2026-03-15 11:03:42 [JavaFX Application Thread] DEBUG application.java.manager.LogManager - [SQL操作クラス] ： 非同期処理 スレッドプール解放
2026-03-15 11:03:42 [JavaFX Application Thread] INFO  application.java.manager.LogManager - 終了処理 : 完了
2026-03-15 11:11:02 [main] INFO  application.java.manager.LogManager - 備品管理システム : 起動
2026-03-15 11:11:02 [JavaFX Application Thread] INFO  application.java.manager.LogManager - 開始処理 : 画面ウィンドウ枠生成
2026-03-15 11:11:02 [JavaFX Application Thread] INFO  application.java.manager.LogManager - [メニュー画面] ： 初期化処理
2026-03-15 11:11:06 [JavaFX Application Thread] INFO  application.java.manager.LogManager - [SQL操作クラス] ： 非同期処理 スレッドプール作成
2026-03-15 11:11:06 [JavaFX Application Thread] DEBUG application.java.manager.LogManager - [SQL操作クラス] ： 非同期処理 スレッドプール解放
2026-03-15 11:11:06 [JavaFX Application Thread] INFO  application.java.manager.LogManager - 終了処理 : 完了
2026-03-15 11:16:31 [main] INFO  application.java.manager.LogManager - 備品管理システム : 起動
2026-03-15 11:16:31 [JavaFX Application Thread] INFO  application.java.manager.LogManager - 開始処理 : 画面ウィンドウ枠生成
2026-03-15 11:16:31 [JavaFX Application Thread] INFO  application.java.manager.LogManager - [メニュー画面] ： 初期化処理
2026-03-15 11:21:17 [main] INFO  application.java.manager.LogManager - 備品管理システム : 起動
2026-03-15 11:21:17 [JavaFX Application Thread] INFO  application.java.manager.LogManager - 開始処理 : 画面ウィンドウ枠生成
2026-03-15 11:21:17 [JavaFX Application Thread] INFO  application.java.manager.LogManager - [メニュー画面] ： 初期化処理
2026-03-15 11:21:45 [main] INFO  application.java.manager.LogManager - 備品管理システム : 起動
2026-03-15 11:21:45 [JavaFX Application Thread] INFO  application.java.manager.LogManager - 開始処理 : 画面ウィンドウ枠生成
2026-03-15 11:21:45 [JavaFX Application Thread] INFO  application.java.manager.LogManager - [メニュー画面] ： 初期化処理
2026-03-15 11:29:40 [main] INFO  application.java.manager.LogManager - 備品管理システム : 起動
2026-03-15 11:29:40 [JavaFX Application Thread] INFO  application.java.manager.LogManager - 開始処理 : 画面ウィンドウ枠生成
2026-03-15 11:29:40 [JavaFX Application Thread] INFO  application.java.manager.LogManager - [メニュー画面] ： 初期化処理
2026-03-15 11:29:43 [JavaFX Application Thread] INFO  application.java.manager.LogManager - [SQL操作クラス] ： 非同期処理 スレッドプール作成
2026-03-15 11:29:43 [JavaFX Application Thread] DEBUG application.java.manager.LogManager - [SQL操作クラス] ： 非同期処理 スレッドプール解放
2026-03-15 11:29:43 [JavaFX Application Thread] INFO  application.java.manager.LogManager - 終了処理 : 完了
2026-03-15 11:30:46 [main] INFO  application.java.manager.LogManager - 備品管理システム : 起動
2026-03-15 11:30:46 [JavaFX Application Thread] INFO  application.java.manager.LogManager - 開始処理 : 画面ウィンドウ枠生成
2026-03-15 11:30:46 [JavaFX Application Thread] INFO  application.java.manager.LogManager - [メニュー画面] ： 初期化処理
2026-03-15 11:34:20 [main] INFO  application.java.manager.LogManager - 備品管理システム : 起動
2026-03-15 11:34:20 [JavaFX Application Thread] INFO  application.java.manager.LogManager - 開始処理 : 画面ウィンドウ枠生成
2026-03-15 11:34:20 [JavaFX Application Thread] INFO  application.java.manager.LogManager - [メニュー画面] ： 初期化処理
2026-03-15 11:34:20 [JavaFX Application Thread] DEBUG application.java.manager.LogManager - Window切替 [setWindowFrame] : TRANSPARENT(透明枠・背景色透明)
2026-03-15 11:34:21 [JavaFX Application Thread] INFO  application.java.manager.LogManager - [SQL操作クラス] ： 非同期処理 スレッドプール作成
2026-03-15 11:34:21 [JavaFX Application Thread] DEBUG application.java.manager.LogManager - [SQL操作クラス] ： 非同期処理 スレッドプール解放
2026-03-15 11:34:21 [JavaFX Application Thread] INFO  application.java.manager.LogManager - 終了処理 : 完了
2026-03-15 11:38:33 [main] INFO  application.java.manager.LogManager - 備品管理システム : 起動
2026-03-15 11:38:33 [JavaFX Application Thread] INFO  application.java.manager.LogManager - 開始処理 : 画面ウィンドウ枠生成
2026-03-15 11:38:33 [JavaFX Application Thread] INFO  application.java.manager.LogManager - [メニュー画面] ： 初期化処理
2026-03-15 11:38:33 [JavaFX Application Thread] DEBUG application.java.manager.LogManager - Window切替 [setWindowFrame] : TRANSPARENT(透明枠・背景色透明)
2026-03-15 11:38:34 [JavaFX Application Thread] INFO  application.java.manager.LogManager - 画面展開 [setPage] : メニュー画面
2026-03-15 11:42:14 [JavaFX Application Thread] INFO  application.java.manager.LogManager - [SQL操作クラス] ： 非同期処理 スレッドプール作成
2026-03-15 11:42:14 [JavaFX Application Thread] DEBUG application.java.manager.LogManager - [SQL操作クラス] ： 非同期処理 スレッドプール解放
2026-03-15 11:42:14 [JavaFX Application Thread] INFO  application.java.manager.LogManager - 終了処理 : 完了
2026-03-15 12:09:51 [main] INFO  application.java.manager.LogManager - 備品管理システム : 起動
2026-03-15 12:09:51 [JavaFX Application Thread] INFO  application.java.manager.LogManager - 開始処理 : 画面ウィンドウ枠生成
2026-03-15 12:09:51 [JavaFX Application Thread] INFO  application.java.manager.LogManager - [メニュー画面] ： 初期化処理
2026-03-15 12:28:53 [main] INFO  application.java.manager.LogManager - 備品管理システム : 起動
2026-03-15 12:28:53 [JavaFX Application Thread] INFO  application.java.manager.LogManager - 開始処理 : 画面ウィンドウ枠生成
2026-03-15 12:28:53 [JavaFX Application Thread] INFO  application.java.manager.LogManager - [メニュー画面] ： 初期化処理
2026-03-15 12:28:53 [JavaFX Application Thread] DEBUG application.java.manager.LogManager - Window切替 [setWindowFrame] : TRANSPARENT(透明枠・背景色透明)
2026-03-15 12:28:54 [JavaFX Application Thread] INFO  application.java.manager.LogManager - 画面展開 [setPage] : メニュー画面
2026-03-15 12:29:18 [JavaFX Application Thread] INFO  application.java.manager.LogManager - [SQL操作クラス] ： 非同期処理 スレッドプール作成
2026-03-15 12:29:18 [JavaFX Application Thread] DEBUG application.java.manager.LogManager - [SQL操作クラス] ： 非同期処理 スレッドプール解放
2026-03-15 12:29:18 [JavaFX Application Thread] INFO  application.java.manager.LogManager - 終了処理 : 完了
2026-03-15 12:36:17 [main] INFO  application.java.manager.LogManager - 備品管理システム : 起動
2026-03-15 12:36:17 [JavaFX Application Thread] INFO  application.java.manager.LogManager - 開始処理 : 画面ウィンドウ枠生成
2026-03-15 12:36:17 [JavaFX Application Thread] INFO  application.java.manager.LogManager - [メニュー画面] ： 初期化処理
2026-03-15 12:36:17 [JavaFX Application Thread] DEBUG application.java.manager.LogManager - Window切替 [setWindowFrame] : TRANSPARENT(透明枠・背景色透明)
2026-03-15 12:36:17 [JavaFX Application Thread] INFO  application.java.manager.LogManager - 画面展開 [setPage] : メニュー画面
2026-03-15 12:36:38 [JavaFX Application Thread] INFO  application.java.manager.LogManager - [SQL操作クラス] ： 非同期処理 スレッドプール作成
2026-03-15 12:36:38 [JavaFX Application Thread] DEBUG application.java.manager.LogManager - [SQL操作クラス] ： 非同期処理 スレッドプール解放
2026-03-15 12:36:38 [JavaFX Application Thread] INFO  application.java.manager.LogManager - 終了処理 : 完了
2026-03-15 12:49:56 [main] INFO  application.java.manager.LogManager - 備品管理システム : 起動
2026-03-15 12:49:56 [JavaFX Application Thread] INFO  application.java.manager.LogManager - 開始処理 : 画面ウィンドウ枠生成
2026-03-15 12:49:56 [JavaFX Application Thread] INFO  application.java.manager.LogManager - [メニュー画面] ： 初期化処理
2026-03-15 12:49:56 [JavaFX Application Thread] DEBUG application.java.manager.LogManager - Window切替 [setWindowFrame] : TRANSPARENT(透明枠・背景色透明)
2026-03-15 12:49:56 [JavaFX Application Thread] INFO  application.java.manager.LogManager - 画面展開 [setPage] : メニュー画面
2026-03-15 12:50:07 [JavaFX Application Thread] INFO  application.java.manager.LogManager - [SQL操作クラス] ： 非同期処理 スレッドプール作成
2026-03-15 12:50:07 [JavaFX Application Thread] DEBUG application.java.manager.LogManager - [SQL操作クラス] ： 非同期処理 スレッドプール解放
2026-03-15 12:50:07 [JavaFX Application Thread] INFO  application.java.manager.LogManager - 終了処理 : 完了
2026-03-15 12:51:36 [main] INFO  application.java.manager.LogManager - 備品管理システム : 起動
2026-03-15 12:51:36 [JavaFX Application Thread] INFO  application.java.manager.LogManager - 開始処理 : 画面ウィンドウ枠生成
2026-03-15 12:51:36 [JavaFX Application Thread] INFO  application.java.manager.LogManager - [メニュー画面] ： 初期化処理
2026-03-15 12:51:36 [JavaFX Application Thread] DEBUG application.java.manager.LogManager - Window切替 [setWindowFrame] : TRANSPARENT(透明枠・背景色透明)
2026-03-15 12:51:36 [JavaFX Application Thread] INFO  application.java.manager.LogManager - 画面展開 [setPage] : メニュー画面
2026-03-15 12:51:39 [JavaFX Application Thread] INFO  application.java.manager.LogManager - [メニュー画面] ： [貸出業務]ボタン押下
2026-03-15 12:51:39 [JavaFX Application Thread] INFO  application.java.manager.LogManager - [備品一覧画面] ： 初期化処理
2026-03-15 12:51:39 [JavaFX Application Thread] DEBUG application.java.manager.LogManager - Window切替 [setWindowFrame] : DECORATED(標準)
2026-03-15 12:51:39 [JavaFX Application Thread] INFO  application.java.manager.LogManager - [SQL操作クラス] ： 非同期処理 スレッドプール作成
2026-03-15 12:51:39 [JavaFX Application Thread] INFO  application.java.manager.LogManager - [SQL操作クラス] ： SQL Session生成
2026-03-15 12:51:39 [JavaFX Application Thread] DEBUG application.java.manager.LogManager - [SQL操作クラス] ： mybatis有効化
2026-03-15 12:51:39 [JavaFX Application Thread] DEBUG o.apache.ibatis.logging.LogFactory - Logging initialized using 'class org.apache.ibatis.logging.slf4j.Slf4jImpl' adapter.
2026-03-15 12:51:39 [JavaFX Application Thread] DEBUG o.apache.ibatis.logging.LogFactory - Logging initialized using 'class org.apache.ibatis.logging.slf4j.Slf4jImpl' adapter.
2026-03-15 12:51:39 [JavaFX Application Thread] DEBUG com.zaxxer.hikari.util.UtilityElf - Class com.mysql.cj.jdbc.Driver found in Thread context class loader jdk.internal.loader.ClassLoaders$AppClassLoader@568db2f2
2026-03-15 12:51:39 [JavaFX Application Thread] DEBUG application.java.manager.LogManager - [備品一覧画面] ： リスト表示処理
2026-03-15 12:51:39 [JavaFX Application Thread] DEBUG application.java.manager.LogManager - [SQL操作クラス] ： 非同期処理 SELECT句発行
2026-03-15 12:51:39 [Thread-3] DEBUG application.java.manager.LogManager - [SQL操作クラス] ： SELECT句発行
2026-03-15 12:51:39 [JavaFX Application Thread] INFO  application.java.manager.LogManager - 画面展開 [setPage] : 備品一覧画面
2026-03-15 12:51:39 [Thread-3] DEBUG o.a.i.t.jdbc.JdbcTransaction - Opening JDBC Connection
2026-03-15 12:51:39 [Thread-3] DEBUG com.zaxxer.hikari.HikariConfig - HikariPool-1 - configuration:
2026-03-15 12:51:39 [Thread-3] DEBUG com.zaxxer.hikari.HikariConfig - allowPoolSuspension.............false
2026-03-15 12:51:39 [Thread-3] DEBUG com.zaxxer.hikari.HikariConfig - autoCommit......................true
2026-03-15 12:51:39 [Thread-3] DEBUG com.zaxxer.hikari.HikariConfig - catalog.........................none
2026-03-15 12:51:39 [Thread-3] DEBUG com.zaxxer.hikari.HikariConfig - connectionInitSql...............none
2026-03-15 12:51:39 [Thread-3] DEBUG com.zaxxer.hikari.HikariConfig - connectionTestQuery.............none
2026-03-15 12:51:39 [Thread-3] DEBUG com.zaxxer.hikari.HikariConfig - connectionTimeout...............30000
2026-03-15 12:51:39 [Thread-3] DEBUG com.zaxxer.hikari.HikariConfig - credentials.....................com.zaxxer.hikari.util.Credentials@3fba4c64
2026-03-15 12:51:39 [Thread-3] DEBUG com.zaxxer.hikari.HikariConfig - credentialsProvider.............none
2026-03-15 12:51:39 [Thread-3] DEBUG com.zaxxer.hikari.HikariConfig - credentialsProviderClassName....none
2026-03-15 12:51:39 [Thread-3] DEBUG com.zaxxer.hikari.HikariConfig - dataSource......................none
2026-03-15 12:51:39 [Thread-3] DEBUG com.zaxxer.hikari.HikariConfig - dataSourceClassName.............none
2026-03-15 12:51:39 [Thread-3] DEBUG com.zaxxer.hikari.HikariConfig - dataSourceJNDI..................none
2026-03-15 12:51:39 [Thread-3] DEBUG com.zaxxer.hikari.HikariConfig - dataSourceProperties............{password=<masked>}
2026-03-15 12:51:39 [Thread-3] DEBUG com.zaxxer.hikari.HikariConfig - driverClassName................."com.mysql.cj.jdbc.Driver"
2026-03-15 12:51:39 [Thread-3] DEBUG com.zaxxer.hikari.HikariConfig - exceptionOverride...............none
2026-03-15 12:51:39 [Thread-3] DEBUG com.zaxxer.hikari.HikariConfig - exceptionOverrideClassName......none
2026-03-15 12:51:39 [Thread-3] DEBUG com.zaxxer.hikari.HikariConfig - healthCheckProperties...........{}
2026-03-15 12:51:39 [Thread-3] DEBUG com.zaxxer.hikari.HikariConfig - healthCheckRegistry.............none
2026-03-15 12:51:39 [Thread-3] DEBUG com.zaxxer.hikari.HikariConfig - idleTimeout.....................600000
2026-03-15 12:51:39 [Thread-3] DEBUG com.zaxxer.hikari.HikariConfig - initializationFailTimeout.......1
2026-03-15 12:51:39 [Thread-3] DEBUG com.zaxxer.hikari.HikariConfig - isolateInternalQueries..........false
2026-03-15 12:51:39 [Thread-3] DEBUG com.zaxxer.hikari.HikariConfig - jdbcUrl.........................jdbc:mysql://localhost:3306/java_learning?useUnicode=true&characterEncoding=UTF-8&serverTimezone=GMT%2B9&useSSL=false&allowPublicKeyRetrieval=true&useCursorFetch=true
2026-03-15 12:51:39 [Thread-3] DEBUG com.zaxxer.hikari.HikariConfig - keepaliveTime...................120000
2026-03-15 12:51:39 [Thread-3] DEBUG com.zaxxer.hikari.HikariConfig - leakDetectionThreshold..........0
2026-03-15 12:51:39 [Thread-3] DEBUG com.zaxxer.hikari.HikariConfig - maxLifetime.....................1800000
2026-03-15 12:51:39 [Thread-3] DEBUG com.zaxxer.hikari.HikariConfig - maximumPoolSize.................20
2026-03-15 12:51:39 [Thread-3] DEBUG com.zaxxer.hikari.HikariConfig - metricRegistry..................none
2026-03-15 12:51:39 [Thread-3] DEBUG com.zaxxer.hikari.HikariConfig - metricsTrackerFactory...........none
2026-03-15 12:51:39 [Thread-3] DEBUG com.zaxxer.hikari.HikariConfig - minimumIdle.....................20
2026-03-15 12:51:39 [Thread-3] DEBUG com.zaxxer.hikari.HikariConfig - password........................<masked>
2026-03-15 12:51:39 [Thread-3] DEBUG com.zaxxer.hikari.HikariConfig - poolName........................"HikariPool-1"
2026-03-15 12:51:39 [Thread-3] DEBUG com.zaxxer.hikari.HikariConfig - readOnly........................false
2026-03-15 12:51:39 [Thread-3] DEBUG com.zaxxer.hikari.HikariConfig - registerMbeans..................false
2026-03-15 12:51:39 [Thread-3] DEBUG com.zaxxer.hikari.HikariConfig - scheduledExecutor...............none
2026-03-15 12:51:39 [Thread-3] DEBUG com.zaxxer.hikari.HikariConfig - schema..........................none
2026-03-15 12:51:39 [Thread-3] DEBUG com.zaxxer.hikari.HikariConfig - threadFactory...................internal
2026-03-15 12:51:39 [Thread-3] DEBUG com.zaxxer.hikari.HikariConfig - transactionIsolation............default
2026-03-15 12:51:39 [Thread-3] DEBUG com.zaxxer.hikari.HikariConfig - username........................"user"
2026-03-15 12:51:39 [Thread-3] DEBUG com.zaxxer.hikari.HikariConfig - validationTimeout...............5000
2026-03-15 12:51:39 [Thread-3] INFO  com.zaxxer.hikari.HikariDataSource - HikariPool-1 - Starting...
2026-03-15 12:51:39 [Thread-3] DEBUG com.zaxxer.hikari.pool.PoolBase - HikariPool-1 - Attempting to create/setup new connection (fddb018e-ad19-4c98-aa24-2c8ce811b461)
2026-03-15 12:51:40 [Thread-3] DEBUG com.zaxxer.hikari.pool.PoolBase - HikariPool-1 - Established new connection (fddb018e-ad19-4c98-aa24-2c8ce811b461)
2026-03-15 12:51:40 [Thread-3] INFO  com.zaxxer.hikari.pool.HikariPool - HikariPool-1 - Added connection com.mysql.cj.jdbc.ConnectionImpl@5284024c
2026-03-15 12:51:40 [Thread-3] INFO  com.zaxxer.hikari.HikariDataSource - HikariPool-1 - Start completed.
2026-03-15 12:51:40 [Thread-3] DEBUG o.a.i.t.jdbc.JdbcTransaction - Setting autocommit to false on JDBC Connection [HikariProxyConnection@1158071956 wrapping com.mysql.cj.jdbc.ConnectionImpl@5284024c]
2026-03-15 12:51:40 [Thread-3] DEBUG a.r.m.I.getTableRecords - ==>  Preparing: WITH SUB_TOTAL AS ( SELECT ST.stock_type , ST.stock_code , SUM(CASE WHEN SD.staff_no IS NOT NULL AND (DATEDIFF(CURRENT_DATE(), SD.confirmed_date) <= 365 ) THEN 1 ELSE 0 END) AS lending_count -- 貸出備品の数 , SUM(CASE /* 在庫 = [staff_no]：貸出先ユーザーの社員番号 が未設定(NULL) 且つ [return_date]：返却日が未設定(NULL) 且つ [confirmed_date]：最終所在確認日 が１年以内 */ WHEN SD.staff_no IS NULL AND (DATEDIFF(CURRENT_DATE(), SD.confirmed_date) <= 365 ) THEN 1 ELSE 0 END) AS stock_count -- 在庫備品の数 , SUM(CASE /* 不明 = [return_date]：返却日が未設定(NULL) 且つ [confirmed_date]：最終所在確認日 が１年前以前 ※ 貸出中・在庫を問わず１年前以前のデータを不明とする */ WHEN (DATEDIFF(CURRENT_DATE(), SD.confirmed_date) > 365 ) THEN 1 ELSE 0 END) AS unknown_count -- 不明備品の数 FROM (SELECT stock_type , stock_code FROM stock_type_master WHERE 1 = 1 AND del = FALSE) ST INNER JOIN stock_master SM ON ST.stock_type = SM.stock_type AND ST.stock_code = SM.stock_code AND SM.del = FALSE /* 未登録データを考慮しLEFT JOINとする */ LEFT JOIN stock_data SD ON SM.serial_no = SD.serial_no /* 返却済データの除去 */ AND SD.return_date IS NULL AND SD.del = FALSE WHERE 1 = 1 GROUP BY ST.stock_type , ST.stock_code ) SELECT ST.stock_type AS type, ST.stock_code AS code, ST.name AS itemName, IFNULL(S.lending_count, 0) AS loanCount, IFNULL(S.stock_count, 0) AS returnCount, IFNULL(S.unknown_count, 0) AS unknownCount, IFNULL(S.lending_count + S.stock_count, 0) AS totalCount /* 追加項目：遷移先画面サイズ */ , IFNULL( GCM.value_1, '1') AS windowSize FROM stock_type_master ST INNER JOIN SUB_TOTAL S ON ST.stock_type = S.stock_type AND ST.stock_code = S.stock_code /* 追加項目 遷移先画面サイズ */ LEFT JOIN generic_code_master GCM ON CAST(ST.stock_type AS CHAR) = GCM.type_key AND ST.stock_code = GCM.code AND GCM.generic_key = 'WINDOW_SIZE' WHERE 1 = 1 ORDER BY ST.stock_type , St.stock_code
2026-03-15 12:51:40 [Thread-3] DEBUG a.r.m.I.getTableRecords - ==> Parameters: 
2026-03-15 12:51:40 [Thread-3] DEBUG a.r.m.I.getTableRecords - <==      Total: 16
2026-03-15 12:51:40 [Thread-3] DEBUG o.a.i.t.jdbc.JdbcTransaction - Resetting autocommit to true on JDBC Connection [HikariProxyConnection@1158071956 wrapping com.mysql.cj.jdbc.ConnectionImpl@5284024c]
2026-03-15 12:51:40 [Thread-3] DEBUG o.a.i.t.jdbc.JdbcTransaction - Closing JDBC Connection [HikariProxyConnection@1158071956 wrapping com.mysql.cj.jdbc.ConnectionImpl@5284024c]
2026-03-15 12:51:40 [HikariPool-1:housekeeper] DEBUG com.zaxxer.hikari.pool.HikariPool - HikariPool-1 - Pool stats (total=1/20, idle=1/20, active=0, waiting=0)
2026-03-15 12:51:40 [HikariPool-1:connection-adder] DEBUG com.zaxxer.hikari.pool.PoolBase - HikariPool-1 - Attempting to create/setup new connection (835fc220-c5b5-4f54-a36f-feeef2e16b32)
2026-03-15 12:51:40 [HikariPool-1:connection-adder] DEBUG com.zaxxer.hikari.pool.PoolBase - HikariPool-1 - Established new connection (835fc220-c5b5-4f54-a36f-feeef2e16b32)
2026-03-15 12:51:40 [HikariPool-1:connection-adder] DEBUG com.zaxxer.hikari.pool.HikariPool - HikariPool-1 - Added connection com.mysql.cj.jdbc.ConnectionImpl@29d2b35b
2026-03-15 12:51:40 [HikariPool-1:connection-adder] DEBUG com.zaxxer.hikari.pool.HikariPool - HikariPool-1 - After adding stats (total=2/20, idle=2/20, active=0, waiting=0)
2026-03-15 12:51:40 [HikariPool-1:connection-adder] DEBUG com.zaxxer.hikari.pool.PoolBase - HikariPool-1 - Attempting to create/setup new connection (a1160e66-2ed1-4a9f-a297-4c4c38d80cbb)
2026-03-15 12:51:40 [HikariPool-1:connection-adder] DEBUG com.zaxxer.hikari.pool.PoolBase - HikariPool-1 - Established new connection (a1160e66-2ed1-4a9f-a297-4c4c38d80cbb)
2026-03-15 12:51:40 [HikariPool-1:connection-adder] DEBUG com.zaxxer.hikari.pool.HikariPool - HikariPool-1 - Added connection com.mysql.cj.jdbc.ConnectionImpl@65397ea5
2026-03-15 12:51:40 [HikariPool-1:connection-adder] DEBUG com.zaxxer.hikari.pool.HikariPool - HikariPool-1 - After adding stats (total=3/20, idle=3/20, active=0, waiting=0)
2026-03-15 12:51:40 [HikariPool-1:connection-adder] DEBUG com.zaxxer.hikari.pool.PoolBase - HikariPool-1 - Attempting to create/setup new connection (9822d2bc-7a9d-4a6b-9b45-b17d1a6fe2a7)
2026-03-15 12:51:40 [HikariPool-1:connection-adder] DEBUG com.zaxxer.hikari.pool.PoolBase - HikariPool-1 - Established new connection (9822d2bc-7a9d-4a6b-9b45-b17d1a6fe2a7)
2026-03-15 12:51:40 [HikariPool-1:connection-adder] DEBUG com.zaxxer.hikari.pool.HikariPool - HikariPool-1 - Added connection com.mysql.cj.jdbc.ConnectionImpl@1df1c848
2026-03-15 12:51:40 [HikariPool-1:connection-adder] DEBUG com.zaxxer.hikari.pool.HikariPool - HikariPool-1 - After adding stats (total=4/20, idle=4/20, active=0, waiting=0)
2026-03-15 12:51:40 [HikariPool-1:connection-adder] DEBUG com.zaxxer.hikari.pool.PoolBase - HikariPool-1 - Attempting to create/setup new connection (4b2a6ecf-24e6-4b2b-89a4-5e603603e8ab)
2026-03-15 12:51:40 [HikariPool-1:connection-adder] DEBUG com.zaxxer.hikari.pool.PoolBase - HikariPool-1 - Established new connection (4b2a6ecf-24e6-4b2b-89a4-5e603603e8ab)
2026-03-15 12:51:40 [HikariPool-1:connection-adder] DEBUG com.zaxxer.hikari.pool.HikariPool - HikariPool-1 - Added connection com.mysql.cj.jdbc.ConnectionImpl@26a2cdc4
2026-03-15 12:51:40 [HikariPool-1:connection-adder] DEBUG com.zaxxer.hikari.pool.HikariPool - HikariPool-1 - After adding stats (total=5/20, idle=5/20, active=0, waiting=0)
2026-03-15 12:51:40 [HikariPool-1:connection-adder] DEBUG com.zaxxer.hikari.pool.PoolBase - HikariPool-1 - Attempting to create/setup new connection (a2c80165-c912-4aea-a4c3-7312a8106728)
2026-03-15 12:51:40 [HikariPool-1:connection-adder] DEBUG com.zaxxer.hikari.pool.PoolBase - HikariPool-1 - Established new connection (a2c80165-c912-4aea-a4c3-7312a8106728)
2026-03-15 12:51:40 [HikariPool-1:connection-adder] DEBUG com.zaxxer.hikari.pool.HikariPool - HikariPool-1 - Added connection com.mysql.cj.jdbc.ConnectionImpl@6f56589
2026-03-15 12:51:40 [HikariPool-1:connection-adder] DEBUG com.zaxxer.hikari.pool.HikariPool - HikariPool-1 - After adding stats (total=6/20, idle=6/20, active=0, waiting=0)
2026-03-15 12:51:40 [HikariPool-1:connection-adder] DEBUG com.zaxxer.hikari.pool.PoolBase - HikariPool-1 - Attempting to create/setup new connection (3adc139d-3457-4f93-9dbd-838ea7233a7c)
2026-03-15 12:51:40 [HikariPool-1:connection-adder] DEBUG com.zaxxer.hikari.pool.PoolBase - HikariPool-1 - Established new connection (3adc139d-3457-4f93-9dbd-838ea7233a7c)
2026-03-15 12:51:40 [HikariPool-1:connection-adder] DEBUG com.zaxxer.hikari.pool.HikariPool - HikariPool-1 - Added connection com.mysql.cj.jdbc.ConnectionImpl@3c729afe
2026-03-15 12:51:40 [HikariPool-1:connection-adder] DEBUG com.zaxxer.hikari.pool.HikariPool - HikariPool-1 - After adding stats (total=7/20, idle=7/20, active=0, waiting=0)
2026-03-15 12:51:40 [HikariPool-1:connection-adder] DEBUG com.zaxxer.hikari.pool.PoolBase - HikariPool-1 - Attempting to create/setup new connection (7d495158-7550-469b-b7be-2ee581628894)
2026-03-15 12:51:40 [HikariPool-1:connection-adder] DEBUG com.zaxxer.hikari.pool.PoolBase - HikariPool-1 - Established new connection (7d495158-7550-469b-b7be-2ee581628894)
2026-03-15 12:51:40 [HikariPool-1:connection-adder] DEBUG com.zaxxer.hikari.pool.HikariPool - HikariPool-1 - Added connection com.mysql.cj.jdbc.ConnectionImpl@2e8b0f0c
2026-03-15 12:51:40 [HikariPool-1:connection-adder] DEBUG com.zaxxer.hikari.pool.HikariPool - HikariPool-1 - After adding stats (total=8/20, idle=8/20, active=0, waiting=0)
2026-03-15 12:51:40 [HikariPool-1:connection-adder] DEBUG com.zaxxer.hikari.pool.PoolBase - HikariPool-1 - Attempting to create/setup new connection (337e07e4-bdd1-4c31-aee6-d4dc459e00e9)
2026-03-15 12:51:40 [HikariPool-1:connection-adder] DEBUG com.zaxxer.hikari.pool.PoolBase - HikariPool-1 - Established new connection (337e07e4-bdd1-4c31-aee6-d4dc459e00e9)
2026-03-15 12:51:40 [HikariPool-1:connection-adder] DEBUG com.zaxxer.hikari.pool.HikariPool - HikariPool-1 - Added connection com.mysql.cj.jdbc.ConnectionImpl@7fa31970
2026-03-15 12:51:40 [HikariPool-1:connection-adder] DEBUG com.zaxxer.hikari.pool.HikariPool - HikariPool-1 - After adding stats (total=9/20, idle=9/20, active=0, waiting=0)
2026-03-15 12:51:40 [HikariPool-1:connection-adder] DEBUG com.zaxxer.hikari.pool.PoolBase - HikariPool-1 - Attempting to create/setup new connection (2c765c9b-fa3f-4e7d-a2c3-032df9a32de2)
2026-03-15 12:51:40 [HikariPool-1:connection-adder] DEBUG com.zaxxer.hikari.pool.PoolBase - HikariPool-1 - Established new connection (2c765c9b-fa3f-4e7d-a2c3-032df9a32de2)
2026-03-15 12:51:40 [HikariPool-1:connection-adder] DEBUG com.zaxxer.hikari.pool.HikariPool - HikariPool-1 - Added connection com.mysql.cj.jdbc.ConnectionImpl@757bf89c
2026-03-15 12:51:40 [HikariPool-1:connection-adder] DEBUG com.zaxxer.hikari.pool.HikariPool - HikariPool-1 - After adding stats (total=10/20, idle=10/20, active=0, waiting=0)
2026-03-15 12:51:40 [HikariPool-1:connection-adder] DEBUG com.zaxxer.hikari.pool.PoolBase - HikariPool-1 - Attempting to create/setup new connection (e4549c69-64b6-4770-985a-e191cdc9c132)
2026-03-15 12:51:40 [HikariPool-1:connection-adder] DEBUG com.zaxxer.hikari.pool.PoolBase - HikariPool-1 - Established new connection (e4549c69-64b6-4770-985a-e191cdc9c132)
2026-03-15 12:51:40 [HikariPool-1:connection-adder] DEBUG com.zaxxer.hikari.pool.HikariPool - HikariPool-1 - Added connection com.mysql.cj.jdbc.ConnectionImpl@339b171d
2026-03-15 12:51:40 [HikariPool-1:connection-adder] DEBUG com.zaxxer.hikari.pool.HikariPool - HikariPool-1 - After adding stats (total=11/20, idle=11/20, active=0, waiting=0)
2026-03-15 12:51:40 [HikariPool-1:connection-adder] DEBUG com.zaxxer.hikari.pool.PoolBase - HikariPool-1 - Attempting to create/setup new connection (9df70f79-af30-46a0-b7fb-1373b44221ca)
2026-03-15 12:51:40 [HikariPool-1:connection-adder] DEBUG com.zaxxer.hikari.pool.PoolBase - HikariPool-1 - Established new connection (9df70f79-af30-46a0-b7fb-1373b44221ca)
2026-03-15 12:51:40 [HikariPool-1:connection-adder] DEBUG com.zaxxer.hikari.pool.HikariPool - HikariPool-1 - Added connection com.mysql.cj.jdbc.ConnectionImpl@69a41078
2026-03-15 12:51:40 [HikariPool-1:connection-adder] DEBUG com.zaxxer.hikari.pool.HikariPool - HikariPool-1 - After adding stats (total=12/20, idle=12/20, active=0, waiting=0)
2026-03-15 12:51:40 [HikariPool-1:connection-adder] DEBUG com.zaxxer.hikari.pool.PoolBase - HikariPool-1 - Attempting to create/setup new connection (e7109ac7-ff02-4430-a50f-2de535c9dbb2)
2026-03-15 12:51:40 [HikariPool-1:connection-adder] DEBUG com.zaxxer.hikari.pool.PoolBase - HikariPool-1 - Established new connection (e7109ac7-ff02-4430-a50f-2de535c9dbb2)
2026-03-15 12:51:40 [HikariPool-1:connection-adder] DEBUG com.zaxxer.hikari.pool.HikariPool - HikariPool-1 - Added connection com.mysql.cj.jdbc.ConnectionImpl@7168f9c0
2026-03-15 12:51:40 [HikariPool-1:connection-adder] DEBUG com.zaxxer.hikari.pool.HikariPool - HikariPool-1 - After adding stats (total=13/20, idle=13/20, active=0, waiting=0)
2026-03-15 12:51:40 [HikariPool-1:connection-adder] DEBUG com.zaxxer.hikari.pool.PoolBase - HikariPool-1 - Attempting to create/setup new connection (817c1c3e-0480-4eb1-be76-300954e030d5)
2026-03-15 12:51:40 [HikariPool-1:connection-adder] DEBUG com.zaxxer.hikari.pool.PoolBase - HikariPool-1 - Established new connection (817c1c3e-0480-4eb1-be76-300954e030d5)
2026-03-15 12:51:40 [HikariPool-1:connection-adder] DEBUG com.zaxxer.hikari.pool.HikariPool - HikariPool-1 - Added connection com.mysql.cj.jdbc.ConnectionImpl@7605b5dd
2026-03-15 12:51:40 [HikariPool-1:connection-adder] DEBUG com.zaxxer.hikari.pool.HikariPool - HikariPool-1 - After adding stats (total=14/20, idle=14/20, active=0, waiting=0)
2026-03-15 12:51:40 [HikariPool-1:connection-adder] DEBUG com.zaxxer.hikari.pool.PoolBase - HikariPool-1 - Attempting to create/setup new connection (d9dce263-4ccc-4350-b1bf-af57b841323a)
2026-03-15 12:51:40 [HikariPool-1:connection-adder] DEBUG com.zaxxer.hikari.pool.PoolBase - HikariPool-1 - Established new connection (d9dce263-4ccc-4350-b1bf-af57b841323a)
2026-03-15 12:51:40 [HikariPool-1:connection-adder] DEBUG com.zaxxer.hikari.pool.HikariPool - HikariPool-1 - Added connection com.mysql.cj.jdbc.ConnectionImpl@5b9decf5
2026-03-15 12:51:40 [HikariPool-1:connection-adder] DEBUG com.zaxxer.hikari.pool.HikariPool - HikariPool-1 - After adding stats (total=15/20, idle=15/20, active=0, waiting=0)
2026-03-15 12:51:40 [HikariPool-1:connection-adder] DEBUG com.zaxxer.hikari.pool.PoolBase - HikariPool-1 - Attempting to create/setup new connection (e4c44507-4b10-474b-b949-b6f8da50468b)
2026-03-15 12:51:40 [HikariPool-1:connection-adder] DEBUG com.zaxxer.hikari.pool.PoolBase - HikariPool-1 - Established new connection (e4c44507-4b10-474b-b949-b6f8da50468b)
2026-03-15 12:51:40 [HikariPool-1:connection-adder] DEBUG com.zaxxer.hikari.pool.HikariPool - HikariPool-1 - Added connection com.mysql.cj.jdbc.ConnectionImpl@65cf545c
2026-03-15 12:51:40 [HikariPool-1:connection-adder] DEBUG com.zaxxer.hikari.pool.HikariPool - HikariPool-1 - After adding stats (total=16/20, idle=16/20, active=0, waiting=0)
2026-03-15 12:51:40 [HikariPool-1:connection-adder] DEBUG com.zaxxer.hikari.pool.PoolBase - HikariPool-1 - Attempting to create/setup new connection (7ce65b86-1d9e-4a08-b407-67ba590ff58e)
2026-03-15 12:51:40 [HikariPool-1:connection-adder] DEBUG com.zaxxer.hikari.pool.PoolBase - HikariPool-1 - Established new connection (7ce65b86-1d9e-4a08-b407-67ba590ff58e)
2026-03-15 12:51:40 [HikariPool-1:connection-adder] DEBUG com.zaxxer.hikari.pool.HikariPool - HikariPool-1 - Added connection com.mysql.cj.jdbc.ConnectionImpl@517fc249
2026-03-15 12:51:40 [HikariPool-1:connection-adder] DEBUG com.zaxxer.hikari.pool.HikariPool - HikariPool-1 - After adding stats (total=17/20, idle=17/20, active=0, waiting=0)
2026-03-15 12:51:40 [HikariPool-1:connection-adder] DEBUG com.zaxxer.hikari.pool.PoolBase - HikariPool-1 - Attempting to create/setup new connection (4743bef7-20ea-489d-9ef1-76deca442db9)
2026-03-15 12:51:40 [HikariPool-1:connection-adder] DEBUG com.zaxxer.hikari.pool.PoolBase - HikariPool-1 - Established new connection (4743bef7-20ea-489d-9ef1-76deca442db9)
2026-03-15 12:51:40 [HikariPool-1:connection-adder] DEBUG com.zaxxer.hikari.pool.HikariPool - HikariPool-1 - Added connection com.mysql.cj.jdbc.ConnectionImpl@d59e9ad
2026-03-15 12:51:40 [HikariPool-1:connection-adder] DEBUG com.zaxxer.hikari.pool.HikariPool - HikariPool-1 - After adding stats (total=18/20, idle=18/20, active=0, waiting=0)
2026-03-15 12:51:40 [HikariPool-1:connection-adder] DEBUG com.zaxxer.hikari.pool.PoolBase - HikariPool-1 - Attempting to create/setup new connection (651f553d-ca2c-48e6-a139-23dd414b4377)
2026-03-15 12:51:40 [HikariPool-1:connection-adder] DEBUG com.zaxxer.hikari.pool.PoolBase - HikariPool-1 - Established new connection (651f553d-ca2c-48e6-a139-23dd414b4377)
2026-03-15 12:51:40 [HikariPool-1:connection-adder] DEBUG com.zaxxer.hikari.pool.HikariPool - HikariPool-1 - Added connection com.mysql.cj.jdbc.ConnectionImpl@4cc6a06b
2026-03-15 12:51:40 [HikariPool-1:connection-adder] DEBUG com.zaxxer.hikari.pool.HikariPool - HikariPool-1 - After adding stats (total=19/20, idle=19/20, active=0, waiting=0)
2026-03-15 12:51:40 [HikariPool-1:connection-adder] DEBUG com.zaxxer.hikari.pool.PoolBase - HikariPool-1 - Attempting to create/setup new connection (0ae08b69-f9af-4624-bb58-c0940dc3b202)
2026-03-15 12:51:40 [HikariPool-1:connection-adder] DEBUG com.zaxxer.hikari.pool.PoolBase - HikariPool-1 - Established new connection (0ae08b69-f9af-4624-bb58-c0940dc3b202)
2026-03-15 12:51:40 [HikariPool-1:connection-adder] DEBUG com.zaxxer.hikari.pool.HikariPool - HikariPool-1 - Added connection com.mysql.cj.jdbc.ConnectionImpl@45e0b58b
2026-03-15 12:51:40 [HikariPool-1:connection-adder] DEBUG com.zaxxer.hikari.pool.HikariPool - HikariPool-1 - After adding stats (total=20/20, idle=20/20, active=0, waiting=0)
2026-03-15 12:51:51 [JavaFX Application Thread] DEBUG application.java.manager.LogManager - [備品一覧画面] ： 選択行 分類種別: 5 分類コード: 1 遷移先画面サイズ : [1]
2026-03-15 12:51:51 [JavaFX Application Thread] INFO  application.java.manager.LogManager - [備品詳細画面] ： 初期化処理
2026-03-15 12:51:51 [JavaFX Application Thread] DEBUG application.java.manager.LogManager - [備品詳細画面] ： リスト表示処理
2026-03-15 12:51:51 [JavaFX Application Thread] DEBUG application.java.manager.LogManager - [SQL操作クラス] ： 非同期処理 SELECT句発行
2026-03-15 12:51:51 [Thread-4] DEBUG application.java.manager.LogManager - [SQL操作クラス] ： SELECT句発行
2026-03-15 12:51:51 [Thread-4] DEBUG application.java.manager.LogManager - [備品詳細画面] ： DB 備品詳細データ取得処理
2026-03-15 12:51:51 [Thread-4] DEBUG o.a.i.t.jdbc.JdbcTransaction - Opening JDBC Connection
2026-03-15 12:51:51 [Thread-4] DEBUG o.a.i.t.jdbc.JdbcTransaction - Setting autocommit to false on JDBC Connection [HikariProxyConnection@889662759 wrapping com.mysql.cj.jdbc.ConnectionImpl@5284024c]
2026-03-15 12:51:51 [Thread-4] DEBUG a.r.m.I.getTableDetailRecords - ==>  Preparing: WITH BASE_TABLE AS ( SELECT DISTINCT SM.serial_no , SD.id FROM stock_type_master STM /* 参照権限を考慮する場合に用いる INNER JOIN stock_type_data STD ON STM.stock_type = STD.stock_type AND STM.stock_code = STD.stock_code*/ INNER JOIN stock_master SM ON STM.stock_type = SM.stock_type AND STM.stock_code = SM.stock_code AND STM.del = FALSE AND SM.del = FALSE /* 未登録データを考慮しLEFT JOINとする */ LEFT JOIN stock_data SD ON SM.serial_no = SD.serial_no /* 返却済データの除去 ≒ 最新の備品データを取得 */ AND SD.return_date IS NULL AND SD.del = FALSE WHERE 1 = 1 AND STM.stock_type = ? AND STM.stock_code = ? ) SELECT STM.name AS type_name , SM.serial_no AS serialNo , IFNULL(STF.name, '') AS staffName -- 貸出先ユーザー , CASE WHEN SM.rent_flg THEN '4' -- 不可 / 貸出可否(TRUEの場合、貸出不可) WHEN DATEDIFF(CURRENT_DATE (), SD.confirmed_date) > 365 THEN '3' -- 不明 / [confirmed_date]：最終所在確認日 が１年前以前(可・貸出中に関わらず不明とする) WHEN SD.staff_no IS NOT NULL AND (DATEDIFF(CURRENT_DATE(), SD.confirmed_date) <= 365 ) THEN '2' -- 貸出中 WHEN SD.staff_no IS NULL AND (DATEDIFF(CURRENT_DATE(), SD.confirmed_date) <= 365 ) THEN '1' -- 可 ELSE '4' -- 不可 / 備品データが未登録の場合など、異常なデータ END AS rentFlg , IFNULL(DATE_FORMAT(SD.start_date, '%Y/%m/%d'), '-') AS startDate , IFNULL(DATE_FORMAT(SD.limit_date, '%Y/%m/%d'), '-') AS limitDate , IFNULL(DATE_FORMAT(SD.confirmed_date, '%Y/%m/%d'), '-') AS confirmedDate , SM.name AS model , SM.maker AS maker , IFNULL(SD.parent_stock_code, '-') AS destinationSerialNo -- 親シリアルナンバー , GCM.value_1 AS type , IFNULL(DATE_FORMAT(SM.expiry_date, '%Y/%m/%d'), '-') AS leaseDate , SM.remarks AS remarks , SM.stock_type , SM.stock_code , SD.id AS stockDataId , SD.staff_no AS staff_no FROM BASE_TABLE B INNER JOIN stock_master SM ON B.serial_no = SM.serial_no INNER JOIN stock_type_master STM ON SM.stock_type = STM.stock_type AND SM.stock_code = STM.stock_code /* 未登録データを考慮しLEFT JOINとする */ LEFT JOIN stock_data SD ON B.id = SD.id /* 未登録データを考慮しLEFT JOINとする */ LEFT JOIN staff_master STF ON SD.staff_no = STF.staff_no /* 未登録データを考慮しLEFT JOINとする */ LEFT JOIN generic_code_master GCM ON SM.asset_type = GCM.type_key AND GCM.generic_key = 'ASSET_TYPE' WHERE 1 = 1 ORDER BY SM.serial_no
2026-03-15 12:51:51 [Thread-4] DEBUG a.r.m.I.getTableDetailRecords - ==> Parameters: 5(Integer), 1(String)
2026-03-15 12:51:51 [Thread-4] DEBUG a.r.m.I.getTableDetailRecords - <==      Total: 2
2026-03-15 12:51:51 [Thread-4] DEBUG o.a.i.t.jdbc.JdbcTransaction - Resetting autocommit to true on JDBC Connection [HikariProxyConnection@889662759 wrapping com.mysql.cj.jdbc.ConnectionImpl@5284024c]
2026-03-15 12:51:51 [Thread-4] DEBUG o.a.i.t.jdbc.JdbcTransaction - Closing JDBC Connection [HikariProxyConnection@889662759 wrapping com.mysql.cj.jdbc.ConnectionImpl@5284024c]
2026-03-15 12:51:51 [JavaFX Application Thread] INFO  application.java.manager.LogManager - 画面展開 [setPage] : 備品詳細画面
2026-03-15 12:51:56 [JavaFX Application Thread] INFO  application.java.manager.LogManager - [備品詳細画面] ： [一覧に戻る]ボタン押下
2026-03-15 12:51:56 [JavaFX Application Thread] INFO  application.java.manager.LogManager - [備品一覧画面] ： 初期化処理
2026-03-15 12:51:56 [JavaFX Application Thread] DEBUG application.java.manager.LogManager - [備品一覧画面] ： リスト表示処理
2026-03-15 12:51:56 [JavaFX Application Thread] DEBUG application.java.manager.LogManager - [SQL操作クラス] ： 非同期処理 SELECT句発行
2026-03-15 12:51:56 [Thread-5] DEBUG application.java.manager.LogManager - [SQL操作クラス] ： SELECT句発行
2026-03-15 12:51:56 [Thread-5] DEBUG o.a.i.t.jdbc.JdbcTransaction - Opening JDBC Connection
2026-03-15 12:51:56 [Thread-5] DEBUG o.a.i.t.jdbc.JdbcTransaction - Setting autocommit to false on JDBC Connection [HikariProxyConnection@421755737 wrapping com.mysql.cj.jdbc.ConnectionImpl@5284024c]
2026-03-15 12:51:56 [Thread-5] DEBUG a.r.m.I.getTableRecords - ==>  Preparing: WITH SUB_TOTAL AS ( SELECT ST.stock_type , ST.stock_code , SUM(CASE WHEN SD.staff_no IS NOT NULL AND (DATEDIFF(CURRENT_DATE(), SD.confirmed_date) <= 365 ) THEN 1 ELSE 0 END) AS lending_count -- 貸出備品の数 , SUM(CASE /* 在庫 = [staff_no]：貸出先ユーザーの社員番号 が未設定(NULL) 且つ [return_date]：返却日が未設定(NULL) 且つ [confirmed_date]：最終所在確認日 が１年以内 */ WHEN SD.staff_no IS NULL AND (DATEDIFF(CURRENT_DATE(), SD.confirmed_date) <= 365 ) THEN 1 ELSE 0 END) AS stock_count -- 在庫備品の数 , SUM(CASE /* 不明 = [return_date]：返却日が未設定(NULL) 且つ [confirmed_date]：最終所在確認日 が１年前以前 ※ 貸出中・在庫を問わず１年前以前のデータを不明とする */ WHEN (DATEDIFF(CURRENT_DATE(), SD.confirmed_date) > 365 ) THEN 1 ELSE 0 END) AS unknown_count -- 不明備品の数 FROM (SELECT stock_type , stock_code FROM stock_type_master WHERE 1 = 1 AND del = FALSE) ST INNER JOIN stock_master SM ON ST.stock_type = SM.stock_type AND ST.stock_code = SM.stock_code AND SM.del = FALSE /* 未登録データを考慮しLEFT JOINとする */ LEFT JOIN stock_data SD ON SM.serial_no = SD.serial_no /* 返却済データの除去 */ AND SD.return_date IS NULL AND SD.del = FALSE WHERE 1 = 1 GROUP BY ST.stock_type , ST.stock_code ) SELECT ST.stock_type AS type, ST.stock_code AS code, ST.name AS itemName, IFNULL(S.lending_count, 0) AS loanCount, IFNULL(S.stock_count, 0) AS returnCount, IFNULL(S.unknown_count, 0) AS unknownCount, IFNULL(S.lending_count + S.stock_count, 0) AS totalCount /* 追加項目：遷移先画面サイズ */ , IFNULL( GCM.value_1, '1') AS windowSize FROM stock_type_master ST INNER JOIN SUB_TOTAL S ON ST.stock_type = S.stock_type AND ST.stock_code = S.stock_code /* 追加項目 遷移先画面サイズ */ LEFT JOIN generic_code_master GCM ON CAST(ST.stock_type AS CHAR) = GCM.type_key AND ST.stock_code = GCM.code AND GCM.generic_key = 'WINDOW_SIZE' WHERE 1 = 1 ORDER BY ST.stock_type , St.stock_code
2026-03-15 12:51:56 [Thread-5] DEBUG a.r.m.I.getTableRecords - ==> Parameters: 
2026-03-15 12:51:56 [Thread-5] DEBUG a.r.m.I.getTableRecords - <==      Total: 16
2026-03-15 12:51:56 [Thread-5] DEBUG o.a.i.t.jdbc.JdbcTransaction - Resetting autocommit to true on JDBC Connection [HikariProxyConnection@421755737 wrapping com.mysql.cj.jdbc.ConnectionImpl@5284024c]
2026-03-15 12:51:56 [Thread-5] DEBUG o.a.i.t.jdbc.JdbcTransaction - Closing JDBC Connection [HikariProxyConnection@421755737 wrapping com.mysql.cj.jdbc.ConnectionImpl@5284024c]
2026-03-15 12:51:56 [JavaFX Application Thread] INFO  application.java.manager.LogManager - 画面展開 [setPage] : 備品一覧画面
2026-03-15 12:52:00 [JavaFX Application Thread] DEBUG application.java.manager.LogManager - [備品一覧画面] ： 選択行 分類種別: 8 分類コード: 3 遷移先画面サイズ : [3]
2026-03-15 12:52:00 [JavaFX Application Thread] INFO  application.java.manager.LogManager - [備品詳細画面] ： 初期化処理
2026-03-15 12:52:00 [JavaFX Application Thread] DEBUG application.java.manager.LogManager - [備品詳細画面] ： リスト表示処理
2026-03-15 12:52:00 [JavaFX Application Thread] DEBUG application.java.manager.LogManager - [SQL操作クラス] ： 非同期処理 SELECT句発行
2026-03-15 12:52:00 [Thread-6] DEBUG application.java.manager.LogManager - [SQL操作クラス] ： SELECT句発行
2026-03-15 12:52:00 [Thread-6] DEBUG application.java.manager.LogManager - [備品詳細画面] ： DB 備品詳細データ取得処理
2026-03-15 12:52:00 [Thread-6] DEBUG o.a.i.t.jdbc.JdbcTransaction - Opening JDBC Connection
2026-03-15 12:52:00 [Thread-6] DEBUG o.a.i.t.jdbc.JdbcTransaction - Setting autocommit to false on JDBC Connection [HikariProxyConnection@602799383 wrapping com.mysql.cj.jdbc.ConnectionImpl@5284024c]
2026-03-15 12:52:00 [Thread-6] DEBUG a.r.m.I.getTableDetailRecords - ==>  Preparing: WITH BASE_TABLE AS ( SELECT DISTINCT SM.serial_no , SD.id FROM stock_type_master STM /* 参照権限を考慮する場合に用いる INNER JOIN stock_type_data STD ON STM.stock_type = STD.stock_type AND STM.stock_code = STD.stock_code*/ INNER JOIN stock_master SM ON STM.stock_type = SM.stock_type AND STM.stock_code = SM.stock_code AND STM.del = FALSE AND SM.del = FALSE /* 未登録データを考慮しLEFT JOINとする */ LEFT JOIN stock_data SD ON SM.serial_no = SD.serial_no /* 返却済データの除去 ≒ 最新の備品データを取得 */ AND SD.return_date IS NULL AND SD.del = FALSE WHERE 1 = 1 AND STM.stock_type = ? AND STM.stock_code = ? ) SELECT STM.name AS type_name , SM.serial_no AS serialNo , IFNULL(STF.name, '') AS staffName -- 貸出先ユーザー , CASE WHEN SM.rent_flg THEN '4' -- 不可 / 貸出可否(TRUEの場合、貸出不可) WHEN DATEDIFF(CURRENT_DATE (), SD.confirmed_date) > 365 THEN '3' -- 不明 / [confirmed_date]：最終所在確認日 が１年前以前(可・貸出中に関わらず不明とする) WHEN SD.staff_no IS NOT NULL AND (DATEDIFF(CURRENT_DATE(), SD.confirmed_date) <= 365 ) THEN '2' -- 貸出中 WHEN SD.staff_no IS NULL AND (DATEDIFF(CURRENT_DATE(), SD.confirmed_date) <= 365 ) THEN '1' -- 可 ELSE '4' -- 不可 / 備品データが未登録の場合など、異常なデータ END AS rentFlg , IFNULL(DATE_FORMAT(SD.start_date, '%Y/%m/%d'), '-') AS startDate , IFNULL(DATE_FORMAT(SD.limit_date, '%Y/%m/%d'), '-') AS limitDate , IFNULL(DATE_FORMAT(SD.confirmed_date, '%Y/%m/%d'), '-') AS confirmedDate , SM.name AS model , SM.maker AS maker , IFNULL(SD.parent_stock_code, '-') AS destinationSerialNo -- 親シリアルナンバー , GCM.value_1 AS type , IFNULL(DATE_FORMAT(SM.expiry_date, '%Y/%m/%d'), '-') AS leaseDate , SM.remarks AS remarks , SM.stock_type , SM.stock_code , SD.id AS stockDataId , SD.staff_no AS staff_no FROM BASE_TABLE B INNER JOIN stock_master SM ON B.serial_no = SM.serial_no INNER JOIN stock_type_master STM ON SM.stock_type = STM.stock_type AND SM.stock_code = STM.stock_code /* 未登録データを考慮しLEFT JOINとする */ LEFT JOIN stock_data SD ON B.id = SD.id /* 未登録データを考慮しLEFT JOINとする */ LEFT JOIN staff_master STF ON SD.staff_no = STF.staff_no /* 未登録データを考慮しLEFT JOINとする */ LEFT JOIN generic_code_master GCM ON SM.asset_type = GCM.type_key AND GCM.generic_key = 'ASSET_TYPE' WHERE 1 = 1 ORDER BY SM.serial_no
2026-03-15 12:52:00 [Thread-6] DEBUG a.r.m.I.getTableDetailRecords - ==> Parameters: 8(Integer), 3(String)
2026-03-15 12:52:00 [Thread-6] DEBUG a.r.m.I.getTableDetailRecords - <==      Total: 1
2026-03-15 12:52:00 [Thread-6] DEBUG o.a.i.t.jdbc.JdbcTransaction - Resetting autocommit to true on JDBC Connection [HikariProxyConnection@602799383 wrapping com.mysql.cj.jdbc.ConnectionImpl@5284024c]
2026-03-15 12:52:00 [Thread-6] DEBUG o.a.i.t.jdbc.JdbcTransaction - Closing JDBC Connection [HikariProxyConnection@602799383 wrapping com.mysql.cj.jdbc.ConnectionImpl@5284024c]
2026-03-15 12:52:00 [JavaFX Application Thread] INFO  application.java.manager.LogManager - 画面展開 [setPage] : 備品詳細画面
2026-03-15 12:52:05 [JavaFX Application Thread] INFO  application.java.manager.LogManager - [備品詳細画面] ： [一覧に戻る]ボタン押下
2026-03-15 12:52:05 [JavaFX Application Thread] INFO  application.java.manager.LogManager - [備品一覧画面] ： 初期化処理
2026-03-15 12:52:05 [JavaFX Application Thread] DEBUG application.java.manager.LogManager - [備品一覧画面] ： リスト表示処理
2026-03-15 12:52:05 [JavaFX Application Thread] DEBUG application.java.manager.LogManager - [SQL操作クラス] ： 非同期処理 SELECT句発行
2026-03-15 12:52:05 [Thread-7] DEBUG application.java.manager.LogManager - [SQL操作クラス] ： SELECT句発行
2026-03-15 12:52:05 [Thread-7] DEBUG o.a.i.t.jdbc.JdbcTransaction - Opening JDBC Connection
2026-03-15 12:52:05 [Thread-7] DEBUG o.a.i.t.jdbc.JdbcTransaction - Setting autocommit to false on JDBC Connection [HikariProxyConnection@61184641 wrapping com.mysql.cj.jdbc.ConnectionImpl@5284024c]
2026-03-15 12:52:05 [Thread-7] DEBUG a.r.m.I.getTableRecords - ==>  Preparing: WITH SUB_TOTAL AS ( SELECT ST.stock_type , ST.stock_code , SUM(CASE WHEN SD.staff_no IS NOT NULL AND (DATEDIFF(CURRENT_DATE(), SD.confirmed_date) <= 365 ) THEN 1 ELSE 0 END) AS lending_count -- 貸出備品の数 , SUM(CASE /* 在庫 = [staff_no]：貸出先ユーザーの社員番号 が未設定(NULL) 且つ [return_date]：返却日が未設定(NULL) 且つ [confirmed_date]：最終所在確認日 が１年以内 */ WHEN SD.staff_no IS NULL AND (DATEDIFF(CURRENT_DATE(), SD.confirmed_date) <= 365 ) THEN 1 ELSE 0 END) AS stock_count -- 在庫備品の数 , SUM(CASE /* 不明 = [return_date]：返却日が未設定(NULL) 且つ [confirmed_date]：最終所在確認日 が１年前以前 ※ 貸出中・在庫を問わず１年前以前のデータを不明とする */ WHEN (DATEDIFF(CURRENT_DATE(), SD.confirmed_date) > 365 ) THEN 1 ELSE 0 END) AS unknown_count -- 不明備品の数 FROM (SELECT stock_type , stock_code FROM stock_type_master WHERE 1 = 1 AND del = FALSE) ST INNER JOIN stock_master SM ON ST.stock_type = SM.stock_type AND ST.stock_code = SM.stock_code AND SM.del = FALSE /* 未登録データを考慮しLEFT JOINとする */ LEFT JOIN stock_data SD ON SM.serial_no = SD.serial_no /* 返却済データの除去 */ AND SD.return_date IS NULL AND SD.del = FALSE WHERE 1 = 1 GROUP BY ST.stock_type , ST.stock_code ) SELECT ST.stock_type AS type, ST.stock_code AS code, ST.name AS itemName, IFNULL(S.lending_count, 0) AS loanCount, IFNULL(S.stock_count, 0) AS returnCount, IFNULL(S.unknown_count, 0) AS unknownCount, IFNULL(S.lending_count + S.stock_count, 0) AS totalCount /* 追加項目：遷移先画面サイズ */ , IFNULL( GCM.value_1, '1') AS windowSize FROM stock_type_master ST INNER JOIN SUB_TOTAL S ON ST.stock_type = S.stock_type AND ST.stock_code = S.stock_code /* 追加項目 遷移先画面サイズ */ LEFT JOIN generic_code_master GCM ON CAST(ST.stock_type AS CHAR) = GCM.type_key AND ST.stock_code = GCM.code AND GCM.generic_key = 'WINDOW_SIZE' WHERE 1 = 1 ORDER BY ST.stock_type , St.stock_code
2026-03-15 12:52:05 [Thread-7] DEBUG a.r.m.I.getTableRecords - ==> Parameters: 
2026-03-15 12:52:05 [Thread-7] DEBUG a.r.m.I.getTableRecords - <==      Total: 16
2026-03-15 12:52:05 [Thread-7] DEBUG o.a.i.t.jdbc.JdbcTransaction - Resetting autocommit to true on JDBC Connection [HikariProxyConnection@61184641 wrapping com.mysql.cj.jdbc.ConnectionImpl@5284024c]
2026-03-15 12:52:05 [Thread-7] DEBUG o.a.i.t.jdbc.JdbcTransaction - Closing JDBC Connection [HikariProxyConnection@61184641 wrapping com.mysql.cj.jdbc.ConnectionImpl@5284024c]
2026-03-15 12:52:05 [JavaFX Application Thread] INFO  application.java.manager.LogManager - 画面展開 [setPage] : 備品一覧画面
2026-03-15 12:52:07 [JavaFX Application Thread] DEBUG application.java.manager.LogManager - [備品一覧画面] ： 選択行 分類種別: 7 分類コード: 1 遷移先画面サイズ : [1]
2026-03-15 12:52:07 [JavaFX Application Thread] INFO  application.java.manager.LogManager - [備品詳細画面] ： 初期化処理
2026-03-15 12:52:07 [JavaFX Application Thread] DEBUG application.java.manager.LogManager - [備品詳細画面] ： リスト表示処理
2026-03-15 12:52:07 [JavaFX Application Thread] DEBUG application.java.manager.LogManager - [SQL操作クラス] ： 非同期処理 SELECT句発行
2026-03-15 12:52:07 [Thread-8] DEBUG application.java.manager.LogManager - [SQL操作クラス] ： SELECT句発行
2026-03-15 12:52:07 [Thread-8] DEBUG application.java.manager.LogManager - [備品詳細画面] ： DB 備品詳細データ取得処理
2026-03-15 12:52:07 [Thread-8] DEBUG o.a.i.t.jdbc.JdbcTransaction - Opening JDBC Connection
2026-03-15 12:52:07 [Thread-8] DEBUG o.a.i.t.jdbc.JdbcTransaction - Setting autocommit to false on JDBC Connection [HikariProxyConnection@37939244 wrapping com.mysql.cj.jdbc.ConnectionImpl@5284024c]
2026-03-15 12:52:07 [Thread-8] DEBUG a.r.m.I.getTableDetailRecords - ==>  Preparing: WITH BASE_TABLE AS ( SELECT DISTINCT SM.serial_no , SD.id FROM stock_type_master STM /* 参照権限を考慮する場合に用いる INNER JOIN stock_type_data STD ON STM.stock_type = STD.stock_type AND STM.stock_code = STD.stock_code*/ INNER JOIN stock_master SM ON STM.stock_type = SM.stock_type AND STM.stock_code = SM.stock_code AND STM.del = FALSE AND SM.del = FALSE /* 未登録データを考慮しLEFT JOINとする */ LEFT JOIN stock_data SD ON SM.serial_no = SD.serial_no /* 返却済データの除去 ≒ 最新の備品データを取得 */ AND SD.return_date IS NULL AND SD.del = FALSE WHERE 1 = 1 AND STM.stock_type = ? AND STM.stock_code = ? ) SELECT STM.name AS type_name , SM.serial_no AS serialNo , IFNULL(STF.name, '') AS staffName -- 貸出先ユーザー , CASE WHEN SM.rent_flg THEN '4' -- 不可 / 貸出可否(TRUEの場合、貸出不可) WHEN DATEDIFF(CURRENT_DATE (), SD.confirmed_date) > 365 THEN '3' -- 不明 / [confirmed_date]：最終所在確認日 が１年前以前(可・貸出中に関わらず不明とする) WHEN SD.staff_no IS NOT NULL AND (DATEDIFF(CURRENT_DATE(), SD.confirmed_date) <= 365 ) THEN '2' -- 貸出中 WHEN SD.staff_no IS NULL AND (DATEDIFF(CURRENT_DATE(), SD.confirmed_date) <= 365 ) THEN '1' -- 可 ELSE '4' -- 不可 / 備品データが未登録の場合など、異常なデータ END AS rentFlg , IFNULL(DATE_FORMAT(SD.start_date, '%Y/%m/%d'), '-') AS startDate , IFNULL(DATE_FORMAT(SD.limit_date, '%Y/%m/%d'), '-') AS limitDate , IFNULL(DATE_FORMAT(SD.confirmed_date, '%Y/%m/%d'), '-') AS confirmedDate , SM.name AS model , SM.maker AS maker , IFNULL(SD.parent_stock_code, '-') AS destinationSerialNo -- 親シリアルナンバー , GCM.value_1 AS type , IFNULL(DATE_FORMAT(SM.expiry_date, '%Y/%m/%d'), '-') AS leaseDate , SM.remarks AS remarks , SM.stock_type , SM.stock_code , SD.id AS stockDataId , SD.staff_no AS staff_no FROM BASE_TABLE B INNER JOIN stock_master SM ON B.serial_no = SM.serial_no INNER JOIN stock_type_master STM ON SM.stock_type = STM.stock_type AND SM.stock_code = STM.stock_code /* 未登録データを考慮しLEFT JOINとする */ LEFT JOIN stock_data SD ON B.id = SD.id /* 未登録データを考慮しLEFT JOINとする */ LEFT JOIN staff_master STF ON SD.staff_no = STF.staff_no /* 未登録データを考慮しLEFT JOINとする */ LEFT JOIN generic_code_master GCM ON SM.asset_type = GCM.type_key AND GCM.generic_key = 'ASSET_TYPE' WHERE 1 = 1 ORDER BY SM.serial_no
2026-03-15 12:52:07 [Thread-8] DEBUG a.r.m.I.getTableDetailRecords - ==> Parameters: 7(Integer), 1(String)
2026-03-15 12:52:07 [Thread-8] DEBUG a.r.m.I.getTableDetailRecords - <==      Total: 6
2026-03-15 12:52:07 [Thread-8] DEBUG o.a.i.t.jdbc.JdbcTransaction - Resetting autocommit to true on JDBC Connection [HikariProxyConnection@37939244 wrapping com.mysql.cj.jdbc.ConnectionImpl@5284024c]
2026-03-15 12:52:07 [Thread-8] DEBUG o.a.i.t.jdbc.JdbcTransaction - Closing JDBC Connection [HikariProxyConnection@37939244 wrapping com.mysql.cj.jdbc.ConnectionImpl@5284024c]
2026-03-15 12:52:07 [JavaFX Application Thread] INFO  application.java.manager.LogManager - 画面展開 [setPage] : 備品詳細画面
2026-03-15 12:52:08 [JavaFX Application Thread] INFO  application.java.manager.LogManager - [備品詳細画面] ： [貸出]ボタン押下
2026-03-15 12:52:08 [JavaFX Application Thread] INFO  application.java.manager.LogManager - [備品貸出画面] ： 初期化処理
2026-03-15 12:52:08 [JavaFX Application Thread] DEBUG application.java.manager.LogManager - [備品貸出画面] ： 使用者一覧(ComboBox 選択リスト)取得処理
2026-03-15 12:52:08 [JavaFX Application Thread] DEBUG application.java.manager.LogManager - [SQL操作クラス] ： 非同期処理 SELECT句発行
2026-03-15 12:52:08 [JavaFX Application Thread] DEBUG application.java.manager.LogManager - [備品貸出画面] ： リスト表示処理
2026-03-15 12:52:08 [JavaFX Application Thread] DEBUG application.java.manager.LogManager - [SQL操作クラス] ： 非同期処理 SELECT句発行
2026-03-15 12:52:08 [Thread-9] DEBUG application.java.manager.LogManager - [SQL操作クラス] ： SELECT句発行
2026-03-15 12:52:08 [Thread-9] DEBUG application.java.manager.LogManager - [備品貸出画面] ： DB 社員マスタ取得処理
2026-03-15 12:52:08 [Thread-10] DEBUG application.java.manager.LogManager - [SQL操作クラス] ： SELECT句発行
2026-03-15 12:52:08 [Thread-10] DEBUG application.java.manager.LogManager - [備品貸出画面] ： DB 備品(貸出)データ取得処理
2026-03-15 12:52:08 [Thread-9] DEBUG o.a.i.t.jdbc.JdbcTransaction - Opening JDBC Connection
2026-03-15 12:52:08 [Thread-10] DEBUG o.a.i.t.jdbc.JdbcTransaction - Opening JDBC Connection
2026-03-15 12:52:08 [Thread-10] DEBUG o.a.i.t.jdbc.JdbcTransaction - Setting autocommit to false on JDBC Connection [HikariProxyConnection@1179670056 wrapping com.mysql.cj.jdbc.ConnectionImpl@29d2b35b]
2026-03-15 12:52:08 [Thread-9] DEBUG o.a.i.t.jdbc.JdbcTransaction - Setting autocommit to false on JDBC Connection [HikariProxyConnection@860660748 wrapping com.mysql.cj.jdbc.ConnectionImpl@5284024c]
2026-03-15 12:52:08 [Thread-9] DEBUG a.r.m.I.getStaffMasterData - ==>  Preparing: SELECT SM.staff_no AS staffNo, SM.name AS staffName FROM staff_master SM WHERE 1 = 1 AND SM.del = FALSE ORDER BY SM.staff_no
2026-03-15 12:52:08 [Thread-10] DEBUG a.r.m.I.getTableReturnableStockData - ==>  Preparing: WITH BASE_TABLE AS ( SELECT DISTINCT SM.serial_no , SD.id FROM stock_type_master STM /* 参照権限を考慮する場合に用いる INNER JOIN stock_type_data STD ON STM.stock_type = STD.stock_type AND STM.stock_code = STD.stock_code*/ INNER JOIN stock_master SM ON STM.stock_type = SM.stock_type AND STM.stock_code = SM.stock_code AND STM.del = FALSE AND SM.del = FALSE AND SM.rent_flg = FALSE INNER JOIN stock_data SD ON SM.serial_no = SD.serial_no /* 返却済データの除去 ≒ 最新の備品データを取得 */ AND SD.return_date IS NULL AND SD.del = FALSE /* [在庫](返却)データの取得(社員番号が設定されていないデータ) */ AND SD.staff_no IS NULL /* [不明]のデータは対象としない */ AND (DATEDIFF(CURRENT_DATE(), SD.confirmed_date) <= 365 ) WHERE 1 = 1 AND STM.stock_type = ? AND STM.stock_code = ? ) SELECT STM.name AS type_name , SM.serial_no AS serialNo , '' AS staffName , IFNULL(DATE_FORMAT(SD.start_date, '%Y/%m/%d'), '') AS startDate , IFNULL(DATE_FORMAT(SD.limit_date, '%Y/%m/%d'), '') AS limitDate , SM.remarks AS remarks , SM.stock_type , SM.stock_code , SD.id AS stockDataId FROM BASE_TABLE B INNER JOIN stock_master SM ON B.serial_no = SM.serial_no INNER JOIN stock_type_master STM ON SM.stock_type = STM.stock_type AND SM.stock_code = STM.stock_code INNER JOIN stock_data SD ON B.id = SD.id WHERE 1 = 1 ORDER BY SM.serial_no
2026-03-15 12:52:08 [Thread-9] DEBUG a.r.m.I.getStaffMasterData - ==> Parameters: 
2026-03-15 12:52:08 [Thread-10] DEBUG a.r.m.I.getTableReturnableStockData - ==> Parameters: 7(Integer), 1(String)
2026-03-15 12:52:08 [Thread-9] DEBUG a.r.m.I.getStaffMasterData - <==      Total: 5
2026-03-15 12:52:08 [Thread-9] DEBUG o.a.i.t.jdbc.JdbcTransaction - Resetting autocommit to true on JDBC Connection [HikariProxyConnection@860660748 wrapping com.mysql.cj.jdbc.ConnectionImpl@5284024c]
2026-03-15 12:52:08 [Thread-9] DEBUG o.a.i.t.jdbc.JdbcTransaction - Closing JDBC Connection [HikariProxyConnection@860660748 wrapping com.mysql.cj.jdbc.ConnectionImpl@5284024c]
2026-03-15 12:52:08 [Thread-10] DEBUG a.r.m.I.getTableReturnableStockData - <==      Total: 2
2026-03-15 12:52:08 [Thread-10] DEBUG o.a.i.t.jdbc.JdbcTransaction - Resetting autocommit to true on JDBC Connection [HikariProxyConnection@1179670056 wrapping com.mysql.cj.jdbc.ConnectionImpl@29d2b35b]
2026-03-15 12:52:08 [Thread-10] DEBUG o.a.i.t.jdbc.JdbcTransaction - Closing JDBC Connection [HikariProxyConnection@1179670056 wrapping com.mysql.cj.jdbc.ConnectionImpl@29d2b35b]
2026-03-15 12:52:08 [JavaFX Application Thread] INFO  application.java.manager.LogManager - 画面展開 [setPage] : 備品貸出画面
2026-03-15 12:52:10 [HikariPool-1:housekeeper] DEBUG com.zaxxer.hikari.pool.HikariPool - HikariPool-1 - Pool stats (total=20/20, idle=20/20, active=0, waiting=0)
2026-03-15 12:52:10 [HikariPool-1:housekeeper] DEBUG com.zaxxer.hikari.pool.HikariPool - HikariPool-1 - Fill pool skipped, pool has sufficient level or currently being filled.
2026-03-15 12:52:11 [JavaFX Application Thread] INFO  application.java.manager.LogManager - [備品貸出画面] ： [戻る]ボタン押下
2026-03-15 12:52:11 [JavaFX Application Thread] INFO  application.java.manager.LogManager - [備品詳細画面] ： 初期化処理
2026-03-15 12:52:11 [JavaFX Application Thread] DEBUG application.java.manager.LogManager - [備品詳細画面] ： リスト表示処理
2026-03-15 12:52:11 [JavaFX Application Thread] DEBUG application.java.manager.LogManager - [SQL操作クラス] ： 非同期処理 SELECT句発行
2026-03-15 12:52:11 [Thread-11] DEBUG application.java.manager.LogManager - [SQL操作クラス] ： SELECT句発行
2026-03-15 12:52:11 [Thread-11] DEBUG application.java.manager.LogManager - [備品詳細画面] ： DB 備品詳細データ取得処理
2026-03-15 12:52:11 [Thread-11] DEBUG o.a.i.t.jdbc.JdbcTransaction - Opening JDBC Connection
2026-03-15 12:52:11 [Thread-11] DEBUG o.a.i.t.jdbc.JdbcTransaction - Setting autocommit to false on JDBC Connection [HikariProxyConnection@1606505065 wrapping com.mysql.cj.jdbc.ConnectionImpl@5284024c]
2026-03-15 12:52:11 [Thread-11] DEBUG a.r.m.I.getTableDetailRecords - ==>  Preparing: WITH BASE_TABLE AS ( SELECT DISTINCT SM.serial_no , SD.id FROM stock_type_master STM /* 参照権限を考慮する場合に用いる INNER JOIN stock_type_data STD ON STM.stock_type = STD.stock_type AND STM.stock_code = STD.stock_code*/ INNER JOIN stock_master SM ON STM.stock_type = SM.stock_type AND STM.stock_code = SM.stock_code AND STM.del = FALSE AND SM.del = FALSE /* 未登録データを考慮しLEFT JOINとする */ LEFT JOIN stock_data SD ON SM.serial_no = SD.serial_no /* 返却済データの除去 ≒ 最新の備品データを取得 */ AND SD.return_date IS NULL AND SD.del = FALSE WHERE 1 = 1 AND STM.stock_type = ? AND STM.stock_code = ? ) SELECT STM.name AS type_name , SM.serial_no AS serialNo , IFNULL(STF.name, '') AS staffName -- 貸出先ユーザー , CASE WHEN SM.rent_flg THEN '4' -- 不可 / 貸出可否(TRUEの場合、貸出不可) WHEN DATEDIFF(CURRENT_DATE (), SD.confirmed_date) > 365 THEN '3' -- 不明 / [confirmed_date]：最終所在確認日 が１年前以前(可・貸出中に関わらず不明とする) WHEN SD.staff_no IS NOT NULL AND (DATEDIFF(CURRENT_DATE(), SD.confirmed_date) <= 365 ) THEN '2' -- 貸出中 WHEN SD.staff_no IS NULL AND (DATEDIFF(CURRENT_DATE(), SD.confirmed_date) <= 365 ) THEN '1' -- 可 ELSE '4' -- 不可 / 備品データが未登録の場合など、異常なデータ END AS rentFlg , IFNULL(DATE_FORMAT(SD.start_date, '%Y/%m/%d'), '-') AS startDate , IFNULL(DATE_FORMAT(SD.limit_date, '%Y/%m/%d'), '-') AS limitDate , IFNULL(DATE_FORMAT(SD.confirmed_date, '%Y/%m/%d'), '-') AS confirmedDate , SM.name AS model , SM.maker AS maker , IFNULL(SD.parent_stock_code, '-') AS destinationSerialNo -- 親シリアルナンバー , GCM.value_1 AS type , IFNULL(DATE_FORMAT(SM.expiry_date, '%Y/%m/%d'), '-') AS leaseDate , SM.remarks AS remarks , SM.stock_type , SM.stock_code , SD.id AS stockDataId , SD.staff_no AS staff_no FROM BASE_TABLE B INNER JOIN stock_master SM ON B.serial_no = SM.serial_no INNER JOIN stock_type_master STM ON SM.stock_type = STM.stock_type AND SM.stock_code = STM.stock_code /* 未登録データを考慮しLEFT JOINとする */ LEFT JOIN stock_data SD ON B.id = SD.id /* 未登録データを考慮しLEFT JOINとする */ LEFT JOIN staff_master STF ON SD.staff_no = STF.staff_no /* 未登録データを考慮しLEFT JOINとする */ LEFT JOIN generic_code_master GCM ON SM.asset_type = GCM.type_key AND GCM.generic_key = 'ASSET_TYPE' WHERE 1 = 1 ORDER BY SM.serial_no
2026-03-15 12:52:11 [Thread-11] DEBUG a.r.m.I.getTableDetailRecords - ==> Parameters: 7(Integer), 1(String)
2026-03-15 12:52:11 [Thread-11] DEBUG a.r.m.I.getTableDetailRecords - <==      Total: 6
2026-03-15 12:52:11 [Thread-11] DEBUG o.a.i.t.jdbc.JdbcTransaction - Resetting autocommit to true on JDBC Connection [HikariProxyConnection@1606505065 wrapping com.mysql.cj.jdbc.ConnectionImpl@5284024c]
2026-03-15 12:52:11 [Thread-11] DEBUG o.a.i.t.jdbc.JdbcTransaction - Closing JDBC Connection [HikariProxyConnection@1606505065 wrapping com.mysql.cj.jdbc.ConnectionImpl@5284024c]
2026-03-15 12:52:11 [JavaFX Application Thread] INFO  application.java.manager.LogManager - 画面展開 [setPage] : 備品詳細画面
2026-03-15 12:52:11 [JavaFX Application Thread] INFO  application.java.manager.LogManager - [備品詳細画面] ： [返却]ボタン押下
2026-03-15 12:52:11 [JavaFX Application Thread] INFO  application.java.manager.LogManager - [備品返却画面] ： 初期化処理
2026-03-15 12:52:12 [JavaFX Application Thread] DEBUG application.java.manager.LogManager - [備品返却画面] ： リスト表示処理
2026-03-15 12:52:12 [JavaFX Application Thread] DEBUG application.java.manager.LogManager - [SQL操作クラス] ： 非同期処理 SELECT句発行
2026-03-15 12:52:12 [Thread-12] DEBUG application.java.manager.LogManager - [SQL操作クラス] ： SELECT句発行
2026-03-15 12:52:12 [Thread-12] DEBUG application.java.manager.LogManager - [備品返却画面] ： DB 備品(返却≒貸出中)データ取得処理
2026-03-15 12:52:12 [Thread-12] DEBUG o.a.i.t.jdbc.JdbcTransaction - Opening JDBC Connection
2026-03-15 12:52:12 [Thread-12] DEBUG o.a.i.t.jdbc.JdbcTransaction - Setting autocommit to false on JDBC Connection [HikariProxyConnection@693771190 wrapping com.mysql.cj.jdbc.ConnectionImpl@5284024c]
2026-03-15 12:52:12 [Thread-12] DEBUG a.r.m.I.getTableLoanableStockData - ==>  Preparing: WITH BASE_TABLE AS ( SELECT DISTINCT SM.serial_no , SD.id FROM stock_type_master STM /* 参照権限を考慮する場合に用いる INNER JOIN stock_type_data STD ON STM.stock_type = STD.stock_type AND STM.stock_code = STD.stock_code*/ INNER JOIN stock_master SM ON STM.stock_type = SM.stock_type AND STM.stock_code = SM.stock_code AND STM.del = FALSE AND SM.del = FALSE AND SM.rent_flg = FALSE INNER JOIN stock_data SD ON SM.serial_no = SD.serial_no /* 返却済データの除去 ≒ 最新の備品データを取得 */ AND SD.return_date IS NULL AND SD.del = FALSE /* [貸出中]データの取得 */ AND SD.staff_no IS NOT NULL /* [不明]のデータは対象としない */ AND (DATEDIFF(CURRENT_DATE(), SD.confirmed_date) <= 365 ) WHERE 1 = 1 AND STM.stock_type = ? AND STM.stock_code = ? ) SELECT STM.name AS type_name , SM.serial_no AS serialNo , SFM.name AS staffName , IFNULL(DATE_FORMAT(SD.start_date, '%Y/%m/%d'), '') AS startDate , IFNULL(DATE_FORMAT(SD.limit_date, '%Y/%m/%d'), '') AS limitDate , SM.remarks AS remarks , SM.stock_type , SM.stock_code , SD.id AS stockDataId , SD.staff_no AS staff_no FROM BASE_TABLE B INNER JOIN stock_master SM ON B.serial_no = SM.serial_no INNER JOIN stock_type_master STM ON SM.stock_type = STM.stock_type AND SM.stock_code = STM.stock_code INNER JOIN stock_data SD ON B.id = SD.id LEFT JOIN staff_master SFM ON SD.staff_no = SFM.staff_no WHERE 1 = 1 ORDER BY SM.serial_no
2026-03-15 12:52:12 [Thread-12] DEBUG a.r.m.I.getTableLoanableStockData - ==> Parameters: 7(Integer), 1(String)
2026-03-15 12:52:12 [Thread-12] DEBUG a.r.m.I.getTableLoanableStockData - <==      Total: 4
2026-03-15 12:52:12 [Thread-12] DEBUG o.a.i.t.jdbc.JdbcTransaction - Resetting autocommit to true on JDBC Connection [HikariProxyConnection@693771190 wrapping com.mysql.cj.jdbc.ConnectionImpl@5284024c]
2026-03-15 12:52:12 [Thread-12] DEBUG o.a.i.t.jdbc.JdbcTransaction - Closing JDBC Connection [HikariProxyConnection@693771190 wrapping com.mysql.cj.jdbc.ConnectionImpl@5284024c]
2026-03-15 12:52:12 [JavaFX Application Thread] INFO  application.java.manager.LogManager - 画面展開 [setPage] : 備品返却画面
2026-03-15 12:52:13 [JavaFX Application Thread] INFO  application.java.manager.LogManager - [備品返却画面] ： [戻る]ボタン押下
2026-03-15 12:52:13 [JavaFX Application Thread] INFO  application.java.manager.LogManager - [備品詳細画面] ： 初期化処理
2026-03-15 12:52:13 [JavaFX Application Thread] DEBUG application.java.manager.LogManager - [備品詳細画面] ： リスト表示処理
2026-03-15 12:52:13 [JavaFX Application Thread] DEBUG application.java.manager.LogManager - [SQL操作クラス] ： 非同期処理 SELECT句発行
2026-03-15 12:52:13 [Thread-13] DEBUG application.java.manager.LogManager - [SQL操作クラス] ： SELECT句発行
2026-03-15 12:52:13 [Thread-13] DEBUG application.java.manager.LogManager - [備品詳細画面] ： DB 備品詳細データ取得処理
2026-03-15 12:52:13 [Thread-13] DEBUG o.a.i.t.jdbc.JdbcTransaction - Opening JDBC Connection
2026-03-15 12:52:13 [Thread-13] DEBUG o.a.i.t.jdbc.JdbcTransaction - Setting autocommit to false on JDBC Connection [HikariProxyConnection@1910950349 wrapping com.mysql.cj.jdbc.ConnectionImpl@5284024c]
2026-03-15 12:52:13 [Thread-13] DEBUG a.r.m.I.getTableDetailRecords - ==>  Preparing: WITH BASE_TABLE AS ( SELECT DISTINCT SM.serial_no , SD.id FROM stock_type_master STM /* 参照権限を考慮する場合に用いる INNER JOIN stock_type_data STD ON STM.stock_type = STD.stock_type AND STM.stock_code = STD.stock_code*/ INNER JOIN stock_master SM ON STM.stock_type = SM.stock_type AND STM.stock_code = SM.stock_code AND STM.del = FALSE AND SM.del = FALSE /* 未登録データを考慮しLEFT JOINとする */ LEFT JOIN stock_data SD ON SM.serial_no = SD.serial_no /* 返却済データの除去 ≒ 最新の備品データを取得 */ AND SD.return_date IS NULL AND SD.del = FALSE WHERE 1 = 1 AND STM.stock_type = ? AND STM.stock_code = ? ) SELECT STM.name AS type_name , SM.serial_no AS serialNo , IFNULL(STF.name, '') AS staffName -- 貸出先ユーザー , CASE WHEN SM.rent_flg THEN '4' -- 不可 / 貸出可否(TRUEの場合、貸出不可) WHEN DATEDIFF(CURRENT_DATE (), SD.confirmed_date) > 365 THEN '3' -- 不明 / [confirmed_date]：最終所在確認日 が１年前以前(可・貸出中に関わらず不明とする) WHEN SD.staff_no IS NOT NULL AND (DATEDIFF(CURRENT_DATE(), SD.confirmed_date) <= 365 ) THEN '2' -- 貸出中 WHEN SD.staff_no IS NULL AND (DATEDIFF(CURRENT_DATE(), SD.confirmed_date) <= 365 ) THEN '1' -- 可 ELSE '4' -- 不可 / 備品データが未登録の場合など、異常なデータ END AS rentFlg , IFNULL(DATE_FORMAT(SD.start_date, '%Y/%m/%d'), '-') AS startDate , IFNULL(DATE_FORMAT(SD.limit_date, '%Y/%m/%d'), '-') AS limitDate , IFNULL(DATE_FORMAT(SD.confirmed_date, '%Y/%m/%d'), '-') AS confirmedDate , SM.name AS model , SM.maker AS maker , IFNULL(SD.parent_stock_code, '-') AS destinationSerialNo -- 親シリアルナンバー , GCM.value_1 AS type , IFNULL(DATE_FORMAT(SM.expiry_date, '%Y/%m/%d'), '-') AS leaseDate , SM.remarks AS remarks , SM.stock_type , SM.stock_code , SD.id AS stockDataId , SD.staff_no AS staff_no FROM BASE_TABLE B INNER JOIN stock_master SM ON B.serial_no = SM.serial_no INNER JOIN stock_type_master STM ON SM.stock_type = STM.stock_type AND SM.stock_code = STM.stock_code /* 未登録データを考慮しLEFT JOINとする */ LEFT JOIN stock_data SD ON B.id = SD.id /* 未登録データを考慮しLEFT JOINとする */ LEFT JOIN staff_master STF ON SD.staff_no = STF.staff_no /* 未登録データを考慮しLEFT JOINとする */ LEFT JOIN generic_code_master GCM ON SM.asset_type = GCM.type_key AND GCM.generic_key = 'ASSET_TYPE' WHERE 1 = 1 ORDER BY SM.serial_no
2026-03-15 12:52:13 [Thread-13] DEBUG a.r.m.I.getTableDetailRecords - ==> Parameters: 7(Integer), 1(String)
2026-03-15 12:52:13 [Thread-13] DEBUG a.r.m.I.getTableDetailRecords - <==      Total: 6
2026-03-15 12:52:13 [Thread-13] DEBUG o.a.i.t.jdbc.JdbcTransaction - Resetting autocommit to true on JDBC Connection [HikariProxyConnection@1910950349 wrapping com.mysql.cj.jdbc.ConnectionImpl@5284024c]
2026-03-15 12:52:13 [Thread-13] DEBUG o.a.i.t.jdbc.JdbcTransaction - Closing JDBC Connection [HikariProxyConnection@1910950349 wrapping com.mysql.cj.jdbc.ConnectionImpl@5284024c]
2026-03-15 12:52:13 [JavaFX Application Thread] INFO  application.java.manager.LogManager - 画面展開 [setPage] : 備品詳細画面
2026-03-15 12:52:15 [JavaFX Application Thread] INFO  application.java.manager.LogManager - [備品詳細画面] ： [一覧に戻る]ボタン押下
2026-03-15 12:52:15 [JavaFX Application Thread] INFO  application.java.manager.LogManager - [備品一覧画面] ： 初期化処理
2026-03-15 12:52:15 [JavaFX Application Thread] DEBUG application.java.manager.LogManager - [備品一覧画面] ： リスト表示処理
2026-03-15 12:52:15 [JavaFX Application Thread] DEBUG application.java.manager.LogManager - [SQL操作クラス] ： 非同期処理 SELECT句発行
2026-03-15 12:52:15 [Thread-14] DEBUG application.java.manager.LogManager - [SQL操作クラス] ： SELECT句発行
2026-03-15 12:52:15 [Thread-14] DEBUG o.a.i.t.jdbc.JdbcTransaction - Opening JDBC Connection
2026-03-15 12:52:15 [Thread-14] DEBUG o.a.i.t.jdbc.JdbcTransaction - Setting autocommit to false on JDBC Connection [HikariProxyConnection@1382030553 wrapping com.mysql.cj.jdbc.ConnectionImpl@5284024c]
2026-03-15 12:52:15 [Thread-14] DEBUG a.r.m.I.getTableRecords - ==>  Preparing: WITH SUB_TOTAL AS ( SELECT ST.stock_type , ST.stock_code , SUM(CASE WHEN SD.staff_no IS NOT NULL AND (DATEDIFF(CURRENT_DATE(), SD.confirmed_date) <= 365 ) THEN 1 ELSE 0 END) AS lending_count -- 貸出備品の数 , SUM(CASE /* 在庫 = [staff_no]：貸出先ユーザーの社員番号 が未設定(NULL) 且つ [return_date]：返却日が未設定(NULL) 且つ [confirmed_date]：最終所在確認日 が１年以内 */ WHEN SD.staff_no IS NULL AND (DATEDIFF(CURRENT_DATE(), SD.confirmed_date) <= 365 ) THEN 1 ELSE 0 END) AS stock_count -- 在庫備品の数 , SUM(CASE /* 不明 = [return_date]：返却日が未設定(NULL) 且つ [confirmed_date]：最終所在確認日 が１年前以前 ※ 貸出中・在庫を問わず１年前以前のデータを不明とする */ WHEN (DATEDIFF(CURRENT_DATE(), SD.confirmed_date) > 365 ) THEN 1 ELSE 0 END) AS unknown_count -- 不明備品の数 FROM (SELECT stock_type , stock_code FROM stock_type_master WHERE 1 = 1 AND del = FALSE) ST INNER JOIN stock_master SM ON ST.stock_type = SM.stock_type AND ST.stock_code = SM.stock_code AND SM.del = FALSE /* 未登録データを考慮しLEFT JOINとする */ LEFT JOIN stock_data SD ON SM.serial_no = SD.serial_no /* 返却済データの除去 */ AND SD.return_date IS NULL AND SD.del = FALSE WHERE 1 = 1 GROUP BY ST.stock_type , ST.stock_code ) SELECT ST.stock_type AS type, ST.stock_code AS code, ST.name AS itemName, IFNULL(S.lending_count, 0) AS loanCount, IFNULL(S.stock_count, 0) AS returnCount, IFNULL(S.unknown_count, 0) AS unknownCount, IFNULL(S.lending_count + S.stock_count, 0) AS totalCount /* 追加項目：遷移先画面サイズ */ , IFNULL( GCM.value_1, '1') AS windowSize FROM stock_type_master ST INNER JOIN SUB_TOTAL S ON ST.stock_type = S.stock_type AND ST.stock_code = S.stock_code /* 追加項目 遷移先画面サイズ */ LEFT JOIN generic_code_master GCM ON CAST(ST.stock_type AS CHAR) = GCM.type_key AND ST.stock_code = GCM.code AND GCM.generic_key = 'WINDOW_SIZE' WHERE 1 = 1 ORDER BY ST.stock_type , St.stock_code
2026-03-15 12:52:15 [Thread-14] DEBUG a.r.m.I.getTableRecords - ==> Parameters: 
2026-03-15 12:52:15 [Thread-14] DEBUG a.r.m.I.getTableRecords - <==      Total: 16
2026-03-15 12:52:15 [Thread-14] DEBUG o.a.i.t.jdbc.JdbcTransaction - Resetting autocommit to true on JDBC Connection [HikariProxyConnection@1382030553 wrapping com.mysql.cj.jdbc.ConnectionImpl@5284024c]
2026-03-15 12:52:15 [Thread-14] DEBUG o.a.i.t.jdbc.JdbcTransaction - Closing JDBC Connection [HikariProxyConnection@1382030553 wrapping com.mysql.cj.jdbc.ConnectionImpl@5284024c]
2026-03-15 12:52:15 [JavaFX Application Thread] INFO  application.java.manager.LogManager - 画面展開 [setPage] : 備品一覧画面
2026-03-15 12:52:20 [JavaFX Application Thread] DEBUG application.java.manager.LogManager - [SQL操作クラス] ： 非同期処理 スレッドプール解放
2026-03-15 12:52:20 [JavaFX Application Thread] INFO  com.zaxxer.hikari.HikariDataSource - HikariPool-1 - Shutdown initiated...
2026-03-15 12:52:20 [JavaFX Application Thread] DEBUG com.zaxxer.hikari.pool.HikariPool - HikariPool-1 - Before shutdown stats (total=20/20, idle=20/20, active=0, waiting=0)
2026-03-15 12:52:20 [HikariPool-1:connection-closer] DEBUG com.zaxxer.hikari.pool.PoolBase - HikariPool-1 - Closing connection com.mysql.cj.jdbc.ConnectionImpl@5284024c: (connection evicted)
2026-03-15 12:52:20 [HikariPool-1:connection-closer] DEBUG com.zaxxer.hikari.pool.PoolBase - HikariPool-1 - Closing connection com.mysql.cj.jdbc.ConnectionImpl@29d2b35b: (connection evicted)
2026-03-15 12:52:20 [HikariPool-1:connection-closer] DEBUG com.zaxxer.hikari.pool.PoolBase - HikariPool-1 - Closing connection com.mysql.cj.jdbc.ConnectionImpl@65397ea5: (connection evicted)
2026-03-15 12:52:20 [HikariPool-1:connection-closer] DEBUG com.zaxxer.hikari.pool.PoolBase - HikariPool-1 - Closing connection com.mysql.cj.jdbc.ConnectionImpl@1df1c848: (connection evicted)
2026-03-15 12:52:20 [HikariPool-1:connection-closer] DEBUG com.zaxxer.hikari.pool.PoolBase - HikariPool-1 - Closing connection com.mysql.cj.jdbc.ConnectionImpl@26a2cdc4: (connection evicted)
2026-03-15 12:52:20 [HikariPool-1:connection-closer] DEBUG com.zaxxer.hikari.pool.PoolBase - HikariPool-1 - Closing connection com.mysql.cj.jdbc.ConnectionImpl@6f56589: (connection evicted)
2026-03-15 12:52:20 [HikariPool-1:connection-closer] DEBUG com.zaxxer.hikari.pool.PoolBase - HikariPool-1 - Closing connection com.mysql.cj.jdbc.ConnectionImpl@3c729afe: (connection evicted)
2026-03-15 12:52:20 [HikariPool-1:connection-closer] DEBUG com.zaxxer.hikari.pool.PoolBase - HikariPool-1 - Closing connection com.mysql.cj.jdbc.ConnectionImpl@2e8b0f0c: (connection evicted)
2026-03-15 12:52:20 [HikariPool-1:connection-closer] DEBUG com.zaxxer.hikari.pool.PoolBase - HikariPool-1 - Closing connection com.mysql.cj.jdbc.ConnectionImpl@7fa31970: (connection evicted)
2026-03-15 12:52:20 [HikariPool-1:connection-closer] DEBUG com.zaxxer.hikari.pool.PoolBase - HikariPool-1 - Closing connection com.mysql.cj.jdbc.ConnectionImpl@757bf89c: (connection evicted)
2026-03-15 12:52:20 [HikariPool-1:connection-closer] DEBUG com.zaxxer.hikari.pool.PoolBase - HikariPool-1 - Closing connection com.mysql.cj.jdbc.ConnectionImpl@339b171d: (connection evicted)
2026-03-15 12:52:20 [HikariPool-1:connection-closer] DEBUG com.zaxxer.hikari.pool.PoolBase - HikariPool-1 - Closing connection com.mysql.cj.jdbc.ConnectionImpl@69a41078: (connection evicted)
2026-03-15 12:52:20 [HikariPool-1:connection-closer] DEBUG com.zaxxer.hikari.pool.PoolBase - HikariPool-1 - Closing connection com.mysql.cj.jdbc.ConnectionImpl@7168f9c0: (connection evicted)
2026-03-15 12:52:20 [HikariPool-1:connection-closer] DEBUG com.zaxxer.hikari.pool.PoolBase - HikariPool-1 - Closing connection com.mysql.cj.jdbc.ConnectionImpl@7605b5dd: (connection evicted)
2026-03-15 12:52:20 [HikariPool-1:connection-closer] DEBUG com.zaxxer.hikari.pool.PoolBase - HikariPool-1 - Closing connection com.mysql.cj.jdbc.ConnectionImpl@5b9decf5: (connection evicted)
2026-03-15 12:52:20 [HikariPool-1:connection-closer] DEBUG com.zaxxer.hikari.pool.PoolBase - HikariPool-1 - Closing connection com.mysql.cj.jdbc.ConnectionImpl@65cf545c: (connection evicted)
2026-03-15 12:52:20 [HikariPool-1:connection-closer] DEBUG com.zaxxer.hikari.pool.PoolBase - HikariPool-1 - Closing connection com.mysql.cj.jdbc.ConnectionImpl@517fc249: (connection evicted)
2026-03-15 12:52:20 [HikariPool-1:connection-closer] DEBUG com.zaxxer.hikari.pool.PoolBase - HikariPool-1 - Closing connection com.mysql.cj.jdbc.ConnectionImpl@d59e9ad: (connection evicted)
2026-03-15 12:52:20 [HikariPool-1:connection-closer] DEBUG com.zaxxer.hikari.pool.PoolBase - HikariPool-1 - Closing connection com.mysql.cj.jdbc.ConnectionImpl@4cc6a06b: (connection evicted)
2026-03-15 12:52:20 [HikariPool-1:connection-closer] DEBUG com.zaxxer.hikari.pool.PoolBase - HikariPool-1 - Closing connection com.mysql.cj.jdbc.ConnectionImpl@45e0b58b: (connection evicted)
2026-03-15 12:52:20 [JavaFX Application Thread] DEBUG com.zaxxer.hikari.pool.HikariPool - HikariPool-1 - After  shutdown stats (total=0/20, idle=0/20, active=0, waiting=0)
2026-03-15 12:52:20 [JavaFX Application Thread] INFO  com.zaxxer.hikari.HikariDataSource - HikariPool-1 - Shutdown completed.
2026-03-15 12:52:20 [JavaFX Application Thread] DEBUG application.java.manager.LogManager - [SQL操作クラス] ： コネクションプール(HikariCP) Closeing
2026-03-15 12:52:20 [JavaFX Application Thread] INFO  application.java.manager.LogManager - 終了処理 : 完了
2026-03-15 12:52:59 [main] INFO  application.java.manager.LogManager - 備品管理システム : 起動
2026-03-15 12:52:59 [JavaFX Application Thread] INFO  application.java.manager.LogManager - 開始処理 : 画面ウィンドウ枠生成
2026-03-15 12:52:59 [JavaFX Application Thread] INFO  application.java.manager.LogManager - [メニュー画面] ： 初期化処理
2026-03-15 12:52:59 [JavaFX Application Thread] DEBUG application.java.manager.LogManager - Window切替 [setWindowFrame] : TRANSPARENT(透明枠・背景色透明)
2026-03-15 12:52:59 [JavaFX Application Thread] INFO  application.java.manager.LogManager - 画面展開 [setPage] : メニュー画面
2026-03-15 12:53:03 [JavaFX Application Thread] INFO  application.java.manager.LogManager - [メニュー画面] ： [貸出業務]ボタン押下
2026-03-15 12:53:03 [JavaFX Application Thread] INFO  application.java.manager.LogManager - [備品一覧画面] ： 初期化処理
2026-03-15 12:53:03 [JavaFX Application Thread] DEBUG application.java.manager.LogManager - Window切替 [setWindowFrame] : DECORATED(標準)
2026-03-15 12:53:03 [JavaFX Application Thread] INFO  application.java.manager.LogManager - [SQL操作クラス] ： 非同期処理 スレッドプール作成
2026-03-15 12:53:03 [JavaFX Application Thread] INFO  application.java.manager.LogManager - [SQL操作クラス] ： SQL Session生成
2026-03-15 12:53:03 [JavaFX Application Thread] DEBUG application.java.manager.LogManager - [SQL操作クラス] ： mybatis有効化
2026-03-15 12:53:03 [JavaFX Application Thread] DEBUG o.apache.ibatis.logging.LogFactory - Logging initialized using 'class org.apache.ibatis.logging.slf4j.Slf4jImpl' adapter.
2026-03-15 12:53:03 [JavaFX Application Thread] DEBUG o.apache.ibatis.logging.LogFactory - Logging initialized using 'class org.apache.ibatis.logging.slf4j.Slf4jImpl' adapter.
2026-03-15 12:53:03 [JavaFX Application Thread] DEBUG com.zaxxer.hikari.util.UtilityElf - Class com.mysql.cj.jdbc.Driver found in Thread context class loader jdk.internal.loader.ClassLoaders$AppClassLoader@568db2f2
2026-03-15 12:53:03 [JavaFX Application Thread] DEBUG application.java.manager.LogManager - [備品一覧画面] ： リスト表示処理
2026-03-15 12:53:03 [JavaFX Application Thread] DEBUG application.java.manager.LogManager - [SQL操作クラス] ： 非同期処理 SELECT句発行
2026-03-15 12:53:03 [Thread-3] DEBUG application.java.manager.LogManager - [SQL操作クラス] ： SELECT句発行
2026-03-15 12:53:03 [JavaFX Application Thread] INFO  application.java.manager.LogManager - 画面展開 [setPage] : 備品一覧画面
2026-03-15 12:53:03 [Thread-3] DEBUG o.a.i.t.jdbc.JdbcTransaction - Opening JDBC Connection
2026-03-15 12:53:03 [Thread-3] DEBUG com.zaxxer.hikari.HikariConfig - HikariPool-1 - configuration:
2026-03-15 12:53:03 [Thread-3] DEBUG com.zaxxer.hikari.HikariConfig - allowPoolSuspension.............false
2026-03-15 12:53:03 [Thread-3] DEBUG com.zaxxer.hikari.HikariConfig - autoCommit......................true
2026-03-15 12:53:03 [Thread-3] DEBUG com.zaxxer.hikari.HikariConfig - catalog.........................none
2026-03-15 12:53:03 [Thread-3] DEBUG com.zaxxer.hikari.HikariConfig - connectionInitSql...............none
2026-03-15 12:53:03 [Thread-3] DEBUG com.zaxxer.hikari.HikariConfig - connectionTestQuery.............none
2026-03-15 12:53:03 [Thread-3] DEBUG com.zaxxer.hikari.HikariConfig - connectionTimeout...............30000
2026-03-15 12:53:03 [Thread-3] DEBUG com.zaxxer.hikari.HikariConfig - credentials.....................com.zaxxer.hikari.util.Credentials@660fba4f
2026-03-15 12:53:03 [Thread-3] DEBUG com.zaxxer.hikari.HikariConfig - credentialsProvider.............none
2026-03-15 12:53:03 [Thread-3] DEBUG com.zaxxer.hikari.HikariConfig - credentialsProviderClassName....none
2026-03-15 12:53:03 [Thread-3] DEBUG com.zaxxer.hikari.HikariConfig - dataSource......................none
2026-03-15 12:53:03 [Thread-3] DEBUG com.zaxxer.hikari.HikariConfig - dataSourceClassName.............none
2026-03-15 12:53:03 [Thread-3] DEBUG com.zaxxer.hikari.HikariConfig - dataSourceJNDI..................none
2026-03-15 12:53:03 [Thread-3] DEBUG com.zaxxer.hikari.HikariConfig - dataSourceProperties............{password=<masked>}
2026-03-15 12:53:03 [Thread-3] DEBUG com.zaxxer.hikari.HikariConfig - driverClassName................."com.mysql.cj.jdbc.Driver"
2026-03-15 12:53:03 [Thread-3] DEBUG com.zaxxer.hikari.HikariConfig - exceptionOverride...............none
2026-03-15 12:53:03 [Thread-3] DEBUG com.zaxxer.hikari.HikariConfig - exceptionOverrideClassName......none
2026-03-15 12:53:03 [Thread-3] DEBUG com.zaxxer.hikari.HikariConfig - healthCheckProperties...........{}
2026-03-15 12:53:03 [Thread-3] DEBUG com.zaxxer.hikari.HikariConfig - healthCheckRegistry.............none
2026-03-15 12:53:03 [Thread-3] DEBUG com.zaxxer.hikari.HikariConfig - idleTimeout.....................600000
2026-03-15 12:53:03 [Thread-3] DEBUG com.zaxxer.hikari.HikariConfig - initializationFailTimeout.......1
2026-03-15 12:53:03 [Thread-3] DEBUG com.zaxxer.hikari.HikariConfig - isolateInternalQueries..........false
2026-03-15 12:53:03 [Thread-3] DEBUG com.zaxxer.hikari.HikariConfig - jdbcUrl.........................jdbc:mysql://localhost:3306/java_learning?useUnicode=true&characterEncoding=UTF-8&serverTimezone=GMT%2B9&useSSL=false&allowPublicKeyRetrieval=true&useCursorFetch=true
2026-03-15 12:53:03 [Thread-3] DEBUG com.zaxxer.hikari.HikariConfig - keepaliveTime...................120000
2026-03-15 12:53:03 [Thread-3] DEBUG com.zaxxer.hikari.HikariConfig - leakDetectionThreshold..........0
2026-03-15 12:53:03 [Thread-3] DEBUG com.zaxxer.hikari.HikariConfig - maxLifetime.....................1800000
2026-03-15 12:53:03 [Thread-3] DEBUG com.zaxxer.hikari.HikariConfig - maximumPoolSize.................20
2026-03-15 12:53:03 [Thread-3] DEBUG com.zaxxer.hikari.HikariConfig - metricRegistry..................none
2026-03-15 12:53:03 [Thread-3] DEBUG com.zaxxer.hikari.HikariConfig - metricsTrackerFactory...........none
2026-03-15 12:53:03 [Thread-3] DEBUG com.zaxxer.hikari.HikariConfig - minimumIdle.....................20
2026-03-15 12:53:03 [Thread-3] DEBUG com.zaxxer.hikari.HikariConfig - password........................<masked>
2026-03-15 12:53:03 [Thread-3] DEBUG com.zaxxer.hikari.HikariConfig - poolName........................"HikariPool-1"
2026-03-15 12:53:03 [Thread-3] DEBUG com.zaxxer.hikari.HikariConfig - readOnly........................false
2026-03-15 12:53:03 [Thread-3] DEBUG com.zaxxer.hikari.HikariConfig - registerMbeans..................false
2026-03-15 12:53:03 [Thread-3] DEBUG com.zaxxer.hikari.HikariConfig - scheduledExecutor...............none
2026-03-15 12:53:03 [Thread-3] DEBUG com.zaxxer.hikari.HikariConfig - schema..........................none
2026-03-15 12:53:03 [Thread-3] DEBUG com.zaxxer.hikari.HikariConfig - threadFactory...................internal
2026-03-15 12:53:03 [Thread-3] DEBUG com.zaxxer.hikari.HikariConfig - transactionIsolation............default
2026-03-15 12:53:03 [Thread-3] DEBUG com.zaxxer.hikari.HikariConfig - username........................"user"
2026-03-15 12:53:03 [Thread-3] DEBUG com.zaxxer.hikari.HikariConfig - validationTimeout...............5000
2026-03-15 12:53:03 [Thread-3] INFO  com.zaxxer.hikari.HikariDataSource - HikariPool-1 - Starting...
2026-03-15 12:53:03 [Thread-3] DEBUG com.zaxxer.hikari.pool.PoolBase - HikariPool-1 - Attempting to create/setup new connection (41910c4f-4556-4541-906f-4808e4a766ff)
2026-03-15 12:53:03 [Thread-3] DEBUG com.zaxxer.hikari.pool.PoolBase - HikariPool-1 - Established new connection (41910c4f-4556-4541-906f-4808e4a766ff)
2026-03-15 12:53:03 [Thread-3] INFO  com.zaxxer.hikari.pool.HikariPool - HikariPool-1 - Added connection com.mysql.cj.jdbc.ConnectionImpl@352d2c96
2026-03-15 12:53:03 [Thread-3] INFO  com.zaxxer.hikari.HikariDataSource - HikariPool-1 - Start completed.
2026-03-15 12:53:03 [Thread-3] DEBUG o.a.i.t.jdbc.JdbcTransaction - Setting autocommit to false on JDBC Connection [HikariProxyConnection@801995690 wrapping com.mysql.cj.jdbc.ConnectionImpl@352d2c96]
2026-03-15 12:53:03 [Thread-3] DEBUG a.r.m.I.getTableRecords - ==>  Preparing: WITH SUB_TOTAL AS ( SELECT ST.stock_type , ST.stock_code , SUM(CASE WHEN SD.staff_no IS NOT NULL AND (DATEDIFF(CURRENT_DATE(), SD.confirmed_date) <= 365 ) THEN 1 ELSE 0 END) AS lending_count -- 貸出備品の数 , SUM(CASE /* 在庫 = [staff_no]：貸出先ユーザーの社員番号 が未設定(NULL) 且つ [return_date]：返却日が未設定(NULL) 且つ [confirmed_date]：最終所在確認日 が１年以内 */ WHEN SD.staff_no IS NULL AND (DATEDIFF(CURRENT_DATE(), SD.confirmed_date) <= 365 ) THEN 1 ELSE 0 END) AS stock_count -- 在庫備品の数 , SUM(CASE /* 不明 = [return_date]：返却日が未設定(NULL) 且つ [confirmed_date]：最終所在確認日 が１年前以前 ※ 貸出中・在庫を問わず１年前以前のデータを不明とする */ WHEN (DATEDIFF(CURRENT_DATE(), SD.confirmed_date) > 365 ) THEN 1 ELSE 0 END) AS unknown_count -- 不明備品の数 FROM (SELECT stock_type , stock_code FROM stock_type_master WHERE 1 = 1 AND del = FALSE) ST INNER JOIN stock_master SM ON ST.stock_type = SM.stock_type AND ST.stock_code = SM.stock_code AND SM.del = FALSE /* 未登録データを考慮しLEFT JOINとする */ LEFT JOIN stock_data SD ON SM.serial_no = SD.serial_no /* 返却済データの除去 */ AND SD.return_date IS NULL AND SD.del = FALSE WHERE 1 = 1 GROUP BY ST.stock_type , ST.stock_code ) SELECT ST.stock_type AS type, ST.stock_code AS code, ST.name AS itemName, IFNULL(S.lending_count, 0) AS loanCount, IFNULL(S.stock_count, 0) AS returnCount, IFNULL(S.unknown_count, 0) AS unknownCount, IFNULL(S.lending_count + S.stock_count, 0) AS totalCount /* 追加項目：遷移先画面サイズ */ , IFNULL( GCM.value_1, '1') AS windowSize FROM stock_type_master ST INNER JOIN SUB_TOTAL S ON ST.stock_type = S.stock_type AND ST.stock_code = S.stock_code /* 追加項目 遷移先画面サイズ */ LEFT JOIN generic_code_master GCM ON CAST(ST.stock_type AS CHAR) = GCM.type_key AND ST.stock_code = GCM.code AND GCM.generic_key = 'WINDOW_SIZE' WHERE 1 = 1 ORDER BY ST.stock_type , St.stock_code
2026-03-15 12:53:03 [Thread-3] DEBUG a.r.m.I.getTableRecords - ==> Parameters: 
2026-03-15 12:53:03 [Thread-3] DEBUG a.r.m.I.getTableRecords - <==      Total: 16
2026-03-15 12:53:03 [Thread-3] DEBUG o.a.i.t.jdbc.JdbcTransaction - Resetting autocommit to true on JDBC Connection [HikariProxyConnection@801995690 wrapping com.mysql.cj.jdbc.ConnectionImpl@352d2c96]
2026-03-15 12:53:03 [Thread-3] DEBUG o.a.i.t.jdbc.JdbcTransaction - Closing JDBC Connection [HikariProxyConnection@801995690 wrapping com.mysql.cj.jdbc.ConnectionImpl@352d2c96]
2026-03-15 12:53:03 [HikariPool-1:housekeeper] DEBUG com.zaxxer.hikari.pool.HikariPool - HikariPool-1 - Pool stats (total=1/20, idle=1/20, active=0, waiting=0)
2026-03-15 12:53:03 [HikariPool-1:connection-adder] DEBUG com.zaxxer.hikari.pool.PoolBase - HikariPool-1 - Attempting to create/setup new connection (52583c70-4bd5-4cc3-8c12-8e5e8f335696)
2026-03-15 12:53:03 [HikariPool-1:connection-adder] DEBUG com.zaxxer.hikari.pool.PoolBase - HikariPool-1 - Established new connection (52583c70-4bd5-4cc3-8c12-8e5e8f335696)
2026-03-15 12:53:03 [HikariPool-1:connection-adder] DEBUG com.zaxxer.hikari.pool.HikariPool - HikariPool-1 - Added connection com.mysql.cj.jdbc.ConnectionImpl@746112f1
2026-03-15 12:53:03 [HikariPool-1:connection-adder] DEBUG com.zaxxer.hikari.pool.HikariPool - HikariPool-1 - After adding stats (total=2/20, idle=2/20, active=0, waiting=0)
2026-03-15 12:53:03 [HikariPool-1:connection-adder] DEBUG com.zaxxer.hikari.pool.PoolBase - HikariPool-1 - Attempting to create/setup new connection (5d58264f-e3e0-4f19-9c02-9feefadab99d)
2026-03-15 12:53:03 [HikariPool-1:connection-adder] DEBUG com.zaxxer.hikari.pool.PoolBase - HikariPool-1 - Established new connection (5d58264f-e3e0-4f19-9c02-9feefadab99d)
2026-03-15 12:53:03 [HikariPool-1:connection-adder] DEBUG com.zaxxer.hikari.pool.HikariPool - HikariPool-1 - Added connection com.mysql.cj.jdbc.ConnectionImpl@78a97def
2026-03-15 12:53:03 [HikariPool-1:connection-adder] DEBUG com.zaxxer.hikari.pool.HikariPool - HikariPool-1 - After adding stats (total=3/20, idle=3/20, active=0, waiting=0)
2026-03-15 12:53:03 [HikariPool-1:connection-adder] DEBUG com.zaxxer.hikari.pool.PoolBase - HikariPool-1 - Attempting to create/setup new connection (6f49d43c-7181-4412-90b7-1ecb2843dc84)
2026-03-15 12:53:03 [HikariPool-1:connection-adder] DEBUG com.zaxxer.hikari.pool.PoolBase - HikariPool-1 - Established new connection (6f49d43c-7181-4412-90b7-1ecb2843dc84)
2026-03-15 12:53:03 [HikariPool-1:connection-adder] DEBUG com.zaxxer.hikari.pool.HikariPool - HikariPool-1 - Added connection com.mysql.cj.jdbc.ConnectionImpl@3c3500
2026-03-15 12:53:03 [HikariPool-1:connection-adder] DEBUG com.zaxxer.hikari.pool.HikariPool - HikariPool-1 - After adding stats (total=4/20, idle=4/20, active=0, waiting=0)
2026-03-15 12:53:03 [HikariPool-1:connection-adder] DEBUG com.zaxxer.hikari.pool.PoolBase - HikariPool-1 - Attempting to create/setup new connection (3d2d24f9-dd9f-41a5-ba34-b1cd677fcd18)
2026-03-15 12:53:03 [HikariPool-1:connection-adder] DEBUG com.zaxxer.hikari.pool.PoolBase - HikariPool-1 - Established new connection (3d2d24f9-dd9f-41a5-ba34-b1cd677fcd18)
2026-03-15 12:53:03 [HikariPool-1:connection-adder] DEBUG com.zaxxer.hikari.pool.HikariPool - HikariPool-1 - Added connection com.mysql.cj.jdbc.ConnectionImpl@6686bec1
2026-03-15 12:53:03 [HikariPool-1:connection-adder] DEBUG com.zaxxer.hikari.pool.HikariPool - HikariPool-1 - After adding stats (total=5/20, idle=5/20, active=0, waiting=0)
2026-03-15 12:53:03 [HikariPool-1:connection-adder] DEBUG com.zaxxer.hikari.pool.PoolBase - HikariPool-1 - Attempting to create/setup new connection (14a10de9-42e0-4bbc-8ab3-6e312d6c9a23)
2026-03-15 12:53:03 [HikariPool-1:connection-adder] DEBUG com.zaxxer.hikari.pool.PoolBase - HikariPool-1 - Established new connection (14a10de9-42e0-4bbc-8ab3-6e312d6c9a23)
2026-03-15 12:53:03 [HikariPool-1:connection-adder] DEBUG com.zaxxer.hikari.pool.HikariPool - HikariPool-1 - Added connection com.mysql.cj.jdbc.ConnectionImpl@1b38dd7a
2026-03-15 12:53:03 [HikariPool-1:connection-adder] DEBUG com.zaxxer.hikari.pool.HikariPool - HikariPool-1 - After adding stats (total=6/20, idle=6/20, active=0, waiting=0)
2026-03-15 12:53:03 [HikariPool-1:connection-adder] DEBUG com.zaxxer.hikari.pool.PoolBase - HikariPool-1 - Attempting to create/setup new connection (399288c1-6247-480b-b799-b3250b7656c1)
2026-03-15 12:53:03 [HikariPool-1:connection-adder] DEBUG com.zaxxer.hikari.pool.PoolBase - HikariPool-1 - Established new connection (399288c1-6247-480b-b799-b3250b7656c1)
2026-03-15 12:53:03 [HikariPool-1:connection-adder] DEBUG com.zaxxer.hikari.pool.HikariPool - HikariPool-1 - Added connection com.mysql.cj.jdbc.ConnectionImpl@21e9207
2026-03-15 12:53:03 [HikariPool-1:connection-adder] DEBUG com.zaxxer.hikari.pool.HikariPool - HikariPool-1 - After adding stats (total=7/20, idle=7/20, active=0, waiting=0)
2026-03-15 12:53:03 [HikariPool-1:connection-adder] DEBUG com.zaxxer.hikari.pool.PoolBase - HikariPool-1 - Attempting to create/setup new connection (a54c3131-ce6f-4a45-ae95-6429ea57daa6)
2026-03-15 12:53:03 [HikariPool-1:connection-adder] DEBUG com.zaxxer.hikari.pool.PoolBase - HikariPool-1 - Established new connection (a54c3131-ce6f-4a45-ae95-6429ea57daa6)
2026-03-15 12:53:03 [HikariPool-1:connection-adder] DEBUG com.zaxxer.hikari.pool.HikariPool - HikariPool-1 - Added connection com.mysql.cj.jdbc.ConnectionImpl@4ed4581d
2026-03-15 12:53:03 [HikariPool-1:connection-adder] DEBUG com.zaxxer.hikari.pool.HikariPool - HikariPool-1 - After adding stats (total=8/20, idle=8/20, active=0, waiting=0)
2026-03-15 12:53:03 [HikariPool-1:connection-adder] DEBUG com.zaxxer.hikari.pool.PoolBase - HikariPool-1 - Attempting to create/setup new connection (7114244a-e742-4a2b-8f65-93a27c05a30b)
2026-03-15 12:53:03 [HikariPool-1:connection-adder] DEBUG com.zaxxer.hikari.pool.PoolBase - HikariPool-1 - Established new connection (7114244a-e742-4a2b-8f65-93a27c05a30b)
2026-03-15 12:53:03 [HikariPool-1:connection-adder] DEBUG com.zaxxer.hikari.pool.HikariPool - HikariPool-1 - Added connection com.mysql.cj.jdbc.ConnectionImpl@3d8426f
2026-03-15 12:53:04 [HikariPool-1:connection-adder] DEBUG com.zaxxer.hikari.pool.HikariPool - HikariPool-1 - After adding stats (total=9/20, idle=9/20, active=0, waiting=0)
2026-03-15 12:53:04 [HikariPool-1:connection-adder] DEBUG com.zaxxer.hikari.pool.PoolBase - HikariPool-1 - Attempting to create/setup new connection (2433abc2-e643-4c54-a9a5-2207a0d2751e)
2026-03-15 12:53:04 [HikariPool-1:connection-adder] DEBUG com.zaxxer.hikari.pool.PoolBase - HikariPool-1 - Established new connection (2433abc2-e643-4c54-a9a5-2207a0d2751e)
2026-03-15 12:53:04 [HikariPool-1:connection-adder] DEBUG com.zaxxer.hikari.pool.HikariPool - HikariPool-1 - Added connection com.mysql.cj.jdbc.ConnectionImpl@281d8828
2026-03-15 12:53:04 [HikariPool-1:connection-adder] DEBUG com.zaxxer.hikari.pool.HikariPool - HikariPool-1 - After adding stats (total=10/20, idle=10/20, active=0, waiting=0)
2026-03-15 12:53:04 [HikariPool-1:connection-adder] DEBUG com.zaxxer.hikari.pool.PoolBase - HikariPool-1 - Attempting to create/setup new connection (b685ed12-78fb-4202-aae8-48b3ee3823f1)
2026-03-15 12:53:04 [HikariPool-1:connection-adder] DEBUG com.zaxxer.hikari.pool.PoolBase - HikariPool-1 - Established new connection (b685ed12-78fb-4202-aae8-48b3ee3823f1)
2026-03-15 12:53:04 [HikariPool-1:connection-adder] DEBUG com.zaxxer.hikari.pool.HikariPool - HikariPool-1 - Added connection com.mysql.cj.jdbc.ConnectionImpl@1f82cc11
2026-03-15 12:53:04 [HikariPool-1:connection-adder] DEBUG com.zaxxer.hikari.pool.HikariPool - HikariPool-1 - After adding stats (total=11/20, idle=11/20, active=0, waiting=0)
2026-03-15 12:53:04 [HikariPool-1:connection-adder] DEBUG com.zaxxer.hikari.pool.PoolBase - HikariPool-1 - Attempting to create/setup new connection (dff0d0f5-509d-4b4e-96bf-a623f7430eb6)
2026-03-15 12:53:04 [HikariPool-1:connection-adder] DEBUG com.zaxxer.hikari.pool.PoolBase - HikariPool-1 - Established new connection (dff0d0f5-509d-4b4e-96bf-a623f7430eb6)
2026-03-15 12:53:04 [HikariPool-1:connection-adder] DEBUG com.zaxxer.hikari.pool.HikariPool - HikariPool-1 - Added connection com.mysql.cj.jdbc.ConnectionImpl@36327cb1
2026-03-15 12:53:04 [HikariPool-1:connection-adder] DEBUG com.zaxxer.hikari.pool.HikariPool - HikariPool-1 - After adding stats (total=12/20, idle=12/20, active=0, waiting=0)
2026-03-15 12:53:04 [HikariPool-1:connection-adder] DEBUG com.zaxxer.hikari.pool.PoolBase - HikariPool-1 - Attempting to create/setup new connection (24018be0-a698-4948-bd69-2997195c73bb)
2026-03-15 12:53:04 [HikariPool-1:connection-adder] DEBUG com.zaxxer.hikari.pool.PoolBase - HikariPool-1 - Established new connection (24018be0-a698-4948-bd69-2997195c73bb)
2026-03-15 12:53:04 [HikariPool-1:connection-adder] DEBUG com.zaxxer.hikari.pool.HikariPool - HikariPool-1 - Added connection com.mysql.cj.jdbc.ConnectionImpl@207a7b0b
2026-03-15 12:53:04 [HikariPool-1:connection-adder] DEBUG com.zaxxer.hikari.pool.HikariPool - HikariPool-1 - After adding stats (total=13/20, idle=13/20, active=0, waiting=0)
2026-03-15 12:53:04 [HikariPool-1:connection-adder] DEBUG com.zaxxer.hikari.pool.PoolBase - HikariPool-1 - Attempting to create/setup new connection (f8095733-e392-4520-943c-0f6750b49a06)
2026-03-15 12:53:04 [HikariPool-1:connection-adder] DEBUG com.zaxxer.hikari.pool.PoolBase - HikariPool-1 - Established new connection (f8095733-e392-4520-943c-0f6750b49a06)
2026-03-15 12:53:04 [HikariPool-1:connection-adder] DEBUG com.zaxxer.hikari.pool.HikariPool - HikariPool-1 - Added connection com.mysql.cj.jdbc.ConnectionImpl@20b780ab
2026-03-15 12:53:04 [HikariPool-1:connection-adder] DEBUG com.zaxxer.hikari.pool.HikariPool - HikariPool-1 - After adding stats (total=14/20, idle=14/20, active=0, waiting=0)
2026-03-15 12:53:04 [HikariPool-1:connection-adder] DEBUG com.zaxxer.hikari.pool.PoolBase - HikariPool-1 - Attempting to create/setup new connection (7fef6cf4-8cc4-49e2-90d9-ff70590e1f5f)
2026-03-15 12:53:04 [HikariPool-1:connection-adder] DEBUG com.zaxxer.hikari.pool.PoolBase - HikariPool-1 - Established new connection (7fef6cf4-8cc4-49e2-90d9-ff70590e1f5f)
2026-03-15 12:53:04 [HikariPool-1:connection-adder] DEBUG com.zaxxer.hikari.pool.HikariPool - HikariPool-1 - Added connection com.mysql.cj.jdbc.ConnectionImpl@74937f39
2026-03-15 12:53:04 [HikariPool-1:connection-adder] DEBUG com.zaxxer.hikari.pool.HikariPool - HikariPool-1 - After adding stats (total=15/20, idle=15/20, active=0, waiting=0)
2026-03-15 12:53:04 [HikariPool-1:connection-adder] DEBUG com.zaxxer.hikari.pool.PoolBase - HikariPool-1 - Attempting to create/setup new connection (257ac764-d26f-42eb-978d-f49766d25262)
2026-03-15 12:53:04 [HikariPool-1:connection-adder] DEBUG com.zaxxer.hikari.pool.PoolBase - HikariPool-1 - Established new connection (257ac764-d26f-42eb-978d-f49766d25262)
2026-03-15 12:53:04 [HikariPool-1:connection-adder] DEBUG com.zaxxer.hikari.pool.HikariPool - HikariPool-1 - Added connection com.mysql.cj.jdbc.ConnectionImpl@404a5c81
2026-03-15 12:53:04 [HikariPool-1:connection-adder] DEBUG com.zaxxer.hikari.pool.HikariPool - HikariPool-1 - After adding stats (total=16/20, idle=16/20, active=0, waiting=0)
2026-03-15 12:53:04 [HikariPool-1:connection-adder] DEBUG com.zaxxer.hikari.pool.PoolBase - HikariPool-1 - Attempting to create/setup new connection (87d32303-308d-4afe-b795-e7749e71b84a)
2026-03-15 12:53:04 [HikariPool-1:connection-adder] DEBUG com.zaxxer.hikari.pool.PoolBase - HikariPool-1 - Established new connection (87d32303-308d-4afe-b795-e7749e71b84a)
2026-03-15 12:53:04 [HikariPool-1:connection-adder] DEBUG com.zaxxer.hikari.pool.HikariPool - HikariPool-1 - Added connection com.mysql.cj.jdbc.ConnectionImpl@3fea8044
2026-03-15 12:53:04 [HikariPool-1:connection-adder] DEBUG com.zaxxer.hikari.pool.HikariPool - HikariPool-1 - After adding stats (total=17/20, idle=17/20, active=0, waiting=0)
2026-03-15 12:53:04 [HikariPool-1:connection-adder] DEBUG com.zaxxer.hikari.pool.PoolBase - HikariPool-1 - Attempting to create/setup new connection (593e36e6-8123-40e2-87aa-9aab26b018ed)
2026-03-15 12:53:04 [HikariPool-1:connection-adder] DEBUG com.zaxxer.hikari.pool.PoolBase - HikariPool-1 - Established new connection (593e36e6-8123-40e2-87aa-9aab26b018ed)
2026-03-15 12:53:04 [HikariPool-1:connection-adder] DEBUG com.zaxxer.hikari.pool.HikariPool - HikariPool-1 - Added connection com.mysql.cj.jdbc.ConnectionImpl@50a4b70c
2026-03-15 12:53:04 [HikariPool-1:connection-adder] DEBUG com.zaxxer.hikari.pool.HikariPool - HikariPool-1 - After adding stats (total=18/20, idle=18/20, active=0, waiting=0)
2026-03-15 12:53:04 [HikariPool-1:connection-adder] DEBUG com.zaxxer.hikari.pool.PoolBase - HikariPool-1 - Attempting to create/setup new connection (68413c31-194f-4e77-924b-e771c49ea0a6)
2026-03-15 12:53:04 [HikariPool-1:connection-adder] DEBUG com.zaxxer.hikari.pool.PoolBase - HikariPool-1 - Established new connection (68413c31-194f-4e77-924b-e771c49ea0a6)
2026-03-15 12:53:04 [HikariPool-1:connection-adder] DEBUG com.zaxxer.hikari.pool.HikariPool - HikariPool-1 - Added connection com.mysql.cj.jdbc.ConnectionImpl@115c441f
2026-03-15 12:53:04 [HikariPool-1:connection-adder] DEBUG com.zaxxer.hikari.pool.HikariPool - HikariPool-1 - After adding stats (total=19/20, idle=19/20, active=0, waiting=0)
2026-03-15 12:53:04 [HikariPool-1:connection-adder] DEBUG com.zaxxer.hikari.pool.PoolBase - HikariPool-1 - Attempting to create/setup new connection (0bcb59c3-7871-4621-a7e9-cf32dd58ca64)
2026-03-15 12:53:04 [HikariPool-1:connection-adder] DEBUG com.zaxxer.hikari.pool.PoolBase - HikariPool-1 - Established new connection (0bcb59c3-7871-4621-a7e9-cf32dd58ca64)
2026-03-15 12:53:04 [HikariPool-1:connection-adder] DEBUG com.zaxxer.hikari.pool.HikariPool - HikariPool-1 - Added connection com.mysql.cj.jdbc.ConnectionImpl@64813e5d
2026-03-15 12:53:04 [HikariPool-1:connection-adder] DEBUG com.zaxxer.hikari.pool.HikariPool - HikariPool-1 - After adding stats (total=20/20, idle=20/20, active=0, waiting=0)
2026-03-15 12:53:18 [JavaFX Application Thread] DEBUG application.java.manager.LogManager - [SQL操作クラス] ： 非同期処理 スレッドプール解放
2026-03-15 12:53:18 [JavaFX Application Thread] INFO  com.zaxxer.hikari.HikariDataSource - HikariPool-1 - Shutdown initiated...
2026-03-15 12:53:18 [JavaFX Application Thread] DEBUG com.zaxxer.hikari.pool.HikariPool - HikariPool-1 - Before shutdown stats (total=20/20, idle=20/20, active=0, waiting=0)
2026-03-15 12:53:18 [HikariPool-1:connection-closer] DEBUG com.zaxxer.hikari.pool.PoolBase - HikariPool-1 - Closing connection com.mysql.cj.jdbc.ConnectionImpl@352d2c96: (connection evicted)
2026-03-15 12:53:18 [HikariPool-1:connection-closer] DEBUG com.zaxxer.hikari.pool.PoolBase - HikariPool-1 - Closing connection com.mysql.cj.jdbc.ConnectionImpl@746112f1: (connection evicted)
2026-03-15 12:53:18 [HikariPool-1:connection-closer] DEBUG com.zaxxer.hikari.pool.PoolBase - HikariPool-1 - Closing connection com.mysql.cj.jdbc.ConnectionImpl@78a97def: (connection evicted)
2026-03-15 12:53:18 [HikariPool-1:connection-closer] DEBUG com.zaxxer.hikari.pool.PoolBase - HikariPool-1 - Closing connection com.mysql.cj.jdbc.ConnectionImpl@3c3500: (connection evicted)
2026-03-15 12:53:18 [HikariPool-1:connection-closer] DEBUG com.zaxxer.hikari.pool.PoolBase - HikariPool-1 - Closing connection com.mysql.cj.jdbc.ConnectionImpl@6686bec1: (connection evicted)
2026-03-15 12:53:18 [HikariPool-1:connection-closer] DEBUG com.zaxxer.hikari.pool.PoolBase - HikariPool-1 - Closing connection com.mysql.cj.jdbc.ConnectionImpl@1b38dd7a: (connection evicted)
2026-03-15 12:53:18 [HikariPool-1:connection-closer] DEBUG com.zaxxer.hikari.pool.PoolBase - HikariPool-1 - Closing connection com.mysql.cj.jdbc.ConnectionImpl@21e9207: (connection evicted)
2026-03-15 12:53:18 [HikariPool-1:connection-closer] DEBUG com.zaxxer.hikari.pool.PoolBase - HikariPool-1 - Closing connection com.mysql.cj.jdbc.ConnectionImpl@4ed4581d: (connection evicted)
2026-03-15 12:53:18 [HikariPool-1:connection-closer] DEBUG com.zaxxer.hikari.pool.PoolBase - HikariPool-1 - Closing connection com.mysql.cj.jdbc.ConnectionImpl@3d8426f: (connection evicted)
2026-03-15 12:53:18 [HikariPool-1:connection-closer] DEBUG com.zaxxer.hikari.pool.PoolBase - HikariPool-1 - Closing connection com.mysql.cj.jdbc.ConnectionImpl@281d8828: (connection evicted)
2026-03-15 12:53:18 [HikariPool-1:connection-closer] DEBUG com.zaxxer.hikari.pool.PoolBase - HikariPool-1 - Closing connection com.mysql.cj.jdbc.ConnectionImpl@1f82cc11: (connection evicted)
2026-03-15 12:53:18 [HikariPool-1:connection-closer] DEBUG com.zaxxer.hikari.pool.PoolBase - HikariPool-1 - Closing connection com.mysql.cj.jdbc.ConnectionImpl@36327cb1: (connection evicted)
2026-03-15 12:53:18 [HikariPool-1:connection-closer] DEBUG com.zaxxer.hikari.pool.PoolBase - HikariPool-1 - Closing connection com.mysql.cj.jdbc.ConnectionImpl@207a7b0b: (connection evicted)
2026-03-15 12:53:18 [HikariPool-1:connection-closer] DEBUG com.zaxxer.hikari.pool.PoolBase - HikariPool-1 - Closing connection com.mysql.cj.jdbc.ConnectionImpl@20b780ab: (connection evicted)
2026-03-15 12:53:18 [HikariPool-1:connection-closer] DEBUG com.zaxxer.hikari.pool.PoolBase - HikariPool-1 - Closing connection com.mysql.cj.jdbc.ConnectionImpl@74937f39: (connection evicted)
2026-03-15 12:53:18 [HikariPool-1:connection-closer] DEBUG com.zaxxer.hikari.pool.PoolBase - HikariPool-1 - Closing connection com.mysql.cj.jdbc.ConnectionImpl@404a5c81: (connection evicted)
2026-03-15 12:53:18 [HikariPool-1:connection-closer] DEBUG com.zaxxer.hikari.pool.PoolBase - HikariPool-1 - Closing connection com.mysql.cj.jdbc.ConnectionImpl@3fea8044: (connection evicted)
2026-03-15 12:53:18 [HikariPool-1:connection-closer] DEBUG com.zaxxer.hikari.pool.PoolBase - HikariPool-1 - Closing connection com.mysql.cj.jdbc.ConnectionImpl@50a4b70c: (connection evicted)
2026-03-15 12:53:18 [HikariPool-1:connection-closer] DEBUG com.zaxxer.hikari.pool.PoolBase - HikariPool-1 - Closing connection com.mysql.cj.jdbc.ConnectionImpl@115c441f: (connection evicted)
2026-03-15 12:53:18 [HikariPool-1:connection-closer] DEBUG com.zaxxer.hikari.pool.PoolBase - HikariPool-1 - Closing connection com.mysql.cj.jdbc.ConnectionImpl@64813e5d: (connection evicted)
2026-03-15 12:53:18 [JavaFX Application Thread] DEBUG com.zaxxer.hikari.pool.HikariPool - HikariPool-1 - After  shutdown stats (total=0/20, idle=0/20, active=0, waiting=0)
2026-03-15 12:53:18 [JavaFX Application Thread] INFO  com.zaxxer.hikari.HikariDataSource - HikariPool-1 - Shutdown completed.
2026-03-15 12:53:18 [JavaFX Application Thread] DEBUG application.java.manager.LogManager - [SQL操作クラス] ： コネクションプール(HikariCP) Closeing
2026-03-15 12:53:18 [JavaFX Application Thread] INFO  application.java.manager.LogManager - 終了処理 : 完了
2026-03-15 12:53:22 [main] INFO  application.java.manager.LogManager - 備品管理システム : 起動
2026-03-15 12:53:22 [JavaFX Application Thread] INFO  application.java.manager.LogManager - 開始処理 : 画面ウィンドウ枠生成
2026-03-15 12:53:22 [JavaFX Application Thread] INFO  application.java.manager.LogManager - [メニュー画面] ： 初期化処理
2026-03-15 12:53:22 [JavaFX Application Thread] DEBUG application.java.manager.LogManager - Window切替 [setWindowFrame] : TRANSPARENT(透明枠・背景色透明)
2026-03-15 12:53:22 [JavaFX Application Thread] INFO  application.java.manager.LogManager - 画面展開 [setPage] : メニュー画面
2026-03-15 12:56:41 [JavaFX Application Thread] INFO  application.java.manager.LogManager - [SQL操作クラス] ： 非同期処理 スレッドプール作成
2026-03-15 12:56:41 [JavaFX Application Thread] DEBUG application.java.manager.LogManager - [SQL操作クラス] ： 非同期処理 スレッドプール解放
2026-03-15 12:56:41 [JavaFX Application Thread] INFO  application.java.manager.LogManager - 終了処理 : 完了
2026-03-15 13:00:38 [main] INFO  application.java.manager.LogManager - 備品管理システム : 起動
2026-03-15 13:00:38 [JavaFX Application Thread] INFO  application.java.manager.LogManager - 開始処理 : 画面ウィンドウ枠生成
2026-03-15 13:00:38 [JavaFX Application Thread] INFO  application.java.manager.LogManager - [メニュー画面] ： 初期化処理
2026-03-15 13:00:38 [JavaFX Application Thread] DEBUG application.java.manager.LogManager - Window切替 [setWindowFrame] : TRANSPARENT(透明枠・背景色透明)
2026-03-15 13:00:38 [JavaFX Application Thread] INFO  application.java.manager.LogManager - 画面展開 [setPage] : メニュー画面
2026-03-15 13:00:57 [JavaFX Application Thread] INFO  application.java.manager.LogManager - [SQL操作クラス] ： 非同期処理 スレッドプール作成
2026-03-15 13:00:57 [JavaFX Application Thread] DEBUG application.java.manager.LogManager - [SQL操作クラス] ： 非同期処理 スレッドプール解放
2026-03-15 13:00:57 [JavaFX Application Thread] INFO  application.java.manager.LogManager - 終了処理 : 完了
2026-03-15 13:02:27 [main] INFO  application.java.manager.LogManager - 備品管理システム : 起動
2026-03-15 13:02:27 [JavaFX Application Thread] INFO  application.java.manager.LogManager - 開始処理 : 画面ウィンドウ枠生成
2026-03-15 13:02:27 [JavaFX Application Thread] INFO  application.java.manager.LogManager - [メニュー画面] ： 初期化処理
2026-03-15 13:02:27 [JavaFX Application Thread] DEBUG application.java.manager.LogManager - Window切替 [setWindowFrame] : TRANSPARENT(透明枠・背景色透明)
2026-03-15 13:02:28 [JavaFX Application Thread] INFO  application.java.manager.LogManager - [SQL操作クラス] ： 非同期処理 スレッドプール作成
2026-03-15 13:02:28 [JavaFX Application Thread] DEBUG application.java.manager.LogManager - [SQL操作クラス] ： 非同期処理 スレッドプール解放
2026-03-15 13:02:28 [JavaFX Application Thread] INFO  application.java.manager.LogManager - 終了処理 : 完了
2026-03-15 13:03:50 [main] INFO  application.java.manager.LogManager - 備品管理システム : 起動
2026-03-15 13:03:50 [JavaFX Application Thread] INFO  application.java.manager.LogManager - 開始処理 : 画面ウィンドウ枠生成
2026-03-15 13:03:50 [JavaFX Application Thread] INFO  application.java.manager.LogManager - [メニュー画面] ： 初期化処理
2026-03-15 13:03:50 [JavaFX Application Thread] DEBUG application.java.manager.LogManager - Window切替 [setWindowFrame] : TRANSPARENT(透明枠・背景色透明)
2026-03-15 13:03:50 [JavaFX Application Thread] INFO  application.java.manager.LogManager - [SQL操作クラス] ： 非同期処理 スレッドプール作成
2026-03-15 13:03:50 [JavaFX Application Thread] DEBUG application.java.manager.LogManager - [SQL操作クラス] ： 非同期処理 スレッドプール解放
2026-03-15 13:03:50 [JavaFX Application Thread] INFO  application.java.manager.LogManager - 終了処理 : 完了
2026-03-15 13:05:49 [main] INFO  application.java.manager.LogManager - 備品管理システム : 起動
2026-03-15 13:05:49 [JavaFX Application Thread] INFO  application.java.manager.LogManager - 開始処理 : 画面ウィンドウ枠生成
2026-03-15 13:05:49 [JavaFX Application Thread] INFO  application.java.manager.LogManager - [メニュー画面] ： 初期化処理
2026-03-15 13:05:49 [JavaFX Application Thread] DEBUG application.java.manager.LogManager - Window切替 [setWindowFrame] : TRANSPARENT(透明枠・背景色透明)
2026-03-15 13:05:50 [JavaFX Application Thread] INFO  application.java.manager.LogManager - 画面展開 [setPage] : メニュー画面
2026-03-15 13:05:53 [JavaFX Application Thread] INFO  application.java.manager.LogManager - [SQL操作クラス] ： 非同期処理 スレッドプール作成
2026-03-15 13:05:53 [JavaFX Application Thread] DEBUG application.java.manager.LogManager - [SQL操作クラス] ： 非同期処理 スレッドプール解放
2026-03-15 13:05:53 [JavaFX Application Thread] INFO  application.java.manager.LogManager - 終了処理 : 完了
2026-03-15 13:06:13 [main] INFO  application.java.manager.LogManager - 備品管理システム : 起動
2026-03-15 13:06:13 [JavaFX Application Thread] INFO  application.java.manager.LogManager - 開始処理 : 画面ウィンドウ枠生成
2026-03-15 13:06:13 [JavaFX Application Thread] INFO  application.java.manager.LogManager - [メニュー画面] ： 初期化処理
2026-03-15 13:06:13 [JavaFX Application Thread] DEBUG application.java.manager.LogManager - Window切替 [setWindowFrame] : TRANSPARENT(透明枠・背景色透明)
2026-03-15 13:06:14 [JavaFX Application Thread] INFO  application.java.manager.LogManager - 画面展開 [setPage] : メニュー画面
2026-03-15 13:10:37 [JavaFX Application Thread] INFO  application.java.manager.LogManager - [SQL操作クラス] ： 非同期処理 スレッドプール作成
2026-03-15 13:10:37 [JavaFX Application Thread] DEBUG application.java.manager.LogManager - [SQL操作クラス] ： 非同期処理 スレッドプール解放
2026-03-15 13:10:37 [JavaFX Application Thread] INFO  application.java.manager.LogManager - 終了処理 : 完了
2026-03-15 13:10:42 [main] INFO  application.java.manager.LogManager - 備品管理システム : 起動
2026-03-15 13:10:42 [JavaFX Application Thread] INFO  application.java.manager.LogManager - 開始処理 : 画面ウィンドウ枠生成
2026-03-15 13:10:42 [JavaFX Application Thread] INFO  application.java.manager.LogManager - [メニュー画面] ： 初期化処理
2026-03-15 13:10:42 [JavaFX Application Thread] DEBUG application.java.manager.LogManager - Window切替 [setWindowFrame] : TRANSPARENT(透明枠・背景色透明)
2026-03-15 13:10:43 [JavaFX Application Thread] INFO  application.java.manager.LogManager - 画面展開 [setPage] : メニュー画面
2026-03-15 13:11:49 [JavaFX Application Thread] INFO  application.java.manager.LogManager - [メニュー画面] ： [貸出業務]ボタン押下
2026-03-15 13:11:49 [JavaFX Application Thread] INFO  application.java.manager.LogManager - [備品一覧画面] ： 初期化処理
2026-03-15 13:11:49 [JavaFX Application Thread] DEBUG application.java.manager.LogManager - Window切替 [setWindowFrame] : DECORATED(標準)
2026-03-15 13:11:49 [JavaFX Application Thread] INFO  application.java.manager.LogManager - [SQL操作クラス] ： 非同期処理 スレッドプール作成
2026-03-15 13:11:49 [JavaFX Application Thread] INFO  application.java.manager.LogManager - [SQL操作クラス] ： SQL Session生成
2026-03-15 13:11:49 [JavaFX Application Thread] DEBUG application.java.manager.LogManager - [SQL操作クラス] ： mybatis有効化
2026-03-15 13:11:49 [JavaFX Application Thread] DEBUG o.apache.ibatis.logging.LogFactory - Logging initialized using 'class org.apache.ibatis.logging.slf4j.Slf4jImpl' adapter.
2026-03-15 13:11:49 [JavaFX Application Thread] DEBUG o.apache.ibatis.logging.LogFactory - Logging initialized using 'class org.apache.ibatis.logging.slf4j.Slf4jImpl' adapter.
2026-03-15 13:11:49 [JavaFX Application Thread] DEBUG com.zaxxer.hikari.util.UtilityElf - Class com.mysql.cj.jdbc.Driver found in Thread context class loader jdk.internal.loader.ClassLoaders$AppClassLoader@568db2f2
2026-03-15 13:11:49 [JavaFX Application Thread] DEBUG application.java.manager.LogManager - [備品一覧画面] ： リスト表示処理
2026-03-15 13:11:49 [JavaFX Application Thread] DEBUG application.java.manager.LogManager - [SQL操作クラス] ： 非同期処理 SELECT句発行
2026-03-15 13:11:49 [Thread-3] DEBUG application.java.manager.LogManager - [SQL操作クラス] ： SELECT句発行
2026-03-15 13:11:49 [JavaFX Application Thread] INFO  application.java.manager.LogManager - 画面展開 [setPage] : 備品一覧画面
2026-03-15 13:11:49 [Thread-3] DEBUG o.a.i.t.jdbc.JdbcTransaction - Opening JDBC Connection
2026-03-15 13:11:49 [Thread-3] DEBUG com.zaxxer.hikari.HikariConfig - HikariPool-1 - configuration:
2026-03-15 13:11:49 [Thread-3] DEBUG com.zaxxer.hikari.HikariConfig - allowPoolSuspension.............false
2026-03-15 13:11:49 [Thread-3] DEBUG com.zaxxer.hikari.HikariConfig - autoCommit......................true
2026-03-15 13:11:49 [Thread-3] DEBUG com.zaxxer.hikari.HikariConfig - catalog.........................none
2026-03-15 13:11:49 [Thread-3] DEBUG com.zaxxer.hikari.HikariConfig - connectionInitSql...............none
2026-03-15 13:11:49 [Thread-3] DEBUG com.zaxxer.hikari.HikariConfig - connectionTestQuery.............none
2026-03-15 13:11:49 [Thread-3] DEBUG com.zaxxer.hikari.HikariConfig - connectionTimeout...............30000
2026-03-15 13:11:49 [Thread-3] DEBUG com.zaxxer.hikari.HikariConfig - credentials.....................com.zaxxer.hikari.util.Credentials@cc33d70
2026-03-15 13:11:49 [Thread-3] DEBUG com.zaxxer.hikari.HikariConfig - credentialsProvider.............none
2026-03-15 13:11:49 [Thread-3] DEBUG com.zaxxer.hikari.HikariConfig - credentialsProviderClassName....none
2026-03-15 13:11:49 [Thread-3] DEBUG com.zaxxer.hikari.HikariConfig - dataSource......................none
2026-03-15 13:11:49 [Thread-3] DEBUG com.zaxxer.hikari.HikariConfig - dataSourceClassName.............none
2026-03-15 13:11:49 [Thread-3] DEBUG com.zaxxer.hikari.HikariConfig - dataSourceJNDI..................none
2026-03-15 13:11:49 [Thread-3] DEBUG com.zaxxer.hikari.HikariConfig - dataSourceProperties............{password=<masked>}
2026-03-15 13:11:49 [Thread-3] DEBUG com.zaxxer.hikari.HikariConfig - driverClassName................."com.mysql.cj.jdbc.Driver"
2026-03-15 13:11:49 [Thread-3] DEBUG com.zaxxer.hikari.HikariConfig - exceptionOverride...............none
2026-03-15 13:11:49 [Thread-3] DEBUG com.zaxxer.hikari.HikariConfig - exceptionOverrideClassName......none
2026-03-15 13:11:49 [Thread-3] DEBUG com.zaxxer.hikari.HikariConfig - healthCheckProperties...........{}
2026-03-15 13:11:49 [Thread-3] DEBUG com.zaxxer.hikari.HikariConfig - healthCheckRegistry.............none
2026-03-15 13:11:49 [Thread-3] DEBUG com.zaxxer.hikari.HikariConfig - idleTimeout.....................600000
2026-03-15 13:11:49 [Thread-3] DEBUG com.zaxxer.hikari.HikariConfig - initializationFailTimeout.......1
2026-03-15 13:11:49 [Thread-3] DEBUG com.zaxxer.hikari.HikariConfig - isolateInternalQueries..........false
2026-03-15 13:11:49 [Thread-3] DEBUG com.zaxxer.hikari.HikariConfig - jdbcUrl.........................jdbc:mysql://localhost:3306/java_learning?useUnicode=true&characterEncoding=UTF-8&serverTimezone=GMT%2B9&useSSL=false&allowPublicKeyRetrieval=true&useCursorFetch=true
2026-03-15 13:11:49 [Thread-3] DEBUG com.zaxxer.hikari.HikariConfig - keepaliveTime...................120000
2026-03-15 13:11:49 [Thread-3] DEBUG com.zaxxer.hikari.HikariConfig - leakDetectionThreshold..........0
2026-03-15 13:11:49 [Thread-3] DEBUG com.zaxxer.hikari.HikariConfig - maxLifetime.....................1800000
2026-03-15 13:11:49 [Thread-3] DEBUG com.zaxxer.hikari.HikariConfig - maximumPoolSize.................20
2026-03-15 13:11:49 [Thread-3] DEBUG com.zaxxer.hikari.HikariConfig - metricRegistry..................none
2026-03-15 13:11:49 [Thread-3] DEBUG com.zaxxer.hikari.HikariConfig - metricsTrackerFactory...........none
2026-03-15 13:11:49 [Thread-3] DEBUG com.zaxxer.hikari.HikariConfig - minimumIdle.....................20
2026-03-15 13:11:49 [Thread-3] DEBUG com.zaxxer.hikari.HikariConfig - password........................<masked>
2026-03-15 13:11:49 [Thread-3] DEBUG com.zaxxer.hikari.HikariConfig - poolName........................"HikariPool-1"
2026-03-15 13:11:49 [Thread-3] DEBUG com.zaxxer.hikari.HikariConfig - readOnly........................false
2026-03-15 13:11:49 [Thread-3] DEBUG com.zaxxer.hikari.HikariConfig - registerMbeans..................false
2026-03-15 13:11:49 [Thread-3] DEBUG com.zaxxer.hikari.HikariConfig - scheduledExecutor...............none
2026-03-15 13:11:49 [Thread-3] DEBUG com.zaxxer.hikari.HikariConfig - schema..........................none
2026-03-15 13:11:49 [Thread-3] DEBUG com.zaxxer.hikari.HikariConfig - threadFactory...................internal
2026-03-15 13:11:49 [Thread-3] DEBUG com.zaxxer.hikari.HikariConfig - transactionIsolation............default
2026-03-15 13:11:49 [Thread-3] DEBUG com.zaxxer.hikari.HikariConfig - username........................"user"
2026-03-15 13:11:49 [Thread-3] DEBUG com.zaxxer.hikari.HikariConfig - validationTimeout...............5000
2026-03-15 13:11:49 [Thread-3] INFO  com.zaxxer.hikari.HikariDataSource - HikariPool-1 - Starting...
2026-03-15 13:11:49 [Thread-3] DEBUG com.zaxxer.hikari.pool.PoolBase - HikariPool-1 - Attempting to create/setup new connection (63f9d789-a068-4ae1-8911-e362831a5fc6)
2026-03-15 13:11:49 [Thread-3] DEBUG com.zaxxer.hikari.pool.PoolBase - HikariPool-1 - Established new connection (63f9d789-a068-4ae1-8911-e362831a5fc6)
2026-03-15 13:11:49 [Thread-3] INFO  com.zaxxer.hikari.pool.HikariPool - HikariPool-1 - Added connection com.mysql.cj.jdbc.ConnectionImpl@791b6666
2026-03-15 13:11:49 [Thread-3] INFO  com.zaxxer.hikari.HikariDataSource - HikariPool-1 - Start completed.
2026-03-15 13:11:49 [Thread-3] DEBUG o.a.i.t.jdbc.JdbcTransaction - Setting autocommit to false on JDBC Connection [HikariProxyConnection@640437486 wrapping com.mysql.cj.jdbc.ConnectionImpl@791b6666]
2026-03-15 13:11:50 [Thread-3] DEBUG a.r.m.I.getTableRecords - ==>  Preparing: WITH SUB_TOTAL AS ( SELECT ST.stock_type , ST.stock_code , SUM(CASE WHEN SD.staff_no IS NOT NULL AND (DATEDIFF(CURRENT_DATE(), SD.confirmed_date) <= 365 ) THEN 1 ELSE 0 END) AS lending_count -- 貸出備品の数 , SUM(CASE /* 在庫 = [staff_no]：貸出先ユーザーの社員番号 が未設定(NULL) 且つ [return_date]：返却日が未設定(NULL) 且つ [confirmed_date]：最終所在確認日 が１年以内 */ WHEN SD.staff_no IS NULL AND (DATEDIFF(CURRENT_DATE(), SD.confirmed_date) <= 365 ) THEN 1 ELSE 0 END) AS stock_count -- 在庫備品の数 , SUM(CASE /* 不明 = [return_date]：返却日が未設定(NULL) 且つ [confirmed_date]：最終所在確認日 が１年前以前 ※ 貸出中・在庫を問わず１年前以前のデータを不明とする */ WHEN (DATEDIFF(CURRENT_DATE(), SD.confirmed_date) > 365 ) THEN 1 ELSE 0 END) AS unknown_count -- 不明備品の数 FROM (SELECT stock_type , stock_code FROM stock_type_master WHERE 1 = 1 AND del = FALSE) ST INNER JOIN stock_master SM ON ST.stock_type = SM.stock_type AND ST.stock_code = SM.stock_code AND SM.del = FALSE /* 未登録データを考慮しLEFT JOINとする */ LEFT JOIN stock_data SD ON SM.serial_no = SD.serial_no /* 返却済データの除去 */ AND SD.return_date IS NULL AND SD.del = FALSE WHERE 1 = 1 GROUP BY ST.stock_type , ST.stock_code ) SELECT ST.stock_type AS type, ST.stock_code AS code, ST.name AS itemName, IFNULL(S.lending_count, 0) AS loanCount, IFNULL(S.stock_count, 0) AS returnCount, IFNULL(S.unknown_count, 0) AS unknownCount, IFNULL(S.lending_count + S.stock_count, 0) AS totalCount /* 追加項目：遷移先画面サイズ */ , IFNULL( GCM.value_1, '1') AS windowSize FROM stock_type_master ST INNER JOIN SUB_TOTAL S ON ST.stock_type = S.stock_type AND ST.stock_code = S.stock_code /* 追加項目 遷移先画面サイズ */ LEFT JOIN generic_code_master GCM ON CAST(ST.stock_type AS CHAR) = GCM.type_key AND ST.stock_code = GCM.code AND GCM.generic_key = 'WINDOW_SIZE' WHERE 1 = 1 ORDER BY ST.stock_type , St.stock_code
2026-03-15 13:11:50 [Thread-3] DEBUG a.r.m.I.getTableRecords - ==> Parameters: 
2026-03-15 13:11:50 [Thread-3] DEBUG a.r.m.I.getTableRecords - <==      Total: 16
2026-03-15 13:11:50 [Thread-3] DEBUG o.a.i.t.jdbc.JdbcTransaction - Resetting autocommit to true on JDBC Connection [HikariProxyConnection@640437486 wrapping com.mysql.cj.jdbc.ConnectionImpl@791b6666]
2026-03-15 13:11:50 [Thread-3] DEBUG o.a.i.t.jdbc.JdbcTransaction - Closing JDBC Connection [HikariProxyConnection@640437486 wrapping com.mysql.cj.jdbc.ConnectionImpl@791b6666]
2026-03-15 13:11:50 [HikariPool-1:housekeeper] DEBUG com.zaxxer.hikari.pool.HikariPool - HikariPool-1 - Pool stats (total=1/20, idle=1/20, active=0, waiting=0)
2026-03-15 13:11:50 [HikariPool-1:connection-adder] DEBUG com.zaxxer.hikari.pool.PoolBase - HikariPool-1 - Attempting to create/setup new connection (61a87dbe-bdd7-470e-98ad-e12ed3ba12b8)
2026-03-15 13:11:50 [HikariPool-1:connection-adder] DEBUG com.zaxxer.hikari.pool.PoolBase - HikariPool-1 - Established new connection (61a87dbe-bdd7-470e-98ad-e12ed3ba12b8)
2026-03-15 13:11:50 [HikariPool-1:connection-adder] DEBUG com.zaxxer.hikari.pool.HikariPool - HikariPool-1 - Added connection com.mysql.cj.jdbc.ConnectionImpl@3eac8c57
2026-03-15 13:11:50 [HikariPool-1:connection-adder] DEBUG com.zaxxer.hikari.pool.HikariPool - HikariPool-1 - After adding stats (total=2/20, idle=2/20, active=0, waiting=0)
2026-03-15 13:11:50 [HikariPool-1:connection-adder] DEBUG com.zaxxer.hikari.pool.PoolBase - HikariPool-1 - Attempting to create/setup new connection (d226e9aa-3b22-46e0-8ebf-703205d4e9da)
2026-03-15 13:11:50 [HikariPool-1:connection-adder] DEBUG com.zaxxer.hikari.pool.PoolBase - HikariPool-1 - Established new connection (d226e9aa-3b22-46e0-8ebf-703205d4e9da)
2026-03-15 13:11:50 [HikariPool-1:connection-adder] DEBUG com.zaxxer.hikari.pool.HikariPool - HikariPool-1 - Added connection com.mysql.cj.jdbc.ConnectionImpl@1430f780
2026-03-15 13:11:50 [HikariPool-1:connection-adder] DEBUG com.zaxxer.hikari.pool.HikariPool - HikariPool-1 - After adding stats (total=3/20, idle=3/20, active=0, waiting=0)
2026-03-15 13:11:50 [HikariPool-1:connection-adder] DEBUG com.zaxxer.hikari.pool.PoolBase - HikariPool-1 - Attempting to create/setup new connection (a620b3fe-1b55-48ff-95ec-75d9271073d0)
2026-03-15 13:11:50 [HikariPool-1:connection-adder] DEBUG com.zaxxer.hikari.pool.PoolBase - HikariPool-1 - Established new connection (a620b3fe-1b55-48ff-95ec-75d9271073d0)
2026-03-15 13:11:50 [HikariPool-1:connection-adder] DEBUG com.zaxxer.hikari.pool.HikariPool - HikariPool-1 - Added connection com.mysql.cj.jdbc.ConnectionImpl@6cef3034
2026-03-15 13:11:50 [HikariPool-1:connection-adder] DEBUG com.zaxxer.hikari.pool.HikariPool - HikariPool-1 - After adding stats (total=4/20, idle=4/20, active=0, waiting=0)
2026-03-15 13:11:50 [HikariPool-1:connection-adder] DEBUG com.zaxxer.hikari.pool.PoolBase - HikariPool-1 - Attempting to create/setup new connection (6340a1e8-84f5-498c-aa02-81589066bc80)
2026-03-15 13:11:50 [HikariPool-1:connection-adder] DEBUG com.zaxxer.hikari.pool.PoolBase - HikariPool-1 - Established new connection (6340a1e8-84f5-498c-aa02-81589066bc80)
2026-03-15 13:11:50 [HikariPool-1:connection-adder] DEBUG com.zaxxer.hikari.pool.HikariPool - HikariPool-1 - Added connection com.mysql.cj.jdbc.ConnectionImpl@c2111a3
2026-03-15 13:11:50 [HikariPool-1:connection-adder] DEBUG com.zaxxer.hikari.pool.HikariPool - HikariPool-1 - After adding stats (total=5/20, idle=5/20, active=0, waiting=0)
2026-03-15 13:11:50 [HikariPool-1:connection-adder] DEBUG com.zaxxer.hikari.pool.PoolBase - HikariPool-1 - Attempting to create/setup new connection (fe0663b0-82f4-436e-ad15-9cad93821574)
2026-03-15 13:11:50 [HikariPool-1:connection-adder] DEBUG com.zaxxer.hikari.pool.PoolBase - HikariPool-1 - Established new connection (fe0663b0-82f4-436e-ad15-9cad93821574)
2026-03-15 13:11:50 [HikariPool-1:connection-adder] DEBUG com.zaxxer.hikari.pool.HikariPool - HikariPool-1 - Added connection com.mysql.cj.jdbc.ConnectionImpl@77eb9a83
2026-03-15 13:11:50 [HikariPool-1:connection-adder] DEBUG com.zaxxer.hikari.pool.HikariPool - HikariPool-1 - After adding stats (total=6/20, idle=6/20, active=0, waiting=0)
2026-03-15 13:11:50 [HikariPool-1:connection-adder] DEBUG com.zaxxer.hikari.pool.PoolBase - HikariPool-1 - Attempting to create/setup new connection (77d88b6b-6c0f-4de8-9258-8ab76a909a51)
2026-03-15 13:11:50 [HikariPool-1:connection-adder] DEBUG com.zaxxer.hikari.pool.PoolBase - HikariPool-1 - Established new connection (77d88b6b-6c0f-4de8-9258-8ab76a909a51)
2026-03-15 13:11:50 [HikariPool-1:connection-adder] DEBUG com.zaxxer.hikari.pool.HikariPool - HikariPool-1 - Added connection com.mysql.cj.jdbc.ConnectionImpl@1fd824e8
2026-03-15 13:11:50 [HikariPool-1:connection-adder] DEBUG com.zaxxer.hikari.pool.HikariPool - HikariPool-1 - After adding stats (total=7/20, idle=7/20, active=0, waiting=0)
2026-03-15 13:11:50 [HikariPool-1:connection-adder] DEBUG com.zaxxer.hikari.pool.PoolBase - HikariPool-1 - Attempting to create/setup new connection (02ce2765-89a5-4241-b795-4c4e10043aae)
2026-03-15 13:11:50 [HikariPool-1:connection-adder] DEBUG com.zaxxer.hikari.pool.PoolBase - HikariPool-1 - Established new connection (02ce2765-89a5-4241-b795-4c4e10043aae)
2026-03-15 13:11:50 [HikariPool-1:connection-adder] DEBUG com.zaxxer.hikari.pool.HikariPool - HikariPool-1 - Added connection com.mysql.cj.jdbc.ConnectionImpl@55fe967a
2026-03-15 13:11:50 [HikariPool-1:connection-adder] DEBUG com.zaxxer.hikari.pool.HikariPool - HikariPool-1 - After adding stats (total=8/20, idle=8/20, active=0, waiting=0)
2026-03-15 13:11:50 [HikariPool-1:connection-adder] DEBUG com.zaxxer.hikari.pool.PoolBase - HikariPool-1 - Attempting to create/setup new connection (572a6049-6246-4cad-a67f-533fb85bc6ef)
2026-03-15 13:11:50 [HikariPool-1:connection-adder] DEBUG com.zaxxer.hikari.pool.PoolBase - HikariPool-1 - Established new connection (572a6049-6246-4cad-a67f-533fb85bc6ef)
2026-03-15 13:11:50 [HikariPool-1:connection-adder] DEBUG com.zaxxer.hikari.pool.HikariPool - HikariPool-1 - Added connection com.mysql.cj.jdbc.ConnectionImpl@14219d47
2026-03-15 13:11:50 [HikariPool-1:connection-adder] DEBUG com.zaxxer.hikari.pool.HikariPool - HikariPool-1 - After adding stats (total=9/20, idle=9/20, active=0, waiting=0)
2026-03-15 13:11:50 [HikariPool-1:connection-adder] DEBUG com.zaxxer.hikari.pool.PoolBase - HikariPool-1 - Attempting to create/setup new connection (e9fa7cd5-dddc-473f-8af8-5b13c3f62bab)
2026-03-15 13:11:50 [HikariPool-1:connection-adder] DEBUG com.zaxxer.hikari.pool.PoolBase - HikariPool-1 - Established new connection (e9fa7cd5-dddc-473f-8af8-5b13c3f62bab)
2026-03-15 13:11:50 [HikariPool-1:connection-adder] DEBUG com.zaxxer.hikari.pool.HikariPool - HikariPool-1 - Added connection com.mysql.cj.jdbc.ConnectionImpl@1a2d4835
2026-03-15 13:11:50 [HikariPool-1:connection-adder] DEBUG com.zaxxer.hikari.pool.HikariPool - HikariPool-1 - After adding stats (total=10/20, idle=10/20, active=0, waiting=0)
2026-03-15 13:11:50 [HikariPool-1:connection-adder] DEBUG com.zaxxer.hikari.pool.PoolBase - HikariPool-1 - Attempting to create/setup new connection (44d6596d-9a6b-4f7a-93d2-230886e28c3f)
2026-03-15 13:11:50 [HikariPool-1:connection-adder] DEBUG com.zaxxer.hikari.pool.PoolBase - HikariPool-1 - Established new connection (44d6596d-9a6b-4f7a-93d2-230886e28c3f)
2026-03-15 13:11:50 [HikariPool-1:connection-adder] DEBUG com.zaxxer.hikari.pool.HikariPool - HikariPool-1 - Added connection com.mysql.cj.jdbc.ConnectionImpl@48c884dd
2026-03-15 13:11:50 [HikariPool-1:connection-adder] DEBUG com.zaxxer.hikari.pool.HikariPool - HikariPool-1 - After adding stats (total=11/20, idle=11/20, active=0, waiting=0)
2026-03-15 13:11:50 [HikariPool-1:connection-adder] DEBUG com.zaxxer.hikari.pool.PoolBase - HikariPool-1 - Attempting to create/setup new connection (3d76d459-cca7-4d25-86fd-7bf39e210a52)
2026-03-15 13:11:50 [HikariPool-1:connection-adder] DEBUG com.zaxxer.hikari.pool.PoolBase - HikariPool-1 - Established new connection (3d76d459-cca7-4d25-86fd-7bf39e210a52)
2026-03-15 13:11:50 [HikariPool-1:connection-adder] DEBUG com.zaxxer.hikari.pool.HikariPool - HikariPool-1 - Added connection com.mysql.cj.jdbc.ConnectionImpl@907a09f
2026-03-15 13:11:50 [HikariPool-1:connection-adder] DEBUG com.zaxxer.hikari.pool.HikariPool - HikariPool-1 - After adding stats (total=12/20, idle=12/20, active=0, waiting=0)
2026-03-15 13:11:50 [HikariPool-1:connection-adder] DEBUG com.zaxxer.hikari.pool.PoolBase - HikariPool-1 - Attempting to create/setup new connection (d9f248b8-c413-440c-b5a9-868242e7f202)
2026-03-15 13:11:50 [HikariPool-1:connection-adder] DEBUG com.zaxxer.hikari.pool.PoolBase - HikariPool-1 - Established new connection (d9f248b8-c413-440c-b5a9-868242e7f202)
2026-03-15 13:11:50 [HikariPool-1:connection-adder] DEBUG com.zaxxer.hikari.pool.HikariPool - HikariPool-1 - Added connection com.mysql.cj.jdbc.ConnectionImpl@af0a970
2026-03-15 13:11:50 [HikariPool-1:connection-adder] DEBUG com.zaxxer.hikari.pool.HikariPool - HikariPool-1 - After adding stats (total=13/20, idle=13/20, active=0, waiting=0)
2026-03-15 13:11:50 [HikariPool-1:connection-adder] DEBUG com.zaxxer.hikari.pool.PoolBase - HikariPool-1 - Attempting to create/setup new connection (427f1550-a0d3-4737-8f4e-699e813c9110)
2026-03-15 13:11:50 [HikariPool-1:connection-adder] DEBUG com.zaxxer.hikari.pool.PoolBase - HikariPool-1 - Established new connection (427f1550-a0d3-4737-8f4e-699e813c9110)
2026-03-15 13:11:50 [HikariPool-1:connection-adder] DEBUG com.zaxxer.hikari.pool.HikariPool - HikariPool-1 - Added connection com.mysql.cj.jdbc.ConnectionImpl@1ee70db1
2026-03-15 13:11:50 [HikariPool-1:connection-adder] DEBUG com.zaxxer.hikari.pool.HikariPool - HikariPool-1 - After adding stats (total=14/20, idle=14/20, active=0, waiting=0)
2026-03-15 13:11:50 [HikariPool-1:connection-adder] DEBUG com.zaxxer.hikari.pool.PoolBase - HikariPool-1 - Attempting to create/setup new connection (073d6145-186b-4c4b-9966-d2824e0c7fec)
2026-03-15 13:11:50 [HikariPool-1:connection-adder] DEBUG com.zaxxer.hikari.pool.PoolBase - HikariPool-1 - Established new connection (073d6145-186b-4c4b-9966-d2824e0c7fec)
2026-03-15 13:11:50 [HikariPool-1:connection-adder] DEBUG com.zaxxer.hikari.pool.HikariPool - HikariPool-1 - Added connection com.mysql.cj.jdbc.ConnectionImpl@68e7433
2026-03-15 13:11:50 [HikariPool-1:connection-adder] DEBUG com.zaxxer.hikari.pool.HikariPool - HikariPool-1 - After adding stats (total=15/20, idle=15/20, active=0, waiting=0)
2026-03-15 13:11:50 [HikariPool-1:connection-adder] DEBUG com.zaxxer.hikari.pool.PoolBase - HikariPool-1 - Attempting to create/setup new connection (73913f5d-ab69-41ca-ae65-1c2e3438aaaa)
2026-03-15 13:11:50 [HikariPool-1:connection-adder] DEBUG com.zaxxer.hikari.pool.PoolBase - HikariPool-1 - Established new connection (73913f5d-ab69-41ca-ae65-1c2e3438aaaa)
2026-03-15 13:11:50 [HikariPool-1:connection-adder] DEBUG com.zaxxer.hikari.pool.HikariPool - HikariPool-1 - Added connection com.mysql.cj.jdbc.ConnectionImpl@8439494
2026-03-15 13:11:50 [HikariPool-1:connection-adder] DEBUG com.zaxxer.hikari.pool.HikariPool - HikariPool-1 - After adding stats (total=16/20, idle=16/20, active=0, waiting=0)
2026-03-15 13:11:50 [HikariPool-1:connection-adder] DEBUG com.zaxxer.hikari.pool.PoolBase - HikariPool-1 - Attempting to create/setup new connection (3bbcced7-a407-4157-882d-afff6ccef5b7)
2026-03-15 13:11:50 [HikariPool-1:connection-adder] DEBUG com.zaxxer.hikari.pool.PoolBase - HikariPool-1 - Established new connection (3bbcced7-a407-4157-882d-afff6ccef5b7)
2026-03-15 13:11:50 [HikariPool-1:connection-adder] DEBUG com.zaxxer.hikari.pool.HikariPool - HikariPool-1 - Added connection com.mysql.cj.jdbc.ConnectionImpl@23c7c352
2026-03-15 13:11:50 [HikariPool-1:connection-adder] DEBUG com.zaxxer.hikari.pool.HikariPool - HikariPool-1 - After adding stats (total=17/20, idle=17/20, active=0, waiting=0)
2026-03-15 13:11:50 [HikariPool-1:connection-adder] DEBUG com.zaxxer.hikari.pool.PoolBase - HikariPool-1 - Attempting to create/setup new connection (8c695dc4-98a0-4c1d-8868-3158cf2ca200)
2026-03-15 13:11:50 [HikariPool-1:connection-adder] DEBUG com.zaxxer.hikari.pool.PoolBase - HikariPool-1 - Established new connection (8c695dc4-98a0-4c1d-8868-3158cf2ca200)
2026-03-15 13:11:50 [HikariPool-1:connection-adder] DEBUG com.zaxxer.hikari.pool.HikariPool - HikariPool-1 - Added connection com.mysql.cj.jdbc.ConnectionImpl@657a70b0
2026-03-15 13:11:50 [HikariPool-1:connection-adder] DEBUG com.zaxxer.hikari.pool.HikariPool - HikariPool-1 - After adding stats (total=18/20, idle=18/20, active=0, waiting=0)
2026-03-15 13:11:50 [HikariPool-1:connection-adder] DEBUG com.zaxxer.hikari.pool.PoolBase - HikariPool-1 - Attempting to create/setup new connection (a59e5728-6a51-499f-9fcb-f34abf1b8f71)
2026-03-15 13:11:50 [HikariPool-1:connection-adder] DEBUG com.zaxxer.hikari.pool.PoolBase - HikariPool-1 - Established new connection (a59e5728-6a51-499f-9fcb-f34abf1b8f71)
2026-03-15 13:11:50 [HikariPool-1:connection-adder] DEBUG com.zaxxer.hikari.pool.HikariPool - HikariPool-1 - Added connection com.mysql.cj.jdbc.ConnectionImpl@464b5ccb
2026-03-15 13:11:50 [HikariPool-1:connection-adder] DEBUG com.zaxxer.hikari.pool.HikariPool - HikariPool-1 - After adding stats (total=19/20, idle=19/20, active=0, waiting=0)
2026-03-15 13:11:50 [HikariPool-1:connection-adder] DEBUG com.zaxxer.hikari.pool.PoolBase - HikariPool-1 - Attempting to create/setup new connection (dfc12d4a-f396-46e9-84ef-d5a12cef0861)
2026-03-15 13:11:50 [HikariPool-1:connection-adder] DEBUG com.zaxxer.hikari.pool.PoolBase - HikariPool-1 - Established new connection (dfc12d4a-f396-46e9-84ef-d5a12cef0861)
2026-03-15 13:11:50 [HikariPool-1:connection-adder] DEBUG com.zaxxer.hikari.pool.HikariPool - HikariPool-1 - Added connection com.mysql.cj.jdbc.ConnectionImpl@4c5e9184
2026-03-15 13:11:50 [HikariPool-1:connection-adder] DEBUG com.zaxxer.hikari.pool.HikariPool - HikariPool-1 - After adding stats (total=20/20, idle=20/20, active=0, waiting=0)
2026-03-15 13:12:01 [JavaFX Application Thread] DEBUG application.java.manager.LogManager - [SQL操作クラス] ： 非同期処理 スレッドプール解放
2026-03-15 13:12:01 [JavaFX Application Thread] INFO  com.zaxxer.hikari.HikariDataSource - HikariPool-1 - Shutdown initiated...
2026-03-15 13:12:01 [JavaFX Application Thread] DEBUG com.zaxxer.hikari.pool.HikariPool - HikariPool-1 - Before shutdown stats (total=20/20, idle=20/20, active=0, waiting=0)
2026-03-15 13:12:01 [HikariPool-1:connection-closer] DEBUG com.zaxxer.hikari.pool.PoolBase - HikariPool-1 - Closing connection com.mysql.cj.jdbc.ConnectionImpl@791b6666: (connection evicted)
2026-03-15 13:12:01 [HikariPool-1:connection-closer] DEBUG com.zaxxer.hikari.pool.PoolBase - HikariPool-1 - Closing connection com.mysql.cj.jdbc.ConnectionImpl@3eac8c57: (connection evicted)
2026-03-15 13:12:01 [HikariPool-1:connection-closer] DEBUG com.zaxxer.hikari.pool.PoolBase - HikariPool-1 - Closing connection com.mysql.cj.jdbc.ConnectionImpl@1430f780: (connection evicted)
2026-03-15 13:12:01 [HikariPool-1:connection-closer] DEBUG com.zaxxer.hikari.pool.PoolBase - HikariPool-1 - Closing connection com.mysql.cj.jdbc.ConnectionImpl@6cef3034: (connection evicted)
2026-03-15 13:12:01 [HikariPool-1:connection-closer] DEBUG com.zaxxer.hikari.pool.PoolBase - HikariPool-1 - Closing connection com.mysql.cj.jdbc.ConnectionImpl@c2111a3: (connection evicted)
2026-03-15 13:12:01 [HikariPool-1:connection-closer] DEBUG com.zaxxer.hikari.pool.PoolBase - HikariPool-1 - Closing connection com.mysql.cj.jdbc.ConnectionImpl@77eb9a83: (connection evicted)
2026-03-15 13:12:01 [HikariPool-1:connection-closer] DEBUG com.zaxxer.hikari.pool.PoolBase - HikariPool-1 - Closing connection com.mysql.cj.jdbc.ConnectionImpl@1fd824e8: (connection evicted)
2026-03-15 13:12:01 [HikariPool-1:connection-closer] DEBUG com.zaxxer.hikari.pool.PoolBase - HikariPool-1 - Closing connection com.mysql.cj.jdbc.ConnectionImpl@55fe967a: (connection evicted)
2026-03-15 13:12:01 [HikariPool-1:connection-closer] DEBUG com.zaxxer.hikari.pool.PoolBase - HikariPool-1 - Closing connection com.mysql.cj.jdbc.ConnectionImpl@14219d47: (connection evicted)
2026-03-15 13:12:01 [HikariPool-1:connection-closer] DEBUG com.zaxxer.hikari.pool.PoolBase - HikariPool-1 - Closing connection com.mysql.cj.jdbc.ConnectionImpl@1a2d4835: (connection evicted)
2026-03-15 13:12:01 [HikariPool-1:connection-closer] DEBUG com.zaxxer.hikari.pool.PoolBase - HikariPool-1 - Closing connection com.mysql.cj.jdbc.ConnectionImpl@48c884dd: (connection evicted)
2026-03-15 13:12:01 [HikariPool-1:connection-closer] DEBUG com.zaxxer.hikari.pool.PoolBase - HikariPool-1 - Closing connection com.mysql.cj.jdbc.ConnectionImpl@907a09f: (connection evicted)
2026-03-15 13:12:01 [HikariPool-1:connection-closer] DEBUG com.zaxxer.hikari.pool.PoolBase - HikariPool-1 - Closing connection com.mysql.cj.jdbc.ConnectionImpl@af0a970: (connection evicted)
2026-03-15 13:12:01 [HikariPool-1:connection-closer] DEBUG com.zaxxer.hikari.pool.PoolBase - HikariPool-1 - Closing connection com.mysql.cj.jdbc.ConnectionImpl@1ee70db1: (connection evicted)
2026-03-15 13:12:01 [HikariPool-1:connection-closer] DEBUG com.zaxxer.hikari.pool.PoolBase - HikariPool-1 - Closing connection com.mysql.cj.jdbc.ConnectionImpl@68e7433: (connection evicted)
2026-03-15 13:12:01 [HikariPool-1:connection-closer] DEBUG com.zaxxer.hikari.pool.PoolBase - HikariPool-1 - Closing connection com.mysql.cj.jdbc.ConnectionImpl@8439494: (connection evicted)
2026-03-15 13:12:01 [HikariPool-1:connection-closer] DEBUG com.zaxxer.hikari.pool.PoolBase - HikariPool-1 - Closing connection com.mysql.cj.jdbc.ConnectionImpl@23c7c352: (connection evicted)
2026-03-15 13:12:01 [HikariPool-1:connection-closer] DEBUG com.zaxxer.hikari.pool.PoolBase - HikariPool-1 - Closing connection com.mysql.cj.jdbc.ConnectionImpl@657a70b0: (connection evicted)
2026-03-15 13:12:01 [HikariPool-1:connection-closer] DEBUG com.zaxxer.hikari.pool.PoolBase - HikariPool-1 - Closing connection com.mysql.cj.jdbc.ConnectionImpl@464b5ccb: (connection evicted)
2026-03-15 13:12:01 [HikariPool-1:connection-closer] DEBUG com.zaxxer.hikari.pool.PoolBase - HikariPool-1 - Closing connection com.mysql.cj.jdbc.ConnectionImpl@4c5e9184: (connection evicted)
2026-03-15 13:12:01 [JavaFX Application Thread] DEBUG com.zaxxer.hikari.pool.HikariPool - HikariPool-1 - After  shutdown stats (total=0/20, idle=0/20, active=0, waiting=0)
2026-03-15 13:12:01 [JavaFX Application Thread] INFO  com.zaxxer.hikari.HikariDataSource - HikariPool-1 - Shutdown completed.
2026-03-15 13:12:01 [JavaFX Application Thread] DEBUG application.java.manager.LogManager - [SQL操作クラス] ： コネクションプール(HikariCP) Closeing
2026-03-15 13:12:01 [JavaFX Application Thread] INFO  application.java.manager.LogManager - 終了処理 : 完了
2026-03-15 13:13:24 [main] INFO  application.java.manager.LogManager - 備品管理システム : 起動
2026-03-15 13:13:24 [JavaFX Application Thread] INFO  application.java.manager.LogManager - 開始処理 : 画面ウィンドウ枠生成
2026-03-15 13:13:24 [JavaFX Application Thread] INFO  application.java.manager.LogManager - [メニュー画面] ： 初期化処理
2026-03-15 13:13:24 [JavaFX Application Thread] DEBUG application.java.manager.LogManager - Window切替 [setWindowFrame] : TRANSPARENT(透明枠・背景色透明)
2026-03-15 13:13:24 [JavaFX Application Thread] INFO  application.java.manager.LogManager - 画面展開 [setPage] : メニュー画面
2026-03-15 13:13:39 [JavaFX Application Thread] INFO  application.java.manager.LogManager - [メニュー画面] ： [貸出業務]ボタン押下
2026-03-15 13:13:39 [JavaFX Application Thread] INFO  application.java.manager.LogManager - [備品一覧画面] ： 初期化処理
2026-03-15 13:13:39 [JavaFX Application Thread] DEBUG application.java.manager.LogManager - Window切替 [setWindowFrame] : DECORATED(標準)
2026-03-15 13:13:39 [JavaFX Application Thread] INFO  application.java.manager.LogManager - [SQL操作クラス] ： 非同期処理 スレッドプール作成
2026-03-15 13:13:39 [JavaFX Application Thread] INFO  application.java.manager.LogManager - [SQL操作クラス] ： SQL Session生成
2026-03-15 13:13:39 [JavaFX Application Thread] DEBUG application.java.manager.LogManager - [SQL操作クラス] ： mybatis有効化
2026-03-15 13:13:39 [JavaFX Application Thread] DEBUG o.apache.ibatis.logging.LogFactory - Logging initialized using 'class org.apache.ibatis.logging.slf4j.Slf4jImpl' adapter.
2026-03-15 13:13:39 [JavaFX Application Thread] DEBUG o.apache.ibatis.logging.LogFactory - Logging initialized using 'class org.apache.ibatis.logging.slf4j.Slf4jImpl' adapter.
2026-03-15 13:13:39 [JavaFX Application Thread] DEBUG com.zaxxer.hikari.util.UtilityElf - Class com.mysql.cj.jdbc.Driver found in Thread context class loader jdk.internal.loader.ClassLoaders$AppClassLoader@568db2f2
2026-03-15 13:13:39 [JavaFX Application Thread] DEBUG application.java.manager.LogManager - [備品一覧画面] ： リスト表示処理
2026-03-15 13:13:39 [JavaFX Application Thread] DEBUG application.java.manager.LogManager - [SQL操作クラス] ： 非同期処理 SELECT句発行
2026-03-15 13:13:39 [Thread-3] DEBUG application.java.manager.LogManager - [SQL操作クラス] ： SELECT句発行
2026-03-15 13:13:39 [JavaFX Application Thread] INFO  application.java.manager.LogManager - 画面展開 [setPage] : 備品一覧画面
2026-03-15 13:13:39 [Thread-3] DEBUG o.a.i.t.jdbc.JdbcTransaction - Opening JDBC Connection
2026-03-15 13:13:39 [Thread-3] DEBUG com.zaxxer.hikari.HikariConfig - HikariPool-1 - configuration:
2026-03-15 13:13:39 [Thread-3] DEBUG com.zaxxer.hikari.HikariConfig - allowPoolSuspension.............false
2026-03-15 13:13:39 [Thread-3] DEBUG com.zaxxer.hikari.HikariConfig - autoCommit......................true
2026-03-15 13:13:39 [Thread-3] DEBUG com.zaxxer.hikari.HikariConfig - catalog.........................none
2026-03-15 13:13:39 [Thread-3] DEBUG com.zaxxer.hikari.HikariConfig - connectionInitSql...............none
2026-03-15 13:13:39 [Thread-3] DEBUG com.zaxxer.hikari.HikariConfig - connectionTestQuery.............none
2026-03-15 13:13:39 [Thread-3] DEBUG com.zaxxer.hikari.HikariConfig - connectionTimeout...............30000
2026-03-15 13:13:39 [Thread-3] DEBUG com.zaxxer.hikari.HikariConfig - credentials.....................com.zaxxer.hikari.util.Credentials@1d9e1cca
2026-03-15 13:13:39 [Thread-3] DEBUG com.zaxxer.hikari.HikariConfig - credentialsProvider.............none
2026-03-15 13:13:39 [Thread-3] DEBUG com.zaxxer.hikari.HikariConfig - credentialsProviderClassName....none
2026-03-15 13:13:39 [Thread-3] DEBUG com.zaxxer.hikari.HikariConfig - dataSource......................none
2026-03-15 13:13:39 [Thread-3] DEBUG com.zaxxer.hikari.HikariConfig - dataSourceClassName.............none
2026-03-15 13:13:39 [Thread-3] DEBUG com.zaxxer.hikari.HikariConfig - dataSourceJNDI..................none
2026-03-15 13:13:39 [Thread-3] DEBUG com.zaxxer.hikari.HikariConfig - dataSourceProperties............{password=<masked>}
2026-03-15 13:13:39 [Thread-3] DEBUG com.zaxxer.hikari.HikariConfig - driverClassName................."com.mysql.cj.jdbc.Driver"
2026-03-15 13:13:39 [Thread-3] DEBUG com.zaxxer.hikari.HikariConfig - exceptionOverride...............none
2026-03-15 13:13:39 [Thread-3] DEBUG com.zaxxer.hikari.HikariConfig - exceptionOverrideClassName......none
2026-03-15 13:13:39 [Thread-3] DEBUG com.zaxxer.hikari.HikariConfig - healthCheckProperties...........{}
2026-03-15 13:13:39 [Thread-3] DEBUG com.zaxxer.hikari.HikariConfig - healthCheckRegistry.............none
2026-03-15 13:13:39 [Thread-3] DEBUG com.zaxxer.hikari.HikariConfig - idleTimeout.....................600000
2026-03-15 13:13:39 [Thread-3] DEBUG com.zaxxer.hikari.HikariConfig - initializationFailTimeout.......1
2026-03-15 13:13:39 [Thread-3] DEBUG com.zaxxer.hikari.HikariConfig - isolateInternalQueries..........false
2026-03-15 13:13:39 [Thread-3] DEBUG com.zaxxer.hikari.HikariConfig - jdbcUrl.........................jdbc:mysql://localhost:3306/java_learning?useUnicode=true&characterEncoding=UTF-8&serverTimezone=GMT%2B9&useSSL=false&allowPublicKeyRetrieval=true&useCursorFetch=true
2026-03-15 13:13:39 [Thread-3] DEBUG com.zaxxer.hikari.HikariConfig - keepaliveTime...................120000
2026-03-15 13:13:39 [Thread-3] DEBUG com.zaxxer.hikari.HikariConfig - leakDetectionThreshold..........0
2026-03-15 13:13:39 [Thread-3] DEBUG com.zaxxer.hikari.HikariConfig - maxLifetime.....................1800000
2026-03-15 13:13:39 [Thread-3] DEBUG com.zaxxer.hikari.HikariConfig - maximumPoolSize.................20
2026-03-15 13:13:39 [Thread-3] DEBUG com.zaxxer.hikari.HikariConfig - metricRegistry..................none
2026-03-15 13:13:39 [Thread-3] DEBUG com.zaxxer.hikari.HikariConfig - metricsTrackerFactory...........none
2026-03-15 13:13:39 [Thread-3] DEBUG com.zaxxer.hikari.HikariConfig - minimumIdle.....................20
2026-03-15 13:13:39 [Thread-3] DEBUG com.zaxxer.hikari.HikariConfig - password........................<masked>
2026-03-15 13:13:39 [Thread-3] DEBUG com.zaxxer.hikari.HikariConfig - poolName........................"HikariPool-1"
2026-03-15 13:13:39 [Thread-3] DEBUG com.zaxxer.hikari.HikariConfig - readOnly........................false
2026-03-15 13:13:39 [Thread-3] DEBUG com.zaxxer.hikari.HikariConfig - registerMbeans..................false
2026-03-15 13:13:39 [Thread-3] DEBUG com.zaxxer.hikari.HikariConfig - scheduledExecutor...............none
2026-03-15 13:13:39 [Thread-3] DEBUG com.zaxxer.hikari.HikariConfig - schema..........................none
2026-03-15 13:13:39 [Thread-3] DEBUG com.zaxxer.hikari.HikariConfig - threadFactory...................internal
2026-03-15 13:13:39 [Thread-3] DEBUG com.zaxxer.hikari.HikariConfig - transactionIsolation............default
2026-03-15 13:13:39 [Thread-3] DEBUG com.zaxxer.hikari.HikariConfig - username........................"user"
2026-03-15 13:13:39 [Thread-3] DEBUG com.zaxxer.hikari.HikariConfig - validationTimeout...............5000
2026-03-15 13:13:39 [Thread-3] INFO  com.zaxxer.hikari.HikariDataSource - HikariPool-1 - Starting...
2026-03-15 13:13:39 [Thread-3] DEBUG com.zaxxer.hikari.pool.PoolBase - HikariPool-1 - Attempting to create/setup new connection (11412604-5ca9-4b90-ad67-0ea9b062ce14)
2026-03-15 13:13:39 [Thread-3] DEBUG com.zaxxer.hikari.pool.PoolBase - HikariPool-1 - Established new connection (11412604-5ca9-4b90-ad67-0ea9b062ce14)
2026-03-15 13:13:39 [Thread-3] INFO  com.zaxxer.hikari.pool.HikariPool - HikariPool-1 - Added connection com.mysql.cj.jdbc.ConnectionImpl@71999550
2026-03-15 13:13:39 [Thread-3] INFO  com.zaxxer.hikari.HikariDataSource - HikariPool-1 - Start completed.
2026-03-15 13:13:39 [Thread-3] DEBUG o.a.i.t.jdbc.JdbcTransaction - Setting autocommit to false on JDBC Connection [HikariProxyConnection@1918928764 wrapping com.mysql.cj.jdbc.ConnectionImpl@71999550]
2026-03-15 13:13:39 [Thread-3] DEBUG a.r.m.I.getTableRecords - ==>  Preparing: WITH SUB_TOTAL AS ( SELECT ST.stock_type , ST.stock_code , SUM(CASE WHEN SD.staff_no IS NOT NULL AND (DATEDIFF(CURRENT_DATE(), SD.confirmed_date) <= 365 ) THEN 1 ELSE 0 END) AS lending_count -- 貸出備品の数 , SUM(CASE /* 在庫 = [staff_no]：貸出先ユーザーの社員番号 が未設定(NULL) 且つ [return_date]：返却日が未設定(NULL) 且つ [confirmed_date]：最終所在確認日 が１年以内 */ WHEN SD.staff_no IS NULL AND (DATEDIFF(CURRENT_DATE(), SD.confirmed_date) <= 365 ) THEN 1 ELSE 0 END) AS stock_count -- 在庫備品の数 , SUM(CASE /* 不明 = [return_date]：返却日が未設定(NULL) 且つ [confirmed_date]：最終所在確認日 が１年前以前 ※ 貸出中・在庫を問わず１年前以前のデータを不明とする */ WHEN (DATEDIFF(CURRENT_DATE(), SD.confirmed_date) > 365 ) THEN 1 ELSE 0 END) AS unknown_count -- 不明備品の数 FROM (SELECT stock_type , stock_code FROM stock_type_master WHERE 1 = 1 AND del = FALSE) ST INNER JOIN stock_master SM ON ST.stock_type = SM.stock_type AND ST.stock_code = SM.stock_code AND SM.del = FALSE /* 未登録データを考慮しLEFT JOINとする */ LEFT JOIN stock_data SD ON SM.serial_no = SD.serial_no /* 返却済データの除去 */ AND SD.return_date IS NULL AND SD.del = FALSE WHERE 1 = 1 GROUP BY ST.stock_type , ST.stock_code ) SELECT ST.stock_type AS type, ST.stock_code AS code, ST.name AS itemName, IFNULL(S.lending_count, 0) AS loanCount, IFNULL(S.stock_count, 0) AS returnCount, IFNULL(S.unknown_count, 0) AS unknownCount, IFNULL(S.lending_count + S.stock_count, 0) AS totalCount /* 追加項目：遷移先画面サイズ */ , IFNULL( GCM.value_1, '1') AS windowSize FROM stock_type_master ST INNER JOIN SUB_TOTAL S ON ST.stock_type = S.stock_type AND ST.stock_code = S.stock_code /* 追加項目 遷移先画面サイズ */ LEFT JOIN generic_code_master GCM ON CAST(ST.stock_type AS CHAR) = GCM.type_key AND ST.stock_code = GCM.code AND GCM.generic_key = 'WINDOW_SIZE' WHERE 1 = 1 ORDER BY ST.stock_type , St.stock_code
2026-03-15 13:13:39 [Thread-3] DEBUG a.r.m.I.getTableRecords - ==> Parameters: 
2026-03-15 13:13:39 [Thread-3] DEBUG a.r.m.I.getTableRecords - <==      Total: 16
2026-03-15 13:13:39 [Thread-3] DEBUG o.a.i.t.jdbc.JdbcTransaction - Resetting autocommit to true on JDBC Connection [HikariProxyConnection@1918928764 wrapping com.mysql.cj.jdbc.ConnectionImpl@71999550]
2026-03-15 13:13:39 [Thread-3] DEBUG o.a.i.t.jdbc.JdbcTransaction - Closing JDBC Connection [HikariProxyConnection@1918928764 wrapping com.mysql.cj.jdbc.ConnectionImpl@71999550]
2026-03-15 13:13:39 [HikariPool-1:housekeeper] DEBUG com.zaxxer.hikari.pool.HikariPool - HikariPool-1 - Pool stats (total=1/20, idle=1/20, active=0, waiting=0)
2026-03-15 13:13:39 [HikariPool-1:connection-adder] DEBUG com.zaxxer.hikari.pool.PoolBase - HikariPool-1 - Attempting to create/setup new connection (6381cd65-aa0a-4699-974a-b6e51eb2f288)
2026-03-15 13:13:39 [HikariPool-1:connection-adder] DEBUG com.zaxxer.hikari.pool.PoolBase - HikariPool-1 - Established new connection (6381cd65-aa0a-4699-974a-b6e51eb2f288)
2026-03-15 13:13:39 [HikariPool-1:connection-adder] DEBUG com.zaxxer.hikari.pool.HikariPool - HikariPool-1 - Added connection com.mysql.cj.jdbc.ConnectionImpl@68cfbe1e
2026-03-15 13:13:39 [HikariPool-1:connection-adder] DEBUG com.zaxxer.hikari.pool.HikariPool - HikariPool-1 - After adding stats (total=2/20, idle=2/20, active=0, waiting=0)
2026-03-15 13:13:39 [HikariPool-1:connection-adder] DEBUG com.zaxxer.hikari.pool.PoolBase - HikariPool-1 - Attempting to create/setup new connection (9f8f2478-89e1-4d9e-b871-262023e3a588)
2026-03-15 13:13:39 [HikariPool-1:connection-adder] DEBUG com.zaxxer.hikari.pool.PoolBase - HikariPool-1 - Established new connection (9f8f2478-89e1-4d9e-b871-262023e3a588)
2026-03-15 13:13:39 [HikariPool-1:connection-adder] DEBUG com.zaxxer.hikari.pool.HikariPool - HikariPool-1 - Added connection com.mysql.cj.jdbc.ConnectionImpl@dbbf880
2026-03-15 13:13:39 [HikariPool-1:connection-adder] DEBUG com.zaxxer.hikari.pool.HikariPool - HikariPool-1 - After adding stats (total=3/20, idle=3/20, active=0, waiting=0)
2026-03-15 13:13:39 [HikariPool-1:connection-adder] DEBUG com.zaxxer.hikari.pool.PoolBase - HikariPool-1 - Attempting to create/setup new connection (5eeea5b5-6c2d-4da6-a50e-571d2019b0fc)
2026-03-15 13:13:39 [HikariPool-1:connection-adder] DEBUG com.zaxxer.hikari.pool.PoolBase - HikariPool-1 - Established new connection (5eeea5b5-6c2d-4da6-a50e-571d2019b0fc)
2026-03-15 13:13:39 [HikariPool-1:connection-adder] DEBUG com.zaxxer.hikari.pool.HikariPool - HikariPool-1 - Added connection com.mysql.cj.jdbc.ConnectionImpl@75b28a65
2026-03-15 13:13:39 [HikariPool-1:connection-adder] DEBUG com.zaxxer.hikari.pool.HikariPool - HikariPool-1 - After adding stats (total=4/20, idle=4/20, active=0, waiting=0)
2026-03-15 13:13:39 [HikariPool-1:connection-adder] DEBUG com.zaxxer.hikari.pool.PoolBase - HikariPool-1 - Attempting to create/setup new connection (169c7d77-395a-42f2-8292-342e6fdeccfa)
2026-03-15 13:13:39 [HikariPool-1:connection-adder] DEBUG com.zaxxer.hikari.pool.PoolBase - HikariPool-1 - Established new connection (169c7d77-395a-42f2-8292-342e6fdeccfa)
2026-03-15 13:13:39 [HikariPool-1:connection-adder] DEBUG com.zaxxer.hikari.pool.HikariPool - HikariPool-1 - Added connection com.mysql.cj.jdbc.ConnectionImpl@1bf0c529
2026-03-15 13:13:39 [HikariPool-1:connection-adder] DEBUG com.zaxxer.hikari.pool.HikariPool - HikariPool-1 - After adding stats (total=5/20, idle=5/20, active=0, waiting=0)
2026-03-15 13:13:39 [HikariPool-1:connection-adder] DEBUG com.zaxxer.hikari.pool.PoolBase - HikariPool-1 - Attempting to create/setup new connection (acdc237c-5273-4b5e-b408-f2fbcb00b970)
2026-03-15 13:13:39 [HikariPool-1:connection-adder] DEBUG com.zaxxer.hikari.pool.PoolBase - HikariPool-1 - Established new connection (acdc237c-5273-4b5e-b408-f2fbcb00b970)
2026-03-15 13:13:39 [HikariPool-1:connection-adder] DEBUG com.zaxxer.hikari.pool.HikariPool - HikariPool-1 - Added connection com.mysql.cj.jdbc.ConnectionImpl@6eb6e6a1
2026-03-15 13:13:39 [HikariPool-1:connection-adder] DEBUG com.zaxxer.hikari.pool.HikariPool - HikariPool-1 - After adding stats (total=6/20, idle=6/20, active=0, waiting=0)
2026-03-15 13:13:39 [HikariPool-1:connection-adder] DEBUG com.zaxxer.hikari.pool.PoolBase - HikariPool-1 - Attempting to create/setup new connection (bce4b22c-4ed6-4afd-abc1-29a83f3be775)
2026-03-15 13:13:39 [HikariPool-1:connection-adder] DEBUG com.zaxxer.hikari.pool.PoolBase - HikariPool-1 - Established new connection (bce4b22c-4ed6-4afd-abc1-29a83f3be775)
2026-03-15 13:13:39 [HikariPool-1:connection-adder] DEBUG com.zaxxer.hikari.pool.HikariPool - HikariPool-1 - Added connection com.mysql.cj.jdbc.ConnectionImpl@50d73b10
2026-03-15 13:13:39 [HikariPool-1:connection-adder] DEBUG com.zaxxer.hikari.pool.HikariPool - HikariPool-1 - After adding stats (total=7/20, idle=7/20, active=0, waiting=0)
2026-03-15 13:13:39 [HikariPool-1:connection-adder] DEBUG com.zaxxer.hikari.pool.PoolBase - HikariPool-1 - Attempting to create/setup new connection (2df337f6-d7aa-428d-872c-617d70c0ad2e)
2026-03-15 13:13:39 [HikariPool-1:connection-adder] DEBUG com.zaxxer.hikari.pool.PoolBase - HikariPool-1 - Established new connection (2df337f6-d7aa-428d-872c-617d70c0ad2e)
2026-03-15 13:13:39 [HikariPool-1:connection-adder] DEBUG com.zaxxer.hikari.pool.HikariPool - HikariPool-1 - Added connection com.mysql.cj.jdbc.ConnectionImpl@33a577be
2026-03-15 13:13:39 [HikariPool-1:connection-adder] DEBUG com.zaxxer.hikari.pool.HikariPool - HikariPool-1 - After adding stats (total=8/20, idle=8/20, active=0, waiting=0)
2026-03-15 13:13:39 [HikariPool-1:connection-adder] DEBUG com.zaxxer.hikari.pool.PoolBase - HikariPool-1 - Attempting to create/setup new connection (3a344c24-7dd8-4548-b263-a9231e8df739)
2026-03-15 13:13:39 [HikariPool-1:connection-adder] DEBUG com.zaxxer.hikari.pool.PoolBase - HikariPool-1 - Established new connection (3a344c24-7dd8-4548-b263-a9231e8df739)
2026-03-15 13:13:39 [HikariPool-1:connection-adder] DEBUG com.zaxxer.hikari.pool.HikariPool - HikariPool-1 - Added connection com.mysql.cj.jdbc.ConnectionImpl@c36ac9b
2026-03-15 13:13:39 [HikariPool-1:connection-adder] DEBUG com.zaxxer.hikari.pool.HikariPool - HikariPool-1 - After adding stats (total=9/20, idle=9/20, active=0, waiting=0)
2026-03-15 13:13:39 [HikariPool-1:connection-adder] DEBUG com.zaxxer.hikari.pool.PoolBase - HikariPool-1 - Attempting to create/setup new connection (4eaa6e75-2db2-4768-a00b-9f80919f32d7)
2026-03-15 13:13:39 [HikariPool-1:connection-adder] DEBUG com.zaxxer.hikari.pool.PoolBase - HikariPool-1 - Established new connection (4eaa6e75-2db2-4768-a00b-9f80919f32d7)
2026-03-15 13:13:39 [HikariPool-1:connection-adder] DEBUG com.zaxxer.hikari.pool.HikariPool - HikariPool-1 - Added connection com.mysql.cj.jdbc.ConnectionImpl@6660431
2026-03-15 13:13:39 [HikariPool-1:connection-adder] DEBUG com.zaxxer.hikari.pool.HikariPool - HikariPool-1 - After adding stats (total=10/20, idle=10/20, active=0, waiting=0)
2026-03-15 13:13:39 [HikariPool-1:connection-adder] DEBUG com.zaxxer.hikari.pool.PoolBase - HikariPool-1 - Attempting to create/setup new connection (898e0d80-7fd8-41c5-95d6-b5b9035aa750)
2026-03-15 13:13:39 [HikariPool-1:connection-adder] DEBUG com.zaxxer.hikari.pool.PoolBase - HikariPool-1 - Established new connection (898e0d80-7fd8-41c5-95d6-b5b9035aa750)
2026-03-15 13:13:39 [HikariPool-1:connection-adder] DEBUG com.zaxxer.hikari.pool.HikariPool - HikariPool-1 - Added connection com.mysql.cj.jdbc.ConnectionImpl@5a1c8eb2
2026-03-15 13:13:39 [HikariPool-1:connection-adder] DEBUG com.zaxxer.hikari.pool.HikariPool - HikariPool-1 - After adding stats (total=11/20, idle=11/20, active=0, waiting=0)
2026-03-15 13:13:39 [HikariPool-1:connection-adder] DEBUG com.zaxxer.hikari.pool.PoolBase - HikariPool-1 - Attempting to create/setup new connection (42efabf3-762f-4906-bc22-cdfa7d48b975)
2026-03-15 13:13:39 [HikariPool-1:connection-adder] DEBUG com.zaxxer.hikari.pool.PoolBase - HikariPool-1 - Established new connection (42efabf3-762f-4906-bc22-cdfa7d48b975)
2026-03-15 13:13:39 [HikariPool-1:connection-adder] DEBUG com.zaxxer.hikari.pool.HikariPool - HikariPool-1 - Added connection com.mysql.cj.jdbc.ConnectionImpl@4667d8b2
2026-03-15 13:13:39 [HikariPool-1:connection-adder] DEBUG com.zaxxer.hikari.pool.HikariPool - HikariPool-1 - After adding stats (total=12/20, idle=12/20, active=0, waiting=0)
2026-03-15 13:13:39 [HikariPool-1:connection-adder] DEBUG com.zaxxer.hikari.pool.PoolBase - HikariPool-1 - Attempting to create/setup new connection (2286ca5c-2a65-4231-8d25-a7c17f058e4e)
2026-03-15 13:13:39 [HikariPool-1:connection-adder] DEBUG com.zaxxer.hikari.pool.PoolBase - HikariPool-1 - Established new connection (2286ca5c-2a65-4231-8d25-a7c17f058e4e)
2026-03-15 13:13:39 [HikariPool-1:connection-adder] DEBUG com.zaxxer.hikari.pool.HikariPool - HikariPool-1 - Added connection com.mysql.cj.jdbc.ConnectionImpl@2638de40
2026-03-15 13:13:39 [HikariPool-1:connection-adder] DEBUG com.zaxxer.hikari.pool.HikariPool - HikariPool-1 - After adding stats (total=13/20, idle=13/20, active=0, waiting=0)
2026-03-15 13:13:39 [HikariPool-1:connection-adder] DEBUG com.zaxxer.hikari.pool.PoolBase - HikariPool-1 - Attempting to create/setup new connection (71db8b2c-1c16-49b9-9f06-89aca27ef2d5)
2026-03-15 13:13:39 [HikariPool-1:connection-adder] DEBUG com.zaxxer.hikari.pool.PoolBase - HikariPool-1 - Established new connection (71db8b2c-1c16-49b9-9f06-89aca27ef2d5)
2026-03-15 13:13:39 [HikariPool-1:connection-adder] DEBUG com.zaxxer.hikari.pool.HikariPool - HikariPool-1 - Added connection com.mysql.cj.jdbc.ConnectionImpl@1edca7c5
2026-03-15 13:13:39 [HikariPool-1:connection-adder] DEBUG com.zaxxer.hikari.pool.HikariPool - HikariPool-1 - After adding stats (total=14/20, idle=14/20, active=0, waiting=0)
2026-03-15 13:13:39 [HikariPool-1:connection-adder] DEBUG com.zaxxer.hikari.pool.PoolBase - HikariPool-1 - Attempting to create/setup new connection (00cb260a-4b77-4e21-9351-ece3f5eb85f9)
2026-03-15 13:13:39 [HikariPool-1:connection-adder] DEBUG com.zaxxer.hikari.pool.PoolBase - HikariPool-1 - Established new connection (00cb260a-4b77-4e21-9351-ece3f5eb85f9)
2026-03-15 13:13:39 [HikariPool-1:connection-adder] DEBUG com.zaxxer.hikari.pool.HikariPool - HikariPool-1 - Added connection com.mysql.cj.jdbc.ConnectionImpl@1b2ba5a3
2026-03-15 13:13:40 [HikariPool-1:connection-adder] DEBUG com.zaxxer.hikari.pool.HikariPool - HikariPool-1 - After adding stats (total=15/20, idle=15/20, active=0, waiting=0)
2026-03-15 13:13:40 [HikariPool-1:connection-adder] DEBUG com.zaxxer.hikari.pool.PoolBase - HikariPool-1 - Attempting to create/setup new connection (05df4001-4a93-4bf2-9cae-a19ebbd4e332)
2026-03-15 13:13:40 [HikariPool-1:connection-adder] DEBUG com.zaxxer.hikari.pool.PoolBase - HikariPool-1 - Established new connection (05df4001-4a93-4bf2-9cae-a19ebbd4e332)
2026-03-15 13:13:40 [HikariPool-1:connection-adder] DEBUG com.zaxxer.hikari.pool.HikariPool - HikariPool-1 - Added connection com.mysql.cj.jdbc.ConnectionImpl@346f7224
2026-03-15 13:13:40 [HikariPool-1:connection-adder] DEBUG com.zaxxer.hikari.pool.HikariPool - HikariPool-1 - After adding stats (total=16/20, idle=16/20, active=0, waiting=0)
2026-03-15 13:13:40 [HikariPool-1:connection-adder] DEBUG com.zaxxer.hikari.pool.PoolBase - HikariPool-1 - Attempting to create/setup new connection (612fb030-aab6-4153-a25d-2f16b424575a)
2026-03-15 13:13:40 [HikariPool-1:connection-adder] DEBUG com.zaxxer.hikari.pool.PoolBase - HikariPool-1 - Established new connection (612fb030-aab6-4153-a25d-2f16b424575a)
2026-03-15 13:13:40 [HikariPool-1:connection-adder] DEBUG com.zaxxer.hikari.pool.HikariPool - HikariPool-1 - Added connection com.mysql.cj.jdbc.ConnectionImpl@4aae271
2026-03-15 13:13:40 [HikariPool-1:connection-adder] DEBUG com.zaxxer.hikari.pool.HikariPool - HikariPool-1 - After adding stats (total=17/20, idle=17/20, active=0, waiting=0)
2026-03-15 13:13:40 [HikariPool-1:connection-adder] DEBUG com.zaxxer.hikari.pool.PoolBase - HikariPool-1 - Attempting to create/setup new connection (f2725938-3b16-4592-bc82-cfeda1b7af3e)
2026-03-15 13:13:40 [HikariPool-1:connection-adder] DEBUG com.zaxxer.hikari.pool.PoolBase - HikariPool-1 - Established new connection (f2725938-3b16-4592-bc82-cfeda1b7af3e)
2026-03-15 13:13:40 [HikariPool-1:connection-adder] DEBUG com.zaxxer.hikari.pool.HikariPool - HikariPool-1 - Added connection com.mysql.cj.jdbc.ConnectionImpl@34260566
2026-03-15 13:13:40 [HikariPool-1:connection-adder] DEBUG com.zaxxer.hikari.pool.HikariPool - HikariPool-1 - After adding stats (total=18/20, idle=18/20, active=0, waiting=0)
2026-03-15 13:13:40 [HikariPool-1:connection-adder] DEBUG com.zaxxer.hikari.pool.PoolBase - HikariPool-1 - Attempting to create/setup new connection (8253dbf8-7de9-40f6-b960-659177209289)
2026-03-15 13:13:40 [HikariPool-1:connection-adder] DEBUG com.zaxxer.hikari.pool.PoolBase - HikariPool-1 - Established new connection (8253dbf8-7de9-40f6-b960-659177209289)
2026-03-15 13:13:40 [HikariPool-1:connection-adder] DEBUG com.zaxxer.hikari.pool.HikariPool - HikariPool-1 - Added connection com.mysql.cj.jdbc.ConnectionImpl@773ff610
2026-03-15 13:13:40 [HikariPool-1:connection-adder] DEBUG com.zaxxer.hikari.pool.HikariPool - HikariPool-1 - After adding stats (total=19/20, idle=19/20, active=0, waiting=0)
2026-03-15 13:13:40 [HikariPool-1:connection-adder] DEBUG com.zaxxer.hikari.pool.PoolBase - HikariPool-1 - Attempting to create/setup new connection (87efd154-f8b8-439d-b531-91e3e64afaf2)
2026-03-15 13:13:40 [HikariPool-1:connection-adder] DEBUG com.zaxxer.hikari.pool.PoolBase - HikariPool-1 - Established new connection (87efd154-f8b8-439d-b531-91e3e64afaf2)
2026-03-15 13:13:40 [HikariPool-1:connection-adder] DEBUG com.zaxxer.hikari.pool.HikariPool - HikariPool-1 - Added connection com.mysql.cj.jdbc.ConnectionImpl@3554c45b
2026-03-15 13:13:40 [HikariPool-1:connection-adder] DEBUG com.zaxxer.hikari.pool.HikariPool - HikariPool-1 - After adding stats (total=20/20, idle=20/20, active=0, waiting=0)
2026-03-15 13:14:09 [HikariPool-1:housekeeper] DEBUG com.zaxxer.hikari.pool.HikariPool - HikariPool-1 - Pool stats (total=20/20, idle=20/20, active=0, waiting=0)
2026-03-15 13:14:09 [HikariPool-1:housekeeper] DEBUG com.zaxxer.hikari.pool.HikariPool - HikariPool-1 - Fill pool skipped, pool has sufficient level or currently being filled.
2026-03-15 13:14:16 [JavaFX Application Thread] DEBUG application.java.manager.LogManager - [SQL操作クラス] ： 非同期処理 スレッドプール解放
2026-03-15 13:14:16 [JavaFX Application Thread] INFO  com.zaxxer.hikari.HikariDataSource - HikariPool-1 - Shutdown initiated...
2026-03-15 13:14:16 [JavaFX Application Thread] DEBUG com.zaxxer.hikari.pool.HikariPool - HikariPool-1 - Before shutdown stats (total=20/20, idle=20/20, active=0, waiting=0)
2026-03-15 13:14:16 [HikariPool-1:connection-closer] DEBUG com.zaxxer.hikari.pool.PoolBase - HikariPool-1 - Closing connection com.mysql.cj.jdbc.ConnectionImpl@71999550: (connection evicted)
2026-03-15 13:14:16 [HikariPool-1:connection-closer] DEBUG com.zaxxer.hikari.pool.PoolBase - HikariPool-1 - Closing connection com.mysql.cj.jdbc.ConnectionImpl@68cfbe1e: (connection evicted)
2026-03-15 13:14:16 [HikariPool-1:connection-closer] DEBUG com.zaxxer.hikari.pool.PoolBase - HikariPool-1 - Closing connection com.mysql.cj.jdbc.ConnectionImpl@dbbf880: (connection evicted)
2026-03-15 13:14:16 [HikariPool-1:connection-closer] DEBUG com.zaxxer.hikari.pool.PoolBase - HikariPool-1 - Closing connection com.mysql.cj.jdbc.ConnectionImpl@75b28a65: (connection evicted)
2026-03-15 13:14:16 [HikariPool-1:connection-closer] DEBUG com.zaxxer.hikari.pool.PoolBase - HikariPool-1 - Closing connection com.mysql.cj.jdbc.ConnectionImpl@1bf0c529: (connection evicted)
2026-03-15 13:14:16 [HikariPool-1:connection-closer] DEBUG com.zaxxer.hikari.pool.PoolBase - HikariPool-1 - Closing connection com.mysql.cj.jdbc.ConnectionImpl@6eb6e6a1: (connection evicted)
2026-03-15 13:14:16 [HikariPool-1:connection-closer] DEBUG com.zaxxer.hikari.pool.PoolBase - HikariPool-1 - Closing connection com.mysql.cj.jdbc.ConnectionImpl@50d73b10: (connection evicted)
2026-03-15 13:14:16 [HikariPool-1:connection-closer] DEBUG com.zaxxer.hikari.pool.PoolBase - HikariPool-1 - Closing connection com.mysql.cj.jdbc.ConnectionImpl@33a577be: (connection evicted)
2026-03-15 13:14:16 [HikariPool-1:connection-closer] DEBUG com.zaxxer.hikari.pool.PoolBase - HikariPool-1 - Closing connection com.mysql.cj.jdbc.ConnectionImpl@c36ac9b: (connection evicted)
2026-03-15 13:14:16 [HikariPool-1:connection-closer] DEBUG com.zaxxer.hikari.pool.PoolBase - HikariPool-1 - Closing connection com.mysql.cj.jdbc.ConnectionImpl@6660431: (connection evicted)
2026-03-15 13:14:16 [HikariPool-1:connection-closer] DEBUG com.zaxxer.hikari.pool.PoolBase - HikariPool-1 - Closing connection com.mysql.cj.jdbc.ConnectionImpl@5a1c8eb2: (connection evicted)
2026-03-15 13:14:16 [HikariPool-1:connection-closer] DEBUG com.zaxxer.hikari.pool.PoolBase - HikariPool-1 - Closing connection com.mysql.cj.jdbc.ConnectionImpl@4667d8b2: (connection evicted)
2026-03-15 13:14:16 [HikariPool-1:connection-closer] DEBUG com.zaxxer.hikari.pool.PoolBase - HikariPool-1 - Closing connection com.mysql.cj.jdbc.ConnectionImpl@2638de40: (connection evicted)
2026-03-15 13:14:16 [HikariPool-1:connection-closer] DEBUG com.zaxxer.hikari.pool.PoolBase - HikariPool-1 - Closing connection com.mysql.cj.jdbc.ConnectionImpl@1edca7c5: (connection evicted)
2026-03-15 13:14:16 [HikariPool-1:connection-closer] DEBUG com.zaxxer.hikari.pool.PoolBase - HikariPool-1 - Closing connection com.mysql.cj.jdbc.ConnectionImpl@1b2ba5a3: (connection evicted)
2026-03-15 13:14:16 [HikariPool-1:connection-closer] DEBUG com.zaxxer.hikari.pool.PoolBase - HikariPool-1 - Closing connection com.mysql.cj.jdbc.ConnectionImpl@346f7224: (connection evicted)
2026-03-15 13:14:16 [HikariPool-1:connection-closer] DEBUG com.zaxxer.hikari.pool.PoolBase - HikariPool-1 - Closing connection com.mysql.cj.jdbc.ConnectionImpl@4aae271: (connection evicted)
2026-03-15 13:14:16 [HikariPool-1:connection-closer] DEBUG com.zaxxer.hikari.pool.PoolBase - HikariPool-1 - Closing connection com.mysql.cj.jdbc.ConnectionImpl@34260566: (connection evicted)
2026-03-15 13:14:16 [HikariPool-1:connection-closer] DEBUG com.zaxxer.hikari.pool.PoolBase - HikariPool-1 - Closing connection com.mysql.cj.jdbc.ConnectionImpl@773ff610: (connection evicted)
2026-03-15 13:14:16 [HikariPool-1:connection-closer] DEBUG com.zaxxer.hikari.pool.PoolBase - HikariPool-1 - Closing connection com.mysql.cj.jdbc.ConnectionImpl@3554c45b: (connection evicted)
2026-03-15 13:14:16 [JavaFX Application Thread] DEBUG com.zaxxer.hikari.pool.HikariPool - HikariPool-1 - After  shutdown stats (total=0/20, idle=0/20, active=0, waiting=0)
2026-03-15 13:14:16 [JavaFX Application Thread] INFO  com.zaxxer.hikari.HikariDataSource - HikariPool-1 - Shutdown completed.
2026-03-15 13:14:16 [JavaFX Application Thread] DEBUG application.java.manager.LogManager - [SQL操作クラス] ： コネクションプール(HikariCP) Closeing
2026-03-15 13:14:16 [JavaFX Application Thread] INFO  application.java.manager.LogManager - 終了処理 : 完了
2026-03-15 13:15:11 [main] INFO  application.java.manager.LogManager - 備品管理システム : 起動
2026-03-15 13:15:11 [JavaFX Application Thread] INFO  application.java.manager.LogManager - 開始処理 : 画面ウィンドウ枠生成
2026-03-15 13:15:11 [JavaFX Application Thread] INFO  application.java.manager.LogManager - [メニュー画面] ： 初期化処理
2026-03-15 13:15:11 [JavaFX Application Thread] DEBUG application.java.manager.LogManager - Window切替 [setWindowFrame] : TRANSPARENT(透明枠・背景色透明)
2026-03-15 13:15:11 [JavaFX Application Thread] INFO  application.java.manager.LogManager - 画面展開 [setPage] : メニュー画面
2026-03-15 13:15:22 [JavaFX Application Thread] INFO  application.java.manager.LogManager - [メニュー画面] ： [貸出業務]ボタン押下
2026-03-15 13:15:22 [JavaFX Application Thread] INFO  application.java.manager.LogManager - [備品一覧画面] ： 初期化処理
2026-03-15 13:15:22 [JavaFX Application Thread] DEBUG application.java.manager.LogManager - Window切替 [setWindowFrame] : DECORATED(標準)
2026-03-15 13:15:22 [JavaFX Application Thread] INFO  application.java.manager.LogManager - [SQL操作クラス] ： 非同期処理 スレッドプール作成
2026-03-15 13:15:22 [JavaFX Application Thread] INFO  application.java.manager.LogManager - [SQL操作クラス] ： SQL Session生成
2026-03-15 13:15:22 [JavaFX Application Thread] DEBUG application.java.manager.LogManager - [SQL操作クラス] ： mybatis有効化
2026-03-15 13:15:22 [JavaFX Application Thread] DEBUG o.apache.ibatis.logging.LogFactory - Logging initialized using 'class org.apache.ibatis.logging.slf4j.Slf4jImpl' adapter.
2026-03-15 13:15:22 [JavaFX Application Thread] DEBUG o.apache.ibatis.logging.LogFactory - Logging initialized using 'class org.apache.ibatis.logging.slf4j.Slf4jImpl' adapter.
2026-03-15 13:15:22 [JavaFX Application Thread] DEBUG com.zaxxer.hikari.util.UtilityElf - Class com.mysql.cj.jdbc.Driver found in Thread context class loader jdk.internal.loader.ClassLoaders$AppClassLoader@568db2f2
2026-03-15 13:15:22 [JavaFX Application Thread] DEBUG application.java.manager.LogManager - [備品一覧画面] ： リスト表示処理
2026-03-15 13:15:22 [JavaFX Application Thread] DEBUG application.java.manager.LogManager - [SQL操作クラス] ： 非同期処理 SELECT句発行
2026-03-15 13:15:22 [Thread-3] DEBUG application.java.manager.LogManager - [SQL操作クラス] ： SELECT句発行
2026-03-15 13:15:22 [JavaFX Application Thread] INFO  application.java.manager.LogManager - 画面展開 [setPage] : 備品一覧画面
2026-03-15 13:15:23 [Thread-3] DEBUG o.a.i.t.jdbc.JdbcTransaction - Opening JDBC Connection
2026-03-15 13:15:23 [Thread-3] DEBUG com.zaxxer.hikari.HikariConfig - HikariPool-1 - configuration:
2026-03-15 13:15:23 [Thread-3] DEBUG com.zaxxer.hikari.HikariConfig - allowPoolSuspension.............false
2026-03-15 13:15:23 [Thread-3] DEBUG com.zaxxer.hikari.HikariConfig - autoCommit......................true
2026-03-15 13:15:23 [Thread-3] DEBUG com.zaxxer.hikari.HikariConfig - catalog.........................none
2026-03-15 13:15:23 [Thread-3] DEBUG com.zaxxer.hikari.HikariConfig - connectionInitSql...............none
2026-03-15 13:15:23 [Thread-3] DEBUG com.zaxxer.hikari.HikariConfig - connectionTestQuery.............none
2026-03-15 13:15:23 [Thread-3] DEBUG com.zaxxer.hikari.HikariConfig - connectionTimeout...............30000
2026-03-15 13:15:23 [Thread-3] DEBUG com.zaxxer.hikari.HikariConfig - credentials.....................com.zaxxer.hikari.util.Credentials@3de5dff5
2026-03-15 13:15:23 [Thread-3] DEBUG com.zaxxer.hikari.HikariConfig - credentialsProvider.............none
2026-03-15 13:15:23 [Thread-3] DEBUG com.zaxxer.hikari.HikariConfig - credentialsProviderClassName....none
2026-03-15 13:15:23 [Thread-3] DEBUG com.zaxxer.hikari.HikariConfig - dataSource......................none
2026-03-15 13:15:23 [Thread-3] DEBUG com.zaxxer.hikari.HikariConfig - dataSourceClassName.............none
2026-03-15 13:15:23 [Thread-3] DEBUG com.zaxxer.hikari.HikariConfig - dataSourceJNDI..................none
2026-03-15 13:15:23 [Thread-3] DEBUG com.zaxxer.hikari.HikariConfig - dataSourceProperties............{password=<masked>}
2026-03-15 13:15:23 [Thread-3] DEBUG com.zaxxer.hikari.HikariConfig - driverClassName................."com.mysql.cj.jdbc.Driver"
2026-03-15 13:15:23 [Thread-3] DEBUG com.zaxxer.hikari.HikariConfig - exceptionOverride...............none
2026-03-15 13:15:23 [Thread-3] DEBUG com.zaxxer.hikari.HikariConfig - exceptionOverrideClassName......none
2026-03-15 13:15:23 [Thread-3] DEBUG com.zaxxer.hikari.HikariConfig - healthCheckProperties...........{}
2026-03-15 13:15:23 [Thread-3] DEBUG com.zaxxer.hikari.HikariConfig - healthCheckRegistry.............none
2026-03-15 13:15:23 [Thread-3] DEBUG com.zaxxer.hikari.HikariConfig - idleTimeout.....................600000
2026-03-15 13:15:23 [Thread-3] DEBUG com.zaxxer.hikari.HikariConfig - initializationFailTimeout.......1
2026-03-15 13:15:23 [Thread-3] DEBUG com.zaxxer.hikari.HikariConfig - isolateInternalQueries..........false
2026-03-15 13:15:23 [Thread-3] DEBUG com.zaxxer.hikari.HikariConfig - jdbcUrl.........................jdbc:mysql://localhost:3306/java_learning?useUnicode=true&characterEncoding=UTF-8&serverTimezone=GMT%2B9&useSSL=false&allowPublicKeyRetrieval=true&useCursorFetch=true
2026-03-15 13:15:23 [Thread-3] DEBUG com.zaxxer.hikari.HikariConfig - keepaliveTime...................120000
2026-03-15 13:15:23 [Thread-3] DEBUG com.zaxxer.hikari.HikariConfig - leakDetectionThreshold..........0
2026-03-15 13:15:23 [Thread-3] DEBUG com.zaxxer.hikari.HikariConfig - maxLifetime.....................1800000
2026-03-15 13:15:23 [Thread-3] DEBUG com.zaxxer.hikari.HikariConfig - maximumPoolSize.................20
2026-03-15 13:15:23 [Thread-3] DEBUG com.zaxxer.hikari.HikariConfig - metricRegistry..................none
2026-03-15 13:15:23 [Thread-3] DEBUG com.zaxxer.hikari.HikariConfig - metricsTrackerFactory...........none
2026-03-15 13:15:23 [Thread-3] DEBUG com.zaxxer.hikari.HikariConfig - minimumIdle.....................20
2026-03-15 13:15:23 [Thread-3] DEBUG com.zaxxer.hikari.HikariConfig - password........................<masked>
2026-03-15 13:15:23 [Thread-3] DEBUG com.zaxxer.hikari.HikariConfig - poolName........................"HikariPool-1"
2026-03-15 13:15:23 [Thread-3] DEBUG com.zaxxer.hikari.HikariConfig - readOnly........................false
2026-03-15 13:15:23 [Thread-3] DEBUG com.zaxxer.hikari.HikariConfig - registerMbeans..................false
2026-03-15 13:15:23 [Thread-3] DEBUG com.zaxxer.hikari.HikariConfig - scheduledExecutor...............none
2026-03-15 13:15:23 [Thread-3] DEBUG com.zaxxer.hikari.HikariConfig - schema..........................none
2026-03-15 13:15:23 [Thread-3] DEBUG com.zaxxer.hikari.HikariConfig - threadFactory...................internal
2026-03-15 13:15:23 [Thread-3] DEBUG com.zaxxer.hikari.HikariConfig - transactionIsolation............default
2026-03-15 13:15:23 [Thread-3] DEBUG com.zaxxer.hikari.HikariConfig - username........................"user"
2026-03-15 13:15:23 [Thread-3] DEBUG com.zaxxer.hikari.HikariConfig - validationTimeout...............5000
2026-03-15 13:15:23 [Thread-3] INFO  com.zaxxer.hikari.HikariDataSource - HikariPool-1 - Starting...
2026-03-15 13:15:23 [Thread-3] DEBUG com.zaxxer.hikari.pool.PoolBase - HikariPool-1 - Attempting to create/setup new connection (baad5632-bbaa-4179-b864-398206731a0a)
2026-03-15 13:15:23 [Thread-3] DEBUG com.zaxxer.hikari.pool.PoolBase - HikariPool-1 - Established new connection (baad5632-bbaa-4179-b864-398206731a0a)
2026-03-15 13:15:23 [Thread-3] INFO  com.zaxxer.hikari.pool.HikariPool - HikariPool-1 - Added connection com.mysql.cj.jdbc.ConnectionImpl@70a56f1f
2026-03-15 13:15:23 [Thread-3] INFO  com.zaxxer.hikari.HikariDataSource - HikariPool-1 - Start completed.
2026-03-15 13:15:23 [Thread-3] DEBUG o.a.i.t.jdbc.JdbcTransaction - Setting autocommit to false on JDBC Connection [HikariProxyConnection@713707232 wrapping com.mysql.cj.jdbc.ConnectionImpl@70a56f1f]
2026-03-15 13:15:23 [Thread-3] DEBUG a.r.m.I.getTableRecords - ==>  Preparing: WITH SUB_TOTAL AS ( SELECT ST.stock_type , ST.stock_code , SUM(CASE WHEN SD.staff_no IS NOT NULL AND (DATEDIFF(CURRENT_DATE(), SD.confirmed_date) <= 365 ) THEN 1 ELSE 0 END) AS lending_count -- 貸出備品の数 , SUM(CASE /* 在庫 = [staff_no]：貸出先ユーザーの社員番号 が未設定(NULL) 且つ [return_date]：返却日が未設定(NULL) 且つ [confirmed_date]：最終所在確認日 が１年以内 */ WHEN SD.staff_no IS NULL AND (DATEDIFF(CURRENT_DATE(), SD.confirmed_date) <= 365 ) THEN 1 ELSE 0 END) AS stock_count -- 在庫備品の数 , SUM(CASE /* 不明 = [return_date]：返却日が未設定(NULL) 且つ [confirmed_date]：最終所在確認日 が１年前以前 ※ 貸出中・在庫を問わず１年前以前のデータを不明とする */ WHEN (DATEDIFF(CURRENT_DATE(), SD.confirmed_date) > 365 ) THEN 1 ELSE 0 END) AS unknown_count -- 不明備品の数 FROM (SELECT stock_type , stock_code FROM stock_type_master WHERE 1 = 1 AND del = FALSE) ST INNER JOIN stock_master SM ON ST.stock_type = SM.stock_type AND ST.stock_code = SM.stock_code AND SM.del = FALSE /* 未登録データを考慮しLEFT JOINとする */ LEFT JOIN stock_data SD ON SM.serial_no = SD.serial_no /* 返却済データの除去 */ AND SD.return_date IS NULL AND SD.del = FALSE WHERE 1 = 1 GROUP BY ST.stock_type , ST.stock_code ) SELECT ST.stock_type AS type, ST.stock_code AS code, ST.name AS itemName, IFNULL(S.lending_count, 0) AS loanCount, IFNULL(S.stock_count, 0) AS returnCount, IFNULL(S.unknown_count, 0) AS unknownCount, IFNULL(S.lending_count + S.stock_count, 0) AS totalCount /* 追加項目：遷移先画面サイズ */ , IFNULL( GCM.value_1, '1') AS windowSize FROM stock_type_master ST INNER JOIN SUB_TOTAL S ON ST.stock_type = S.stock_type AND ST.stock_code = S.stock_code /* 追加項目 遷移先画面サイズ */ LEFT JOIN generic_code_master GCM ON CAST(ST.stock_type AS CHAR) = GCM.type_key AND ST.stock_code = GCM.code AND GCM.generic_key = 'WINDOW_SIZE' WHERE 1 = 1 ORDER BY ST.stock_type , St.stock_code
2026-03-15 13:15:23 [Thread-3] DEBUG a.r.m.I.getTableRecords - ==> Parameters: 
2026-03-15 13:15:23 [Thread-3] DEBUG a.r.m.I.getTableRecords - <==      Total: 16
2026-03-15 13:15:23 [Thread-3] DEBUG o.a.i.t.jdbc.JdbcTransaction - Resetting autocommit to true on JDBC Connection [HikariProxyConnection@713707232 wrapping com.mysql.cj.jdbc.ConnectionImpl@70a56f1f]
2026-03-15 13:15:23 [Thread-3] DEBUG o.a.i.t.jdbc.JdbcTransaction - Closing JDBC Connection [HikariProxyConnection@713707232 wrapping com.mysql.cj.jdbc.ConnectionImpl@70a56f1f]
2026-03-15 13:15:23 [HikariPool-1:housekeeper] DEBUG com.zaxxer.hikari.pool.HikariPool - HikariPool-1 - Pool stats (total=1/20, idle=1/20, active=0, waiting=0)
2026-03-15 13:15:23 [HikariPool-1:connection-adder] DEBUG com.zaxxer.hikari.pool.PoolBase - HikariPool-1 - Attempting to create/setup new connection (29ab9056-e6ee-4224-b848-b12c64787e02)
2026-03-15 13:15:23 [HikariPool-1:connection-adder] DEBUG com.zaxxer.hikari.pool.PoolBase - HikariPool-1 - Established new connection (29ab9056-e6ee-4224-b848-b12c64787e02)
2026-03-15 13:15:23 [HikariPool-1:connection-adder] DEBUG com.zaxxer.hikari.pool.HikariPool - HikariPool-1 - Added connection com.mysql.cj.jdbc.ConnectionImpl@17e3cd18
2026-03-15 13:15:23 [HikariPool-1:connection-adder] DEBUG com.zaxxer.hikari.pool.HikariPool - HikariPool-1 - After adding stats (total=2/20, idle=2/20, active=0, waiting=0)
2026-03-15 13:15:23 [HikariPool-1:connection-adder] DEBUG com.zaxxer.hikari.pool.PoolBase - HikariPool-1 - Attempting to create/setup new connection (ad5a87f7-f678-4ffd-9fe0-6133735d49b1)
2026-03-15 13:15:23 [HikariPool-1:connection-adder] DEBUG com.zaxxer.hikari.pool.PoolBase - HikariPool-1 - Established new connection (ad5a87f7-f678-4ffd-9fe0-6133735d49b1)
2026-03-15 13:15:23 [HikariPool-1:connection-adder] DEBUG com.zaxxer.hikari.pool.HikariPool - HikariPool-1 - Added connection com.mysql.cj.jdbc.ConnectionImpl@6e402be4
2026-03-15 13:15:23 [HikariPool-1:connection-adder] DEBUG com.zaxxer.hikari.pool.HikariPool - HikariPool-1 - After adding stats (total=3/20, idle=3/20, active=0, waiting=0)
2026-03-15 13:15:23 [HikariPool-1:connection-adder] DEBUG com.zaxxer.hikari.pool.PoolBase - HikariPool-1 - Attempting to create/setup new connection (81cbb663-9e1e-4fdf-935b-a2a9b62d276d)
2026-03-15 13:15:23 [HikariPool-1:connection-adder] DEBUG com.zaxxer.hikari.pool.PoolBase - HikariPool-1 - Established new connection (81cbb663-9e1e-4fdf-935b-a2a9b62d276d)
2026-03-15 13:15:23 [HikariPool-1:connection-adder] DEBUG com.zaxxer.hikari.pool.HikariPool - HikariPool-1 - Added connection com.mysql.cj.jdbc.ConnectionImpl@16360256
2026-03-15 13:15:23 [HikariPool-1:connection-adder] DEBUG com.zaxxer.hikari.pool.HikariPool - HikariPool-1 - After adding stats (total=4/20, idle=4/20, active=0, waiting=0)
2026-03-15 13:15:23 [HikariPool-1:connection-adder] DEBUG com.zaxxer.hikari.pool.PoolBase - HikariPool-1 - Attempting to create/setup new connection (e97f5840-7b6c-45e5-8df7-1209af2097f1)
2026-03-15 13:15:23 [HikariPool-1:connection-adder] DEBUG com.zaxxer.hikari.pool.PoolBase - HikariPool-1 - Established new connection (e97f5840-7b6c-45e5-8df7-1209af2097f1)
2026-03-15 13:15:23 [HikariPool-1:connection-adder] DEBUG com.zaxxer.hikari.pool.HikariPool - HikariPool-1 - Added connection com.mysql.cj.jdbc.ConnectionImpl@59012a5d
2026-03-15 13:15:23 [HikariPool-1:connection-adder] DEBUG com.zaxxer.hikari.pool.HikariPool - HikariPool-1 - After adding stats (total=5/20, idle=5/20, active=0, waiting=0)
2026-03-15 13:15:23 [HikariPool-1:connection-adder] DEBUG com.zaxxer.hikari.pool.PoolBase - HikariPool-1 - Attempting to create/setup new connection (e1ba6afe-a8d6-48ba-a863-409c7bd04b34)
2026-03-15 13:15:23 [HikariPool-1:connection-adder] DEBUG com.zaxxer.hikari.pool.PoolBase - HikariPool-1 - Established new connection (e1ba6afe-a8d6-48ba-a863-409c7bd04b34)
2026-03-15 13:15:23 [HikariPool-1:connection-adder] DEBUG com.zaxxer.hikari.pool.HikariPool - HikariPool-1 - Added connection com.mysql.cj.jdbc.ConnectionImpl@d3209ae
2026-03-15 13:15:23 [HikariPool-1:connection-adder] DEBUG com.zaxxer.hikari.pool.HikariPool - HikariPool-1 - After adding stats (total=6/20, idle=6/20, active=0, waiting=0)
2026-03-15 13:15:23 [HikariPool-1:connection-adder] DEBUG com.zaxxer.hikari.pool.PoolBase - HikariPool-1 - Attempting to create/setup new connection (5830d64d-5bf3-4da2-859a-a3de1fb2ce96)
2026-03-15 13:15:23 [HikariPool-1:connection-adder] DEBUG com.zaxxer.hikari.pool.PoolBase - HikariPool-1 - Established new connection (5830d64d-5bf3-4da2-859a-a3de1fb2ce96)
2026-03-15 13:15:23 [HikariPool-1:connection-adder] DEBUG com.zaxxer.hikari.pool.HikariPool - HikariPool-1 - Added connection com.mysql.cj.jdbc.ConnectionImpl@623ce5f4
2026-03-15 13:15:23 [HikariPool-1:connection-adder] DEBUG com.zaxxer.hikari.pool.HikariPool - HikariPool-1 - After adding stats (total=7/20, idle=7/20, active=0, waiting=0)
2026-03-15 13:15:23 [HikariPool-1:connection-adder] DEBUG com.zaxxer.hikari.pool.PoolBase - HikariPool-1 - Attempting to create/setup new connection (5509a295-16f5-4e21-8716-7b385110c8f3)
2026-03-15 13:15:23 [HikariPool-1:connection-adder] DEBUG com.zaxxer.hikari.pool.PoolBase - HikariPool-1 - Established new connection (5509a295-16f5-4e21-8716-7b385110c8f3)
2026-03-15 13:15:23 [HikariPool-1:connection-adder] DEBUG com.zaxxer.hikari.pool.HikariPool - HikariPool-1 - Added connection com.mysql.cj.jdbc.ConnectionImpl@50106d8c
2026-03-15 13:15:23 [HikariPool-1:connection-adder] DEBUG com.zaxxer.hikari.pool.HikariPool - HikariPool-1 - After adding stats (total=8/20, idle=8/20, active=0, waiting=0)
2026-03-15 13:15:23 [HikariPool-1:connection-adder] DEBUG com.zaxxer.hikari.pool.PoolBase - HikariPool-1 - Attempting to create/setup new connection (64168d40-7ba8-4e10-958b-272675f2bff6)
2026-03-15 13:15:23 [HikariPool-1:connection-adder] DEBUG com.zaxxer.hikari.pool.PoolBase - HikariPool-1 - Established new connection (64168d40-7ba8-4e10-958b-272675f2bff6)
2026-03-15 13:15:23 [HikariPool-1:connection-adder] DEBUG com.zaxxer.hikari.pool.HikariPool - HikariPool-1 - Added connection com.mysql.cj.jdbc.ConnectionImpl@1c611ebf
2026-03-15 13:15:23 [HikariPool-1:connection-adder] DEBUG com.zaxxer.hikari.pool.HikariPool - HikariPool-1 - After adding stats (total=9/20, idle=9/20, active=0, waiting=0)
2026-03-15 13:15:23 [HikariPool-1:connection-adder] DEBUG com.zaxxer.hikari.pool.PoolBase - HikariPool-1 - Attempting to create/setup new connection (8a04a8f0-9e27-4bc3-ac23-1b1813ef77e7)
2026-03-15 13:15:23 [HikariPool-1:connection-adder] DEBUG com.zaxxer.hikari.pool.PoolBase - HikariPool-1 - Established new connection (8a04a8f0-9e27-4bc3-ac23-1b1813ef77e7)
2026-03-15 13:15:23 [HikariPool-1:connection-adder] DEBUG com.zaxxer.hikari.pool.HikariPool - HikariPool-1 - Added connection com.mysql.cj.jdbc.ConnectionImpl@1175db56
2026-03-15 13:15:23 [HikariPool-1:connection-adder] DEBUG com.zaxxer.hikari.pool.HikariPool - HikariPool-1 - After adding stats (total=10/20, idle=10/20, active=0, waiting=0)
2026-03-15 13:15:23 [HikariPool-1:connection-adder] DEBUG com.zaxxer.hikari.pool.PoolBase - HikariPool-1 - Attempting to create/setup new connection (f9b66797-7aa6-4f96-bfc1-d65fb845818a)
2026-03-15 13:15:23 [HikariPool-1:connection-adder] DEBUG com.zaxxer.hikari.pool.PoolBase - HikariPool-1 - Established new connection (f9b66797-7aa6-4f96-bfc1-d65fb845818a)
2026-03-15 13:15:23 [HikariPool-1:connection-adder] DEBUG com.zaxxer.hikari.pool.HikariPool - HikariPool-1 - Added connection com.mysql.cj.jdbc.ConnectionImpl@26f85885
2026-03-15 13:15:23 [HikariPool-1:connection-adder] DEBUG com.zaxxer.hikari.pool.HikariPool - HikariPool-1 - After adding stats (total=11/20, idle=11/20, active=0, waiting=0)
2026-03-15 13:15:23 [HikariPool-1:connection-adder] DEBUG com.zaxxer.hikari.pool.PoolBase - HikariPool-1 - Attempting to create/setup new connection (8975fdd2-a5b6-45f0-b575-475c67682d8f)
2026-03-15 13:15:23 [HikariPool-1:connection-adder] DEBUG com.zaxxer.hikari.pool.PoolBase - HikariPool-1 - Established new connection (8975fdd2-a5b6-45f0-b575-475c67682d8f)
2026-03-15 13:15:23 [HikariPool-1:connection-adder] DEBUG com.zaxxer.hikari.pool.HikariPool - HikariPool-1 - Added connection com.mysql.cj.jdbc.ConnectionImpl@eb1028d
2026-03-15 13:15:23 [HikariPool-1:connection-adder] DEBUG com.zaxxer.hikari.pool.HikariPool - HikariPool-1 - After adding stats (total=12/20, idle=12/20, active=0, waiting=0)
2026-03-15 13:15:23 [HikariPool-1:connection-adder] DEBUG com.zaxxer.hikari.pool.PoolBase - HikariPool-1 - Attempting to create/setup new connection (d188befc-2e00-4807-9189-c65e111769d6)
2026-03-15 13:15:23 [HikariPool-1:connection-adder] DEBUG com.zaxxer.hikari.pool.PoolBase - HikariPool-1 - Established new connection (d188befc-2e00-4807-9189-c65e111769d6)
2026-03-15 13:15:23 [HikariPool-1:connection-adder] DEBUG com.zaxxer.hikari.pool.HikariPool - HikariPool-1 - Added connection com.mysql.cj.jdbc.ConnectionImpl@19067832
2026-03-15 13:15:23 [HikariPool-1:connection-adder] DEBUG com.zaxxer.hikari.pool.HikariPool - HikariPool-1 - After adding stats (total=13/20, idle=13/20, active=0, waiting=0)
2026-03-15 13:15:23 [HikariPool-1:connection-adder] DEBUG com.zaxxer.hikari.pool.PoolBase - HikariPool-1 - Attempting to create/setup new connection (204dac1c-f557-417f-9683-918ea9664cfb)
2026-03-15 13:15:23 [HikariPool-1:connection-adder] DEBUG com.zaxxer.hikari.pool.PoolBase - HikariPool-1 - Established new connection (204dac1c-f557-417f-9683-918ea9664cfb)
2026-03-15 13:15:23 [HikariPool-1:connection-adder] DEBUG com.zaxxer.hikari.pool.HikariPool - HikariPool-1 - Added connection com.mysql.cj.jdbc.ConnectionImpl@20bf75d2
2026-03-15 13:15:23 [HikariPool-1:connection-adder] DEBUG com.zaxxer.hikari.pool.HikariPool - HikariPool-1 - After adding stats (total=14/20, idle=14/20, active=0, waiting=0)
2026-03-15 13:15:23 [HikariPool-1:connection-adder] DEBUG com.zaxxer.hikari.pool.PoolBase - HikariPool-1 - Attempting to create/setup new connection (d3f7a816-8aa7-41db-a0c6-75360dc8c272)
2026-03-15 13:15:23 [HikariPool-1:connection-adder] DEBUG com.zaxxer.hikari.pool.PoolBase - HikariPool-1 - Established new connection (d3f7a816-8aa7-41db-a0c6-75360dc8c272)
2026-03-15 13:15:23 [HikariPool-1:connection-adder] DEBUG com.zaxxer.hikari.pool.HikariPool - HikariPool-1 - Added connection com.mysql.cj.jdbc.ConnectionImpl@6db15ae
2026-03-15 13:15:23 [HikariPool-1:connection-adder] DEBUG com.zaxxer.hikari.pool.HikariPool - HikariPool-1 - After adding stats (total=15/20, idle=15/20, active=0, waiting=0)
2026-03-15 13:15:23 [HikariPool-1:connection-adder] DEBUG com.zaxxer.hikari.pool.PoolBase - HikariPool-1 - Attempting to create/setup new connection (7817af18-390d-417d-a77f-73c5a895fb08)
2026-03-15 13:15:23 [HikariPool-1:connection-adder] DEBUG com.zaxxer.hikari.pool.PoolBase - HikariPool-1 - Established new connection (7817af18-390d-417d-a77f-73c5a895fb08)
2026-03-15 13:15:23 [HikariPool-1:connection-adder] DEBUG com.zaxxer.hikari.pool.HikariPool - HikariPool-1 - Added connection com.mysql.cj.jdbc.ConnectionImpl@1e391c04
2026-03-15 13:15:23 [HikariPool-1:connection-adder] DEBUG com.zaxxer.hikari.pool.HikariPool - HikariPool-1 - After adding stats (total=16/20, idle=16/20, active=0, waiting=0)
2026-03-15 13:15:23 [HikariPool-1:connection-adder] DEBUG com.zaxxer.hikari.pool.PoolBase - HikariPool-1 - Attempting to create/setup new connection (c839dd3a-ba48-43c4-9570-478836d2a437)
2026-03-15 13:15:23 [HikariPool-1:connection-adder] DEBUG com.zaxxer.hikari.pool.PoolBase - HikariPool-1 - Established new connection (c839dd3a-ba48-43c4-9570-478836d2a437)
2026-03-15 13:15:23 [HikariPool-1:connection-adder] DEBUG com.zaxxer.hikari.pool.HikariPool - HikariPool-1 - Added connection com.mysql.cj.jdbc.ConnectionImpl@5dc57ab8
2026-03-15 13:15:23 [HikariPool-1:connection-adder] DEBUG com.zaxxer.hikari.pool.HikariPool - HikariPool-1 - After adding stats (total=17/20, idle=17/20, active=0, waiting=0)
2026-03-15 13:15:23 [HikariPool-1:connection-adder] DEBUG com.zaxxer.hikari.pool.PoolBase - HikariPool-1 - Attempting to create/setup new connection (a92cd1c3-d9a1-4db8-a7e3-5faeda36e54d)
2026-03-15 13:15:23 [HikariPool-1:connection-adder] DEBUG com.zaxxer.hikari.pool.PoolBase - HikariPool-1 - Established new connection (a92cd1c3-d9a1-4db8-a7e3-5faeda36e54d)
2026-03-15 13:15:23 [HikariPool-1:connection-adder] DEBUG com.zaxxer.hikari.pool.HikariPool - HikariPool-1 - Added connection com.mysql.cj.jdbc.ConnectionImpl@5167fbc0
2026-03-15 13:15:23 [HikariPool-1:connection-adder] DEBUG com.zaxxer.hikari.pool.HikariPool - HikariPool-1 - After adding stats (total=18/20, idle=18/20, active=0, waiting=0)
2026-03-15 13:15:23 [HikariPool-1:connection-adder] DEBUG com.zaxxer.hikari.pool.PoolBase - HikariPool-1 - Attempting to create/setup new connection (e8209cb6-ad9d-46b9-b1d9-240f79b02643)
2026-03-15 13:15:23 [HikariPool-1:connection-adder] DEBUG com.zaxxer.hikari.pool.PoolBase - HikariPool-1 - Established new connection (e8209cb6-ad9d-46b9-b1d9-240f79b02643)
2026-03-15 13:15:23 [HikariPool-1:connection-adder] DEBUG com.zaxxer.hikari.pool.HikariPool - HikariPool-1 - Added connection com.mysql.cj.jdbc.ConnectionImpl@4fcce0cc
2026-03-15 13:15:23 [HikariPool-1:connection-adder] DEBUG com.zaxxer.hikari.pool.HikariPool - HikariPool-1 - After adding stats (total=19/20, idle=19/20, active=0, waiting=0)
2026-03-15 13:15:23 [HikariPool-1:connection-adder] DEBUG com.zaxxer.hikari.pool.PoolBase - HikariPool-1 - Attempting to create/setup new connection (18305594-134f-40b7-b690-d7197b49a746)
2026-03-15 13:15:23 [HikariPool-1:connection-adder] DEBUG com.zaxxer.hikari.pool.PoolBase - HikariPool-1 - Established new connection (18305594-134f-40b7-b690-d7197b49a746)
2026-03-15 13:15:23 [HikariPool-1:connection-adder] DEBUG com.zaxxer.hikari.pool.HikariPool - HikariPool-1 - Added connection com.mysql.cj.jdbc.ConnectionImpl@66c4043f
2026-03-15 13:15:23 [HikariPool-1:connection-adder] DEBUG com.zaxxer.hikari.pool.HikariPool - HikariPool-1 - After adding stats (total=20/20, idle=20/20, active=0, waiting=0)
2026-03-15 13:15:34 [JavaFX Application Thread] DEBUG application.java.manager.LogManager - [SQL操作クラス] ： 非同期処理 スレッドプール解放
2026-03-15 13:15:34 [JavaFX Application Thread] INFO  com.zaxxer.hikari.HikariDataSource - HikariPool-1 - Shutdown initiated...
2026-03-15 13:15:34 [JavaFX Application Thread] DEBUG com.zaxxer.hikari.pool.HikariPool - HikariPool-1 - Before shutdown stats (total=20/20, idle=20/20, active=0, waiting=0)
2026-03-15 13:15:34 [HikariPool-1:connection-closer] DEBUG com.zaxxer.hikari.pool.PoolBase - HikariPool-1 - Closing connection com.mysql.cj.jdbc.ConnectionImpl@70a56f1f: (connection evicted)
2026-03-15 13:15:34 [HikariPool-1:connection-closer] DEBUG com.zaxxer.hikari.pool.PoolBase - HikariPool-1 - Closing connection com.mysql.cj.jdbc.ConnectionImpl@17e3cd18: (connection evicted)
2026-03-15 13:15:34 [HikariPool-1:connection-closer] DEBUG com.zaxxer.hikari.pool.PoolBase - HikariPool-1 - Closing connection com.mysql.cj.jdbc.ConnectionImpl@6e402be4: (connection evicted)
2026-03-15 13:15:34 [HikariPool-1:connection-closer] DEBUG com.zaxxer.hikari.pool.PoolBase - HikariPool-1 - Closing connection com.mysql.cj.jdbc.ConnectionImpl@16360256: (connection evicted)
2026-03-15 13:15:34 [HikariPool-1:connection-closer] DEBUG com.zaxxer.hikari.pool.PoolBase - HikariPool-1 - Closing connection com.mysql.cj.jdbc.ConnectionImpl@59012a5d: (connection evicted)
2026-03-15 13:15:34 [HikariPool-1:connection-closer] DEBUG com.zaxxer.hikari.pool.PoolBase - HikariPool-1 - Closing connection com.mysql.cj.jdbc.ConnectionImpl@d3209ae: (connection evicted)
2026-03-15 13:15:34 [HikariPool-1:connection-closer] DEBUG com.zaxxer.hikari.pool.PoolBase - HikariPool-1 - Closing connection com.mysql.cj.jdbc.ConnectionImpl@623ce5f4: (connection evicted)
2026-03-15 13:15:34 [HikariPool-1:connection-closer] DEBUG com.zaxxer.hikari.pool.PoolBase - HikariPool-1 - Closing connection com.mysql.cj.jdbc.ConnectionImpl@50106d8c: (connection evicted)
2026-03-15 13:15:34 [HikariPool-1:connection-closer] DEBUG com.zaxxer.hikari.pool.PoolBase - HikariPool-1 - Closing connection com.mysql.cj.jdbc.ConnectionImpl@1c611ebf: (connection evicted)
2026-03-15 13:15:34 [HikariPool-1:connection-closer] DEBUG com.zaxxer.hikari.pool.PoolBase - HikariPool-1 - Closing connection com.mysql.cj.jdbc.ConnectionImpl@1175db56: (connection evicted)
2026-03-15 13:15:34 [HikariPool-1:connection-closer] DEBUG com.zaxxer.hikari.pool.PoolBase - HikariPool-1 - Closing connection com.mysql.cj.jdbc.ConnectionImpl@26f85885: (connection evicted)
2026-03-15 13:15:34 [HikariPool-1:connection-closer] DEBUG com.zaxxer.hikari.pool.PoolBase - HikariPool-1 - Closing connection com.mysql.cj.jdbc.ConnectionImpl@eb1028d: (connection evicted)
2026-03-15 13:15:34 [HikariPool-1:connection-closer] DEBUG com.zaxxer.hikari.pool.PoolBase - HikariPool-1 - Closing connection com.mysql.cj.jdbc.ConnectionImpl@19067832: (connection evicted)
2026-03-15 13:15:34 [HikariPool-1:connection-closer] DEBUG com.zaxxer.hikari.pool.PoolBase - HikariPool-1 - Closing connection com.mysql.cj.jdbc.ConnectionImpl@20bf75d2: (connection evicted)
2026-03-15 13:15:34 [HikariPool-1:connection-closer] DEBUG com.zaxxer.hikari.pool.PoolBase - HikariPool-1 - Closing connection com.mysql.cj.jdbc.ConnectionImpl@6db15ae: (connection evicted)
2026-03-15 13:15:34 [HikariPool-1:connection-closer] DEBUG com.zaxxer.hikari.pool.PoolBase - HikariPool-1 - Closing connection com.mysql.cj.jdbc.ConnectionImpl@1e391c04: (connection evicted)
2026-03-15 13:15:34 [HikariPool-1:connection-closer] DEBUG com.zaxxer.hikari.pool.PoolBase - HikariPool-1 - Closing connection com.mysql.cj.jdbc.ConnectionImpl@5dc57ab8: (connection evicted)
2026-03-15 13:15:34 [HikariPool-1:connection-closer] DEBUG com.zaxxer.hikari.pool.PoolBase - HikariPool-1 - Closing connection com.mysql.cj.jdbc.ConnectionImpl@5167fbc0: (connection evicted)
2026-03-15 13:15:34 [HikariPool-1:connection-closer] DEBUG com.zaxxer.hikari.pool.PoolBase - HikariPool-1 - Closing connection com.mysql.cj.jdbc.ConnectionImpl@4fcce0cc: (connection evicted)
2026-03-15 13:15:34 [HikariPool-1:connection-closer] DEBUG com.zaxxer.hikari.pool.PoolBase - HikariPool-1 - Closing connection com.mysql.cj.jdbc.ConnectionImpl@66c4043f: (connection evicted)
2026-03-15 13:15:34 [JavaFX Application Thread] DEBUG com.zaxxer.hikari.pool.HikariPool - HikariPool-1 - After  shutdown stats (total=0/20, idle=0/20, active=0, waiting=0)
2026-03-15 13:15:34 [JavaFX Application Thread] INFO  com.zaxxer.hikari.HikariDataSource - HikariPool-1 - Shutdown completed.
2026-03-15 13:15:34 [JavaFX Application Thread] DEBUG application.java.manager.LogManager - [SQL操作クラス] ： コネクションプール(HikariCP) Closeing
2026-03-15 13:15:34 [JavaFX Application Thread] INFO  application.java.manager.LogManager - 終了処理 : 完了
2026-03-15 13:16:24 [main] INFO  application.java.manager.LogManager - 備品管理システム : 起動
2026-03-15 13:16:24 [JavaFX Application Thread] INFO  application.java.manager.LogManager - 開始処理 : 画面ウィンドウ枠生成
2026-03-15 13:16:24 [JavaFX Application Thread] INFO  application.java.manager.LogManager - [メニュー画面] ： 初期化処理
2026-03-15 13:16:24 [JavaFX Application Thread] DEBUG application.java.manager.LogManager - Window切替 [setWindowFrame] : TRANSPARENT(透明枠・背景色透明)
2026-03-15 13:16:25 [JavaFX Application Thread] INFO  application.java.manager.LogManager - 画面展開 [setPage] : メニュー画面
2026-03-15 13:17:08 [JavaFX Application Thread] INFO  application.java.manager.LogManager - [SQL操作クラス] ： 非同期処理 スレッドプール作成
2026-03-15 13:17:08 [JavaFX Application Thread] DEBUG application.java.manager.LogManager - [SQL操作クラス] ： 非同期処理 スレッドプール解放
2026-03-15 13:17:08 [JavaFX Application Thread] INFO  application.java.manager.LogManager - 終了処理 : 完了
2026-03-15 13:17:13 [main] INFO  application.java.manager.LogManager - 備品管理システム : 起動
2026-03-15 13:17:13 [JavaFX Application Thread] INFO  application.java.manager.LogManager - 開始処理 : 画面ウィンドウ枠生成
2026-03-15 13:17:13 [JavaFX Application Thread] INFO  application.java.manager.LogManager - [メニュー画面] ： 初期化処理
2026-03-15 13:17:13 [JavaFX Application Thread] DEBUG application.java.manager.LogManager - Window切替 [setWindowFrame] : TRANSPARENT(透明枠・背景色透明)
2026-03-15 13:17:14 [JavaFX Application Thread] INFO  application.java.manager.LogManager - 画面展開 [setPage] : メニュー画面
2026-03-15 13:17:21 [JavaFX Application Thread] INFO  application.java.manager.LogManager - [SQL操作クラス] ： 非同期処理 スレッドプール作成
2026-03-15 13:17:21 [JavaFX Application Thread] DEBUG application.java.manager.LogManager - [SQL操作クラス] ： 非同期処理 スレッドプール解放
2026-03-15 13:17:21 [JavaFX Application Thread] INFO  application.java.manager.LogManager - 終了処理 : 完了
2026-03-15 13:19:59 [main] INFO  application.java.manager.LogManager - 備品管理システム : 起動
2026-03-15 13:19:59 [JavaFX Application Thread] INFO  application.java.manager.LogManager - 開始処理 : 画面ウィンドウ枠生成
2026-03-15 13:19:59 [JavaFX Application Thread] INFO  application.java.manager.LogManager - [メニュー画面] ： 初期化処理
2026-03-15 13:19:59 [JavaFX Application Thread] DEBUG application.java.manager.LogManager - Window切替 [setWindowFrame] : TRANSPARENT(透明枠・背景色透明)
2026-03-15 13:19:59 [JavaFX Application Thread] INFO  application.java.manager.LogManager - 画面展開 [setPage] : メニュー画面
2026-03-15 13:20:20 [JavaFX Application Thread] INFO  application.java.manager.LogManager - [メニュー画面] ： [貸出業務]ボタン押下
2026-03-15 13:20:20 [JavaFX Application Thread] INFO  application.java.manager.LogManager - [備品一覧画面] ： 初期化処理
2026-03-15 13:20:20 [JavaFX Application Thread] DEBUG application.java.manager.LogManager - Window切替 [setWindowFrame] : DECORATED(標準)
2026-03-15 13:20:20 [JavaFX Application Thread] INFO  application.java.manager.LogManager - [SQL操作クラス] ： 非同期処理 スレッドプール作成
2026-03-15 13:20:20 [JavaFX Application Thread] INFO  application.java.manager.LogManager - [SQL操作クラス] ： SQL Session生成
2026-03-15 13:20:20 [JavaFX Application Thread] DEBUG application.java.manager.LogManager - [SQL操作クラス] ： mybatis有効化
2026-03-15 13:20:20 [JavaFX Application Thread] DEBUG o.apache.ibatis.logging.LogFactory - Logging initialized using 'class org.apache.ibatis.logging.slf4j.Slf4jImpl' adapter.
2026-03-15 13:20:20 [JavaFX Application Thread] DEBUG o.apache.ibatis.logging.LogFactory - Logging initialized using 'class org.apache.ibatis.logging.slf4j.Slf4jImpl' adapter.
2026-03-15 13:20:20 [JavaFX Application Thread] DEBUG com.zaxxer.hikari.util.UtilityElf - Class com.mysql.cj.jdbc.Driver found in Thread context class loader jdk.internal.loader.ClassLoaders$AppClassLoader@568db2f2
2026-03-15 13:20:20 [JavaFX Application Thread] DEBUG application.java.manager.LogManager - [備品一覧画面] ： リスト表示処理
2026-03-15 13:20:20 [JavaFX Application Thread] DEBUG application.java.manager.LogManager - [SQL操作クラス] ： 非同期処理 SELECT句発行
2026-03-15 13:20:20 [Thread-3] DEBUG application.java.manager.LogManager - [SQL操作クラス] ： SELECT句発行
2026-03-15 13:20:20 [JavaFX Application Thread] INFO  application.java.manager.LogManager - 画面展開 [setPage] : 備品一覧画面
2026-03-15 13:20:20 [Thread-3] DEBUG o.a.i.t.jdbc.JdbcTransaction - Opening JDBC Connection
2026-03-15 13:20:20 [Thread-3] DEBUG com.zaxxer.hikari.HikariConfig - HikariPool-1 - configuration:
2026-03-15 13:20:20 [Thread-3] DEBUG com.zaxxer.hikari.HikariConfig - allowPoolSuspension.............false
2026-03-15 13:20:20 [Thread-3] DEBUG com.zaxxer.hikari.HikariConfig - autoCommit......................true
2026-03-15 13:20:20 [Thread-3] DEBUG com.zaxxer.hikari.HikariConfig - catalog.........................none
2026-03-15 13:20:20 [Thread-3] DEBUG com.zaxxer.hikari.HikariConfig - connectionInitSql...............none
2026-03-15 13:20:20 [Thread-3] DEBUG com.zaxxer.hikari.HikariConfig - connectionTestQuery.............none
2026-03-15 13:20:20 [Thread-3] DEBUG com.zaxxer.hikari.HikariConfig - connectionTimeout...............30000
2026-03-15 13:20:20 [Thread-3] DEBUG com.zaxxer.hikari.HikariConfig - credentials.....................com.zaxxer.hikari.util.Credentials@160fa7ee
2026-03-15 13:20:20 [Thread-3] DEBUG com.zaxxer.hikari.HikariConfig - credentialsProvider.............none
2026-03-15 13:20:20 [Thread-3] DEBUG com.zaxxer.hikari.HikariConfig - credentialsProviderClassName....none
2026-03-15 13:20:20 [Thread-3] DEBUG com.zaxxer.hikari.HikariConfig - dataSource......................none
2026-03-15 13:20:20 [Thread-3] DEBUG com.zaxxer.hikari.HikariConfig - dataSourceClassName.............none
2026-03-15 13:20:20 [Thread-3] DEBUG com.zaxxer.hikari.HikariConfig - dataSourceJNDI..................none
2026-03-15 13:20:20 [Thread-3] DEBUG com.zaxxer.hikari.HikariConfig - dataSourceProperties............{password=<masked>}
2026-03-15 13:20:20 [Thread-3] DEBUG com.zaxxer.hikari.HikariConfig - driverClassName................."com.mysql.cj.jdbc.Driver"
2026-03-15 13:20:20 [Thread-3] DEBUG com.zaxxer.hikari.HikariConfig - exceptionOverride...............none
2026-03-15 13:20:20 [Thread-3] DEBUG com.zaxxer.hikari.HikariConfig - exceptionOverrideClassName......none
2026-03-15 13:20:20 [Thread-3] DEBUG com.zaxxer.hikari.HikariConfig - healthCheckProperties...........{}
2026-03-15 13:20:20 [Thread-3] DEBUG com.zaxxer.hikari.HikariConfig - healthCheckRegistry.............none
2026-03-15 13:20:20 [Thread-3] DEBUG com.zaxxer.hikari.HikariConfig - idleTimeout.....................600000
2026-03-15 13:20:20 [Thread-3] DEBUG com.zaxxer.hikari.HikariConfig - initializationFailTimeout.......1
2026-03-15 13:20:20 [Thread-3] DEBUG com.zaxxer.hikari.HikariConfig - isolateInternalQueries..........false
2026-03-15 13:20:20 [Thread-3] DEBUG com.zaxxer.hikari.HikariConfig - jdbcUrl.........................jdbc:mysql://localhost:3306/java_learning?useUnicode=true&characterEncoding=UTF-8&serverTimezone=GMT%2B9&useSSL=false&allowPublicKeyRetrieval=true&useCursorFetch=true
2026-03-15 13:20:20 [Thread-3] DEBUG com.zaxxer.hikari.HikariConfig - keepaliveTime...................120000
2026-03-15 13:20:20 [Thread-3] DEBUG com.zaxxer.hikari.HikariConfig - leakDetectionThreshold..........0
2026-03-15 13:20:20 [Thread-3] DEBUG com.zaxxer.hikari.HikariConfig - maxLifetime.....................1800000
2026-03-15 13:20:20 [Thread-3] DEBUG com.zaxxer.hikari.HikariConfig - maximumPoolSize.................20
2026-03-15 13:20:20 [Thread-3] DEBUG com.zaxxer.hikari.HikariConfig - metricRegistry..................none
2026-03-15 13:20:20 [Thread-3] DEBUG com.zaxxer.hikari.HikariConfig - metricsTrackerFactory...........none
2026-03-15 13:20:20 [Thread-3] DEBUG com.zaxxer.hikari.HikariConfig - minimumIdle.....................20
2026-03-15 13:20:20 [Thread-3] DEBUG com.zaxxer.hikari.HikariConfig - password........................<masked>
2026-03-15 13:20:20 [Thread-3] DEBUG com.zaxxer.hikari.HikariConfig - poolName........................"HikariPool-1"
2026-03-15 13:20:20 [Thread-3] DEBUG com.zaxxer.hikari.HikariConfig - readOnly........................false
2026-03-15 13:20:20 [Thread-3] DEBUG com.zaxxer.hikari.HikariConfig - registerMbeans..................false
2026-03-15 13:20:20 [Thread-3] DEBUG com.zaxxer.hikari.HikariConfig - scheduledExecutor...............none
2026-03-15 13:20:20 [Thread-3] DEBUG com.zaxxer.hikari.HikariConfig - schema..........................none
2026-03-15 13:20:20 [Thread-3] DEBUG com.zaxxer.hikari.HikariConfig - threadFactory...................internal
2026-03-15 13:20:20 [Thread-3] DEBUG com.zaxxer.hikari.HikariConfig - transactionIsolation............default
2026-03-15 13:20:20 [Thread-3] DEBUG com.zaxxer.hikari.HikariConfig - username........................"user"
2026-03-15 13:20:20 [Thread-3] DEBUG com.zaxxer.hikari.HikariConfig - validationTimeout...............5000
2026-03-15 13:20:20 [Thread-3] INFO  com.zaxxer.hikari.HikariDataSource - HikariPool-1 - Starting...
2026-03-15 13:20:20 [Thread-3] DEBUG com.zaxxer.hikari.pool.PoolBase - HikariPool-1 - Attempting to create/setup new connection (f24a5414-9876-4548-acf5-edcf244cadab)
2026-03-15 13:20:20 [Thread-3] DEBUG com.zaxxer.hikari.pool.PoolBase - HikariPool-1 - Established new connection (f24a5414-9876-4548-acf5-edcf244cadab)
2026-03-15 13:20:20 [Thread-3] INFO  com.zaxxer.hikari.pool.HikariPool - HikariPool-1 - Added connection com.mysql.cj.jdbc.ConnectionImpl@2d5bd9b
2026-03-15 13:20:20 [Thread-3] INFO  com.zaxxer.hikari.HikariDataSource - HikariPool-1 - Start completed.
2026-03-15 13:20:20 [Thread-3] DEBUG o.a.i.t.jdbc.JdbcTransaction - Setting autocommit to false on JDBC Connection [HikariProxyConnection@1944912747 wrapping com.mysql.cj.jdbc.ConnectionImpl@2d5bd9b]
2026-03-15 13:20:20 [Thread-3] DEBUG a.r.m.I.getTableRecords - ==>  Preparing: WITH SUB_TOTAL AS ( SELECT ST.stock_type , ST.stock_code , SUM(CASE WHEN SD.staff_no IS NOT NULL AND (DATEDIFF(CURRENT_DATE(), SD.confirmed_date) <= 365 ) THEN 1 ELSE 0 END) AS lending_count -- 貸出備品の数 , SUM(CASE /* 在庫 = [staff_no]：貸出先ユーザーの社員番号 が未設定(NULL) 且つ [return_date]：返却日が未設定(NULL) 且つ [confirmed_date]：最終所在確認日 が１年以内 */ WHEN SD.staff_no IS NULL AND (DATEDIFF(CURRENT_DATE(), SD.confirmed_date) <= 365 ) THEN 1 ELSE 0 END) AS stock_count -- 在庫備品の数 , SUM(CASE /* 不明 = [return_date]：返却日が未設定(NULL) 且つ [confirmed_date]：最終所在確認日 が１年前以前 ※ 貸出中・在庫を問わず１年前以前のデータを不明とする */ WHEN (DATEDIFF(CURRENT_DATE(), SD.confirmed_date) > 365 ) THEN 1 ELSE 0 END) AS unknown_count -- 不明備品の数 FROM (SELECT stock_type , stock_code FROM stock_type_master WHERE 1 = 1 AND del = FALSE) ST INNER JOIN stock_master SM ON ST.stock_type = SM.stock_type AND ST.stock_code = SM.stock_code AND SM.del = FALSE /* 未登録データを考慮しLEFT JOINとする */ LEFT JOIN stock_data SD ON SM.serial_no = SD.serial_no /* 返却済データの除去 */ AND SD.return_date IS NULL AND SD.del = FALSE WHERE 1 = 1 GROUP BY ST.stock_type , ST.stock_code ) SELECT ST.stock_type AS type, ST.stock_code AS code, ST.name AS itemName, IFNULL(S.lending_count, 0) AS loanCount, IFNULL(S.stock_count, 0) AS returnCount, IFNULL(S.unknown_count, 0) AS unknownCount, IFNULL(S.lending_count + S.stock_count, 0) AS totalCount /* 追加項目：遷移先画面サイズ */ , IFNULL( GCM.value_1, '1') AS windowSize FROM stock_type_master ST INNER JOIN SUB_TOTAL S ON ST.stock_type = S.stock_type AND ST.stock_code = S.stock_code /* 追加項目 遷移先画面サイズ */ LEFT JOIN generic_code_master GCM ON CAST(ST.stock_type AS CHAR) = GCM.type_key AND ST.stock_code = GCM.code AND GCM.generic_key = 'WINDOW_SIZE' WHERE 1 = 1 ORDER BY ST.stock_type , St.stock_code
2026-03-15 13:20:20 [Thread-3] DEBUG a.r.m.I.getTableRecords - ==> Parameters: 
2026-03-15 13:20:20 [Thread-3] DEBUG a.r.m.I.getTableRecords - <==      Total: 16
2026-03-15 13:20:20 [Thread-3] DEBUG o.a.i.t.jdbc.JdbcTransaction - Resetting autocommit to true on JDBC Connection [HikariProxyConnection@1944912747 wrapping com.mysql.cj.jdbc.ConnectionImpl@2d5bd9b]
2026-03-15 13:20:20 [Thread-3] DEBUG o.a.i.t.jdbc.JdbcTransaction - Closing JDBC Connection [HikariProxyConnection@1944912747 wrapping com.mysql.cj.jdbc.ConnectionImpl@2d5bd9b]
2026-03-15 13:20:20 [HikariPool-1:housekeeper] DEBUG com.zaxxer.hikari.pool.HikariPool - HikariPool-1 - Pool stats (total=1/20, idle=1/20, active=0, waiting=0)
2026-03-15 13:20:20 [HikariPool-1:connection-adder] DEBUG com.zaxxer.hikari.pool.PoolBase - HikariPool-1 - Attempting to create/setup new connection (f8e1386f-b708-44f4-9ca4-8b9e3a27891e)
2026-03-15 13:20:20 [HikariPool-1:connection-adder] DEBUG com.zaxxer.hikari.pool.PoolBase - HikariPool-1 - Established new connection (f8e1386f-b708-44f4-9ca4-8b9e3a27891e)
2026-03-15 13:20:20 [HikariPool-1:connection-adder] DEBUG com.zaxxer.hikari.pool.HikariPool - HikariPool-1 - Added connection com.mysql.cj.jdbc.ConnectionImpl@12b2dc21
2026-03-15 13:20:20 [HikariPool-1:connection-adder] DEBUG com.zaxxer.hikari.pool.HikariPool - HikariPool-1 - After adding stats (total=2/20, idle=2/20, active=0, waiting=0)
2026-03-15 13:20:20 [HikariPool-1:connection-adder] DEBUG com.zaxxer.hikari.pool.PoolBase - HikariPool-1 - Attempting to create/setup new connection (bbdbd236-fd54-40fa-a729-75fc0081a686)
2026-03-15 13:20:20 [HikariPool-1:connection-adder] DEBUG com.zaxxer.hikari.pool.PoolBase - HikariPool-1 - Established new connection (bbdbd236-fd54-40fa-a729-75fc0081a686)
2026-03-15 13:20:20 [HikariPool-1:connection-adder] DEBUG com.zaxxer.hikari.pool.HikariPool - HikariPool-1 - Added connection com.mysql.cj.jdbc.ConnectionImpl@6641ee7d
2026-03-15 13:20:20 [HikariPool-1:connection-adder] DEBUG com.zaxxer.hikari.pool.HikariPool - HikariPool-1 - After adding stats (total=3/20, idle=3/20, active=0, waiting=0)
2026-03-15 13:20:20 [HikariPool-1:connection-adder] DEBUG com.zaxxer.hikari.pool.PoolBase - HikariPool-1 - Attempting to create/setup new connection (3df08507-b191-4bc9-b0df-59fdd03417b3)
2026-03-15 13:20:20 [HikariPool-1:connection-adder] DEBUG com.zaxxer.hikari.pool.PoolBase - HikariPool-1 - Established new connection (3df08507-b191-4bc9-b0df-59fdd03417b3)
2026-03-15 13:20:20 [HikariPool-1:connection-adder] DEBUG com.zaxxer.hikari.pool.HikariPool - HikariPool-1 - Added connection com.mysql.cj.jdbc.ConnectionImpl@1eb2039f
2026-03-15 13:20:20 [HikariPool-1:connection-adder] DEBUG com.zaxxer.hikari.pool.HikariPool - HikariPool-1 - After adding stats (total=4/20, idle=4/20, active=0, waiting=0)
2026-03-15 13:20:20 [HikariPool-1:connection-adder] DEBUG com.zaxxer.hikari.pool.PoolBase - HikariPool-1 - Attempting to create/setup new connection (9a39478a-fb08-470b-9c63-3eccb6901930)
2026-03-15 13:20:20 [HikariPool-1:connection-adder] DEBUG com.zaxxer.hikari.pool.PoolBase - HikariPool-1 - Established new connection (9a39478a-fb08-470b-9c63-3eccb6901930)
2026-03-15 13:20:20 [HikariPool-1:connection-adder] DEBUG com.zaxxer.hikari.pool.HikariPool - HikariPool-1 - Added connection com.mysql.cj.jdbc.ConnectionImpl@5afb0b5a
2026-03-15 13:20:20 [HikariPool-1:connection-adder] DEBUG com.zaxxer.hikari.pool.HikariPool - HikariPool-1 - After adding stats (total=5/20, idle=5/20, active=0, waiting=0)
2026-03-15 13:20:20 [HikariPool-1:connection-adder] DEBUG com.zaxxer.hikari.pool.PoolBase - HikariPool-1 - Attempting to create/setup new connection (0d4a34d8-7bd0-4aec-b205-7883b813a90e)
2026-03-15 13:20:20 [HikariPool-1:connection-adder] DEBUG com.zaxxer.hikari.pool.PoolBase - HikariPool-1 - Established new connection (0d4a34d8-7bd0-4aec-b205-7883b813a90e)
2026-03-15 13:20:20 [HikariPool-1:connection-adder] DEBUG com.zaxxer.hikari.pool.HikariPool - HikariPool-1 - Added connection com.mysql.cj.jdbc.ConnectionImpl@5b68d26
2026-03-15 13:20:20 [HikariPool-1:connection-adder] DEBUG com.zaxxer.hikari.pool.HikariPool - HikariPool-1 - After adding stats (total=6/20, idle=6/20, active=0, waiting=0)
2026-03-15 13:20:20 [HikariPool-1:connection-adder] DEBUG com.zaxxer.hikari.pool.PoolBase - HikariPool-1 - Attempting to create/setup new connection (603d151c-42b8-48b6-9033-5582f284bc3a)
2026-03-15 13:20:20 [HikariPool-1:connection-adder] DEBUG com.zaxxer.hikari.pool.PoolBase - HikariPool-1 - Established new connection (603d151c-42b8-48b6-9033-5582f284bc3a)
2026-03-15 13:20:20 [HikariPool-1:connection-adder] DEBUG com.zaxxer.hikari.pool.HikariPool - HikariPool-1 - Added connection com.mysql.cj.jdbc.ConnectionImpl@354d8a38
2026-03-15 13:20:20 [HikariPool-1:connection-adder] DEBUG com.zaxxer.hikari.pool.HikariPool - HikariPool-1 - After adding stats (total=7/20, idle=7/20, active=0, waiting=0)
2026-03-15 13:20:20 [HikariPool-1:connection-adder] DEBUG com.zaxxer.hikari.pool.PoolBase - HikariPool-1 - Attempting to create/setup new connection (9954910e-0f2b-45fb-8837-2f54e2fc43a9)
2026-03-15 13:20:20 [HikariPool-1:connection-adder] DEBUG com.zaxxer.hikari.pool.PoolBase - HikariPool-1 - Established new connection (9954910e-0f2b-45fb-8837-2f54e2fc43a9)
2026-03-15 13:20:20 [HikariPool-1:connection-adder] DEBUG com.zaxxer.hikari.pool.HikariPool - HikariPool-1 - Added connection com.mysql.cj.jdbc.ConnectionImpl@39c179e6
2026-03-15 13:20:20 [HikariPool-1:connection-adder] DEBUG com.zaxxer.hikari.pool.HikariPool - HikariPool-1 - After adding stats (total=8/20, idle=8/20, active=0, waiting=0)
2026-03-15 13:20:20 [HikariPool-1:connection-adder] DEBUG com.zaxxer.hikari.pool.PoolBase - HikariPool-1 - Attempting to create/setup new connection (8bd2acd4-2e68-4354-b347-6c953eb84066)
2026-03-15 13:20:20 [HikariPool-1:connection-adder] DEBUG com.zaxxer.hikari.pool.PoolBase - HikariPool-1 - Established new connection (8bd2acd4-2e68-4354-b347-6c953eb84066)
2026-03-15 13:20:20 [HikariPool-1:connection-adder] DEBUG com.zaxxer.hikari.pool.HikariPool - HikariPool-1 - Added connection com.mysql.cj.jdbc.ConnectionImpl@2098ad05
2026-03-15 13:20:20 [HikariPool-1:connection-adder] DEBUG com.zaxxer.hikari.pool.HikariPool - HikariPool-1 - After adding stats (total=9/20, idle=9/20, active=0, waiting=0)
2026-03-15 13:20:20 [HikariPool-1:connection-adder] DEBUG com.zaxxer.hikari.pool.PoolBase - HikariPool-1 - Attempting to create/setup new connection (07823894-34a4-4459-ac07-2682a89ceccd)
2026-03-15 13:20:20 [HikariPool-1:connection-adder] DEBUG com.zaxxer.hikari.pool.PoolBase - HikariPool-1 - Established new connection (07823894-34a4-4459-ac07-2682a89ceccd)
2026-03-15 13:20:20 [HikariPool-1:connection-adder] DEBUG com.zaxxer.hikari.pool.HikariPool - HikariPool-1 - Added connection com.mysql.cj.jdbc.ConnectionImpl@6228c219
2026-03-15 13:20:20 [HikariPool-1:connection-adder] DEBUG com.zaxxer.hikari.pool.HikariPool - HikariPool-1 - After adding stats (total=10/20, idle=10/20, active=0, waiting=0)
2026-03-15 13:20:20 [HikariPool-1:connection-adder] DEBUG com.zaxxer.hikari.pool.PoolBase - HikariPool-1 - Attempting to create/setup new connection (1a468db2-e707-4e76-880b-afe11a22e1cc)
2026-03-15 13:20:20 [HikariPool-1:connection-adder] DEBUG com.zaxxer.hikari.pool.PoolBase - HikariPool-1 - Established new connection (1a468db2-e707-4e76-880b-afe11a22e1cc)
2026-03-15 13:20:20 [HikariPool-1:connection-adder] DEBUG com.zaxxer.hikari.pool.HikariPool - HikariPool-1 - Added connection com.mysql.cj.jdbc.ConnectionImpl@11d44e9c
2026-03-15 13:20:20 [HikariPool-1:connection-adder] DEBUG com.zaxxer.hikari.pool.HikariPool - HikariPool-1 - After adding stats (total=11/20, idle=11/20, active=0, waiting=0)
2026-03-15 13:20:20 [HikariPool-1:connection-adder] DEBUG com.zaxxer.hikari.pool.PoolBase - HikariPool-1 - Attempting to create/setup new connection (a9540015-c26f-40d1-877b-750b248256e5)
2026-03-15 13:20:20 [HikariPool-1:connection-adder] DEBUG com.zaxxer.hikari.pool.PoolBase - HikariPool-1 - Established new connection (a9540015-c26f-40d1-877b-750b248256e5)
2026-03-15 13:20:20 [HikariPool-1:connection-adder] DEBUG com.zaxxer.hikari.pool.HikariPool - HikariPool-1 - Added connection com.mysql.cj.jdbc.ConnectionImpl@41552487
2026-03-15 13:20:20 [HikariPool-1:connection-adder] DEBUG com.zaxxer.hikari.pool.HikariPool - HikariPool-1 - After adding stats (total=12/20, idle=12/20, active=0, waiting=0)
2026-03-15 13:20:20 [HikariPool-1:connection-adder] DEBUG com.zaxxer.hikari.pool.PoolBase - HikariPool-1 - Attempting to create/setup new connection (8c207ec5-245f-4763-aa2a-7c0427a81845)
2026-03-15 13:20:20 [HikariPool-1:connection-adder] DEBUG com.zaxxer.hikari.pool.PoolBase - HikariPool-1 - Established new connection (8c207ec5-245f-4763-aa2a-7c0427a81845)
2026-03-15 13:20:20 [HikariPool-1:connection-adder] DEBUG com.zaxxer.hikari.pool.HikariPool - HikariPool-1 - Added connection com.mysql.cj.jdbc.ConnectionImpl@f56dd96
2026-03-15 13:20:20 [HikariPool-1:connection-adder] DEBUG com.zaxxer.hikari.pool.HikariPool - HikariPool-1 - After adding stats (total=13/20, idle=13/20, active=0, waiting=0)
2026-03-15 13:20:20 [HikariPool-1:connection-adder] DEBUG com.zaxxer.hikari.pool.PoolBase - HikariPool-1 - Attempting to create/setup new connection (aeae2a25-6ef0-4375-b2e4-07eab3875bd7)
2026-03-15 13:20:20 [HikariPool-1:connection-adder] DEBUG com.zaxxer.hikari.pool.PoolBase - HikariPool-1 - Established new connection (aeae2a25-6ef0-4375-b2e4-07eab3875bd7)
2026-03-15 13:20:20 [HikariPool-1:connection-adder] DEBUG com.zaxxer.hikari.pool.HikariPool - HikariPool-1 - Added connection com.mysql.cj.jdbc.ConnectionImpl@4afa5f64
2026-03-15 13:20:20 [HikariPool-1:connection-adder] DEBUG com.zaxxer.hikari.pool.HikariPool - HikariPool-1 - After adding stats (total=14/20, idle=14/20, active=0, waiting=0)
2026-03-15 13:20:20 [HikariPool-1:connection-adder] DEBUG com.zaxxer.hikari.pool.PoolBase - HikariPool-1 - Attempting to create/setup new connection (07a70f5a-e08a-4851-987d-d170cff9ec6d)
2026-03-15 13:20:20 [HikariPool-1:connection-adder] DEBUG com.zaxxer.hikari.pool.PoolBase - HikariPool-1 - Established new connection (07a70f5a-e08a-4851-987d-d170cff9ec6d)
2026-03-15 13:20:20 [HikariPool-1:connection-adder] DEBUG com.zaxxer.hikari.pool.HikariPool - HikariPool-1 - Added connection com.mysql.cj.jdbc.ConnectionImpl@618fda59
2026-03-15 13:20:21 [HikariPool-1:connection-adder] DEBUG com.zaxxer.hikari.pool.HikariPool - HikariPool-1 - After adding stats (total=15/20, idle=15/20, active=0, waiting=0)
2026-03-15 13:20:21 [HikariPool-1:connection-adder] DEBUG com.zaxxer.hikari.pool.PoolBase - HikariPool-1 - Attempting to create/setup new connection (761d7f62-95b4-43a2-bcfe-398d2264f7af)
2026-03-15 13:20:21 [HikariPool-1:connection-adder] DEBUG com.zaxxer.hikari.pool.PoolBase - HikariPool-1 - Established new connection (761d7f62-95b4-43a2-bcfe-398d2264f7af)
2026-03-15 13:20:21 [HikariPool-1:connection-adder] DEBUG com.zaxxer.hikari.pool.HikariPool - HikariPool-1 - Added connection com.mysql.cj.jdbc.ConnectionImpl@427bdba2
2026-03-15 13:20:21 [HikariPool-1:connection-adder] DEBUG com.zaxxer.hikari.pool.HikariPool - HikariPool-1 - After adding stats (total=16/20, idle=16/20, active=0, waiting=0)
2026-03-15 13:20:21 [HikariPool-1:connection-adder] DEBUG com.zaxxer.hikari.pool.PoolBase - HikariPool-1 - Attempting to create/setup new connection (a20cbb8e-f755-4c18-a1f9-1dc5efb5ce06)
2026-03-15 13:20:21 [HikariPool-1:connection-adder] DEBUG com.zaxxer.hikari.pool.PoolBase - HikariPool-1 - Established new connection (a20cbb8e-f755-4c18-a1f9-1dc5efb5ce06)
2026-03-15 13:20:21 [HikariPool-1:connection-adder] DEBUG com.zaxxer.hikari.pool.HikariPool - HikariPool-1 - Added connection com.mysql.cj.jdbc.ConnectionImpl@6538b454
2026-03-15 13:20:21 [HikariPool-1:connection-adder] DEBUG com.zaxxer.hikari.pool.HikariPool - HikariPool-1 - After adding stats (total=17/20, idle=17/20, active=0, waiting=0)
2026-03-15 13:20:21 [HikariPool-1:connection-adder] DEBUG com.zaxxer.hikari.pool.PoolBase - HikariPool-1 - Attempting to create/setup new connection (6a4d07d3-8770-4a4e-ab20-f7b4dabcfc67)
2026-03-15 13:20:21 [HikariPool-1:connection-adder] DEBUG com.zaxxer.hikari.pool.PoolBase - HikariPool-1 - Established new connection (6a4d07d3-8770-4a4e-ab20-f7b4dabcfc67)
2026-03-15 13:20:21 [HikariPool-1:connection-adder] DEBUG com.zaxxer.hikari.pool.HikariPool - HikariPool-1 - Added connection com.mysql.cj.jdbc.ConnectionImpl@3658c3a5
2026-03-15 13:20:21 [HikariPool-1:connection-adder] DEBUG com.zaxxer.hikari.pool.HikariPool - HikariPool-1 - After adding stats (total=18/20, idle=18/20, active=0, waiting=0)
2026-03-15 13:20:21 [HikariPool-1:connection-adder] DEBUG com.zaxxer.hikari.pool.PoolBase - HikariPool-1 - Attempting to create/setup new connection (33f07d92-0eb6-4c08-aa47-ddbe81a6ebfa)
2026-03-15 13:20:21 [HikariPool-1:connection-adder] DEBUG com.zaxxer.hikari.pool.PoolBase - HikariPool-1 - Established new connection (33f07d92-0eb6-4c08-aa47-ddbe81a6ebfa)
2026-03-15 13:20:21 [HikariPool-1:connection-adder] DEBUG com.zaxxer.hikari.pool.HikariPool - HikariPool-1 - Added connection com.mysql.cj.jdbc.ConnectionImpl@3b97747f
2026-03-15 13:20:21 [HikariPool-1:connection-adder] DEBUG com.zaxxer.hikari.pool.HikariPool - HikariPool-1 - After adding stats (total=19/20, idle=19/20, active=0, waiting=0)
2026-03-15 13:20:21 [HikariPool-1:connection-adder] DEBUG com.zaxxer.hikari.pool.PoolBase - HikariPool-1 - Attempting to create/setup new connection (fe9e8a4d-d8cb-416c-9944-1e9a9397c5fe)
2026-03-15 13:20:21 [HikariPool-1:connection-adder] DEBUG com.zaxxer.hikari.pool.PoolBase - HikariPool-1 - Established new connection (fe9e8a4d-d8cb-416c-9944-1e9a9397c5fe)
2026-03-15 13:20:21 [HikariPool-1:connection-adder] DEBUG com.zaxxer.hikari.pool.HikariPool - HikariPool-1 - Added connection com.mysql.cj.jdbc.ConnectionImpl@7423c86a
2026-03-15 13:20:21 [HikariPool-1:connection-adder] DEBUG com.zaxxer.hikari.pool.HikariPool - HikariPool-1 - After adding stats (total=20/20, idle=20/20, active=0, waiting=0)
2026-03-15 13:20:26 [JavaFX Application Thread] DEBUG application.java.manager.LogManager - [備品一覧画面] ： 選択行 分類種別: 8 分類コード: 1 遷移先画面サイズ : [3]
2026-03-15 13:20:26 [JavaFX Application Thread] INFO  application.java.manager.LogManager - [備品詳細画面] ： 初期化処理
2026-03-15 13:20:26 [JavaFX Application Thread] DEBUG application.java.manager.LogManager - [備品詳細画面] ： リスト表示処理
2026-03-15 13:20:26 [JavaFX Application Thread] DEBUG application.java.manager.LogManager - [SQL操作クラス] ： 非同期処理 SELECT句発行
2026-03-15 13:20:26 [Thread-4] DEBUG application.java.manager.LogManager - [SQL操作クラス] ： SELECT句発行
2026-03-15 13:20:26 [Thread-4] DEBUG application.java.manager.LogManager - [備品詳細画面] ： DB 備品詳細データ取得処理
2026-03-15 13:20:26 [Thread-4] DEBUG o.a.i.t.jdbc.JdbcTransaction - Opening JDBC Connection
2026-03-15 13:20:26 [Thread-4] DEBUG o.a.i.t.jdbc.JdbcTransaction - Setting autocommit to false on JDBC Connection [HikariProxyConnection@1037025734 wrapping com.mysql.cj.jdbc.ConnectionImpl@2d5bd9b]
2026-03-15 13:20:26 [Thread-4] DEBUG a.r.m.I.getTableDetailRecords - ==>  Preparing: WITH BASE_TABLE AS ( SELECT DISTINCT SM.serial_no , SD.id FROM stock_type_master STM /* 参照権限を考慮する場合に用いる INNER JOIN stock_type_data STD ON STM.stock_type = STD.stock_type AND STM.stock_code = STD.stock_code*/ INNER JOIN stock_master SM ON STM.stock_type = SM.stock_type AND STM.stock_code = SM.stock_code AND STM.del = FALSE AND SM.del = FALSE /* 未登録データを考慮しLEFT JOINとする */ LEFT JOIN stock_data SD ON SM.serial_no = SD.serial_no /* 返却済データの除去 ≒ 最新の備品データを取得 */ AND SD.return_date IS NULL AND SD.del = FALSE WHERE 1 = 1 AND STM.stock_type = ? AND STM.stock_code = ? ) SELECT STM.name AS type_name , SM.serial_no AS serialNo , IFNULL(STF.name, '') AS staffName -- 貸出先ユーザー , CASE WHEN SM.rent_flg THEN '4' -- 不可 / 貸出可否(TRUEの場合、貸出不可) WHEN DATEDIFF(CURRENT_DATE (), SD.confirmed_date) > 365 THEN '3' -- 不明 / [confirmed_date]：最終所在確認日 が１年前以前(可・貸出中に関わらず不明とする) WHEN SD.staff_no IS NOT NULL AND (DATEDIFF(CURRENT_DATE(), SD.confirmed_date) <= 365 ) THEN '2' -- 貸出中 WHEN SD.staff_no IS NULL AND (DATEDIFF(CURRENT_DATE(), SD.confirmed_date) <= 365 ) THEN '1' -- 可 ELSE '4' -- 不可 / 備品データが未登録の場合など、異常なデータ END AS rentFlg , IFNULL(DATE_FORMAT(SD.start_date, '%Y/%m/%d'), '-') AS startDate , IFNULL(DATE_FORMAT(SD.limit_date, '%Y/%m/%d'), '-') AS limitDate , IFNULL(DATE_FORMAT(SD.confirmed_date, '%Y/%m/%d'), '-') AS confirmedDate , SM.name AS model , SM.maker AS maker , IFNULL(SD.parent_stock_code, '-') AS destinationSerialNo -- 親シリアルナンバー , GCM.value_1 AS type , IFNULL(DATE_FORMAT(SM.expiry_date, '%Y/%m/%d'), '-') AS leaseDate , SM.remarks AS remarks , SM.stock_type , SM.stock_code , SD.id AS stockDataId , SD.staff_no AS staff_no FROM BASE_TABLE B INNER JOIN stock_master SM ON B.serial_no = SM.serial_no INNER JOIN stock_type_master STM ON SM.stock_type = STM.stock_type AND SM.stock_code = STM.stock_code /* 未登録データを考慮しLEFT JOINとする */ LEFT JOIN stock_data SD ON B.id = SD.id /* 未登録データを考慮しLEFT JOINとする */ LEFT JOIN staff_master STF ON SD.staff_no = STF.staff_no /* 未登録データを考慮しLEFT JOINとする */ LEFT JOIN generic_code_master GCM ON SM.asset_type = GCM.type_key AND GCM.generic_key = 'ASSET_TYPE' WHERE 1 = 1 ORDER BY SM.serial_no
2026-03-15 13:20:26 [Thread-4] DEBUG a.r.m.I.getTableDetailRecords - ==> Parameters: 8(Integer), 1(String)
2026-03-15 13:20:26 [Thread-4] DEBUG a.r.m.I.getTableDetailRecords - <==      Total: 1
2026-03-15 13:20:26 [Thread-4] DEBUG o.a.i.t.jdbc.JdbcTransaction - Resetting autocommit to true on JDBC Connection [HikariProxyConnection@1037025734 wrapping com.mysql.cj.jdbc.ConnectionImpl@2d5bd9b]
2026-03-15 13:20:26 [Thread-4] DEBUG o.a.i.t.jdbc.JdbcTransaction - Closing JDBC Connection [HikariProxyConnection@1037025734 wrapping com.mysql.cj.jdbc.ConnectionImpl@2d5bd9b]
2026-03-15 13:20:26 [JavaFX Application Thread] INFO  application.java.manager.LogManager - 画面展開 [setPage] : 備品詳細画面
2026-03-15 13:20:30 [JavaFX Application Thread] INFO  application.java.manager.LogManager - [備品詳細画面] ： [貸出]ボタン押下
2026-03-15 13:20:30 [JavaFX Application Thread] INFO  application.java.manager.LogManager - [備品貸出画面] ： 初期化処理
2026-03-15 13:20:30 [JavaFX Application Thread] DEBUG application.java.manager.LogManager - [備品貸出画面] ： 使用者一覧(ComboBox 選択リスト)取得処理
2026-03-15 13:20:30 [JavaFX Application Thread] DEBUG application.java.manager.LogManager - [SQL操作クラス] ： 非同期処理 SELECT句発行
2026-03-15 13:20:30 [JavaFX Application Thread] DEBUG application.java.manager.LogManager - [備品貸出画面] ： リスト表示処理
2026-03-15 13:20:30 [JavaFX Application Thread] DEBUG application.java.manager.LogManager - [SQL操作クラス] ： 非同期処理 SELECT句発行
2026-03-15 13:20:30 [Thread-5] DEBUG application.java.manager.LogManager - [SQL操作クラス] ： SELECT句発行
2026-03-15 13:20:30 [Thread-5] DEBUG application.java.manager.LogManager - [備品貸出画面] ： DB 社員マスタ取得処理
2026-03-15 13:20:30 [Thread-6] DEBUG application.java.manager.LogManager - [SQL操作クラス] ： SELECT句発行
2026-03-15 13:20:30 [Thread-6] DEBUG application.java.manager.LogManager - [備品貸出画面] ： DB 備品(貸出)データ取得処理
2026-03-15 13:20:30 [Thread-5] DEBUG o.a.i.t.jdbc.JdbcTransaction - Opening JDBC Connection
2026-03-15 13:20:30 [Thread-6] DEBUG o.a.i.t.jdbc.JdbcTransaction - Opening JDBC Connection
2026-03-15 13:20:30 [Thread-6] DEBUG o.a.i.t.jdbc.JdbcTransaction - Setting autocommit to false on JDBC Connection [HikariProxyConnection@1426611962 wrapping com.mysql.cj.jdbc.ConnectionImpl@12b2dc21]
2026-03-15 13:20:30 [Thread-5] DEBUG o.a.i.t.jdbc.JdbcTransaction - Setting autocommit to false on JDBC Connection [HikariProxyConnection@1745187312 wrapping com.mysql.cj.jdbc.ConnectionImpl@2d5bd9b]
2026-03-15 13:20:30 [Thread-5] DEBUG a.r.m.I.getStaffMasterData - ==>  Preparing: SELECT SM.staff_no AS staffNo, SM.name AS staffName FROM staff_master SM WHERE 1 = 1 AND SM.del = FALSE ORDER BY SM.staff_no
2026-03-15 13:20:30 [Thread-6] DEBUG a.r.m.I.getTableReturnableStockData - ==>  Preparing: WITH BASE_TABLE AS ( SELECT DISTINCT SM.serial_no , SD.id FROM stock_type_master STM /* 参照権限を考慮する場合に用いる INNER JOIN stock_type_data STD ON STM.stock_type = STD.stock_type AND STM.stock_code = STD.stock_code*/ INNER JOIN stock_master SM ON STM.stock_type = SM.stock_type AND STM.stock_code = SM.stock_code AND STM.del = FALSE AND SM.del = FALSE AND SM.rent_flg = FALSE INNER JOIN stock_data SD ON SM.serial_no = SD.serial_no /* 返却済データの除去 ≒ 最新の備品データを取得 */ AND SD.return_date IS NULL AND SD.del = FALSE /* [在庫](返却)データの取得(社員番号が設定されていないデータ) */ AND SD.staff_no IS NULL /* [不明]のデータは対象としない */ AND (DATEDIFF(CURRENT_DATE(), SD.confirmed_date) <= 365 ) WHERE 1 = 1 AND STM.stock_type = ? AND STM.stock_code = ? ) SELECT STM.name AS type_name , SM.serial_no AS serialNo , '' AS staffName , IFNULL(DATE_FORMAT(SD.start_date, '%Y/%m/%d'), '') AS startDate , IFNULL(DATE_FORMAT(SD.limit_date, '%Y/%m/%d'), '') AS limitDate , SM.remarks AS remarks , SM.stock_type , SM.stock_code , SD.id AS stockDataId FROM BASE_TABLE B INNER JOIN stock_master SM ON B.serial_no = SM.serial_no INNER JOIN stock_type_master STM ON SM.stock_type = STM.stock_type AND SM.stock_code = STM.stock_code INNER JOIN stock_data SD ON B.id = SD.id WHERE 1 = 1 ORDER BY SM.serial_no
2026-03-15 13:20:30 [Thread-5] DEBUG a.r.m.I.getStaffMasterData - ==> Parameters: 
2026-03-15 13:20:30 [Thread-6] DEBUG a.r.m.I.getTableReturnableStockData - ==> Parameters: 8(Integer), 1(String)
2026-03-15 13:20:30 [Thread-5] DEBUG a.r.m.I.getStaffMasterData - <==      Total: 5
2026-03-15 13:20:30 [Thread-5] DEBUG o.a.i.t.jdbc.JdbcTransaction - Resetting autocommit to true on JDBC Connection [HikariProxyConnection@1745187312 wrapping com.mysql.cj.jdbc.ConnectionImpl@2d5bd9b]
2026-03-15 13:20:30 [Thread-5] DEBUG o.a.i.t.jdbc.JdbcTransaction - Closing JDBC Connection [HikariProxyConnection@1745187312 wrapping com.mysql.cj.jdbc.ConnectionImpl@2d5bd9b]
2026-03-15 13:20:30 [Thread-6] DEBUG a.r.m.I.getTableReturnableStockData - <==      Total: 1
2026-03-15 13:20:30 [Thread-6] DEBUG o.a.i.t.jdbc.JdbcTransaction - Resetting autocommit to true on JDBC Connection [HikariProxyConnection@1426611962 wrapping com.mysql.cj.jdbc.ConnectionImpl@12b2dc21]
2026-03-15 13:20:30 [Thread-6] DEBUG o.a.i.t.jdbc.JdbcTransaction - Closing JDBC Connection [HikariProxyConnection@1426611962 wrapping com.mysql.cj.jdbc.ConnectionImpl@12b2dc21]
2026-03-15 13:20:30 [JavaFX Application Thread] INFO  application.java.manager.LogManager - 画面展開 [setPage] : 備品貸出画面
2026-03-15 13:20:31 [JavaFX Application Thread] INFO  application.java.manager.LogManager - [備品貸出画面] ： [戻る]ボタン押下
2026-03-15 13:20:31 [JavaFX Application Thread] INFO  application.java.manager.LogManager - [備品詳細画面] ： 初期化処理
2026-03-15 13:20:31 [JavaFX Application Thread] DEBUG application.java.manager.LogManager - [備品詳細画面] ： リスト表示処理
2026-03-15 13:20:31 [JavaFX Application Thread] DEBUG application.java.manager.LogManager - [SQL操作クラス] ： 非同期処理 SELECT句発行
2026-03-15 13:20:31 [Thread-7] DEBUG application.java.manager.LogManager - [SQL操作クラス] ： SELECT句発行
2026-03-15 13:20:31 [Thread-7] DEBUG application.java.manager.LogManager - [備品詳細画面] ： DB 備品詳細データ取得処理
2026-03-15 13:20:31 [Thread-7] DEBUG o.a.i.t.jdbc.JdbcTransaction - Opening JDBC Connection
2026-03-15 13:20:31 [Thread-7] DEBUG o.a.i.t.jdbc.JdbcTransaction - Setting autocommit to false on JDBC Connection [HikariProxyConnection@479871173 wrapping com.mysql.cj.jdbc.ConnectionImpl@2d5bd9b]
2026-03-15 13:20:31 [Thread-7] DEBUG a.r.m.I.getTableDetailRecords - ==>  Preparing: WITH BASE_TABLE AS ( SELECT DISTINCT SM.serial_no , SD.id FROM stock_type_master STM /* 参照権限を考慮する場合に用いる INNER JOIN stock_type_data STD ON STM.stock_type = STD.stock_type AND STM.stock_code = STD.stock_code*/ INNER JOIN stock_master SM ON STM.stock_type = SM.stock_type AND STM.stock_code = SM.stock_code AND STM.del = FALSE AND SM.del = FALSE /* 未登録データを考慮しLEFT JOINとする */ LEFT JOIN stock_data SD ON SM.serial_no = SD.serial_no /* 返却済データの除去 ≒ 最新の備品データを取得 */ AND SD.return_date IS NULL AND SD.del = FALSE WHERE 1 = 1 AND STM.stock_type = ? AND STM.stock_code = ? ) SELECT STM.name AS type_name , SM.serial_no AS serialNo , IFNULL(STF.name, '') AS staffName -- 貸出先ユーザー , CASE WHEN SM.rent_flg THEN '4' -- 不可 / 貸出可否(TRUEの場合、貸出不可) WHEN DATEDIFF(CURRENT_DATE (), SD.confirmed_date) > 365 THEN '3' -- 不明 / [confirmed_date]：最終所在確認日 が１年前以前(可・貸出中に関わらず不明とする) WHEN SD.staff_no IS NOT NULL AND (DATEDIFF(CURRENT_DATE(), SD.confirmed_date) <= 365 ) THEN '2' -- 貸出中 WHEN SD.staff_no IS NULL AND (DATEDIFF(CURRENT_DATE(), SD.confirmed_date) <= 365 ) THEN '1' -- 可 ELSE '4' -- 不可 / 備品データが未登録の場合など、異常なデータ END AS rentFlg , IFNULL(DATE_FORMAT(SD.start_date, '%Y/%m/%d'), '-') AS startDate , IFNULL(DATE_FORMAT(SD.limit_date, '%Y/%m/%d'), '-') AS limitDate , IFNULL(DATE_FORMAT(SD.confirmed_date, '%Y/%m/%d'), '-') AS confirmedDate , SM.name AS model , SM.maker AS maker , IFNULL(SD.parent_stock_code, '-') AS destinationSerialNo -- 親シリアルナンバー , GCM.value_1 AS type , IFNULL(DATE_FORMAT(SM.expiry_date, '%Y/%m/%d'), '-') AS leaseDate , SM.remarks AS remarks , SM.stock_type , SM.stock_code , SD.id AS stockDataId , SD.staff_no AS staff_no FROM BASE_TABLE B INNER JOIN stock_master SM ON B.serial_no = SM.serial_no INNER JOIN stock_type_master STM ON SM.stock_type = STM.stock_type AND SM.stock_code = STM.stock_code /* 未登録データを考慮しLEFT JOINとする */ LEFT JOIN stock_data SD ON B.id = SD.id /* 未登録データを考慮しLEFT JOINとする */ LEFT JOIN staff_master STF ON SD.staff_no = STF.staff_no /* 未登録データを考慮しLEFT JOINとする */ LEFT JOIN generic_code_master GCM ON SM.asset_type = GCM.type_key AND GCM.generic_key = 'ASSET_TYPE' WHERE 1 = 1 ORDER BY SM.serial_no
2026-03-15 13:20:31 [Thread-7] DEBUG a.r.m.I.getTableDetailRecords - ==> Parameters: 8(Integer), 1(String)
2026-03-15 13:20:31 [Thread-7] DEBUG a.r.m.I.getTableDetailRecords - <==      Total: 1
2026-03-15 13:20:31 [Thread-7] DEBUG o.a.i.t.jdbc.JdbcTransaction - Resetting autocommit to true on JDBC Connection [HikariProxyConnection@479871173 wrapping com.mysql.cj.jdbc.ConnectionImpl@2d5bd9b]
2026-03-15 13:20:31 [Thread-7] DEBUG o.a.i.t.jdbc.JdbcTransaction - Closing JDBC Connection [HikariProxyConnection@479871173 wrapping com.mysql.cj.jdbc.ConnectionImpl@2d5bd9b]
2026-03-15 13:20:31 [JavaFX Application Thread] INFO  application.java.manager.LogManager - 画面展開 [setPage] : 備品詳細画面
2026-03-15 13:20:32 [JavaFX Application Thread] INFO  application.java.manager.LogManager - [備品詳細画面] ： [一覧に戻る]ボタン押下
2026-03-15 13:20:32 [JavaFX Application Thread] INFO  application.java.manager.LogManager - [備品一覧画面] ： 初期化処理
2026-03-15 13:20:32 [JavaFX Application Thread] DEBUG application.java.manager.LogManager - [備品一覧画面] ： リスト表示処理
2026-03-15 13:20:32 [JavaFX Application Thread] DEBUG application.java.manager.LogManager - [SQL操作クラス] ： 非同期処理 SELECT句発行
2026-03-15 13:20:32 [Thread-8] DEBUG application.java.manager.LogManager - [SQL操作クラス] ： SELECT句発行
2026-03-15 13:20:32 [Thread-8] DEBUG o.a.i.t.jdbc.JdbcTransaction - Opening JDBC Connection
2026-03-15 13:20:32 [Thread-8] DEBUG o.a.i.t.jdbc.JdbcTransaction - Setting autocommit to false on JDBC Connection [HikariProxyConnection@1730352536 wrapping com.mysql.cj.jdbc.ConnectionImpl@2d5bd9b]
2026-03-15 13:20:32 [Thread-8] DEBUG a.r.m.I.getTableRecords - ==>  Preparing: WITH SUB_TOTAL AS ( SELECT ST.stock_type , ST.stock_code , SUM(CASE WHEN SD.staff_no IS NOT NULL AND (DATEDIFF(CURRENT_DATE(), SD.confirmed_date) <= 365 ) THEN 1 ELSE 0 END) AS lending_count -- 貸出備品の数 , SUM(CASE /* 在庫 = [staff_no]：貸出先ユーザーの社員番号 が未設定(NULL) 且つ [return_date]：返却日が未設定(NULL) 且つ [confirmed_date]：最終所在確認日 が１年以内 */ WHEN SD.staff_no IS NULL AND (DATEDIFF(CURRENT_DATE(), SD.confirmed_date) <= 365 ) THEN 1 ELSE 0 END) AS stock_count -- 在庫備品の数 , SUM(CASE /* 不明 = [return_date]：返却日が未設定(NULL) 且つ [confirmed_date]：最終所在確認日 が１年前以前 ※ 貸出中・在庫を問わず１年前以前のデータを不明とする */ WHEN (DATEDIFF(CURRENT_DATE(), SD.confirmed_date) > 365 ) THEN 1 ELSE 0 END) AS unknown_count -- 不明備品の数 FROM (SELECT stock_type , stock_code FROM stock_type_master WHERE 1 = 1 AND del = FALSE) ST INNER JOIN stock_master SM ON ST.stock_type = SM.stock_type AND ST.stock_code = SM.stock_code AND SM.del = FALSE /* 未登録データを考慮しLEFT JOINとする */ LEFT JOIN stock_data SD ON SM.serial_no = SD.serial_no /* 返却済データの除去 */ AND SD.return_date IS NULL AND SD.del = FALSE WHERE 1 = 1 GROUP BY ST.stock_type , ST.stock_code ) SELECT ST.stock_type AS type, ST.stock_code AS code, ST.name AS itemName, IFNULL(S.lending_count, 0) AS loanCount, IFNULL(S.stock_count, 0) AS returnCount, IFNULL(S.unknown_count, 0) AS unknownCount, IFNULL(S.lending_count + S.stock_count, 0) AS totalCount /* 追加項目：遷移先画面サイズ */ , IFNULL( GCM.value_1, '1') AS windowSize FROM stock_type_master ST INNER JOIN SUB_TOTAL S ON ST.stock_type = S.stock_type AND ST.stock_code = S.stock_code /* 追加項目 遷移先画面サイズ */ LEFT JOIN generic_code_master GCM ON CAST(ST.stock_type AS CHAR) = GCM.type_key AND ST.stock_code = GCM.code AND GCM.generic_key = 'WINDOW_SIZE' WHERE 1 = 1 ORDER BY ST.stock_type , St.stock_code
2026-03-15 13:20:32 [Thread-8] DEBUG a.r.m.I.getTableRecords - ==> Parameters: 
2026-03-15 13:20:32 [Thread-8] DEBUG a.r.m.I.getTableRecords - <==      Total: 16
2026-03-15 13:20:32 [Thread-8] DEBUG o.a.i.t.jdbc.JdbcTransaction - Resetting autocommit to true on JDBC Connection [HikariProxyConnection@1730352536 wrapping com.mysql.cj.jdbc.ConnectionImpl@2d5bd9b]
2026-03-15 13:20:32 [Thread-8] DEBUG o.a.i.t.jdbc.JdbcTransaction - Closing JDBC Connection [HikariProxyConnection@1730352536 wrapping com.mysql.cj.jdbc.ConnectionImpl@2d5bd9b]
2026-03-15 13:20:32 [JavaFX Application Thread] INFO  application.java.manager.LogManager - 画面展開 [setPage] : 備品一覧画面
2026-03-15 13:20:34 [JavaFX Application Thread] DEBUG application.java.manager.LogManager - [SQL操作クラス] ： 非同期処理 スレッドプール解放
2026-03-15 13:20:34 [JavaFX Application Thread] INFO  com.zaxxer.hikari.HikariDataSource - HikariPool-1 - Shutdown initiated...
2026-03-15 13:20:34 [JavaFX Application Thread] DEBUG com.zaxxer.hikari.pool.HikariPool - HikariPool-1 - Before shutdown stats (total=20/20, idle=20/20, active=0, waiting=0)
2026-03-15 13:20:34 [HikariPool-1:connection-closer] DEBUG com.zaxxer.hikari.pool.PoolBase - HikariPool-1 - Closing connection com.mysql.cj.jdbc.ConnectionImpl@2d5bd9b: (connection evicted)
2026-03-15 13:20:34 [HikariPool-1:connection-closer] DEBUG com.zaxxer.hikari.pool.PoolBase - HikariPool-1 - Closing connection com.mysql.cj.jdbc.ConnectionImpl@12b2dc21: (connection evicted)
2026-03-15 13:20:34 [HikariPool-1:connection-closer] DEBUG com.zaxxer.hikari.pool.PoolBase - HikariPool-1 - Closing connection com.mysql.cj.jdbc.ConnectionImpl@6641ee7d: (connection evicted)
2026-03-15 13:20:34 [HikariPool-1:connection-closer] DEBUG com.zaxxer.hikari.pool.PoolBase - HikariPool-1 - Closing connection com.mysql.cj.jdbc.ConnectionImpl@1eb2039f: (connection evicted)
2026-03-15 13:20:34 [HikariPool-1:connection-closer] DEBUG com.zaxxer.hikari.pool.PoolBase - HikariPool-1 - Closing connection com.mysql.cj.jdbc.ConnectionImpl@5afb0b5a: (connection evicted)
2026-03-15 13:20:34 [HikariPool-1:connection-closer] DEBUG com.zaxxer.hikari.pool.PoolBase - HikariPool-1 - Closing connection com.mysql.cj.jdbc.ConnectionImpl@5b68d26: (connection evicted)
2026-03-15 13:20:34 [HikariPool-1:connection-closer] DEBUG com.zaxxer.hikari.pool.PoolBase - HikariPool-1 - Closing connection com.mysql.cj.jdbc.ConnectionImpl@354d8a38: (connection evicted)
2026-03-15 13:20:34 [HikariPool-1:connection-closer] DEBUG com.zaxxer.hikari.pool.PoolBase - HikariPool-1 - Closing connection com.mysql.cj.jdbc.ConnectionImpl@39c179e6: (connection evicted)
2026-03-15 13:20:34 [HikariPool-1:connection-closer] DEBUG com.zaxxer.hikari.pool.PoolBase - HikariPool-1 - Closing connection com.mysql.cj.jdbc.ConnectionImpl@2098ad05: (connection evicted)
2026-03-15 13:20:34 [HikariPool-1:connection-closer] DEBUG com.zaxxer.hikari.pool.PoolBase - HikariPool-1 - Closing connection com.mysql.cj.jdbc.ConnectionImpl@6228c219: (connection evicted)
2026-03-15 13:20:34 [HikariPool-1:connection-closer] DEBUG com.zaxxer.hikari.pool.PoolBase - HikariPool-1 - Closing connection com.mysql.cj.jdbc.ConnectionImpl@11d44e9c: (connection evicted)
2026-03-15 13:20:34 [HikariPool-1:connection-closer] DEBUG com.zaxxer.hikari.pool.PoolBase - HikariPool-1 - Closing connection com.mysql.cj.jdbc.ConnectionImpl@41552487: (connection evicted)
2026-03-15 13:20:34 [HikariPool-1:connection-closer] DEBUG com.zaxxer.hikari.pool.PoolBase - HikariPool-1 - Closing connection com.mysql.cj.jdbc.ConnectionImpl@f56dd96: (connection evicted)
2026-03-15 13:20:34 [HikariPool-1:connection-closer] DEBUG com.zaxxer.hikari.pool.PoolBase - HikariPool-1 - Closing connection com.mysql.cj.jdbc.ConnectionImpl@4afa5f64: (connection evicted)
2026-03-15 13:20:34 [HikariPool-1:connection-closer] DEBUG com.zaxxer.hikari.pool.PoolBase - HikariPool-1 - Closing connection com.mysql.cj.jdbc.ConnectionImpl@618fda59: (connection evicted)
2026-03-15 13:20:34 [HikariPool-1:connection-closer] DEBUG com.zaxxer.hikari.pool.PoolBase - HikariPool-1 - Closing connection com.mysql.cj.jdbc.ConnectionImpl@427bdba2: (connection evicted)
2026-03-15 13:20:34 [HikariPool-1:connection-closer] DEBUG com.zaxxer.hikari.pool.PoolBase - HikariPool-1 - Closing connection com.mysql.cj.jdbc.ConnectionImpl@6538b454: (connection evicted)
2026-03-15 13:20:34 [HikariPool-1:connection-closer] DEBUG com.zaxxer.hikari.pool.PoolBase - HikariPool-1 - Closing connection com.mysql.cj.jdbc.ConnectionImpl@3658c3a5: (connection evicted)
2026-03-15 13:20:34 [HikariPool-1:connection-closer] DEBUG com.zaxxer.hikari.pool.PoolBase - HikariPool-1 - Closing connection com.mysql.cj.jdbc.ConnectionImpl@3b97747f: (connection evicted)
2026-03-15 13:20:34 [HikariPool-1:connection-closer] DEBUG com.zaxxer.hikari.pool.PoolBase - HikariPool-1 - Closing connection com.mysql.cj.jdbc.ConnectionImpl@7423c86a: (connection evicted)
2026-03-15 13:20:34 [JavaFX Application Thread] DEBUG com.zaxxer.hikari.pool.HikariPool - HikariPool-1 - After  shutdown stats (total=0/20, idle=0/20, active=0, waiting=0)
2026-03-15 13:20:34 [JavaFX Application Thread] INFO  com.zaxxer.hikari.HikariDataSource - HikariPool-1 - Shutdown completed.
2026-03-15 13:20:34 [JavaFX Application Thread] DEBUG application.java.manager.LogManager - [SQL操作クラス] ： コネクションプール(HikariCP) Closeing
2026-03-15 13:20:34 [JavaFX Application Thread] INFO  application.java.manager.LogManager - 終了処理 : 完了
2026-03-15 13:21:19 [main] INFO  application.java.manager.LogManager - 備品管理システム : 起動
2026-03-15 13:21:19 [JavaFX Application Thread] INFO  application.java.manager.LogManager - 開始処理 : 画面ウィンドウ枠生成
2026-03-15 13:21:19 [JavaFX Application Thread] INFO  application.java.manager.LogManager - [メニュー画面] ： 初期化処理
2026-03-15 13:21:19 [JavaFX Application Thread] DEBUG application.java.manager.LogManager - Window切替 [setWindowFrame] : TRANSPARENT(透明枠・背景色透明)
2026-03-15 13:21:20 [JavaFX Application Thread] INFO  application.java.manager.LogManager - 画面展開 [setPage] : メニュー画面
2026-03-15 15:00:29 [JavaFX Application Thread] INFO  application.java.manager.LogManager - [メニュー画面] ： [貸出業務]ボタン押下
2026-03-15 15:00:29 [JavaFX Application Thread] INFO  application.java.manager.LogManager - [備品一覧画面] ： 初期化処理
2026-03-15 15:00:29 [JavaFX Application Thread] DEBUG application.java.manager.LogManager - Window切替 [setWindowFrame] : DECORATED(標準)
2026-03-15 15:00:29 [JavaFX Application Thread] INFO  application.java.manager.LogManager - [SQL操作クラス] ： 非同期処理 スレッドプール作成
2026-03-15 15:00:29 [JavaFX Application Thread] INFO  application.java.manager.LogManager - [SQL操作クラス] ： SQL Session生成
2026-03-15 15:00:29 [JavaFX Application Thread] DEBUG application.java.manager.LogManager - [SQL操作クラス] ： mybatis有効化
2026-03-15 15:00:29 [JavaFX Application Thread] DEBUG o.apache.ibatis.logging.LogFactory - Logging initialized using 'class org.apache.ibatis.logging.slf4j.Slf4jImpl' adapter.
2026-03-15 15:00:29 [JavaFX Application Thread] DEBUG o.apache.ibatis.logging.LogFactory - Logging initialized using 'class org.apache.ibatis.logging.slf4j.Slf4jImpl' adapter.
2026-03-15 15:00:29 [JavaFX Application Thread] DEBUG com.zaxxer.hikari.util.UtilityElf - Class com.mysql.cj.jdbc.Driver found in Thread context class loader jdk.internal.loader.ClassLoaders$AppClassLoader@568db2f2
2026-03-15 15:00:29 [JavaFX Application Thread] DEBUG application.java.manager.LogManager - [備品一覧画面] ： リスト表示処理
2026-03-15 15:00:29 [JavaFX Application Thread] DEBUG application.java.manager.LogManager - [SQL操作クラス] ： 非同期処理 SELECT句発行
2026-03-15 15:00:29 [Thread-3] DEBUG application.java.manager.LogManager - [SQL操作クラス] ： SELECT句発行
2026-03-15 15:00:29 [JavaFX Application Thread] INFO  application.java.manager.LogManager - 画面展開 [setPage] : 備品一覧画面
2026-03-15 15:00:29 [Thread-3] DEBUG o.a.i.t.jdbc.JdbcTransaction - Opening JDBC Connection
2026-03-15 15:00:29 [Thread-3] DEBUG com.zaxxer.hikari.HikariConfig - HikariPool-1 - configuration:
2026-03-15 15:00:29 [Thread-3] DEBUG com.zaxxer.hikari.HikariConfig - allowPoolSuspension.............false
2026-03-15 15:00:29 [Thread-3] DEBUG com.zaxxer.hikari.HikariConfig - autoCommit......................true
2026-03-15 15:00:29 [Thread-3] DEBUG com.zaxxer.hikari.HikariConfig - catalog.........................none
2026-03-15 15:00:29 [Thread-3] DEBUG com.zaxxer.hikari.HikariConfig - connectionInitSql...............none
2026-03-15 15:00:29 [Thread-3] DEBUG com.zaxxer.hikari.HikariConfig - connectionTestQuery.............none
2026-03-15 15:00:29 [Thread-3] DEBUG com.zaxxer.hikari.HikariConfig - connectionTimeout...............30000
2026-03-15 15:00:29 [Thread-3] DEBUG com.zaxxer.hikari.HikariConfig - credentials.....................com.zaxxer.hikari.util.Credentials@1f19c1be
2026-03-15 15:00:29 [Thread-3] DEBUG com.zaxxer.hikari.HikariConfig - credentialsProvider.............none
2026-03-15 15:00:29 [Thread-3] DEBUG com.zaxxer.hikari.HikariConfig - credentialsProviderClassName....none
2026-03-15 15:00:29 [Thread-3] DEBUG com.zaxxer.hikari.HikariConfig - dataSource......................none
2026-03-15 15:00:29 [Thread-3] DEBUG com.zaxxer.hikari.HikariConfig - dataSourceClassName.............none
2026-03-15 15:00:29 [Thread-3] DEBUG com.zaxxer.hikari.HikariConfig - dataSourceJNDI..................none
2026-03-15 15:00:29 [Thread-3] DEBUG com.zaxxer.hikari.HikariConfig - dataSourceProperties............{password=<masked>}
2026-03-15 15:00:29 [Thread-3] DEBUG com.zaxxer.hikari.HikariConfig - driverClassName................."com.mysql.cj.jdbc.Driver"
2026-03-15 15:00:29 [Thread-3] DEBUG com.zaxxer.hikari.HikariConfig - exceptionOverride...............none
2026-03-15 15:00:29 [Thread-3] DEBUG com.zaxxer.hikari.HikariConfig - exceptionOverrideClassName......none
2026-03-15 15:00:29 [Thread-3] DEBUG com.zaxxer.hikari.HikariConfig - healthCheckProperties...........{}
2026-03-15 15:00:29 [Thread-3] DEBUG com.zaxxer.hikari.HikariConfig - healthCheckRegistry.............none
2026-03-15 15:00:29 [Thread-3] DEBUG com.zaxxer.hikari.HikariConfig - idleTimeout.....................600000
2026-03-15 15:00:29 [Thread-3] DEBUG com.zaxxer.hikari.HikariConfig - initializationFailTimeout.......1
2026-03-15 15:00:29 [Thread-3] DEBUG com.zaxxer.hikari.HikariConfig - isolateInternalQueries..........false
2026-03-15 15:00:29 [Thread-3] DEBUG com.zaxxer.hikari.HikariConfig - jdbcUrl.........................jdbc:mysql://localhost:3306/java_learning?useUnicode=true&characterEncoding=UTF-8&serverTimezone=GMT%2B9&useSSL=false&allowPublicKeyRetrieval=true&useCursorFetch=true
2026-03-15 15:00:29 [Thread-3] DEBUG com.zaxxer.hikari.HikariConfig - keepaliveTime...................120000
2026-03-15 15:00:29 [Thread-3] DEBUG com.zaxxer.hikari.HikariConfig - leakDetectionThreshold..........0
2026-03-15 15:00:29 [Thread-3] DEBUG com.zaxxer.hikari.HikariConfig - maxLifetime.....................1800000
2026-03-15 15:00:29 [Thread-3] DEBUG com.zaxxer.hikari.HikariConfig - maximumPoolSize.................20
2026-03-15 15:00:29 [Thread-3] DEBUG com.zaxxer.hikari.HikariConfig - metricRegistry..................none
2026-03-15 15:00:29 [Thread-3] DEBUG com.zaxxer.hikari.HikariConfig - metricsTrackerFactory...........none
2026-03-15 15:00:29 [Thread-3] DEBUG com.zaxxer.hikari.HikariConfig - minimumIdle.....................20
2026-03-15 15:00:29 [Thread-3] DEBUG com.zaxxer.hikari.HikariConfig - password........................<masked>
2026-03-15 15:00:29 [Thread-3] DEBUG com.zaxxer.hikari.HikariConfig - poolName........................"HikariPool-1"
2026-03-15 15:00:29 [Thread-3] DEBUG com.zaxxer.hikari.HikariConfig - readOnly........................false
2026-03-15 15:00:29 [Thread-3] DEBUG com.zaxxer.hikari.HikariConfig - registerMbeans..................false
2026-03-15 15:00:29 [Thread-3] DEBUG com.zaxxer.hikari.HikariConfig - scheduledExecutor...............none
2026-03-15 15:00:29 [Thread-3] DEBUG com.zaxxer.hikari.HikariConfig - schema..........................none
2026-03-15 15:00:29 [Thread-3] DEBUG com.zaxxer.hikari.HikariConfig - threadFactory...................internal
2026-03-15 15:00:29 [Thread-3] DEBUG com.zaxxer.hikari.HikariConfig - transactionIsolation............default
2026-03-15 15:00:29 [Thread-3] DEBUG com.zaxxer.hikari.HikariConfig - username........................"user"
2026-03-15 15:00:29 [Thread-3] DEBUG com.zaxxer.hikari.HikariConfig - validationTimeout...............5000
2026-03-15 15:00:29 [Thread-3] INFO  com.zaxxer.hikari.HikariDataSource - HikariPool-1 - Starting...
2026-03-15 15:00:29 [Thread-3] DEBUG com.zaxxer.hikari.pool.PoolBase - HikariPool-1 - Attempting to create/setup new connection (d0431a46-4722-46c2-ba2d-d15c90642876)
2026-03-15 15:00:30 [Thread-3] DEBUG com.zaxxer.hikari.pool.PoolBase - HikariPool-1 - Established new connection (d0431a46-4722-46c2-ba2d-d15c90642876)
2026-03-15 15:00:30 [Thread-3] INFO  com.zaxxer.hikari.pool.HikariPool - HikariPool-1 - Added connection com.mysql.cj.jdbc.ConnectionImpl@7dd8dccd
2026-03-15 15:00:30 [Thread-3] INFO  com.zaxxer.hikari.HikariDataSource - HikariPool-1 - Start completed.
2026-03-15 15:00:30 [Thread-3] DEBUG o.a.i.t.jdbc.JdbcTransaction - Setting autocommit to false on JDBC Connection [HikariProxyConnection@315640812 wrapping com.mysql.cj.jdbc.ConnectionImpl@7dd8dccd]
2026-03-15 15:00:30 [Thread-3] DEBUG a.r.m.I.getTableRecords - ==>  Preparing: WITH SUB_TOTAL AS ( SELECT ST.stock_type , ST.stock_code , SUM(CASE WHEN SD.staff_no IS NOT NULL AND (DATEDIFF(CURRENT_DATE(), SD.confirmed_date) <= 365 ) THEN 1 ELSE 0 END) AS lending_count -- 貸出備品の数 , SUM(CASE /* 在庫 = [staff_no]：貸出先ユーザーの社員番号 が未設定(NULL) 且つ [return_date]：返却日が未設定(NULL) 且つ [confirmed_date]：最終所在確認日 が１年以内 */ WHEN SD.staff_no IS NULL AND (DATEDIFF(CURRENT_DATE(), SD.confirmed_date) <= 365 ) THEN 1 ELSE 0 END) AS stock_count -- 在庫備品の数 , SUM(CASE /* 不明 = [return_date]：返却日が未設定(NULL) 且つ [confirmed_date]：最終所在確認日 が１年前以前 ※ 貸出中・在庫を問わず１年前以前のデータを不明とする */ WHEN (DATEDIFF(CURRENT_DATE(), SD.confirmed_date) > 365 ) THEN 1 ELSE 0 END) AS unknown_count -- 不明備品の数 FROM (SELECT stock_type , stock_code FROM stock_type_master WHERE 1 = 1 AND del = FALSE) ST INNER JOIN stock_master SM ON ST.stock_type = SM.stock_type AND ST.stock_code = SM.stock_code AND SM.del = FALSE /* 未登録データを考慮しLEFT JOINとする */ LEFT JOIN stock_data SD ON SM.serial_no = SD.serial_no /* 返却済データの除去 */ AND SD.return_date IS NULL AND SD.del = FALSE WHERE 1 = 1 GROUP BY ST.stock_type , ST.stock_code ) SELECT ST.stock_type AS type, ST.stock_code AS code, ST.name AS itemName, IFNULL(S.lending_count, 0) AS loanCount, IFNULL(S.stock_count, 0) AS returnCount, IFNULL(S.unknown_count, 0) AS unknownCount, IFNULL(S.lending_count + S.stock_count, 0) AS totalCount /* 追加項目：遷移先画面サイズ */ , IFNULL( GCM.value_1, '1') AS windowSize FROM stock_type_master ST INNER JOIN SUB_TOTAL S ON ST.stock_type = S.stock_type AND ST.stock_code = S.stock_code /* 追加項目 遷移先画面サイズ */ LEFT JOIN generic_code_master GCM ON CAST(ST.stock_type AS CHAR) = GCM.type_key AND ST.stock_code = GCM.code AND GCM.generic_key = 'WINDOW_SIZE' WHERE 1 = 1 ORDER BY ST.stock_type , St.stock_code
2026-03-15 15:00:30 [Thread-3] DEBUG a.r.m.I.getTableRecords - ==> Parameters: 
2026-03-15 15:00:30 [Thread-3] DEBUG a.r.m.I.getTableRecords - <==      Total: 16
2026-03-15 15:00:30 [Thread-3] DEBUG o.a.i.t.jdbc.JdbcTransaction - Resetting autocommit to true on JDBC Connection [HikariProxyConnection@315640812 wrapping com.mysql.cj.jdbc.ConnectionImpl@7dd8dccd]
2026-03-15 15:00:30 [Thread-3] DEBUG o.a.i.t.jdbc.JdbcTransaction - Closing JDBC Connection [HikariProxyConnection@315640812 wrapping com.mysql.cj.jdbc.ConnectionImpl@7dd8dccd]
2026-03-15 15:00:30 [HikariPool-1:housekeeper] DEBUG com.zaxxer.hikari.pool.HikariPool - HikariPool-1 - Pool stats (total=1/20, idle=1/20, active=0, waiting=0)
2026-03-15 15:00:30 [HikariPool-1:connection-adder] DEBUG com.zaxxer.hikari.pool.PoolBase - HikariPool-1 - Attempting to create/setup new connection (3783d80d-7134-4577-8c84-38740e3a64a4)
2026-03-15 15:00:30 [HikariPool-1:connection-adder] DEBUG com.zaxxer.hikari.pool.PoolBase - HikariPool-1 - Established new connection (3783d80d-7134-4577-8c84-38740e3a64a4)
2026-03-15 15:00:30 [HikariPool-1:connection-adder] DEBUG com.zaxxer.hikari.pool.HikariPool - HikariPool-1 - Added connection com.mysql.cj.jdbc.ConnectionImpl@6694813a
2026-03-15 15:00:30 [HikariPool-1:connection-adder] DEBUG com.zaxxer.hikari.pool.HikariPool - HikariPool-1 - After adding stats (total=2/20, idle=2/20, active=0, waiting=0)
2026-03-15 15:00:30 [HikariPool-1:connection-adder] DEBUG com.zaxxer.hikari.pool.PoolBase - HikariPool-1 - Attempting to create/setup new connection (00b290e5-b556-4742-90ef-c6bcdfa868dc)
2026-03-15 15:00:30 [HikariPool-1:connection-adder] DEBUG com.zaxxer.hikari.pool.PoolBase - HikariPool-1 - Established new connection (00b290e5-b556-4742-90ef-c6bcdfa868dc)
2026-03-15 15:00:30 [HikariPool-1:connection-adder] DEBUG com.zaxxer.hikari.pool.HikariPool - HikariPool-1 - Added connection com.mysql.cj.jdbc.ConnectionImpl@549b2cc6
2026-03-15 15:00:30 [HikariPool-1:connection-adder] DEBUG com.zaxxer.hikari.pool.HikariPool - HikariPool-1 - After adding stats (total=3/20, idle=3/20, active=0, waiting=0)
2026-03-15 15:00:30 [HikariPool-1:connection-adder] DEBUG com.zaxxer.hikari.pool.PoolBase - HikariPool-1 - Attempting to create/setup new connection (7ff898aa-deb5-4330-8e63-e80b7de4ae39)
2026-03-15 15:00:30 [HikariPool-1:connection-adder] DEBUG com.zaxxer.hikari.pool.PoolBase - HikariPool-1 - Established new connection (7ff898aa-deb5-4330-8e63-e80b7de4ae39)
2026-03-15 15:00:30 [HikariPool-1:connection-adder] DEBUG com.zaxxer.hikari.pool.HikariPool - HikariPool-1 - Added connection com.mysql.cj.jdbc.ConnectionImpl@2c9c135f
2026-03-15 15:00:30 [HikariPool-1:connection-adder] DEBUG com.zaxxer.hikari.pool.HikariPool - HikariPool-1 - After adding stats (total=4/20, idle=4/20, active=0, waiting=0)
2026-03-15 15:00:30 [HikariPool-1:connection-adder] DEBUG com.zaxxer.hikari.pool.PoolBase - HikariPool-1 - Attempting to create/setup new connection (e1071f01-28b3-46fe-bad8-4521cd843a4d)
2026-03-15 15:00:30 [HikariPool-1:connection-adder] DEBUG com.zaxxer.hikari.pool.PoolBase - HikariPool-1 - Established new connection (e1071f01-28b3-46fe-bad8-4521cd843a4d)
2026-03-15 15:00:30 [HikariPool-1:connection-adder] DEBUG com.zaxxer.hikari.pool.HikariPool - HikariPool-1 - Added connection com.mysql.cj.jdbc.ConnectionImpl@4af69d64
2026-03-15 15:00:30 [HikariPool-1:connection-adder] DEBUG com.zaxxer.hikari.pool.HikariPool - HikariPool-1 - After adding stats (total=5/20, idle=5/20, active=0, waiting=0)
2026-03-15 15:00:30 [HikariPool-1:connection-adder] DEBUG com.zaxxer.hikari.pool.PoolBase - HikariPool-1 - Attempting to create/setup new connection (a40b6b4b-d9e9-415e-b770-688392ee099f)
2026-03-15 15:00:30 [HikariPool-1:connection-adder] DEBUG com.zaxxer.hikari.pool.PoolBase - HikariPool-1 - Established new connection (a40b6b4b-d9e9-415e-b770-688392ee099f)
2026-03-15 15:00:30 [HikariPool-1:connection-adder] DEBUG com.zaxxer.hikari.pool.HikariPool - HikariPool-1 - Added connection com.mysql.cj.jdbc.ConnectionImpl@379879d0
2026-03-15 15:00:30 [HikariPool-1:connection-adder] DEBUG com.zaxxer.hikari.pool.HikariPool - HikariPool-1 - After adding stats (total=6/20, idle=6/20, active=0, waiting=0)
2026-03-15 15:00:30 [HikariPool-1:connection-adder] DEBUG com.zaxxer.hikari.pool.PoolBase - HikariPool-1 - Attempting to create/setup new connection (4022803c-412c-405b-9ae3-91f615ba2cdd)
2026-03-15 15:00:30 [HikariPool-1:connection-adder] DEBUG com.zaxxer.hikari.pool.PoolBase - HikariPool-1 - Established new connection (4022803c-412c-405b-9ae3-91f615ba2cdd)
2026-03-15 15:00:30 [HikariPool-1:connection-adder] DEBUG com.zaxxer.hikari.pool.HikariPool - HikariPool-1 - Added connection com.mysql.cj.jdbc.ConnectionImpl@3dabf7c9
2026-03-15 15:00:30 [HikariPool-1:connection-adder] DEBUG com.zaxxer.hikari.pool.HikariPool - HikariPool-1 - After adding stats (total=7/20, idle=7/20, active=0, waiting=0)
2026-03-15 15:00:30 [HikariPool-1:connection-adder] DEBUG com.zaxxer.hikari.pool.PoolBase - HikariPool-1 - Attempting to create/setup new connection (ca76f311-1068-45c3-983a-951a02ef20e5)
2026-03-15 15:00:30 [HikariPool-1:connection-adder] DEBUG com.zaxxer.hikari.pool.PoolBase - HikariPool-1 - Established new connection (ca76f311-1068-45c3-983a-951a02ef20e5)
2026-03-15 15:00:30 [HikariPool-1:connection-adder] DEBUG com.zaxxer.hikari.pool.HikariPool - HikariPool-1 - Added connection com.mysql.cj.jdbc.ConnectionImpl@266ca479
2026-03-15 15:00:30 [HikariPool-1:connection-adder] DEBUG com.zaxxer.hikari.pool.HikariPool - HikariPool-1 - After adding stats (total=8/20, idle=8/20, active=0, waiting=0)
2026-03-15 15:00:30 [HikariPool-1:connection-adder] DEBUG com.zaxxer.hikari.pool.PoolBase - HikariPool-1 - Attempting to create/setup new connection (7ee0b139-f898-4967-8a2b-3579f602751f)
2026-03-15 15:00:30 [HikariPool-1:connection-adder] DEBUG com.zaxxer.hikari.pool.PoolBase - HikariPool-1 - Established new connection (7ee0b139-f898-4967-8a2b-3579f602751f)
2026-03-15 15:00:30 [HikariPool-1:connection-adder] DEBUG com.zaxxer.hikari.pool.HikariPool - HikariPool-1 - Added connection com.mysql.cj.jdbc.ConnectionImpl@45a9aa47
2026-03-15 15:00:30 [HikariPool-1:connection-adder] DEBUG com.zaxxer.hikari.pool.HikariPool - HikariPool-1 - After adding stats (total=9/20, idle=9/20, active=0, waiting=0)
2026-03-15 15:00:30 [HikariPool-1:connection-adder] DEBUG com.zaxxer.hikari.pool.PoolBase - HikariPool-1 - Attempting to create/setup new connection (afb7fb2c-80b5-441c-bdb6-bd47e774f41b)
2026-03-15 15:00:30 [HikariPool-1:connection-adder] DEBUG com.zaxxer.hikari.pool.PoolBase - HikariPool-1 - Established new connection (afb7fb2c-80b5-441c-bdb6-bd47e774f41b)
2026-03-15 15:00:30 [HikariPool-1:connection-adder] DEBUG com.zaxxer.hikari.pool.HikariPool - HikariPool-1 - Added connection com.mysql.cj.jdbc.ConnectionImpl@244182de
2026-03-15 15:00:30 [HikariPool-1:connection-adder] DEBUG com.zaxxer.hikari.pool.HikariPool - HikariPool-1 - After adding stats (total=10/20, idle=10/20, active=0, waiting=0)
2026-03-15 15:00:30 [HikariPool-1:connection-adder] DEBUG com.zaxxer.hikari.pool.PoolBase - HikariPool-1 - Attempting to create/setup new connection (06d927f4-7dde-4b67-a141-32200ea991be)
2026-03-15 15:00:30 [HikariPool-1:connection-adder] DEBUG com.zaxxer.hikari.pool.PoolBase - HikariPool-1 - Established new connection (06d927f4-7dde-4b67-a141-32200ea991be)
2026-03-15 15:00:30 [HikariPool-1:connection-adder] DEBUG com.zaxxer.hikari.pool.HikariPool - HikariPool-1 - Added connection com.mysql.cj.jdbc.ConnectionImpl@7b9d5df0
2026-03-15 15:00:30 [HikariPool-1:connection-adder] DEBUG com.zaxxer.hikari.pool.HikariPool - HikariPool-1 - After adding stats (total=11/20, idle=11/20, active=0, waiting=0)
2026-03-15 15:00:30 [HikariPool-1:connection-adder] DEBUG com.zaxxer.hikari.pool.PoolBase - HikariPool-1 - Attempting to create/setup new connection (6ac1fe0c-6fb3-4e5a-8bd2-e0f5c363979e)
2026-03-15 15:00:30 [HikariPool-1:connection-adder] DEBUG com.zaxxer.hikari.pool.PoolBase - HikariPool-1 - Established new connection (6ac1fe0c-6fb3-4e5a-8bd2-e0f5c363979e)
2026-03-15 15:00:30 [HikariPool-1:connection-adder] DEBUG com.zaxxer.hikari.pool.HikariPool - HikariPool-1 - Added connection com.mysql.cj.jdbc.ConnectionImpl@59cce006
2026-03-15 15:00:30 [HikariPool-1:connection-adder] DEBUG com.zaxxer.hikari.pool.HikariPool - HikariPool-1 - After adding stats (total=12/20, idle=12/20, active=0, waiting=0)
2026-03-15 15:00:30 [HikariPool-1:connection-adder] DEBUG com.zaxxer.hikari.pool.PoolBase - HikariPool-1 - Attempting to create/setup new connection (f9eaac96-66fc-4053-b082-757bd873ca0e)
2026-03-15 15:00:30 [HikariPool-1:connection-adder] DEBUG com.zaxxer.hikari.pool.PoolBase - HikariPool-1 - Established new connection (f9eaac96-66fc-4053-b082-757bd873ca0e)
2026-03-15 15:00:30 [HikariPool-1:connection-adder] DEBUG com.zaxxer.hikari.pool.HikariPool - HikariPool-1 - Added connection com.mysql.cj.jdbc.ConnectionImpl@4a9189ce
2026-03-15 15:00:30 [HikariPool-1:connection-adder] DEBUG com.zaxxer.hikari.pool.HikariPool - HikariPool-1 - After adding stats (total=13/20, idle=13/20, active=0, waiting=0)
2026-03-15 15:00:30 [HikariPool-1:connection-adder] DEBUG com.zaxxer.hikari.pool.PoolBase - HikariPool-1 - Attempting to create/setup new connection (e82439c2-d325-4d0b-8124-b9fd432596cf)
2026-03-15 15:00:30 [HikariPool-1:connection-adder] DEBUG com.zaxxer.hikari.pool.PoolBase - HikariPool-1 - Established new connection (e82439c2-d325-4d0b-8124-b9fd432596cf)
2026-03-15 15:00:30 [HikariPool-1:connection-adder] DEBUG com.zaxxer.hikari.pool.HikariPool - HikariPool-1 - Added connection com.mysql.cj.jdbc.ConnectionImpl@1be3ccdf
2026-03-15 15:00:30 [HikariPool-1:connection-adder] DEBUG com.zaxxer.hikari.pool.HikariPool - HikariPool-1 - After adding stats (total=14/20, idle=14/20, active=0, waiting=0)
2026-03-15 15:00:30 [HikariPool-1:connection-adder] DEBUG com.zaxxer.hikari.pool.PoolBase - HikariPool-1 - Attempting to create/setup new connection (0492a2ea-37f5-4c9c-a320-a4b880b8c073)
2026-03-15 15:00:30 [HikariPool-1:connection-adder] DEBUG com.zaxxer.hikari.pool.PoolBase - HikariPool-1 - Established new connection (0492a2ea-37f5-4c9c-a320-a4b880b8c073)
2026-03-15 15:00:30 [HikariPool-1:connection-adder] DEBUG com.zaxxer.hikari.pool.HikariPool - HikariPool-1 - Added connection com.mysql.cj.jdbc.ConnectionImpl@17aea8fa
2026-03-15 15:00:30 [HikariPool-1:connection-adder] DEBUG com.zaxxer.hikari.pool.HikariPool - HikariPool-1 - After adding stats (total=15/20, idle=15/20, active=0, waiting=0)
2026-03-15 15:00:30 [HikariPool-1:connection-adder] DEBUG com.zaxxer.hikari.pool.PoolBase - HikariPool-1 - Attempting to create/setup new connection (c25f80fb-3edf-45a0-ac22-304e96863ca7)
2026-03-15 15:00:30 [HikariPool-1:connection-adder] DEBUG com.zaxxer.hikari.pool.PoolBase - HikariPool-1 - Established new connection (c25f80fb-3edf-45a0-ac22-304e96863ca7)
2026-03-15 15:00:30 [HikariPool-1:connection-adder] DEBUG com.zaxxer.hikari.pool.HikariPool - HikariPool-1 - Added connection com.mysql.cj.jdbc.ConnectionImpl@39313455
2026-03-15 15:00:30 [HikariPool-1:connection-adder] DEBUG com.zaxxer.hikari.pool.HikariPool - HikariPool-1 - After adding stats (total=16/20, idle=16/20, active=0, waiting=0)
2026-03-15 15:00:30 [HikariPool-1:connection-adder] DEBUG com.zaxxer.hikari.pool.PoolBase - HikariPool-1 - Attempting to create/setup new connection (1e8c63cc-156a-484e-bb43-e5ee97434ed1)
2026-03-15 15:00:30 [HikariPool-1:connection-adder] DEBUG com.zaxxer.hikari.pool.PoolBase - HikariPool-1 - Established new connection (1e8c63cc-156a-484e-bb43-e5ee97434ed1)
2026-03-15 15:00:30 [HikariPool-1:connection-adder] DEBUG com.zaxxer.hikari.pool.HikariPool - HikariPool-1 - Added connection com.mysql.cj.jdbc.ConnectionImpl@36c7f4cf
2026-03-15 15:00:30 [HikariPool-1:connection-adder] DEBUG com.zaxxer.hikari.pool.HikariPool - HikariPool-1 - After adding stats (total=17/20, idle=17/20, active=0, waiting=0)
2026-03-15 15:00:30 [HikariPool-1:connection-adder] DEBUG com.zaxxer.hikari.pool.PoolBase - HikariPool-1 - Attempting to create/setup new connection (07194950-4baa-4d6c-82a1-a4c570c461fa)
2026-03-15 15:00:30 [HikariPool-1:connection-adder] DEBUG com.zaxxer.hikari.pool.PoolBase - HikariPool-1 - Established new connection (07194950-4baa-4d6c-82a1-a4c570c461fa)
2026-03-15 15:00:30 [HikariPool-1:connection-adder] DEBUG com.zaxxer.hikari.pool.HikariPool - HikariPool-1 - Added connection com.mysql.cj.jdbc.ConnectionImpl@36740ffe
2026-03-15 15:00:30 [HikariPool-1:connection-adder] DEBUG com.zaxxer.hikari.pool.HikariPool - HikariPool-1 - After adding stats (total=18/20, idle=18/20, active=0, waiting=0)
2026-03-15 15:00:30 [HikariPool-1:connection-adder] DEBUG com.zaxxer.hikari.pool.PoolBase - HikariPool-1 - Attempting to create/setup new connection (2eeca12a-0574-480d-a92c-3628f8a58f50)
2026-03-15 15:00:30 [HikariPool-1:connection-adder] DEBUG com.zaxxer.hikari.pool.PoolBase - HikariPool-1 - Established new connection (2eeca12a-0574-480d-a92c-3628f8a58f50)
2026-03-15 15:00:30 [HikariPool-1:connection-adder] DEBUG com.zaxxer.hikari.pool.HikariPool - HikariPool-1 - Added connection com.mysql.cj.jdbc.ConnectionImpl@89919c6
2026-03-15 15:00:30 [HikariPool-1:connection-adder] DEBUG com.zaxxer.hikari.pool.HikariPool - HikariPool-1 - After adding stats (total=19/20, idle=19/20, active=0, waiting=0)
2026-03-15 15:00:30 [HikariPool-1:connection-adder] DEBUG com.zaxxer.hikari.pool.PoolBase - HikariPool-1 - Attempting to create/setup new connection (2166f79f-341a-4f02-ba64-ae694aa8f2a1)
2026-03-15 15:00:30 [HikariPool-1:connection-adder] DEBUG com.zaxxer.hikari.pool.PoolBase - HikariPool-1 - Established new connection (2166f79f-341a-4f02-ba64-ae694aa8f2a1)
2026-03-15 15:00:30 [HikariPool-1:connection-adder] DEBUG com.zaxxer.hikari.pool.HikariPool - HikariPool-1 - Added connection com.mysql.cj.jdbc.ConnectionImpl@20eac29f
2026-03-15 15:00:30 [HikariPool-1:connection-adder] DEBUG com.zaxxer.hikari.pool.HikariPool - HikariPool-1 - After adding stats (total=20/20, idle=20/20, active=0, waiting=0)
2026-03-15 15:00:48 [JavaFX Application Thread] DEBUG application.java.manager.LogManager - [備品一覧画面] ： 選択行 分類種別: 8 分類コード: 1 遷移先画面サイズ : [3]
2026-03-15 15:00:48 [JavaFX Application Thread] INFO  application.java.manager.LogManager - [備品詳細画面] ： 初期化処理
2026-03-15 15:00:48 [JavaFX Application Thread] DEBUG application.java.manager.LogManager - [備品詳細画面] ： リスト表示処理
2026-03-15 15:00:48 [JavaFX Application Thread] DEBUG application.java.manager.LogManager - [SQL操作クラス] ： 非同期処理 SELECT句発行
2026-03-15 15:00:48 [Thread-4] DEBUG application.java.manager.LogManager - [SQL操作クラス] ： SELECT句発行
2026-03-15 15:00:48 [Thread-4] DEBUG application.java.manager.LogManager - [備品詳細画面] ： DB 備品詳細データ取得処理
2026-03-15 15:00:48 [Thread-4] DEBUG o.a.i.t.jdbc.JdbcTransaction - Opening JDBC Connection
2026-03-15 15:00:48 [Thread-4] DEBUG o.a.i.t.jdbc.JdbcTransaction - Setting autocommit to false on JDBC Connection [HikariProxyConnection@372684769 wrapping com.mysql.cj.jdbc.ConnectionImpl@7dd8dccd]
2026-03-15 15:00:48 [Thread-4] DEBUG a.r.m.I.getTableDetailRecords - ==>  Preparing: WITH BASE_TABLE AS ( SELECT DISTINCT SM.serial_no , SD.id FROM stock_type_master STM /* 参照権限を考慮する場合に用いる INNER JOIN stock_type_data STD ON STM.stock_type = STD.stock_type AND STM.stock_code = STD.stock_code*/ INNER JOIN stock_master SM ON STM.stock_type = SM.stock_type AND STM.stock_code = SM.stock_code AND STM.del = FALSE AND SM.del = FALSE /* 未登録データを考慮しLEFT JOINとする */ LEFT JOIN stock_data SD ON SM.serial_no = SD.serial_no /* 返却済データの除去 ≒ 最新の備品データを取得 */ AND SD.return_date IS NULL AND SD.del = FALSE WHERE 1 = 1 AND STM.stock_type = ? AND STM.stock_code = ? ) SELECT STM.name AS type_name , SM.serial_no AS serialNo , IFNULL(STF.name, '') AS staffName -- 貸出先ユーザー , CASE WHEN SM.rent_flg THEN '4' -- 不可 / 貸出可否(TRUEの場合、貸出不可) WHEN DATEDIFF(CURRENT_DATE (), SD.confirmed_date) > 365 THEN '3' -- 不明 / [confirmed_date]：最終所在確認日 が１年前以前(可・貸出中に関わらず不明とする) WHEN SD.staff_no IS NOT NULL AND (DATEDIFF(CURRENT_DATE(), SD.confirmed_date) <= 365 ) THEN '2' -- 貸出中 WHEN SD.staff_no IS NULL AND (DATEDIFF(CURRENT_DATE(), SD.confirmed_date) <= 365 ) THEN '1' -- 可 ELSE '4' -- 不可 / 備品データが未登録の場合など、異常なデータ END AS rentFlg , IFNULL(DATE_FORMAT(SD.start_date, '%Y/%m/%d'), '-') AS startDate , IFNULL(DATE_FORMAT(SD.limit_date, '%Y/%m/%d'), '-') AS limitDate , IFNULL(DATE_FORMAT(SD.confirmed_date, '%Y/%m/%d'), '-') AS confirmedDate , SM.name AS model , SM.maker AS maker , IFNULL(SD.parent_stock_code, '-') AS destinationSerialNo -- 親シリアルナンバー , GCM.value_1 AS type , IFNULL(DATE_FORMAT(SM.expiry_date, '%Y/%m/%d'), '-') AS leaseDate , SM.remarks AS remarks , SM.stock_type , SM.stock_code , SD.id AS stockDataId , SD.staff_no AS staff_no FROM BASE_TABLE B INNER JOIN stock_master SM ON B.serial_no = SM.serial_no INNER JOIN stock_type_master STM ON SM.stock_type = STM.stock_type AND SM.stock_code = STM.stock_code /* 未登録データを考慮しLEFT JOINとする */ LEFT JOIN stock_data SD ON B.id = SD.id /* 未登録データを考慮しLEFT JOINとする */ LEFT JOIN staff_master STF ON SD.staff_no = STF.staff_no /* 未登録データを考慮しLEFT JOINとする */ LEFT JOIN generic_code_master GCM ON SM.asset_type = GCM.type_key AND GCM.generic_key = 'ASSET_TYPE' WHERE 1 = 1 ORDER BY SM.serial_no
2026-03-15 15:00:48 [Thread-4] DEBUG a.r.m.I.getTableDetailRecords - ==> Parameters: 8(Integer), 1(String)
2026-03-15 15:00:48 [Thread-4] DEBUG a.r.m.I.getTableDetailRecords - <==      Total: 1
2026-03-15 15:00:48 [Thread-4] DEBUG o.a.i.t.jdbc.JdbcTransaction - Resetting autocommit to true on JDBC Connection [HikariProxyConnection@372684769 wrapping com.mysql.cj.jdbc.ConnectionImpl@7dd8dccd]
2026-03-15 15:00:48 [Thread-4] DEBUG o.a.i.t.jdbc.JdbcTransaction - Closing JDBC Connection [HikariProxyConnection@372684769 wrapping com.mysql.cj.jdbc.ConnectionImpl@7dd8dccd]
2026-03-15 15:00:48 [JavaFX Application Thread] INFO  application.java.manager.LogManager - 画面展開 [setPage] : 備品詳細画面
2026-03-15 15:00:50 [JavaFX Application Thread] INFO  application.java.manager.LogManager - [備品詳細画面] ： [一覧に戻る]ボタン押下
2026-03-15 15:00:50 [JavaFX Application Thread] INFO  application.java.manager.LogManager - [備品一覧画面] ： 初期化処理
2026-03-15 15:00:50 [JavaFX Application Thread] DEBUG application.java.manager.LogManager - [備品一覧画面] ： リスト表示処理
2026-03-15 15:00:50 [JavaFX Application Thread] DEBUG application.java.manager.LogManager - [SQL操作クラス] ： 非同期処理 SELECT句発行
2026-03-15 15:00:50 [Thread-5] DEBUG application.java.manager.LogManager - [SQL操作クラス] ： SELECT句発行
2026-03-15 15:00:50 [Thread-5] DEBUG o.a.i.t.jdbc.JdbcTransaction - Opening JDBC Connection
2026-03-15 15:00:50 [Thread-5] DEBUG o.a.i.t.jdbc.JdbcTransaction - Setting autocommit to false on JDBC Connection [HikariProxyConnection@997815358 wrapping com.mysql.cj.jdbc.ConnectionImpl@7dd8dccd]
2026-03-15 15:00:50 [Thread-5] DEBUG a.r.m.I.getTableRecords - ==>  Preparing: WITH SUB_TOTAL AS ( SELECT ST.stock_type , ST.stock_code , SUM(CASE WHEN SD.staff_no IS NOT NULL AND (DATEDIFF(CURRENT_DATE(), SD.confirmed_date) <= 365 ) THEN 1 ELSE 0 END) AS lending_count -- 貸出備品の数 , SUM(CASE /* 在庫 = [staff_no]：貸出先ユーザーの社員番号 が未設定(NULL) 且つ [return_date]：返却日が未設定(NULL) 且つ [confirmed_date]：最終所在確認日 が１年以内 */ WHEN SD.staff_no IS NULL AND (DATEDIFF(CURRENT_DATE(), SD.confirmed_date) <= 365 ) THEN 1 ELSE 0 END) AS stock_count -- 在庫備品の数 , SUM(CASE /* 不明 = [return_date]：返却日が未設定(NULL) 且つ [confirmed_date]：最終所在確認日 が１年前以前 ※ 貸出中・在庫を問わず１年前以前のデータを不明とする */ WHEN (DATEDIFF(CURRENT_DATE(), SD.confirmed_date) > 365 ) THEN 1 ELSE 0 END) AS unknown_count -- 不明備品の数 FROM (SELECT stock_type , stock_code FROM stock_type_master WHERE 1 = 1 AND del = FALSE) ST INNER JOIN stock_master SM ON ST.stock_type = SM.stock_type AND ST.stock_code = SM.stock_code AND SM.del = FALSE /* 未登録データを考慮しLEFT JOINとする */ LEFT JOIN stock_data SD ON SM.serial_no = SD.serial_no /* 返却済データの除去 */ AND SD.return_date IS NULL AND SD.del = FALSE WHERE 1 = 1 GROUP BY ST.stock_type , ST.stock_code ) SELECT ST.stock_type AS type, ST.stock_code AS code, ST.name AS itemName, IFNULL(S.lending_count, 0) AS loanCount, IFNULL(S.stock_count, 0) AS returnCount, IFNULL(S.unknown_count, 0) AS unknownCount, IFNULL(S.lending_count + S.stock_count, 0) AS totalCount /* 追加項目：遷移先画面サイズ */ , IFNULL( GCM.value_1, '1') AS windowSize FROM stock_type_master ST INNER JOIN SUB_TOTAL S ON ST.stock_type = S.stock_type AND ST.stock_code = S.stock_code /* 追加項目 遷移先画面サイズ */ LEFT JOIN generic_code_master GCM ON CAST(ST.stock_type AS CHAR) = GCM.type_key AND ST.stock_code = GCM.code AND GCM.generic_key = 'WINDOW_SIZE' WHERE 1 = 1 ORDER BY ST.stock_type , St.stock_code
2026-03-15 15:00:50 [Thread-5] DEBUG a.r.m.I.getTableRecords - ==> Parameters: 
2026-03-15 15:00:50 [Thread-5] DEBUG a.r.m.I.getTableRecords - <==      Total: 16
2026-03-15 15:00:50 [Thread-5] DEBUG o.a.i.t.jdbc.JdbcTransaction - Resetting autocommit to true on JDBC Connection [HikariProxyConnection@997815358 wrapping com.mysql.cj.jdbc.ConnectionImpl@7dd8dccd]
2026-03-15 15:00:50 [Thread-5] DEBUG o.a.i.t.jdbc.JdbcTransaction - Closing JDBC Connection [HikariProxyConnection@997815358 wrapping com.mysql.cj.jdbc.ConnectionImpl@7dd8dccd]
2026-03-15 15:00:50 [JavaFX Application Thread] INFO  application.java.manager.LogManager - 画面展開 [setPage] : 備品一覧画面
2026-03-15 15:00:56 [JavaFX Application Thread] DEBUG application.java.manager.LogManager - [備品一覧画面] ： 選択行 分類種別: 8 分類コード: 2 遷移先画面サイズ : [3]
2026-03-15 15:00:56 [JavaFX Application Thread] INFO  application.java.manager.LogManager - [備品詳細画面] ： 初期化処理
2026-03-15 15:00:56 [JavaFX Application Thread] DEBUG application.java.manager.LogManager - [備品詳細画面] ： リスト表示処理
2026-03-15 15:00:56 [JavaFX Application Thread] DEBUG application.java.manager.LogManager - [SQL操作クラス] ： 非同期処理 SELECT句発行
2026-03-15 15:00:56 [Thread-6] DEBUG application.java.manager.LogManager - [SQL操作クラス] ： SELECT句発行
2026-03-15 15:00:56 [Thread-6] DEBUG application.java.manager.LogManager - [備品詳細画面] ： DB 備品詳細データ取得処理
2026-03-15 15:00:56 [Thread-6] DEBUG o.a.i.t.jdbc.JdbcTransaction - Opening JDBC Connection
2026-03-15 15:00:56 [Thread-6] DEBUG o.a.i.t.jdbc.JdbcTransaction - Setting autocommit to false on JDBC Connection [HikariProxyConnection@14736812 wrapping com.mysql.cj.jdbc.ConnectionImpl@7dd8dccd]
2026-03-15 15:00:56 [Thread-6] DEBUG a.r.m.I.getTableDetailRecords - ==>  Preparing: WITH BASE_TABLE AS ( SELECT DISTINCT SM.serial_no , SD.id FROM stock_type_master STM /* 参照権限を考慮する場合に用いる INNER JOIN stock_type_data STD ON STM.stock_type = STD.stock_type AND STM.stock_code = STD.stock_code*/ INNER JOIN stock_master SM ON STM.stock_type = SM.stock_type AND STM.stock_code = SM.stock_code AND STM.del = FALSE AND SM.del = FALSE /* 未登録データを考慮しLEFT JOINとする */ LEFT JOIN stock_data SD ON SM.serial_no = SD.serial_no /* 返却済データの除去 ≒ 最新の備品データを取得 */ AND SD.return_date IS NULL AND SD.del = FALSE WHERE 1 = 1 AND STM.stock_type = ? AND STM.stock_code = ? ) SELECT STM.name AS type_name , SM.serial_no AS serialNo , IFNULL(STF.name, '') AS staffName -- 貸出先ユーザー , CASE WHEN SM.rent_flg THEN '4' -- 不可 / 貸出可否(TRUEの場合、貸出不可) WHEN DATEDIFF(CURRENT_DATE (), SD.confirmed_date) > 365 THEN '3' -- 不明 / [confirmed_date]：最終所在確認日 が１年前以前(可・貸出中に関わらず不明とする) WHEN SD.staff_no IS NOT NULL AND (DATEDIFF(CURRENT_DATE(), SD.confirmed_date) <= 365 ) THEN '2' -- 貸出中 WHEN SD.staff_no IS NULL AND (DATEDIFF(CURRENT_DATE(), SD.confirmed_date) <= 365 ) THEN '1' -- 可 ELSE '4' -- 不可 / 備品データが未登録の場合など、異常なデータ END AS rentFlg , IFNULL(DATE_FORMAT(SD.start_date, '%Y/%m/%d'), '-') AS startDate , IFNULL(DATE_FORMAT(SD.limit_date, '%Y/%m/%d'), '-') AS limitDate , IFNULL(DATE_FORMAT(SD.confirmed_date, '%Y/%m/%d'), '-') AS confirmedDate , SM.name AS model , SM.maker AS maker , IFNULL(SD.parent_stock_code, '-') AS destinationSerialNo -- 親シリアルナンバー , GCM.value_1 AS type , IFNULL(DATE_FORMAT(SM.expiry_date, '%Y/%m/%d'), '-') AS leaseDate , SM.remarks AS remarks , SM.stock_type , SM.stock_code , SD.id AS stockDataId , SD.staff_no AS staff_no FROM BASE_TABLE B INNER JOIN stock_master SM ON B.serial_no = SM.serial_no INNER JOIN stock_type_master STM ON SM.stock_type = STM.stock_type AND SM.stock_code = STM.stock_code /* 未登録データを考慮しLEFT JOINとする */ LEFT JOIN stock_data SD ON B.id = SD.id /* 未登録データを考慮しLEFT JOINとする */ LEFT JOIN staff_master STF ON SD.staff_no = STF.staff_no /* 未登録データを考慮しLEFT JOINとする */ LEFT JOIN generic_code_master GCM ON SM.asset_type = GCM.type_key AND GCM.generic_key = 'ASSET_TYPE' WHERE 1 = 1 ORDER BY SM.serial_no
2026-03-15 15:00:56 [Thread-6] DEBUG a.r.m.I.getTableDetailRecords - ==> Parameters: 8(Integer), 2(String)
2026-03-15 15:00:56 [Thread-6] DEBUG a.r.m.I.getTableDetailRecords - <==      Total: 3
2026-03-15 15:00:56 [Thread-6] DEBUG o.a.i.t.jdbc.JdbcTransaction - Resetting autocommit to true on JDBC Connection [HikariProxyConnection@14736812 wrapping com.mysql.cj.jdbc.ConnectionImpl@7dd8dccd]
2026-03-15 15:00:56 [Thread-6] DEBUG o.a.i.t.jdbc.JdbcTransaction - Closing JDBC Connection [HikariProxyConnection@14736812 wrapping com.mysql.cj.jdbc.ConnectionImpl@7dd8dccd]
2026-03-15 15:00:56 [JavaFX Application Thread] INFO  application.java.manager.LogManager - 画面展開 [setPage] : 備品詳細画面
2026-03-15 15:01:00 [HikariPool-1:housekeeper] DEBUG com.zaxxer.hikari.pool.HikariPool - HikariPool-1 - Pool stats (total=20/20, idle=20/20, active=0, waiting=0)
2026-03-15 15:01:00 [HikariPool-1:housekeeper] DEBUG com.zaxxer.hikari.pool.HikariPool - HikariPool-1 - Fill pool skipped, pool has sufficient level or currently being filled.
2026-03-15 15:01:01 [JavaFX Application Thread] INFO  application.java.manager.LogManager - [備品詳細画面] ： [一覧に戻る]ボタン押下
2026-03-15 15:01:01 [JavaFX Application Thread] INFO  application.java.manager.LogManager - [備品一覧画面] ： 初期化処理
2026-03-15 15:01:01 [JavaFX Application Thread] DEBUG application.java.manager.LogManager - [備品一覧画面] ： リスト表示処理
2026-03-15 15:01:01 [JavaFX Application Thread] DEBUG application.java.manager.LogManager - [SQL操作クラス] ： 非同期処理 SELECT句発行
2026-03-15 15:01:01 [Thread-7] DEBUG application.java.manager.LogManager - [SQL操作クラス] ： SELECT句発行
2026-03-15 15:01:01 [Thread-7] DEBUG o.a.i.t.jdbc.JdbcTransaction - Opening JDBC Connection
2026-03-15 15:01:01 [Thread-7] DEBUG o.a.i.t.jdbc.JdbcTransaction - Setting autocommit to false on JDBC Connection [HikariProxyConnection@875629263 wrapping com.mysql.cj.jdbc.ConnectionImpl@7dd8dccd]
2026-03-15 15:01:01 [Thread-7] DEBUG a.r.m.I.getTableRecords - ==>  Preparing: WITH SUB_TOTAL AS ( SELECT ST.stock_type , ST.stock_code , SUM(CASE WHEN SD.staff_no IS NOT NULL AND (DATEDIFF(CURRENT_DATE(), SD.confirmed_date) <= 365 ) THEN 1 ELSE 0 END) AS lending_count -- 貸出備品の数 , SUM(CASE /* 在庫 = [staff_no]：貸出先ユーザーの社員番号 が未設定(NULL) 且つ [return_date]：返却日が未設定(NULL) 且つ [confirmed_date]：最終所在確認日 が１年以内 */ WHEN SD.staff_no IS NULL AND (DATEDIFF(CURRENT_DATE(), SD.confirmed_date) <= 365 ) THEN 1 ELSE 0 END) AS stock_count -- 在庫備品の数 , SUM(CASE /* 不明 = [return_date]：返却日が未設定(NULL) 且つ [confirmed_date]：最終所在確認日 が１年前以前 ※ 貸出中・在庫を問わず１年前以前のデータを不明とする */ WHEN (DATEDIFF(CURRENT_DATE(), SD.confirmed_date) > 365 ) THEN 1 ELSE 0 END) AS unknown_count -- 不明備品の数 FROM (SELECT stock_type , stock_code FROM stock_type_master WHERE 1 = 1 AND del = FALSE) ST INNER JOIN stock_master SM ON ST.stock_type = SM.stock_type AND ST.stock_code = SM.stock_code AND SM.del = FALSE /* 未登録データを考慮しLEFT JOINとする */ LEFT JOIN stock_data SD ON SM.serial_no = SD.serial_no /* 返却済データの除去 */ AND SD.return_date IS NULL AND SD.del = FALSE WHERE 1 = 1 GROUP BY ST.stock_type , ST.stock_code ) SELECT ST.stock_type AS type, ST.stock_code AS code, ST.name AS itemName, IFNULL(S.lending_count, 0) AS loanCount, IFNULL(S.stock_count, 0) AS returnCount, IFNULL(S.unknown_count, 0) AS unknownCount, IFNULL(S.lending_count + S.stock_count, 0) AS totalCount /* 追加項目：遷移先画面サイズ */ , IFNULL( GCM.value_1, '1') AS windowSize FROM stock_type_master ST INNER JOIN SUB_TOTAL S ON ST.stock_type = S.stock_type AND ST.stock_code = S.stock_code /* 追加項目 遷移先画面サイズ */ LEFT JOIN generic_code_master GCM ON CAST(ST.stock_type AS CHAR) = GCM.type_key AND ST.stock_code = GCM.code AND GCM.generic_key = 'WINDOW_SIZE' WHERE 1 = 1 ORDER BY ST.stock_type , St.stock_code
2026-03-15 15:01:01 [Thread-7] DEBUG a.r.m.I.getTableRecords - ==> Parameters: 
2026-03-15 15:01:01 [Thread-7] DEBUG a.r.m.I.getTableRecords - <==      Total: 16
2026-03-15 15:01:01 [Thread-7] DEBUG o.a.i.t.jdbc.JdbcTransaction - Resetting autocommit to true on JDBC Connection [HikariProxyConnection@875629263 wrapping com.mysql.cj.jdbc.ConnectionImpl@7dd8dccd]
2026-03-15 15:01:01 [Thread-7] DEBUG o.a.i.t.jdbc.JdbcTransaction - Closing JDBC Connection [HikariProxyConnection@875629263 wrapping com.mysql.cj.jdbc.ConnectionImpl@7dd8dccd]
2026-03-15 15:01:01 [JavaFX Application Thread] INFO  application.java.manager.LogManager - 画面展開 [setPage] : 備品一覧画面
2026-03-15 15:01:05 [JavaFX Application Thread] DEBUG application.java.manager.LogManager - [備品一覧画面] ： 選択行 分類種別: 3 分類コード: 1 遷移先画面サイズ : [3]
2026-03-15 15:01:05 [JavaFX Application Thread] INFO  application.java.manager.LogManager - [備品詳細画面] ： 初期化処理
2026-03-15 15:01:05 [JavaFX Application Thread] DEBUG application.java.manager.LogManager - [備品詳細画面] ： リスト表示処理
2026-03-15 15:01:05 [JavaFX Application Thread] DEBUG application.java.manager.LogManager - [SQL操作クラス] ： 非同期処理 SELECT句発行
2026-03-15 15:01:05 [Thread-8] DEBUG application.java.manager.LogManager - [SQL操作クラス] ： SELECT句発行
2026-03-15 15:01:05 [Thread-8] DEBUG application.java.manager.LogManager - [備品詳細画面] ： DB 備品詳細データ取得処理
2026-03-15 15:01:05 [Thread-8] DEBUG o.a.i.t.jdbc.JdbcTransaction - Opening JDBC Connection
2026-03-15 15:01:05 [Thread-8] DEBUG o.a.i.t.jdbc.JdbcTransaction - Setting autocommit to false on JDBC Connection [HikariProxyConnection@438705372 wrapping com.mysql.cj.jdbc.ConnectionImpl@7dd8dccd]
2026-03-15 15:01:05 [Thread-8] DEBUG a.r.m.I.getTableDetailRecords - ==>  Preparing: WITH BASE_TABLE AS ( SELECT DISTINCT SM.serial_no , SD.id FROM stock_type_master STM /* 参照権限を考慮する場合に用いる INNER JOIN stock_type_data STD ON STM.stock_type = STD.stock_type AND STM.stock_code = STD.stock_code*/ INNER JOIN stock_master SM ON STM.stock_type = SM.stock_type AND STM.stock_code = SM.stock_code AND STM.del = FALSE AND SM.del = FALSE /* 未登録データを考慮しLEFT JOINとする */ LEFT JOIN stock_data SD ON SM.serial_no = SD.serial_no /* 返却済データの除去 ≒ 最新の備品データを取得 */ AND SD.return_date IS NULL AND SD.del = FALSE WHERE 1 = 1 AND STM.stock_type = ? AND STM.stock_code = ? ) SELECT STM.name AS type_name , SM.serial_no AS serialNo , IFNULL(STF.name, '') AS staffName -- 貸出先ユーザー , CASE WHEN SM.rent_flg THEN '4' -- 不可 / 貸出可否(TRUEの場合、貸出不可) WHEN DATEDIFF(CURRENT_DATE (), SD.confirmed_date) > 365 THEN '3' -- 不明 / [confirmed_date]：最終所在確認日 が１年前以前(可・貸出中に関わらず不明とする) WHEN SD.staff_no IS NOT NULL AND (DATEDIFF(CURRENT_DATE(), SD.confirmed_date) <= 365 ) THEN '2' -- 貸出中 WHEN SD.staff_no IS NULL AND (DATEDIFF(CURRENT_DATE(), SD.confirmed_date) <= 365 ) THEN '1' -- 可 ELSE '4' -- 不可 / 備品データが未登録の場合など、異常なデータ END AS rentFlg , IFNULL(DATE_FORMAT(SD.start_date, '%Y/%m/%d'), '-') AS startDate , IFNULL(DATE_FORMAT(SD.limit_date, '%Y/%m/%d'), '-') AS limitDate , IFNULL(DATE_FORMAT(SD.confirmed_date, '%Y/%m/%d'), '-') AS confirmedDate , SM.name AS model , SM.maker AS maker , IFNULL(SD.parent_stock_code, '-') AS destinationSerialNo -- 親シリアルナンバー , GCM.value_1 AS type , IFNULL(DATE_FORMAT(SM.expiry_date, '%Y/%m/%d'), '-') AS leaseDate , SM.remarks AS remarks , SM.stock_type , SM.stock_code , SD.id AS stockDataId , SD.staff_no AS staff_no FROM BASE_TABLE B INNER JOIN stock_master SM ON B.serial_no = SM.serial_no INNER JOIN stock_type_master STM ON SM.stock_type = STM.stock_type AND SM.stock_code = STM.stock_code /* 未登録データを考慮しLEFT JOINとする */ LEFT JOIN stock_data SD ON B.id = SD.id /* 未登録データを考慮しLEFT JOINとする */ LEFT JOIN staff_master STF ON SD.staff_no = STF.staff_no /* 未登録データを考慮しLEFT JOINとする */ LEFT JOIN generic_code_master GCM ON SM.asset_type = GCM.type_key AND GCM.generic_key = 'ASSET_TYPE' WHERE 1 = 1 ORDER BY SM.serial_no
2026-03-15 15:01:05 [Thread-8] DEBUG a.r.m.I.getTableDetailRecords - ==> Parameters: 3(Integer), 1(String)
2026-03-15 15:01:05 [Thread-8] DEBUG a.r.m.I.getTableDetailRecords - <==      Total: 5
2026-03-15 15:01:05 [Thread-8] DEBUG o.a.i.t.jdbc.JdbcTransaction - Resetting autocommit to true on JDBC Connection [HikariProxyConnection@438705372 wrapping com.mysql.cj.jdbc.ConnectionImpl@7dd8dccd]
2026-03-15 15:01:05 [Thread-8] DEBUG o.a.i.t.jdbc.JdbcTransaction - Closing JDBC Connection [HikariProxyConnection@438705372 wrapping com.mysql.cj.jdbc.ConnectionImpl@7dd8dccd]
2026-03-15 15:01:05 [JavaFX Application Thread] INFO  application.java.manager.LogManager - 画面展開 [setPage] : 備品詳細画面
2026-03-15 15:01:30 [HikariPool-1:housekeeper] DEBUG com.zaxxer.hikari.pool.HikariPool - HikariPool-1 - Pool stats (total=20/20, idle=20/20, active=0, waiting=0)
2026-03-15 15:01:30 [HikariPool-1:housekeeper] DEBUG com.zaxxer.hikari.pool.HikariPool - HikariPool-1 - Fill pool skipped, pool has sufficient level or currently being filled.
2026-03-15 15:01:47 [JavaFX Application Thread] INFO  application.java.manager.LogManager - [備品詳細画面] ： [返却]ボタン押下
2026-03-15 15:01:47 [JavaFX Application Thread] INFO  application.java.manager.LogManager - [備品返却画面] ： 初期化処理
2026-03-15 15:01:48 [JavaFX Application Thread] DEBUG application.java.manager.LogManager - [備品返却画面] ： リスト表示処理
2026-03-15 15:01:48 [JavaFX Application Thread] DEBUG application.java.manager.LogManager - [SQL操作クラス] ： 非同期処理 SELECT句発行
2026-03-15 15:01:48 [Thread-9] DEBUG application.java.manager.LogManager - [SQL操作クラス] ： SELECT句発行
2026-03-15 15:01:48 [Thread-9] DEBUG application.java.manager.LogManager - [備品返却画面] ： DB 備品(返却≒貸出中)データ取得処理
2026-03-15 15:01:48 [Thread-9] DEBUG o.a.i.t.jdbc.JdbcTransaction - Opening JDBC Connection
2026-03-15 15:01:48 [Thread-9] DEBUG o.a.i.t.jdbc.JdbcTransaction - Setting autocommit to false on JDBC Connection [HikariProxyConnection@1686580041 wrapping com.mysql.cj.jdbc.ConnectionImpl@7dd8dccd]
2026-03-15 15:01:48 [Thread-9] DEBUG a.r.m.I.getTableLoanableStockData - ==>  Preparing: WITH BASE_TABLE AS ( SELECT DISTINCT SM.serial_no , SD.id FROM stock_type_master STM /* 参照権限を考慮する場合に用いる INNER JOIN stock_type_data STD ON STM.stock_type = STD.stock_type AND STM.stock_code = STD.stock_code*/ INNER JOIN stock_master SM ON STM.stock_type = SM.stock_type AND STM.stock_code = SM.stock_code AND STM.del = FALSE AND SM.del = FALSE AND SM.rent_flg = FALSE INNER JOIN stock_data SD ON SM.serial_no = SD.serial_no /* 返却済データの除去 ≒ 最新の備品データを取得 */ AND SD.return_date IS NULL AND SD.del = FALSE /* [貸出中]データの取得 */ AND SD.staff_no IS NOT NULL /* [不明]のデータは対象としない */ AND (DATEDIFF(CURRENT_DATE(), SD.confirmed_date) <= 365 ) WHERE 1 = 1 AND STM.stock_type = ? AND STM.stock_code = ? ) SELECT STM.name AS type_name , SM.serial_no AS serialNo , SFM.name AS staffName , IFNULL(DATE_FORMAT(SD.start_date, '%Y/%m/%d'), '') AS startDate , IFNULL(DATE_FORMAT(SD.limit_date, '%Y/%m/%d'), '') AS limitDate , SM.remarks AS remarks , SM.stock_type , SM.stock_code , SD.id AS stockDataId , SD.staff_no AS staff_no FROM BASE_TABLE B INNER JOIN stock_master SM ON B.serial_no = SM.serial_no INNER JOIN stock_type_master STM ON SM.stock_type = STM.stock_type AND SM.stock_code = STM.stock_code INNER JOIN stock_data SD ON B.id = SD.id LEFT JOIN staff_master SFM ON SD.staff_no = SFM.staff_no WHERE 1 = 1 ORDER BY SM.serial_no
2026-03-15 15:01:48 [Thread-9] DEBUG a.r.m.I.getTableLoanableStockData - ==> Parameters: 3(Integer), 1(String)
2026-03-15 15:01:48 [Thread-9] DEBUG a.r.m.I.getTableLoanableStockData - <==      Total: 4
2026-03-15 15:01:48 [Thread-9] DEBUG o.a.i.t.jdbc.JdbcTransaction - Resetting autocommit to true on JDBC Connection [HikariProxyConnection@1686580041 wrapping com.mysql.cj.jdbc.ConnectionImpl@7dd8dccd]
2026-03-15 15:01:48 [Thread-9] DEBUG o.a.i.t.jdbc.JdbcTransaction - Closing JDBC Connection [HikariProxyConnection@1686580041 wrapping com.mysql.cj.jdbc.ConnectionImpl@7dd8dccd]
2026-03-15 15:01:48 [JavaFX Application Thread] INFO  application.java.manager.LogManager - 画面展開 [setPage] : 備品返却画面
2026-03-15 15:02:00 [HikariPool-1:housekeeper] DEBUG com.zaxxer.hikari.pool.HikariPool - HikariPool-1 - Pool stats (total=20/20, idle=20/20, active=0, waiting=0)
2026-03-15 15:02:00 [HikariPool-1:housekeeper] DEBUG com.zaxxer.hikari.pool.HikariPool - HikariPool-1 - Fill pool skipped, pool has sufficient level or currently being filled.
2026-03-15 15:02:02 [JavaFX Application Thread] INFO  application.java.manager.LogManager - [備品返却画面] ： [返却]ボタン押下
2026-03-15 15:02:05 [JavaFX Application Thread] DEBUG application.java.manager.LogManager - [備品返却画面] ： 返却(更新・登録)処理
2026-03-15 15:02:05 [JavaFX Application Thread] DEBUG application.java.manager.LogManager - [SQL操作クラス] ： トランザクション使用 Bulk処理
2026-03-15 15:02:05 [JavaFX Application Thread] DEBUG application.java.manager.LogManager - [備品返却画面] ： DB 備品(貸出中)データ更新・登録(返却)処理
2026-03-15 15:02:05 [JavaFX Application Thread] DEBUG o.a.i.t.jdbc.JdbcTransaction - Opening JDBC Connection
2026-03-15 15:02:05 [JavaFX Application Thread] DEBUG o.a.i.t.jdbc.JdbcTransaction - Setting autocommit to false on JDBC Connection [HikariProxyConnection@1873500702 wrapping com.mysql.cj.jdbc.ConnectionImpl@7dd8dccd]
2026-03-15 15:02:05 [JavaFX Application Thread] DEBUG a.r.m.I.updStockDataReturn - ==>  Preparing: UPDATE stock_data SD SET SD.return_date = ?, SD.confirmed_date = ? WHERE 1 = 1 AND SD.id = ?
2026-03-15 15:02:05 [JavaFX Application Thread] DEBUG a.r.m.I.updStockDataReturn - ==> Parameters: 2026-03-15(LocalDate), 2026-03-15(LocalDate), 11(Integer)
2026-03-15 15:02:05 [JavaFX Application Thread] DEBUG a.r.m.I.insCopySerialNewStockData - ==>  Preparing: INSERT INTO stock_data ( serial_no , parent_stock_code , staff_no , start_date , limit_date , return_date , confirmed_date , del ) VALUES ( ? , NULL , NULL , NULL , NULL , NULL , ? , FALSE )
2026-03-15 15:02:05 [JavaFX Application Thread] DEBUG a.r.m.I.insCopySerialNewStockData - ==> Parameters: S000000011(String), 2026-03-15(LocalDate)
2026-03-15 15:02:05 [JavaFX Application Thread] DEBUG o.a.i.t.jdbc.JdbcTransaction - Committing JDBC Connection [HikariProxyConnection@1873500702 wrapping com.mysql.cj.jdbc.ConnectionImpl@7dd8dccd]
2026-03-15 15:02:05 [JavaFX Application Thread] DEBUG o.a.i.t.jdbc.JdbcTransaction - Resetting autocommit to true on JDBC Connection [HikariProxyConnection@1873500702 wrapping com.mysql.cj.jdbc.ConnectionImpl@7dd8dccd]
2026-03-15 15:02:05 [JavaFX Application Thread] DEBUG o.a.i.t.jdbc.JdbcTransaction - Closing JDBC Connection [HikariProxyConnection@1873500702 wrapping com.mysql.cj.jdbc.ConnectionImpl@7dd8dccd]
2026-03-15 15:02:05 [JavaFX Application Thread] DEBUG application.java.manager.LogManager - [備品返却画面] ： リスト再表示処理
2026-03-15 15:02:05 [JavaFX Application Thread] DEBUG application.java.manager.LogManager - [SQL操作クラス] ： 非同期処理 SELECT句発行
2026-03-15 15:02:05 [Thread-10] DEBUG application.java.manager.LogManager - [SQL操作クラス] ： SELECT句発行
2026-03-15 15:02:05 [Thread-10] DEBUG application.java.manager.LogManager - [備品返却画面] ： DB 備品(返却≒貸出中)データ取得処理
2026-03-15 15:02:05 [Thread-10] DEBUG o.a.i.t.jdbc.JdbcTransaction - Opening JDBC Connection
2026-03-15 15:02:05 [Thread-10] DEBUG o.a.i.t.jdbc.JdbcTransaction - Setting autocommit to false on JDBC Connection [HikariProxyConnection@1353191284 wrapping com.mysql.cj.jdbc.ConnectionImpl@7dd8dccd]
2026-03-15 15:02:05 [Thread-10] DEBUG a.r.m.I.getTableLoanableStockData - ==>  Preparing: WITH BASE_TABLE AS ( SELECT DISTINCT SM.serial_no , SD.id FROM stock_type_master STM /* 参照権限を考慮する場合に用いる INNER JOIN stock_type_data STD ON STM.stock_type = STD.stock_type AND STM.stock_code = STD.stock_code*/ INNER JOIN stock_master SM ON STM.stock_type = SM.stock_type AND STM.stock_code = SM.stock_code AND STM.del = FALSE AND SM.del = FALSE AND SM.rent_flg = FALSE INNER JOIN stock_data SD ON SM.serial_no = SD.serial_no /* 返却済データの除去 ≒ 最新の備品データを取得 */ AND SD.return_date IS NULL AND SD.del = FALSE /* [貸出中]データの取得 */ AND SD.staff_no IS NOT NULL /* [不明]のデータは対象としない */ AND (DATEDIFF(CURRENT_DATE(), SD.confirmed_date) <= 365 ) WHERE 1 = 1 AND STM.stock_type = ? AND STM.stock_code = ? ) SELECT STM.name AS type_name , SM.serial_no AS serialNo , SFM.name AS staffName , IFNULL(DATE_FORMAT(SD.start_date, '%Y/%m/%d'), '') AS startDate , IFNULL(DATE_FORMAT(SD.limit_date, '%Y/%m/%d'), '') AS limitDate , SM.remarks AS remarks , SM.stock_type , SM.stock_code , SD.id AS stockDataId , SD.staff_no AS staff_no FROM BASE_TABLE B INNER JOIN stock_master SM ON B.serial_no = SM.serial_no INNER JOIN stock_type_master STM ON SM.stock_type = STM.stock_type AND SM.stock_code = STM.stock_code INNER JOIN stock_data SD ON B.id = SD.id LEFT JOIN staff_master SFM ON SD.staff_no = SFM.staff_no WHERE 1 = 1 ORDER BY SM.serial_no
2026-03-15 15:02:05 [Thread-10] DEBUG a.r.m.I.getTableLoanableStockData - ==> Parameters: 3(Integer), 1(String)
2026-03-15 15:02:05 [Thread-10] DEBUG a.r.m.I.getTableLoanableStockData - <==      Total: 3
2026-03-15 15:02:05 [Thread-10] DEBUG o.a.i.t.jdbc.JdbcTransaction - Resetting autocommit to true on JDBC Connection [HikariProxyConnection@1353191284 wrapping com.mysql.cj.jdbc.ConnectionImpl@7dd8dccd]
2026-03-15 15:02:05 [Thread-10] DEBUG o.a.i.t.jdbc.JdbcTransaction - Closing JDBC Connection [HikariProxyConnection@1353191284 wrapping com.mysql.cj.jdbc.ConnectionImpl@7dd8dccd]
2026-03-15 15:02:06 [HikariPool-1:housekeeper] DEBUG com.zaxxer.hikari.pool.HikariPool - HikariPool-1 - keepalive: connection com.mysql.cj.jdbc.ConnectionImpl@3dabf7c9 is alive
2026-03-15 15:02:07 [JavaFX Application Thread] INFO  application.java.manager.LogManager - [備品返却画面] ： [戻る]ボタン押下
2026-03-15 15:02:07 [JavaFX Application Thread] INFO  application.java.manager.LogManager - [備品詳細画面] ： 初期化処理
2026-03-15 15:02:07 [JavaFX Application Thread] DEBUG application.java.manager.LogManager - [備品詳細画面] ： リスト表示処理
2026-03-15 15:02:07 [JavaFX Application Thread] DEBUG application.java.manager.LogManager - [SQL操作クラス] ： 非同期処理 SELECT句発行
2026-03-15 15:02:07 [Thread-11] DEBUG application.java.manager.LogManager - [SQL操作クラス] ： SELECT句発行
2026-03-15 15:02:07 [Thread-11] DEBUG application.java.manager.LogManager - [備品詳細画面] ： DB 備品詳細データ取得処理
2026-03-15 15:02:07 [Thread-11] DEBUG o.a.i.t.jdbc.JdbcTransaction - Opening JDBC Connection
2026-03-15 15:02:07 [Thread-11] DEBUG o.a.i.t.jdbc.JdbcTransaction - Setting autocommit to false on JDBC Connection [HikariProxyConnection@652487248 wrapping com.mysql.cj.jdbc.ConnectionImpl@7dd8dccd]
2026-03-15 15:02:07 [Thread-11] DEBUG a.r.m.I.getTableDetailRecords - ==>  Preparing: WITH BASE_TABLE AS ( SELECT DISTINCT SM.serial_no , SD.id FROM stock_type_master STM /* 参照権限を考慮する場合に用いる INNER JOIN stock_type_data STD ON STM.stock_type = STD.stock_type AND STM.stock_code = STD.stock_code*/ INNER JOIN stock_master SM ON STM.stock_type = SM.stock_type AND STM.stock_code = SM.stock_code AND STM.del = FALSE AND SM.del = FALSE /* 未登録データを考慮しLEFT JOINとする */ LEFT JOIN stock_data SD ON SM.serial_no = SD.serial_no /* 返却済データの除去 ≒ 最新の備品データを取得 */ AND SD.return_date IS NULL AND SD.del = FALSE WHERE 1 = 1 AND STM.stock_type = ? AND STM.stock_code = ? ) SELECT STM.name AS type_name , SM.serial_no AS serialNo , IFNULL(STF.name, '') AS staffName -- 貸出先ユーザー , CASE WHEN SM.rent_flg THEN '4' -- 不可 / 貸出可否(TRUEの場合、貸出不可) WHEN DATEDIFF(CURRENT_DATE (), SD.confirmed_date) > 365 THEN '3' -- 不明 / [confirmed_date]：最終所在確認日 が１年前以前(可・貸出中に関わらず不明とする) WHEN SD.staff_no IS NOT NULL AND (DATEDIFF(CURRENT_DATE(), SD.confirmed_date) <= 365 ) THEN '2' -- 貸出中 WHEN SD.staff_no IS NULL AND (DATEDIFF(CURRENT_DATE(), SD.confirmed_date) <= 365 ) THEN '1' -- 可 ELSE '4' -- 不可 / 備品データが未登録の場合など、異常なデータ END AS rentFlg , IFNULL(DATE_FORMAT(SD.start_date, '%Y/%m/%d'), '-') AS startDate , IFNULL(DATE_FORMAT(SD.limit_date, '%Y/%m/%d'), '-') AS limitDate , IFNULL(DATE_FORMAT(SD.confirmed_date, '%Y/%m/%d'), '-') AS confirmedDate , SM.name AS model , SM.maker AS maker , IFNULL(SD.parent_stock_code, '-') AS destinationSerialNo -- 親シリアルナンバー , GCM.value_1 AS type , IFNULL(DATE_FORMAT(SM.expiry_date, '%Y/%m/%d'), '-') AS leaseDate , SM.remarks AS remarks , SM.stock_type , SM.stock_code , SD.id AS stockDataId , SD.staff_no AS staff_no FROM BASE_TABLE B INNER JOIN stock_master SM ON B.serial_no = SM.serial_no INNER JOIN stock_type_master STM ON SM.stock_type = STM.stock_type AND SM.stock_code = STM.stock_code /* 未登録データを考慮しLEFT JOINとする */ LEFT JOIN stock_data SD ON B.id = SD.id /* 未登録データを考慮しLEFT JOINとする */ LEFT JOIN staff_master STF ON SD.staff_no = STF.staff_no /* 未登録データを考慮しLEFT JOINとする */ LEFT JOIN generic_code_master GCM ON SM.asset_type = GCM.type_key AND GCM.generic_key = 'ASSET_TYPE' WHERE 1 = 1 ORDER BY SM.serial_no
2026-03-15 15:02:07 [Thread-11] DEBUG a.r.m.I.getTableDetailRecords - ==> Parameters: 3(Integer), 1(String)
2026-03-15 15:02:07 [Thread-11] DEBUG a.r.m.I.getTableDetailRecords - <==      Total: 5
2026-03-15 15:02:07 [Thread-11] DEBUG o.a.i.t.jdbc.JdbcTransaction - Resetting autocommit to true on JDBC Connection [HikariProxyConnection@652487248 wrapping com.mysql.cj.jdbc.ConnectionImpl@7dd8dccd]
2026-03-15 15:02:07 [Thread-11] DEBUG o.a.i.t.jdbc.JdbcTransaction - Closing JDBC Connection [HikariProxyConnection@652487248 wrapping com.mysql.cj.jdbc.ConnectionImpl@7dd8dccd]
2026-03-15 15:02:08 [JavaFX Application Thread] INFO  application.java.manager.LogManager - 画面展開 [setPage] : 備品詳細画面
2026-03-15 15:02:08 [HikariPool-1:housekeeper] DEBUG com.zaxxer.hikari.pool.HikariPool - HikariPool-1 - keepalive: connection com.mysql.cj.jdbc.ConnectionImpl@36c7f4cf is alive
2026-03-15 15:02:08 [HikariPool-1:housekeeper] DEBUG com.zaxxer.hikari.pool.HikariPool - HikariPool-1 - keepalive: connection com.mysql.cj.jdbc.ConnectionImpl@6694813a is alive
2026-03-15 15:02:09 [JavaFX Application Thread] INFO  application.java.manager.LogManager - [備品詳細画面] ： [貸出]ボタン押下
2026-03-15 15:02:09 [JavaFX Application Thread] INFO  application.java.manager.LogManager - [備品貸出画面] ： 初期化処理
2026-03-15 15:02:09 [JavaFX Application Thread] DEBUG application.java.manager.LogManager - [備品貸出画面] ： 使用者一覧(ComboBox 選択リスト)取得処理
2026-03-15 15:02:09 [JavaFX Application Thread] DEBUG application.java.manager.LogManager - [SQL操作クラス] ： 非同期処理 SELECT句発行
2026-03-15 15:02:09 [JavaFX Application Thread] DEBUG application.java.manager.LogManager - [備品貸出画面] ： リスト表示処理
2026-03-15 15:02:09 [JavaFX Application Thread] DEBUG application.java.manager.LogManager - [SQL操作クラス] ： 非同期処理 SELECT句発行
2026-03-15 15:02:09 [Thread-12] DEBUG application.java.manager.LogManager - [SQL操作クラス] ： SELECT句発行
2026-03-15 15:02:09 [Thread-12] DEBUG application.java.manager.LogManager - [備品貸出画面] ： DB 社員マスタ取得処理
2026-03-15 15:02:09 [Thread-13] DEBUG application.java.manager.LogManager - [SQL操作クラス] ： SELECT句発行
2026-03-15 15:02:09 [Thread-13] DEBUG application.java.manager.LogManager - [備品貸出画面] ： DB 備品(貸出)データ取得処理
2026-03-15 15:02:09 [Thread-12] DEBUG o.a.i.t.jdbc.JdbcTransaction - Opening JDBC Connection
2026-03-15 15:02:09 [Thread-13] DEBUG o.a.i.t.jdbc.JdbcTransaction - Opening JDBC Connection
2026-03-15 15:02:09 [Thread-12] DEBUG o.a.i.t.jdbc.JdbcTransaction - Setting autocommit to false on JDBC Connection [HikariProxyConnection@1720488096 wrapping com.mysql.cj.jdbc.ConnectionImpl@7dd8dccd]
2026-03-15 15:02:09 [Thread-13] DEBUG o.a.i.t.jdbc.JdbcTransaction - Setting autocommit to false on JDBC Connection [HikariProxyConnection@531578378 wrapping com.mysql.cj.jdbc.ConnectionImpl@6694813a]
2026-03-15 15:02:09 [Thread-12] DEBUG a.r.m.I.getStaffMasterData - ==>  Preparing: SELECT SM.staff_no AS staffNo, SM.name AS staffName FROM staff_master SM WHERE 1 = 1 AND SM.del = FALSE ORDER BY SM.staff_no
2026-03-15 15:02:09 [Thread-13] DEBUG a.r.m.I.getTableReturnableStockData - ==>  Preparing: WITH BASE_TABLE AS ( SELECT DISTINCT SM.serial_no , SD.id FROM stock_type_master STM /* 参照権限を考慮する場合に用いる INNER JOIN stock_type_data STD ON STM.stock_type = STD.stock_type AND STM.stock_code = STD.stock_code*/ INNER JOIN stock_master SM ON STM.stock_type = SM.stock_type AND STM.stock_code = SM.stock_code AND STM.del = FALSE AND SM.del = FALSE AND SM.rent_flg = FALSE INNER JOIN stock_data SD ON SM.serial_no = SD.serial_no /* 返却済データの除去 ≒ 最新の備品データを取得 */ AND SD.return_date IS NULL AND SD.del = FALSE /* [在庫](返却)データの取得(社員番号が設定されていないデータ) */ AND SD.staff_no IS NULL /* [不明]のデータは対象としない */ AND (DATEDIFF(CURRENT_DATE(), SD.confirmed_date) <= 365 ) WHERE 1 = 1 AND STM.stock_type = ? AND STM.stock_code = ? ) SELECT STM.name AS type_name , SM.serial_no AS serialNo , '' AS staffName , IFNULL(DATE_FORMAT(SD.start_date, '%Y/%m/%d'), '') AS startDate , IFNULL(DATE_FORMAT(SD.limit_date, '%Y/%m/%d'), '') AS limitDate , SM.remarks AS remarks , SM.stock_type , SM.stock_code , SD.id AS stockDataId FROM BASE_TABLE B INNER JOIN stock_master SM ON B.serial_no = SM.serial_no INNER JOIN stock_type_master STM ON SM.stock_type = STM.stock_type AND SM.stock_code = STM.stock_code INNER JOIN stock_data SD ON B.id = SD.id WHERE 1 = 1 ORDER BY SM.serial_no
2026-03-15 15:02:09 [Thread-12] DEBUG a.r.m.I.getStaffMasterData - ==> Parameters: 
2026-03-15 15:02:09 [Thread-13] DEBUG a.r.m.I.getTableReturnableStockData - ==> Parameters: 3(Integer), 1(String)
2026-03-15 15:02:09 [Thread-12] DEBUG a.r.m.I.getStaffMasterData - <==      Total: 5
2026-03-15 15:02:09 [Thread-12] DEBUG o.a.i.t.jdbc.JdbcTransaction - Resetting autocommit to true on JDBC Connection [HikariProxyConnection@1720488096 wrapping com.mysql.cj.jdbc.ConnectionImpl@7dd8dccd]
2026-03-15 15:02:09 [Thread-12] DEBUG o.a.i.t.jdbc.JdbcTransaction - Closing JDBC Connection [HikariProxyConnection@1720488096 wrapping com.mysql.cj.jdbc.ConnectionImpl@7dd8dccd]
2026-03-15 15:02:09 [Thread-13] DEBUG a.r.m.I.getTableReturnableStockData - <==      Total: 2
2026-03-15 15:02:09 [Thread-13] DEBUG o.a.i.t.jdbc.JdbcTransaction - Resetting autocommit to true on JDBC Connection [HikariProxyConnection@531578378 wrapping com.mysql.cj.jdbc.ConnectionImpl@6694813a]
2026-03-15 15:02:09 [Thread-13] DEBUG o.a.i.t.jdbc.JdbcTransaction - Closing JDBC Connection [HikariProxyConnection@531578378 wrapping com.mysql.cj.jdbc.ConnectionImpl@6694813a]
2026-03-15 15:02:09 [JavaFX Application Thread] INFO  application.java.manager.LogManager - 画面展開 [setPage] : 備品貸出画面
2026-03-15 15:02:11 [HikariPool-1:housekeeper] DEBUG com.zaxxer.hikari.pool.HikariPool - HikariPool-1 - keepalive: connection com.mysql.cj.jdbc.ConnectionImpl@4a9189ce is alive
2026-03-15 15:02:11 [HikariPool-1:housekeeper] DEBUG com.zaxxer.hikari.pool.HikariPool - HikariPool-1 - keepalive: connection com.mysql.cj.jdbc.ConnectionImpl@7dd8dccd is alive
2026-03-15 15:02:11 [JavaFX Application Thread] INFO  application.java.manager.LogManager - [備品貸出画面] ： [戻る]ボタン押下
2026-03-15 15:02:11 [JavaFX Application Thread] INFO  application.java.manager.LogManager - [備品詳細画面] ： 初期化処理
2026-03-15 15:02:11 [JavaFX Application Thread] DEBUG application.java.manager.LogManager - [備品詳細画面] ： リスト表示処理
2026-03-15 15:02:11 [JavaFX Application Thread] DEBUG application.java.manager.LogManager - [SQL操作クラス] ： 非同期処理 SELECT句発行
2026-03-15 15:02:11 [Thread-14] DEBUG application.java.manager.LogManager - [SQL操作クラス] ： SELECT句発行
2026-03-15 15:02:11 [Thread-14] DEBUG application.java.manager.LogManager - [備品詳細画面] ： DB 備品詳細データ取得処理
2026-03-15 15:02:11 [Thread-14] DEBUG o.a.i.t.jdbc.JdbcTransaction - Opening JDBC Connection
2026-03-15 15:02:11 [Thread-14] DEBUG o.a.i.t.jdbc.JdbcTransaction - Setting autocommit to false on JDBC Connection [HikariProxyConnection@735773267 wrapping com.mysql.cj.jdbc.ConnectionImpl@7dd8dccd]
2026-03-15 15:02:11 [Thread-14] DEBUG a.r.m.I.getTableDetailRecords - ==>  Preparing: WITH BASE_TABLE AS ( SELECT DISTINCT SM.serial_no , SD.id FROM stock_type_master STM /* 参照権限を考慮する場合に用いる INNER JOIN stock_type_data STD ON STM.stock_type = STD.stock_type AND STM.stock_code = STD.stock_code*/ INNER JOIN stock_master SM ON STM.stock_type = SM.stock_type AND STM.stock_code = SM.stock_code AND STM.del = FALSE AND SM.del = FALSE /* 未登録データを考慮しLEFT JOINとする */ LEFT JOIN stock_data SD ON SM.serial_no = SD.serial_no /* 返却済データの除去 ≒ 最新の備品データを取得 */ AND SD.return_date IS NULL AND SD.del = FALSE WHERE 1 = 1 AND STM.stock_type = ? AND STM.stock_code = ? ) SELECT STM.name AS type_name , SM.serial_no AS serialNo , IFNULL(STF.name, '') AS staffName -- 貸出先ユーザー , CASE WHEN SM.rent_flg THEN '4' -- 不可 / 貸出可否(TRUEの場合、貸出不可) WHEN DATEDIFF(CURRENT_DATE (), SD.confirmed_date) > 365 THEN '3' -- 不明 / [confirmed_date]：最終所在確認日 が１年前以前(可・貸出中に関わらず不明とする) WHEN SD.staff_no IS NOT NULL AND (DATEDIFF(CURRENT_DATE(), SD.confirmed_date) <= 365 ) THEN '2' -- 貸出中 WHEN SD.staff_no IS NULL AND (DATEDIFF(CURRENT_DATE(), SD.confirmed_date) <= 365 ) THEN '1' -- 可 ELSE '4' -- 不可 / 備品データが未登録の場合など、異常なデータ END AS rentFlg , IFNULL(DATE_FORMAT(SD.start_date, '%Y/%m/%d'), '-') AS startDate , IFNULL(DATE_FORMAT(SD.limit_date, '%Y/%m/%d'), '-') AS limitDate , IFNULL(DATE_FORMAT(SD.confirmed_date, '%Y/%m/%d'), '-') AS confirmedDate , SM.name AS model , SM.maker AS maker , IFNULL(SD.parent_stock_code, '-') AS destinationSerialNo -- 親シリアルナンバー , GCM.value_1 AS type , IFNULL(DATE_FORMAT(SM.expiry_date, '%Y/%m/%d'), '-') AS leaseDate , SM.remarks AS remarks , SM.stock_type , SM.stock_code , SD.id AS stockDataId , SD.staff_no AS staff_no FROM BASE_TABLE B INNER JOIN stock_master SM ON B.serial_no = SM.serial_no INNER JOIN stock_type_master STM ON SM.stock_type = STM.stock_type AND SM.stock_code = STM.stock_code /* 未登録データを考慮しLEFT JOINとする */ LEFT JOIN stock_data SD ON B.id = SD.id /* 未登録データを考慮しLEFT JOINとする */ LEFT JOIN staff_master STF ON SD.staff_no = STF.staff_no /* 未登録データを考慮しLEFT JOINとする */ LEFT JOIN generic_code_master GCM ON SM.asset_type = GCM.type_key AND GCM.generic_key = 'ASSET_TYPE' WHERE 1 = 1 ORDER BY SM.serial_no
2026-03-15 15:02:11 [Thread-14] DEBUG a.r.m.I.getTableDetailRecords - ==> Parameters: 3(Integer), 1(String)
2026-03-15 15:02:11 [Thread-14] DEBUG a.r.m.I.getTableDetailRecords - <==      Total: 5
2026-03-15 15:02:11 [Thread-14] DEBUG o.a.i.t.jdbc.JdbcTransaction - Resetting autocommit to true on JDBC Connection [HikariProxyConnection@735773267 wrapping com.mysql.cj.jdbc.ConnectionImpl@7dd8dccd]
2026-03-15 15:02:11 [Thread-14] DEBUG o.a.i.t.jdbc.JdbcTransaction - Closing JDBC Connection [HikariProxyConnection@735773267 wrapping com.mysql.cj.jdbc.ConnectionImpl@7dd8dccd]
2026-03-15 15:02:11 [JavaFX Application Thread] INFO  application.java.manager.LogManager - 画面展開 [setPage] : 備品詳細画面
2026-03-15 15:02:11 [HikariPool-1:housekeeper] DEBUG com.zaxxer.hikari.pool.HikariPool - HikariPool-1 - keepalive: connection com.mysql.cj.jdbc.ConnectionImpl@244182de is alive
2026-03-15 15:02:13 [HikariPool-1:housekeeper] DEBUG com.zaxxer.hikari.pool.HikariPool - HikariPool-1 - keepalive: connection com.mysql.cj.jdbc.ConnectionImpl@4af69d64 is alive
2026-03-15 15:02:13 [HikariPool-1:housekeeper] DEBUG com.zaxxer.hikari.pool.HikariPool - HikariPool-1 - keepalive: connection com.mysql.cj.jdbc.ConnectionImpl@266ca479 is alive
2026-03-15 15:02:14 [HikariPool-1:housekeeper] DEBUG com.zaxxer.hikari.pool.HikariPool - HikariPool-1 - keepalive: connection com.mysql.cj.jdbc.ConnectionImpl@2c9c135f is alive
2026-03-15 15:02:15 [HikariPool-1:housekeeper] DEBUG com.zaxxer.hikari.pool.HikariPool - HikariPool-1 - keepalive: connection com.mysql.cj.jdbc.ConnectionImpl@45a9aa47 is alive
2026-03-15 15:02:15 [HikariPool-1:housekeeper] DEBUG com.zaxxer.hikari.pool.HikariPool - HikariPool-1 - keepalive: connection com.mysql.cj.jdbc.ConnectionImpl@59cce006 is alive
2026-03-15 15:02:15 [HikariPool-1:housekeeper] DEBUG com.zaxxer.hikari.pool.HikariPool - HikariPool-1 - keepalive: connection com.mysql.cj.jdbc.ConnectionImpl@36740ffe is alive
2026-03-15 15:02:16 [HikariPool-1:housekeeper] DEBUG com.zaxxer.hikari.pool.HikariPool - HikariPool-1 - keepalive: connection com.mysql.cj.jdbc.ConnectionImpl@1be3ccdf is alive
2026-03-15 15:02:20 [HikariPool-1:housekeeper] DEBUG com.zaxxer.hikari.pool.HikariPool - HikariPool-1 - keepalive: connection com.mysql.cj.jdbc.ConnectionImpl@549b2cc6 is alive
2026-03-15 15:02:21 [HikariPool-1:housekeeper] DEBUG com.zaxxer.hikari.pool.HikariPool - HikariPool-1 - keepalive: connection com.mysql.cj.jdbc.ConnectionImpl@20eac29f is alive
2026-03-15 15:02:22 [HikariPool-1:housekeeper] DEBUG com.zaxxer.hikari.pool.HikariPool - HikariPool-1 - keepalive: connection com.mysql.cj.jdbc.ConnectionImpl@7b9d5df0 is alive
2026-03-15 15:02:22 [HikariPool-1:housekeeper] DEBUG com.zaxxer.hikari.pool.HikariPool - HikariPool-1 - keepalive: connection com.mysql.cj.jdbc.ConnectionImpl@17aea8fa is alive
2026-03-15 15:02:25 [HikariPool-1:housekeeper] DEBUG com.zaxxer.hikari.pool.HikariPool - HikariPool-1 - keepalive: connection com.mysql.cj.jdbc.ConnectionImpl@89919c6 is alive
2026-03-15 15:02:25 [HikariPool-1:housekeeper] DEBUG com.zaxxer.hikari.pool.HikariPool - HikariPool-1 - keepalive: connection com.mysql.cj.jdbc.ConnectionImpl@379879d0 is alive
2026-03-15 15:02:25 [HikariPool-1:housekeeper] DEBUG com.zaxxer.hikari.pool.HikariPool - HikariPool-1 - keepalive: connection com.mysql.cj.jdbc.ConnectionImpl@39313455 is alive
2026-03-15 15:02:27 [JavaFX Application Thread] INFO  application.java.manager.LogManager - [備品詳細画面] ： [一覧に戻る]ボタン押下
2026-03-15 15:02:27 [JavaFX Application Thread] INFO  application.java.manager.LogManager - [備品一覧画面] ： 初期化処理
2026-03-15 15:02:27 [JavaFX Application Thread] DEBUG application.java.manager.LogManager - [備品一覧画面] ： リスト表示処理
2026-03-15 15:02:27 [JavaFX Application Thread] DEBUG application.java.manager.LogManager - [SQL操作クラス] ： 非同期処理 SELECT句発行
2026-03-15 15:02:27 [Thread-3] DEBUG application.java.manager.LogManager - [SQL操作クラス] ： SELECT句発行
2026-03-15 15:02:27 [Thread-3] DEBUG o.a.i.t.jdbc.JdbcTransaction - Opening JDBC Connection
2026-03-15 15:02:27 [Thread-3] DEBUG o.a.i.t.jdbc.JdbcTransaction - Setting autocommit to false on JDBC Connection [HikariProxyConnection@500230221 wrapping com.mysql.cj.jdbc.ConnectionImpl@7dd8dccd]
2026-03-15 15:02:27 [Thread-3] DEBUG a.r.m.I.getTableRecords - ==>  Preparing: WITH SUB_TOTAL AS ( SELECT ST.stock_type , ST.stock_code , SUM(CASE WHEN SD.staff_no IS NOT NULL AND (DATEDIFF(CURRENT_DATE(), SD.confirmed_date) <= 365 ) THEN 1 ELSE 0 END) AS lending_count -- 貸出備品の数 , SUM(CASE /* 在庫 = [staff_no]：貸出先ユーザーの社員番号 が未設定(NULL) 且つ [return_date]：返却日が未設定(NULL) 且つ [confirmed_date]：最終所在確認日 が１年以内 */ WHEN SD.staff_no IS NULL AND (DATEDIFF(CURRENT_DATE(), SD.confirmed_date) <= 365 ) THEN 1 ELSE 0 END) AS stock_count -- 在庫備品の数 , SUM(CASE /* 不明 = [return_date]：返却日が未設定(NULL) 且つ [confirmed_date]：最終所在確認日 が１年前以前 ※ 貸出中・在庫を問わず１年前以前のデータを不明とする */ WHEN (DATEDIFF(CURRENT_DATE(), SD.confirmed_date) > 365 ) THEN 1 ELSE 0 END) AS unknown_count -- 不明備品の数 FROM (SELECT stock_type , stock_code FROM stock_type_master WHERE 1 = 1 AND del = FALSE) ST INNER JOIN stock_master SM ON ST.stock_type = SM.stock_type AND ST.stock_code = SM.stock_code AND SM.del = FALSE /* 未登録データを考慮しLEFT JOINとする */ LEFT JOIN stock_data SD ON SM.serial_no = SD.serial_no /* 返却済データの除去 */ AND SD.return_date IS NULL AND SD.del = FALSE WHERE 1 = 1 GROUP BY ST.stock_type , ST.stock_code ) SELECT ST.stock_type AS type, ST.stock_code AS code, ST.name AS itemName, IFNULL(S.lending_count, 0) AS loanCount, IFNULL(S.stock_count, 0) AS returnCount, IFNULL(S.unknown_count, 0) AS unknownCount, IFNULL(S.lending_count + S.stock_count, 0) AS totalCount /* 追加項目：遷移先画面サイズ */ , IFNULL( GCM.value_1, '1') AS windowSize FROM stock_type_master ST INNER JOIN SUB_TOTAL S ON ST.stock_type = S.stock_type AND ST.stock_code = S.stock_code /* 追加項目 遷移先画面サイズ */ LEFT JOIN generic_code_master GCM ON CAST(ST.stock_type AS CHAR) = GCM.type_key AND ST.stock_code = GCM.code AND GCM.generic_key = 'WINDOW_SIZE' WHERE 1 = 1 ORDER BY ST.stock_type , St.stock_code
2026-03-15 15:02:27 [Thread-3] DEBUG a.r.m.I.getTableRecords - ==> Parameters: 
2026-03-15 15:02:27 [Thread-3] DEBUG a.r.m.I.getTableRecords - <==      Total: 16
2026-03-15 15:02:27 [Thread-3] DEBUG o.a.i.t.jdbc.JdbcTransaction - Resetting autocommit to true on JDBC Connection [HikariProxyConnection@500230221 wrapping com.mysql.cj.jdbc.ConnectionImpl@7dd8dccd]
2026-03-15 15:02:27 [Thread-3] DEBUG o.a.i.t.jdbc.JdbcTransaction - Closing JDBC Connection [HikariProxyConnection@500230221 wrapping com.mysql.cj.jdbc.ConnectionImpl@7dd8dccd]
2026-03-15 15:02:27 [JavaFX Application Thread] INFO  application.java.manager.LogManager - 画面展開 [setPage] : 備品一覧画面
2026-03-15 15:02:29 [JavaFX Application Thread] DEBUG application.java.manager.LogManager - [備品一覧画面] ： 選択行 分類種別: 8 分類コード: 2 遷移先画面サイズ : [3]
2026-03-15 15:02:29 [JavaFX Application Thread] INFO  application.java.manager.LogManager - [備品詳細画面] ： 初期化処理
2026-03-15 15:02:29 [JavaFX Application Thread] DEBUG application.java.manager.LogManager - [備品詳細画面] ： リスト表示処理
2026-03-15 15:02:29 [JavaFX Application Thread] DEBUG application.java.manager.LogManager - [SQL操作クラス] ： 非同期処理 SELECT句発行
2026-03-15 15:02:29 [Thread-4] DEBUG application.java.manager.LogManager - [SQL操作クラス] ： SELECT句発行
2026-03-15 15:02:29 [Thread-4] DEBUG application.java.manager.LogManager - [備品詳細画面] ： DB 備品詳細データ取得処理
2026-03-15 15:02:29 [Thread-4] DEBUG o.a.i.t.jdbc.JdbcTransaction - Opening JDBC Connection
2026-03-15 15:02:29 [Thread-4] DEBUG o.a.i.t.jdbc.JdbcTransaction - Setting autocommit to false on JDBC Connection [HikariProxyConnection@1661156899 wrapping com.mysql.cj.jdbc.ConnectionImpl@7dd8dccd]
2026-03-15 15:02:29 [Thread-4] DEBUG a.r.m.I.getTableDetailRecords - ==>  Preparing: WITH BASE_TABLE AS ( SELECT DISTINCT SM.serial_no , SD.id FROM stock_type_master STM /* 参照権限を考慮する場合に用いる INNER JOIN stock_type_data STD ON STM.stock_type = STD.stock_type AND STM.stock_code = STD.stock_code*/ INNER JOIN stock_master SM ON STM.stock_type = SM.stock_type AND STM.stock_code = SM.stock_code AND STM.del = FALSE AND SM.del = FALSE /* 未登録データを考慮しLEFT JOINとする */ LEFT JOIN stock_data SD ON SM.serial_no = SD.serial_no /* 返却済データの除去 ≒ 最新の備品データを取得 */ AND SD.return_date IS NULL AND SD.del = FALSE WHERE 1 = 1 AND STM.stock_type = ? AND STM.stock_code = ? ) SELECT STM.name AS type_name , SM.serial_no AS serialNo , IFNULL(STF.name, '') AS staffName -- 貸出先ユーザー , CASE WHEN SM.rent_flg THEN '4' -- 不可 / 貸出可否(TRUEの場合、貸出不可) WHEN DATEDIFF(CURRENT_DATE (), SD.confirmed_date) > 365 THEN '3' -- 不明 / [confirmed_date]：最終所在確認日 が１年前以前(可・貸出中に関わらず不明とする) WHEN SD.staff_no IS NOT NULL AND (DATEDIFF(CURRENT_DATE(), SD.confirmed_date) <= 365 ) THEN '2' -- 貸出中 WHEN SD.staff_no IS NULL AND (DATEDIFF(CURRENT_DATE(), SD.confirmed_date) <= 365 ) THEN '1' -- 可 ELSE '4' -- 不可 / 備品データが未登録の場合など、異常なデータ END AS rentFlg , IFNULL(DATE_FORMAT(SD.start_date, '%Y/%m/%d'), '-') AS startDate , IFNULL(DATE_FORMAT(SD.limit_date, '%Y/%m/%d'), '-') AS limitDate , IFNULL(DATE_FORMAT(SD.confirmed_date, '%Y/%m/%d'), '-') AS confirmedDate , SM.name AS model , SM.maker AS maker , IFNULL(SD.parent_stock_code, '-') AS destinationSerialNo -- 親シリアルナンバー , GCM.value_1 AS type , IFNULL(DATE_FORMAT(SM.expiry_date, '%Y/%m/%d'), '-') AS leaseDate , SM.remarks AS remarks , SM.stock_type , SM.stock_code , SD.id AS stockDataId , SD.staff_no AS staff_no FROM BASE_TABLE B INNER JOIN stock_master SM ON B.serial_no = SM.serial_no INNER JOIN stock_type_master STM ON SM.stock_type = STM.stock_type AND SM.stock_code = STM.stock_code /* 未登録データを考慮しLEFT JOINとする */ LEFT JOIN stock_data SD ON B.id = SD.id /* 未登録データを考慮しLEFT JOINとする */ LEFT JOIN staff_master STF ON SD.staff_no = STF.staff_no /* 未登録データを考慮しLEFT JOINとする */ LEFT JOIN generic_code_master GCM ON SM.asset_type = GCM.type_key AND GCM.generic_key = 'ASSET_TYPE' WHERE 1 = 1 ORDER BY SM.serial_no
2026-03-15 15:02:29 [Thread-4] DEBUG a.r.m.I.getTableDetailRecords - ==> Parameters: 8(Integer), 2(String)
2026-03-15 15:02:29 [Thread-4] DEBUG a.r.m.I.getTableDetailRecords - <==      Total: 3
2026-03-15 15:02:29 [Thread-4] DEBUG o.a.i.t.jdbc.JdbcTransaction - Resetting autocommit to true on JDBC Connection [HikariProxyConnection@1661156899 wrapping com.mysql.cj.jdbc.ConnectionImpl@7dd8dccd]
2026-03-15 15:02:29 [Thread-4] DEBUG o.a.i.t.jdbc.JdbcTransaction - Closing JDBC Connection [HikariProxyConnection@1661156899 wrapping com.mysql.cj.jdbc.ConnectionImpl@7dd8dccd]
2026-03-15 15:02:29 [JavaFX Application Thread] INFO  application.java.manager.LogManager - 画面展開 [setPage] : 備品詳細画面
2026-03-15 15:02:30 [HikariPool-1:housekeeper] DEBUG com.zaxxer.hikari.pool.HikariPool - HikariPool-1 - Pool stats (total=20/20, idle=20/20, active=0, waiting=0)
2026-03-15 15:02:30 [HikariPool-1:housekeeper] DEBUG com.zaxxer.hikari.pool.HikariPool - HikariPool-1 - Fill pool skipped, pool has sufficient level or currently being filled.
2026-03-15 15:02:31 [JavaFX Application Thread] INFO  application.java.manager.LogManager - [備品詳細画面] ： [返却]ボタン押下
2026-03-15 15:02:31 [JavaFX Application Thread] INFO  application.java.manager.LogManager - [備品返却画面] ： 初期化処理
2026-03-15 15:02:31 [JavaFX Application Thread] DEBUG application.java.manager.LogManager - [備品返却画面] ： リスト表示処理
2026-03-15 15:02:31 [JavaFX Application Thread] DEBUG application.java.manager.LogManager - [SQL操作クラス] ： 非同期処理 SELECT句発行
2026-03-15 15:02:31 [Thread-5] DEBUG application.java.manager.LogManager - [SQL操作クラス] ： SELECT句発行
2026-03-15 15:02:31 [Thread-5] DEBUG application.java.manager.LogManager - [備品返却画面] ： DB 備品(返却≒貸出中)データ取得処理
2026-03-15 15:02:31 [Thread-5] DEBUG o.a.i.t.jdbc.JdbcTransaction - Opening JDBC Connection
2026-03-15 15:02:31 [Thread-5] DEBUG o.a.i.t.jdbc.JdbcTransaction - Setting autocommit to false on JDBC Connection [HikariProxyConnection@1274324769 wrapping com.mysql.cj.jdbc.ConnectionImpl@7dd8dccd]
2026-03-15 15:02:31 [Thread-5] DEBUG a.r.m.I.getTableLoanableStockData - ==>  Preparing: WITH BASE_TABLE AS ( SELECT DISTINCT SM.serial_no , SD.id FROM stock_type_master STM /* 参照権限を考慮する場合に用いる INNER JOIN stock_type_data STD ON STM.stock_type = STD.stock_type AND STM.stock_code = STD.stock_code*/ INNER JOIN stock_master SM ON STM.stock_type = SM.stock_type AND STM.stock_code = SM.stock_code AND STM.del = FALSE AND SM.del = FALSE AND SM.rent_flg = FALSE INNER JOIN stock_data SD ON SM.serial_no = SD.serial_no /* 返却済データの除去 ≒ 最新の備品データを取得 */ AND SD.return_date IS NULL AND SD.del = FALSE /* [貸出中]データの取得 */ AND SD.staff_no IS NOT NULL /* [不明]のデータは対象としない */ AND (DATEDIFF(CURRENT_DATE(), SD.confirmed_date) <= 365 ) WHERE 1 = 1 AND STM.stock_type = ? AND STM.stock_code = ? ) SELECT STM.name AS type_name , SM.serial_no AS serialNo , SFM.name AS staffName , IFNULL(DATE_FORMAT(SD.start_date, '%Y/%m/%d'), '') AS startDate , IFNULL(DATE_FORMAT(SD.limit_date, '%Y/%m/%d'), '') AS limitDate , SM.remarks AS remarks , SM.stock_type , SM.stock_code , SD.id AS stockDataId , SD.staff_no AS staff_no FROM BASE_TABLE B INNER JOIN stock_master SM ON B.serial_no = SM.serial_no INNER JOIN stock_type_master STM ON SM.stock_type = STM.stock_type AND SM.stock_code = STM.stock_code INNER JOIN stock_data SD ON B.id = SD.id LEFT JOIN staff_master SFM ON SD.staff_no = SFM.staff_no WHERE 1 = 1 ORDER BY SM.serial_no
2026-03-15 15:02:31 [Thread-5] DEBUG a.r.m.I.getTableLoanableStockData - ==> Parameters: 8(Integer), 2(String)
2026-03-15 15:02:31 [Thread-5] DEBUG a.r.m.I.getTableLoanableStockData - <==      Total: 3
2026-03-15 15:02:31 [Thread-5] DEBUG o.a.i.t.jdbc.JdbcTransaction - Resetting autocommit to true on JDBC Connection [HikariProxyConnection@1274324769 wrapping com.mysql.cj.jdbc.ConnectionImpl@7dd8dccd]
2026-03-15 15:02:31 [Thread-5] DEBUG o.a.i.t.jdbc.JdbcTransaction - Closing JDBC Connection [HikariProxyConnection@1274324769 wrapping com.mysql.cj.jdbc.ConnectionImpl@7dd8dccd]
2026-03-15 15:02:31 [JavaFX Application Thread] INFO  application.java.manager.LogManager - 画面展開 [setPage] : 備品返却画面
2026-03-15 15:02:33 [JavaFX Application Thread] INFO  application.java.manager.LogManager - [備品返却画面] ： [戻る]ボタン押下
2026-03-15 15:02:33 [JavaFX Application Thread] INFO  application.java.manager.LogManager - [備品詳細画面] ： 初期化処理
2026-03-15 15:02:33 [JavaFX Application Thread] DEBUG application.java.manager.LogManager - [備品詳細画面] ： リスト表示処理
2026-03-15 15:02:33 [JavaFX Application Thread] DEBUG application.java.manager.LogManager - [SQL操作クラス] ： 非同期処理 SELECT句発行
2026-03-15 15:02:33 [Thread-6] DEBUG application.java.manager.LogManager - [SQL操作クラス] ： SELECT句発行
2026-03-15 15:02:33 [Thread-6] DEBUG application.java.manager.LogManager - [備品詳細画面] ： DB 備品詳細データ取得処理
2026-03-15 15:02:33 [Thread-6] DEBUG o.a.i.t.jdbc.JdbcTransaction - Opening JDBC Connection
2026-03-15 15:02:33 [Thread-6] DEBUG o.a.i.t.jdbc.JdbcTransaction - Setting autocommit to false on JDBC Connection [HikariProxyConnection@1884730524 wrapping com.mysql.cj.jdbc.ConnectionImpl@7dd8dccd]
2026-03-15 15:02:33 [Thread-6] DEBUG a.r.m.I.getTableDetailRecords - ==>  Preparing: WITH BASE_TABLE AS ( SELECT DISTINCT SM.serial_no , SD.id FROM stock_type_master STM /* 参照権限を考慮する場合に用いる INNER JOIN stock_type_data STD ON STM.stock_type = STD.stock_type AND STM.stock_code = STD.stock_code*/ INNER JOIN stock_master SM ON STM.stock_type = SM.stock_type AND STM.stock_code = SM.stock_code AND STM.del = FALSE AND SM.del = FALSE /* 未登録データを考慮しLEFT JOINとする */ LEFT JOIN stock_data SD ON SM.serial_no = SD.serial_no /* 返却済データの除去 ≒ 最新の備品データを取得 */ AND SD.return_date IS NULL AND SD.del = FALSE WHERE 1 = 1 AND STM.stock_type = ? AND STM.stock_code = ? ) SELECT STM.name AS type_name , SM.serial_no AS serialNo , IFNULL(STF.name, '') AS staffName -- 貸出先ユーザー , CASE WHEN SM.rent_flg THEN '4' -- 不可 / 貸出可否(TRUEの場合、貸出不可) WHEN DATEDIFF(CURRENT_DATE (), SD.confirmed_date) > 365 THEN '3' -- 不明 / [confirmed_date]：最終所在確認日 が１年前以前(可・貸出中に関わらず不明とする) WHEN SD.staff_no IS NOT NULL AND (DATEDIFF(CURRENT_DATE(), SD.confirmed_date) <= 365 ) THEN '2' -- 貸出中 WHEN SD.staff_no IS NULL AND (DATEDIFF(CURRENT_DATE(), SD.confirmed_date) <= 365 ) THEN '1' -- 可 ELSE '4' -- 不可 / 備品データが未登録の場合など、異常なデータ END AS rentFlg , IFNULL(DATE_FORMAT(SD.start_date, '%Y/%m/%d'), '-') AS startDate , IFNULL(DATE_FORMAT(SD.limit_date, '%Y/%m/%d'), '-') AS limitDate , IFNULL(DATE_FORMAT(SD.confirmed_date, '%Y/%m/%d'), '-') AS confirmedDate , SM.name AS model , SM.maker AS maker , IFNULL(SD.parent_stock_code, '-') AS destinationSerialNo -- 親シリアルナンバー , GCM.value_1 AS type , IFNULL(DATE_FORMAT(SM.expiry_date, '%Y/%m/%d'), '-') AS leaseDate , SM.remarks AS remarks , SM.stock_type , SM.stock_code , SD.id AS stockDataId , SD.staff_no AS staff_no FROM BASE_TABLE B INNER JOIN stock_master SM ON B.serial_no = SM.serial_no INNER JOIN stock_type_master STM ON SM.stock_type = STM.stock_type AND SM.stock_code = STM.stock_code /* 未登録データを考慮しLEFT JOINとする */ LEFT JOIN stock_data SD ON B.id = SD.id /* 未登録データを考慮しLEFT JOINとする */ LEFT JOIN staff_master STF ON SD.staff_no = STF.staff_no /* 未登録データを考慮しLEFT JOINとする */ LEFT JOIN generic_code_master GCM ON SM.asset_type = GCM.type_key AND GCM.generic_key = 'ASSET_TYPE' WHERE 1 = 1 ORDER BY SM.serial_no
2026-03-15 15:02:33 [Thread-6] DEBUG a.r.m.I.getTableDetailRecords - ==> Parameters: 8(Integer), 2(String)
2026-03-15 15:02:33 [Thread-6] DEBUG a.r.m.I.getTableDetailRecords - <==      Total: 3
2026-03-15 15:02:33 [Thread-6] DEBUG o.a.i.t.jdbc.JdbcTransaction - Resetting autocommit to true on JDBC Connection [HikariProxyConnection@1884730524 wrapping com.mysql.cj.jdbc.ConnectionImpl@7dd8dccd]
2026-03-15 15:02:33 [Thread-6] DEBUG o.a.i.t.jdbc.JdbcTransaction - Closing JDBC Connection [HikariProxyConnection@1884730524 wrapping com.mysql.cj.jdbc.ConnectionImpl@7dd8dccd]
2026-03-15 15:02:33 [JavaFX Application Thread] INFO  application.java.manager.LogManager - 画面展開 [setPage] : 備品詳細画面
2026-03-15 15:02:36 [JavaFX Application Thread] INFO  application.java.manager.LogManager - [備品詳細画面] ： [一覧に戻る]ボタン押下
2026-03-15 15:02:36 [JavaFX Application Thread] INFO  application.java.manager.LogManager - [備品一覧画面] ： 初期化処理
2026-03-15 15:02:36 [JavaFX Application Thread] DEBUG application.java.manager.LogManager - [備品一覧画面] ： リスト表示処理
2026-03-15 15:02:36 [JavaFX Application Thread] DEBUG application.java.manager.LogManager - [SQL操作クラス] ： 非同期処理 SELECT句発行
2026-03-15 15:02:36 [Thread-7] DEBUG application.java.manager.LogManager - [SQL操作クラス] ： SELECT句発行
2026-03-15 15:02:36 [Thread-7] DEBUG o.a.i.t.jdbc.JdbcTransaction - Opening JDBC Connection
2026-03-15 15:02:36 [Thread-7] DEBUG o.a.i.t.jdbc.JdbcTransaction - Setting autocommit to false on JDBC Connection [HikariProxyConnection@2028506191 wrapping com.mysql.cj.jdbc.ConnectionImpl@7dd8dccd]
2026-03-15 15:02:36 [Thread-7] DEBUG a.r.m.I.getTableRecords - ==>  Preparing: WITH SUB_TOTAL AS ( SELECT ST.stock_type , ST.stock_code , SUM(CASE WHEN SD.staff_no IS NOT NULL AND (DATEDIFF(CURRENT_DATE(), SD.confirmed_date) <= 365 ) THEN 1 ELSE 0 END) AS lending_count -- 貸出備品の数 , SUM(CASE /* 在庫 = [staff_no]：貸出先ユーザーの社員番号 が未設定(NULL) 且つ [return_date]：返却日が未設定(NULL) 且つ [confirmed_date]：最終所在確認日 が１年以内 */ WHEN SD.staff_no IS NULL AND (DATEDIFF(CURRENT_DATE(), SD.confirmed_date) <= 365 ) THEN 1 ELSE 0 END) AS stock_count -- 在庫備品の数 , SUM(CASE /* 不明 = [return_date]：返却日が未設定(NULL) 且つ [confirmed_date]：最終所在確認日 が１年前以前 ※ 貸出中・在庫を問わず１年前以前のデータを不明とする */ WHEN (DATEDIFF(CURRENT_DATE(), SD.confirmed_date) > 365 ) THEN 1 ELSE 0 END) AS unknown_count -- 不明備品の数 FROM (SELECT stock_type , stock_code FROM stock_type_master WHERE 1 = 1 AND del = FALSE) ST INNER JOIN stock_master SM ON ST.stock_type = SM.stock_type AND ST.stock_code = SM.stock_code AND SM.del = FALSE /* 未登録データを考慮しLEFT JOINとする */ LEFT JOIN stock_data SD ON SM.serial_no = SD.serial_no /* 返却済データの除去 */ AND SD.return_date IS NULL AND SD.del = FALSE WHERE 1 = 1 GROUP BY ST.stock_type , ST.stock_code ) SELECT ST.stock_type AS type, ST.stock_code AS code, ST.name AS itemName, IFNULL(S.lending_count, 0) AS loanCount, IFNULL(S.stock_count, 0) AS returnCount, IFNULL(S.unknown_count, 0) AS unknownCount, IFNULL(S.lending_count + S.stock_count, 0) AS totalCount /* 追加項目：遷移先画面サイズ */ , IFNULL( GCM.value_1, '1') AS windowSize FROM stock_type_master ST INNER JOIN SUB_TOTAL S ON ST.stock_type = S.stock_type AND ST.stock_code = S.stock_code /* 追加項目 遷移先画面サイズ */ LEFT JOIN generic_code_master GCM ON CAST(ST.stock_type AS CHAR) = GCM.type_key AND ST.stock_code = GCM.code AND GCM.generic_key = 'WINDOW_SIZE' WHERE 1 = 1 ORDER BY ST.stock_type , St.stock_code
2026-03-15 15:02:36 [Thread-7] DEBUG a.r.m.I.getTableRecords - ==> Parameters: 
2026-03-15 15:02:36 [Thread-7] DEBUG a.r.m.I.getTableRecords - <==      Total: 16
2026-03-15 15:02:36 [Thread-7] DEBUG o.a.i.t.jdbc.JdbcTransaction - Resetting autocommit to true on JDBC Connection [HikariProxyConnection@2028506191 wrapping com.mysql.cj.jdbc.ConnectionImpl@7dd8dccd]
2026-03-15 15:02:36 [Thread-7] DEBUG o.a.i.t.jdbc.JdbcTransaction - Closing JDBC Connection [HikariProxyConnection@2028506191 wrapping com.mysql.cj.jdbc.ConnectionImpl@7dd8dccd]
2026-03-15 15:02:36 [JavaFX Application Thread] INFO  application.java.manager.LogManager - 画面展開 [setPage] : 備品一覧画面
2026-03-15 15:02:42 [JavaFX Application Thread] DEBUG application.java.manager.LogManager - [備品一覧画面] ： 選択行 分類種別: 7 分類コード: 1 遷移先画面サイズ : [1]
2026-03-15 15:02:42 [JavaFX Application Thread] INFO  application.java.manager.LogManager - [備品詳細画面] ： 初期化処理
2026-03-15 15:02:42 [JavaFX Application Thread] DEBUG application.java.manager.LogManager - [備品詳細画面] ： リスト表示処理
2026-03-15 15:02:42 [JavaFX Application Thread] DEBUG application.java.manager.LogManager - [SQL操作クラス] ： 非同期処理 SELECT句発行
2026-03-15 15:02:42 [Thread-8] DEBUG application.java.manager.LogManager - [SQL操作クラス] ： SELECT句発行
2026-03-15 15:02:42 [Thread-8] DEBUG application.java.manager.LogManager - [備品詳細画面] ： DB 備品詳細データ取得処理
2026-03-15 15:02:42 [Thread-8] DEBUG o.a.i.t.jdbc.JdbcTransaction - Opening JDBC Connection
2026-03-15 15:02:42 [Thread-8] DEBUG o.a.i.t.jdbc.JdbcTransaction - Setting autocommit to false on JDBC Connection [HikariProxyConnection@1088458196 wrapping com.mysql.cj.jdbc.ConnectionImpl@7dd8dccd]
2026-03-15 15:02:42 [Thread-8] DEBUG a.r.m.I.getTableDetailRecords - ==>  Preparing: WITH BASE_TABLE AS ( SELECT DISTINCT SM.serial_no , SD.id FROM stock_type_master STM /* 参照権限を考慮する場合に用いる INNER JOIN stock_type_data STD ON STM.stock_type = STD.stock_type AND STM.stock_code = STD.stock_code*/ INNER JOIN stock_master SM ON STM.stock_type = SM.stock_type AND STM.stock_code = SM.stock_code AND STM.del = FALSE AND SM.del = FALSE /* 未登録データを考慮しLEFT JOINとする */ LEFT JOIN stock_data SD ON SM.serial_no = SD.serial_no /* 返却済データの除去 ≒ 最新の備品データを取得 */ AND SD.return_date IS NULL AND SD.del = FALSE WHERE 1 = 1 AND STM.stock_type = ? AND STM.stock_code = ? ) SELECT STM.name AS type_name , SM.serial_no AS serialNo , IFNULL(STF.name, '') AS staffName -- 貸出先ユーザー , CASE WHEN SM.rent_flg THEN '4' -- 不可 / 貸出可否(TRUEの場合、貸出不可) WHEN DATEDIFF(CURRENT_DATE (), SD.confirmed_date) > 365 THEN '3' -- 不明 / [confirmed_date]：最終所在確認日 が１年前以前(可・貸出中に関わらず不明とする) WHEN SD.staff_no IS NOT NULL AND (DATEDIFF(CURRENT_DATE(), SD.confirmed_date) <= 365 ) THEN '2' -- 貸出中 WHEN SD.staff_no IS NULL AND (DATEDIFF(CURRENT_DATE(), SD.confirmed_date) <= 365 ) THEN '1' -- 可 ELSE '4' -- 不可 / 備品データが未登録の場合など、異常なデータ END AS rentFlg , IFNULL(DATE_FORMAT(SD.start_date, '%Y/%m/%d'), '-') AS startDate , IFNULL(DATE_FORMAT(SD.limit_date, '%Y/%m/%d'), '-') AS limitDate , IFNULL(DATE_FORMAT(SD.confirmed_date, '%Y/%m/%d'), '-') AS confirmedDate , SM.name AS model , SM.maker AS maker , IFNULL(SD.parent_stock_code, '-') AS destinationSerialNo -- 親シリアルナンバー , GCM.value_1 AS type , IFNULL(DATE_FORMAT(SM.expiry_date, '%Y/%m/%d'), '-') AS leaseDate , SM.remarks AS remarks , SM.stock_type , SM.stock_code , SD.id AS stockDataId , SD.staff_no AS staff_no FROM BASE_TABLE B INNER JOIN stock_master SM ON B.serial_no = SM.serial_no INNER JOIN stock_type_master STM ON SM.stock_type = STM.stock_type AND SM.stock_code = STM.stock_code /* 未登録データを考慮しLEFT JOINとする */ LEFT JOIN stock_data SD ON B.id = SD.id /* 未登録データを考慮しLEFT JOINとする */ LEFT JOIN staff_master STF ON SD.staff_no = STF.staff_no /* 未登録データを考慮しLEFT JOINとする */ LEFT JOIN generic_code_master GCM ON SM.asset_type = GCM.type_key AND GCM.generic_key = 'ASSET_TYPE' WHERE 1 = 1 ORDER BY SM.serial_no
2026-03-15 15:02:42 [Thread-8] DEBUG a.r.m.I.getTableDetailRecords - ==> Parameters: 7(Integer), 1(String)
2026-03-15 15:02:42 [Thread-8] DEBUG a.r.m.I.getTableDetailRecords - <==      Total: 6
2026-03-15 15:02:42 [Thread-8] DEBUG o.a.i.t.jdbc.JdbcTransaction - Resetting autocommit to true on JDBC Connection [HikariProxyConnection@1088458196 wrapping com.mysql.cj.jdbc.ConnectionImpl@7dd8dccd]
2026-03-15 15:02:42 [Thread-8] DEBUG o.a.i.t.jdbc.JdbcTransaction - Closing JDBC Connection [HikariProxyConnection@1088458196 wrapping com.mysql.cj.jdbc.ConnectionImpl@7dd8dccd]
2026-03-15 15:02:42 [JavaFX Application Thread] INFO  application.java.manager.LogManager - 画面展開 [setPage] : 備品詳細画面
2026-03-15 15:02:44 [JavaFX Application Thread] INFO  application.java.manager.LogManager - [備品詳細画面] ： [貸出]ボタン押下
2026-03-15 15:02:44 [JavaFX Application Thread] INFO  application.java.manager.LogManager - [備品貸出画面] ： 初期化処理
2026-03-15 15:02:44 [JavaFX Application Thread] DEBUG application.java.manager.LogManager - [備品貸出画面] ： 使用者一覧(ComboBox 選択リスト)取得処理
2026-03-15 15:02:44 [JavaFX Application Thread] DEBUG application.java.manager.LogManager - [SQL操作クラス] ： 非同期処理 SELECT句発行
2026-03-15 15:02:44 [JavaFX Application Thread] DEBUG application.java.manager.LogManager - [備品貸出画面] ： リスト表示処理
2026-03-15 15:02:44 [JavaFX Application Thread] DEBUG application.java.manager.LogManager - [SQL操作クラス] ： 非同期処理 SELECT句発行
2026-03-15 15:02:44 [Thread-9] DEBUG application.java.manager.LogManager - [SQL操作クラス] ： SELECT句発行
2026-03-15 15:02:44 [Thread-9] DEBUG application.java.manager.LogManager - [備品貸出画面] ： DB 社員マスタ取得処理
2026-03-15 15:02:44 [Thread-10] DEBUG application.java.manager.LogManager - [SQL操作クラス] ： SELECT句発行
2026-03-15 15:02:44 [Thread-9] DEBUG o.a.i.t.jdbc.JdbcTransaction - Opening JDBC Connection
2026-03-15 15:02:44 [Thread-10] DEBUG application.java.manager.LogManager - [備品貸出画面] ： DB 備品(貸出)データ取得処理
2026-03-15 15:02:44 [Thread-10] DEBUG o.a.i.t.jdbc.JdbcTransaction - Opening JDBC Connection
2026-03-15 15:02:44 [Thread-9] DEBUG o.a.i.t.jdbc.JdbcTransaction - Setting autocommit to false on JDBC Connection [HikariProxyConnection@275708564 wrapping com.mysql.cj.jdbc.ConnectionImpl@7dd8dccd]
2026-03-15 15:02:44 [Thread-10] DEBUG o.a.i.t.jdbc.JdbcTransaction - Setting autocommit to false on JDBC Connection [HikariProxyConnection@806198294 wrapping com.mysql.cj.jdbc.ConnectionImpl@6694813a]
2026-03-15 15:02:44 [Thread-9] DEBUG a.r.m.I.getStaffMasterData - ==>  Preparing: SELECT SM.staff_no AS staffNo, SM.name AS staffName FROM staff_master SM WHERE 1 = 1 AND SM.del = FALSE ORDER BY SM.staff_no
2026-03-15 15:02:44 [Thread-10] DEBUG a.r.m.I.getTableReturnableStockData - ==>  Preparing: WITH BASE_TABLE AS ( SELECT DISTINCT SM.serial_no , SD.id FROM stock_type_master STM /* 参照権限を考慮する場合に用いる INNER JOIN stock_type_data STD ON STM.stock_type = STD.stock_type AND STM.stock_code = STD.stock_code*/ INNER JOIN stock_master SM ON STM.stock_type = SM.stock_type AND STM.stock_code = SM.stock_code AND STM.del = FALSE AND SM.del = FALSE AND SM.rent_flg = FALSE INNER JOIN stock_data SD ON SM.serial_no = SD.serial_no /* 返却済データの除去 ≒ 最新の備品データを取得 */ AND SD.return_date IS NULL AND SD.del = FALSE /* [在庫](返却)データの取得(社員番号が設定されていないデータ) */ AND SD.staff_no IS NULL /* [不明]のデータは対象としない */ AND (DATEDIFF(CURRENT_DATE(), SD.confirmed_date) <= 365 ) WHERE 1 = 1 AND STM.stock_type = ? AND STM.stock_code = ? ) SELECT STM.name AS type_name , SM.serial_no AS serialNo , '' AS staffName , IFNULL(DATE_FORMAT(SD.start_date, '%Y/%m/%d'), '') AS startDate , IFNULL(DATE_FORMAT(SD.limit_date, '%Y/%m/%d'), '') AS limitDate , SM.remarks AS remarks , SM.stock_type , SM.stock_code , SD.id AS stockDataId FROM BASE_TABLE B INNER JOIN stock_master SM ON B.serial_no = SM.serial_no INNER JOIN stock_type_master STM ON SM.stock_type = STM.stock_type AND SM.stock_code = STM.stock_code INNER JOIN stock_data SD ON B.id = SD.id WHERE 1 = 1 ORDER BY SM.serial_no
2026-03-15 15:02:44 [Thread-9] DEBUG a.r.m.I.getStaffMasterData - ==> Parameters: 
2026-03-15 15:02:44 [Thread-10] DEBUG a.r.m.I.getTableReturnableStockData - ==> Parameters: 7(Integer), 1(String)
2026-03-15 15:02:44 [Thread-9] DEBUG a.r.m.I.getStaffMasterData - <==      Total: 5
2026-03-15 15:02:44 [Thread-9] DEBUG o.a.i.t.jdbc.JdbcTransaction - Resetting autocommit to true on JDBC Connection [HikariProxyConnection@275708564 wrapping com.mysql.cj.jdbc.ConnectionImpl@7dd8dccd]
2026-03-15 15:02:44 [Thread-9] DEBUG o.a.i.t.jdbc.JdbcTransaction - Closing JDBC Connection [HikariProxyConnection@275708564 wrapping com.mysql.cj.jdbc.ConnectionImpl@7dd8dccd]
2026-03-15 15:02:44 [Thread-10] DEBUG a.r.m.I.getTableReturnableStockData - <==      Total: 2
2026-03-15 15:02:44 [Thread-10] DEBUG o.a.i.t.jdbc.JdbcTransaction - Resetting autocommit to true on JDBC Connection [HikariProxyConnection@806198294 wrapping com.mysql.cj.jdbc.ConnectionImpl@6694813a]
2026-03-15 15:02:44 [Thread-10] DEBUG o.a.i.t.jdbc.JdbcTransaction - Closing JDBC Connection [HikariProxyConnection@806198294 wrapping com.mysql.cj.jdbc.ConnectionImpl@6694813a]
2026-03-15 15:02:44 [JavaFX Application Thread] INFO  application.java.manager.LogManager - 画面展開 [setPage] : 備品貸出画面
2026-03-15 15:02:46 [JavaFX Application Thread] INFO  application.java.manager.LogManager - [備品貸出画面] ： [戻る]ボタン押下
2026-03-15 15:02:46 [JavaFX Application Thread] INFO  application.java.manager.LogManager - [備品詳細画面] ： 初期化処理
2026-03-15 15:02:46 [JavaFX Application Thread] DEBUG application.java.manager.LogManager - [備品詳細画面] ： リスト表示処理
2026-03-15 15:02:46 [JavaFX Application Thread] DEBUG application.java.manager.LogManager - [SQL操作クラス] ： 非同期処理 SELECT句発行
2026-03-15 15:02:46 [Thread-11] DEBUG application.java.manager.LogManager - [SQL操作クラス] ： SELECT句発行
2026-03-15 15:02:46 [Thread-11] DEBUG application.java.manager.LogManager - [備品詳細画面] ： DB 備品詳細データ取得処理
2026-03-15 15:02:46 [Thread-11] DEBUG o.a.i.t.jdbc.JdbcTransaction - Opening JDBC Connection
2026-03-15 15:02:46 [Thread-11] DEBUG o.a.i.t.jdbc.JdbcTransaction - Setting autocommit to false on JDBC Connection [HikariProxyConnection@1363502917 wrapping com.mysql.cj.jdbc.ConnectionImpl@7dd8dccd]
2026-03-15 15:02:46 [Thread-11] DEBUG a.r.m.I.getTableDetailRecords - ==>  Preparing: WITH BASE_TABLE AS ( SELECT DISTINCT SM.serial_no , SD.id FROM stock_type_master STM /* 参照権限を考慮する場合に用いる INNER JOIN stock_type_data STD ON STM.stock_type = STD.stock_type AND STM.stock_code = STD.stock_code*/ INNER JOIN stock_master SM ON STM.stock_type = SM.stock_type AND STM.stock_code = SM.stock_code AND STM.del = FALSE AND SM.del = FALSE /* 未登録データを考慮しLEFT JOINとする */ LEFT JOIN stock_data SD ON SM.serial_no = SD.serial_no /* 返却済データの除去 ≒ 最新の備品データを取得 */ AND SD.return_date IS NULL AND SD.del = FALSE WHERE 1 = 1 AND STM.stock_type = ? AND STM.stock_code = ? ) SELECT STM.name AS type_name , SM.serial_no AS serialNo , IFNULL(STF.name, '') AS staffName -- 貸出先ユーザー , CASE WHEN SM.rent_flg THEN '4' -- 不可 / 貸出可否(TRUEの場合、貸出不可) WHEN DATEDIFF(CURRENT_DATE (), SD.confirmed_date) > 365 THEN '3' -- 不明 / [confirmed_date]：最終所在確認日 が１年前以前(可・貸出中に関わらず不明とする) WHEN SD.staff_no IS NOT NULL AND (DATEDIFF(CURRENT_DATE(), SD.confirmed_date) <= 365 ) THEN '2' -- 貸出中 WHEN SD.staff_no IS NULL AND (DATEDIFF(CURRENT_DATE(), SD.confirmed_date) <= 365 ) THEN '1' -- 可 ELSE '4' -- 不可 / 備品データが未登録の場合など、異常なデータ END AS rentFlg , IFNULL(DATE_FORMAT(SD.start_date, '%Y/%m/%d'), '-') AS startDate , IFNULL(DATE_FORMAT(SD.limit_date, '%Y/%m/%d'), '-') AS limitDate , IFNULL(DATE_FORMAT(SD.confirmed_date, '%Y/%m/%d'), '-') AS confirmedDate , SM.name AS model , SM.maker AS maker , IFNULL(SD.parent_stock_code, '-') AS destinationSerialNo -- 親シリアルナンバー , GCM.value_1 AS type , IFNULL(DATE_FORMAT(SM.expiry_date, '%Y/%m/%d'), '-') AS leaseDate , SM.remarks AS remarks , SM.stock_type , SM.stock_code , SD.id AS stockDataId , SD.staff_no AS staff_no FROM BASE_TABLE B INNER JOIN stock_master SM ON B.serial_no = SM.serial_no INNER JOIN stock_type_master STM ON SM.stock_type = STM.stock_type AND SM.stock_code = STM.stock_code /* 未登録データを考慮しLEFT JOINとする */ LEFT JOIN stock_data SD ON B.id = SD.id /* 未登録データを考慮しLEFT JOINとする */ LEFT JOIN staff_master STF ON SD.staff_no = STF.staff_no /* 未登録データを考慮しLEFT JOINとする */ LEFT JOIN generic_code_master GCM ON SM.asset_type = GCM.type_key AND GCM.generic_key = 'ASSET_TYPE' WHERE 1 = 1 ORDER BY SM.serial_no
2026-03-15 15:02:46 [Thread-11] DEBUG a.r.m.I.getTableDetailRecords - ==> Parameters: 7(Integer), 1(String)
2026-03-15 15:02:46 [Thread-11] DEBUG a.r.m.I.getTableDetailRecords - <==      Total: 6
2026-03-15 15:02:46 [Thread-11] DEBUG o.a.i.t.jdbc.JdbcTransaction - Resetting autocommit to true on JDBC Connection [HikariProxyConnection@1363502917 wrapping com.mysql.cj.jdbc.ConnectionImpl@7dd8dccd]
2026-03-15 15:02:46 [Thread-11] DEBUG o.a.i.t.jdbc.JdbcTransaction - Closing JDBC Connection [HikariProxyConnection@1363502917 wrapping com.mysql.cj.jdbc.ConnectionImpl@7dd8dccd]
2026-03-15 15:02:46 [JavaFX Application Thread] INFO  application.java.manager.LogManager - 画面展開 [setPage] : 備品詳細画面
2026-03-15 15:02:54 [JavaFX Application Thread] INFO  application.java.manager.LogManager - [備品詳細画面] ： [一覧に戻る]ボタン押下
2026-03-15 15:02:54 [JavaFX Application Thread] INFO  application.java.manager.LogManager - [備品一覧画面] ： 初期化処理
2026-03-15 15:02:54 [JavaFX Application Thread] DEBUG application.java.manager.LogManager - [備品一覧画面] ： リスト表示処理
2026-03-15 15:02:54 [JavaFX Application Thread] DEBUG application.java.manager.LogManager - [SQL操作クラス] ： 非同期処理 SELECT句発行
2026-03-15 15:02:54 [Thread-12] DEBUG application.java.manager.LogManager - [SQL操作クラス] ： SELECT句発行
2026-03-15 15:02:54 [Thread-12] DEBUG o.a.i.t.jdbc.JdbcTransaction - Opening JDBC Connection
2026-03-15 15:02:54 [Thread-12] DEBUG o.a.i.t.jdbc.JdbcTransaction - Setting autocommit to false on JDBC Connection [HikariProxyConnection@1134685530 wrapping com.mysql.cj.jdbc.ConnectionImpl@7dd8dccd]
2026-03-15 15:02:54 [Thread-12] DEBUG a.r.m.I.getTableRecords - ==>  Preparing: WITH SUB_TOTAL AS ( SELECT ST.stock_type , ST.stock_code , SUM(CASE WHEN SD.staff_no IS NOT NULL AND (DATEDIFF(CURRENT_DATE(), SD.confirmed_date) <= 365 ) THEN 1 ELSE 0 END) AS lending_count -- 貸出備品の数 , SUM(CASE /* 在庫 = [staff_no]：貸出先ユーザーの社員番号 が未設定(NULL) 且つ [return_date]：返却日が未設定(NULL) 且つ [confirmed_date]：最終所在確認日 が１年以内 */ WHEN SD.staff_no IS NULL AND (DATEDIFF(CURRENT_DATE(), SD.confirmed_date) <= 365 ) THEN 1 ELSE 0 END) AS stock_count -- 在庫備品の数 , SUM(CASE /* 不明 = [return_date]：返却日が未設定(NULL) 且つ [confirmed_date]：最終所在確認日 が１年前以前 ※ 貸出中・在庫を問わず１年前以前のデータを不明とする */ WHEN (DATEDIFF(CURRENT_DATE(), SD.confirmed_date) > 365 ) THEN 1 ELSE 0 END) AS unknown_count -- 不明備品の数 FROM (SELECT stock_type , stock_code FROM stock_type_master WHERE 1 = 1 AND del = FALSE) ST INNER JOIN stock_master SM ON ST.stock_type = SM.stock_type AND ST.stock_code = SM.stock_code AND SM.del = FALSE /* 未登録データを考慮しLEFT JOINとする */ LEFT JOIN stock_data SD ON SM.serial_no = SD.serial_no /* 返却済データの除去 */ AND SD.return_date IS NULL AND SD.del = FALSE WHERE 1 = 1 GROUP BY ST.stock_type , ST.stock_code ) SELECT ST.stock_type AS type, ST.stock_code AS code, ST.name AS itemName, IFNULL(S.lending_count, 0) AS loanCount, IFNULL(S.stock_count, 0) AS returnCount, IFNULL(S.unknown_count, 0) AS unknownCount, IFNULL(S.lending_count + S.stock_count, 0) AS totalCount /* 追加項目：遷移先画面サイズ */ , IFNULL( GCM.value_1, '1') AS windowSize FROM stock_type_master ST INNER JOIN SUB_TOTAL S ON ST.stock_type = S.stock_type AND ST.stock_code = S.stock_code /* 追加項目 遷移先画面サイズ */ LEFT JOIN generic_code_master GCM ON CAST(ST.stock_type AS CHAR) = GCM.type_key AND ST.stock_code = GCM.code AND GCM.generic_key = 'WINDOW_SIZE' WHERE 1 = 1 ORDER BY ST.stock_type , St.stock_code
2026-03-15 15:02:54 [Thread-12] DEBUG a.r.m.I.getTableRecords - ==> Parameters: 
2026-03-15 15:02:54 [Thread-12] DEBUG a.r.m.I.getTableRecords - <==      Total: 16
2026-03-15 15:02:54 [Thread-12] DEBUG o.a.i.t.jdbc.JdbcTransaction - Resetting autocommit to true on JDBC Connection [HikariProxyConnection@1134685530 wrapping com.mysql.cj.jdbc.ConnectionImpl@7dd8dccd]
2026-03-15 15:02:54 [Thread-12] DEBUG o.a.i.t.jdbc.JdbcTransaction - Closing JDBC Connection [HikariProxyConnection@1134685530 wrapping com.mysql.cj.jdbc.ConnectionImpl@7dd8dccd]
2026-03-15 15:02:54 [JavaFX Application Thread] INFO  application.java.manager.LogManager - 画面展開 [setPage] : 備品一覧画面
2026-03-15 15:02:56 [JavaFX Application Thread] DEBUG application.java.manager.LogManager - [SQL操作クラス] ： 非同期処理 スレッドプール解放
2026-03-15 15:02:56 [JavaFX Application Thread] INFO  com.zaxxer.hikari.HikariDataSource - HikariPool-1 - Shutdown initiated...
2026-03-15 15:02:56 [JavaFX Application Thread] DEBUG com.zaxxer.hikari.pool.HikariPool - HikariPool-1 - Before shutdown stats (total=20/20, idle=20/20, active=0, waiting=0)
2026-03-15 15:02:56 [HikariPool-1:connection-closer] DEBUG com.zaxxer.hikari.pool.PoolBase - HikariPool-1 - Closing connection com.mysql.cj.jdbc.ConnectionImpl@7dd8dccd: (connection evicted)
2026-03-15 15:02:56 [HikariPool-1:connection-closer] DEBUG com.zaxxer.hikari.pool.PoolBase - HikariPool-1 - Closing connection com.mysql.cj.jdbc.ConnectionImpl@6694813a: (connection evicted)
2026-03-15 15:02:56 [HikariPool-1:connection-closer] DEBUG com.zaxxer.hikari.pool.PoolBase - HikariPool-1 - Closing connection com.mysql.cj.jdbc.ConnectionImpl@549b2cc6: (connection evicted)
2026-03-15 15:02:56 [HikariPool-1:connection-closer] DEBUG com.zaxxer.hikari.pool.PoolBase - HikariPool-1 - Closing connection com.mysql.cj.jdbc.ConnectionImpl@2c9c135f: (connection evicted)
2026-03-15 15:02:56 [HikariPool-1:connection-closer] DEBUG com.zaxxer.hikari.pool.PoolBase - HikariPool-1 - Closing connection com.mysql.cj.jdbc.ConnectionImpl@4af69d64: (connection evicted)
2026-03-15 15:02:56 [HikariPool-1:connection-closer] DEBUG com.zaxxer.hikari.pool.PoolBase - HikariPool-1 - Closing connection com.mysql.cj.jdbc.ConnectionImpl@379879d0: (connection evicted)
2026-03-15 15:02:56 [HikariPool-1:connection-closer] DEBUG com.zaxxer.hikari.pool.PoolBase - HikariPool-1 - Closing connection com.mysql.cj.jdbc.ConnectionImpl@3dabf7c9: (connection evicted)
2026-03-15 15:02:56 [HikariPool-1:connection-closer] DEBUG com.zaxxer.hikari.pool.PoolBase - HikariPool-1 - Closing connection com.mysql.cj.jdbc.ConnectionImpl@266ca479: (connection evicted)
2026-03-15 15:02:56 [HikariPool-1:connection-closer] DEBUG com.zaxxer.hikari.pool.PoolBase - HikariPool-1 - Closing connection com.mysql.cj.jdbc.ConnectionImpl@45a9aa47: (connection evicted)
2026-03-15 15:02:56 [HikariPool-1:connection-closer] DEBUG com.zaxxer.hikari.pool.PoolBase - HikariPool-1 - Closing connection com.mysql.cj.jdbc.ConnectionImpl@244182de: (connection evicted)
2026-03-15 15:02:56 [HikariPool-1:connection-closer] DEBUG com.zaxxer.hikari.pool.PoolBase - HikariPool-1 - Closing connection com.mysql.cj.jdbc.ConnectionImpl@7b9d5df0: (connection evicted)
2026-03-15 15:02:56 [HikariPool-1:connection-closer] DEBUG com.zaxxer.hikari.pool.PoolBase - HikariPool-1 - Closing connection com.mysql.cj.jdbc.ConnectionImpl@59cce006: (connection evicted)
2026-03-15 15:02:56 [HikariPool-1:connection-closer] DEBUG com.zaxxer.hikari.pool.PoolBase - HikariPool-1 - Closing connection com.mysql.cj.jdbc.ConnectionImpl@4a9189ce: (connection evicted)
2026-03-15 15:02:56 [HikariPool-1:connection-closer] DEBUG com.zaxxer.hikari.pool.PoolBase - HikariPool-1 - Closing connection com.mysql.cj.jdbc.ConnectionImpl@1be3ccdf: (connection evicted)
2026-03-15 15:02:56 [HikariPool-1:connection-closer] DEBUG com.zaxxer.hikari.pool.PoolBase - HikariPool-1 - Closing connection com.mysql.cj.jdbc.ConnectionImpl@17aea8fa: (connection evicted)
2026-03-15 15:02:56 [HikariPool-1:connection-closer] DEBUG com.zaxxer.hikari.pool.PoolBase - HikariPool-1 - Closing connection com.mysql.cj.jdbc.ConnectionImpl@39313455: (connection evicted)
2026-03-15 15:02:56 [HikariPool-1:connection-closer] DEBUG com.zaxxer.hikari.pool.PoolBase - HikariPool-1 - Closing connection com.mysql.cj.jdbc.ConnectionImpl@36c7f4cf: (connection evicted)
2026-03-15 15:02:56 [HikariPool-1:connection-closer] DEBUG com.zaxxer.hikari.pool.PoolBase - HikariPool-1 - Closing connection com.mysql.cj.jdbc.ConnectionImpl@36740ffe: (connection evicted)
2026-03-15 15:02:56 [HikariPool-1:connection-closer] DEBUG com.zaxxer.hikari.pool.PoolBase - HikariPool-1 - Closing connection com.mysql.cj.jdbc.ConnectionImpl@89919c6: (connection evicted)
2026-03-15 15:02:56 [HikariPool-1:connection-closer] DEBUG com.zaxxer.hikari.pool.PoolBase - HikariPool-1 - Closing connection com.mysql.cj.jdbc.ConnectionImpl@20eac29f: (connection evicted)
2026-03-15 15:02:56 [JavaFX Application Thread] DEBUG com.zaxxer.hikari.pool.HikariPool - HikariPool-1 - After  shutdown stats (total=0/20, idle=0/20, active=0, waiting=0)
2026-03-15 15:02:56 [JavaFX Application Thread] INFO  com.zaxxer.hikari.HikariDataSource - HikariPool-1 - Shutdown completed.
2026-03-15 15:02:56 [JavaFX Application Thread] DEBUG application.java.manager.LogManager - [SQL操作クラス] ： コネクションプール(HikariCP) Closeing
2026-03-15 15:02:56 [JavaFX Application Thread] INFO  application.java.manager.LogManager - 終了処理 : 完了
2026-03-15 15:03:11 [main] INFO  application.java.manager.LogManager - 備品管理システム : 起動
2026-03-15 15:03:11 [JavaFX Application Thread] INFO  application.java.manager.LogManager - 開始処理 : 画面ウィンドウ枠生成
2026-03-15 15:03:11 [JavaFX Application Thread] INFO  application.java.manager.LogManager - [メニュー画面] ： 初期化処理
2026-03-15 15:03:11 [JavaFX Application Thread] DEBUG application.java.manager.LogManager - Window切替 [setWindowFrame] : TRANSPARENT(透明枠・背景色透明)
2026-03-15 15:03:11 [JavaFX Application Thread] INFO  application.java.manager.LogManager - 画面展開 [setPage] : メニュー画面
2026-03-15 15:03:20 [JavaFX Application Thread] INFO  application.java.manager.LogManager - [メニュー画面] ： [貸出業務]ボタン押下
2026-03-15 15:03:20 [JavaFX Application Thread] INFO  application.java.manager.LogManager - [備品一覧画面] ： 初期化処理
2026-03-15 15:03:20 [JavaFX Application Thread] DEBUG application.java.manager.LogManager - Window切替 [setWindowFrame] : DECORATED(標準)
2026-03-15 15:03:20 [JavaFX Application Thread] INFO  application.java.manager.LogManager - [SQL操作クラス] ： 非同期処理 スレッドプール作成
2026-03-15 15:03:20 [JavaFX Application Thread] INFO  application.java.manager.LogManager - [SQL操作クラス] ： SQL Session生成
2026-03-15 15:03:20 [JavaFX Application Thread] DEBUG application.java.manager.LogManager - [SQL操作クラス] ： mybatis有効化
2026-03-15 15:03:20 [JavaFX Application Thread] DEBUG o.apache.ibatis.logging.LogFactory - Logging initialized using 'class org.apache.ibatis.logging.slf4j.Slf4jImpl' adapter.
2026-03-15 15:03:20 [JavaFX Application Thread] DEBUG o.apache.ibatis.logging.LogFactory - Logging initialized using 'class org.apache.ibatis.logging.slf4j.Slf4jImpl' adapter.
2026-03-15 15:03:20 [JavaFX Application Thread] DEBUG com.zaxxer.hikari.util.UtilityElf - Class com.mysql.cj.jdbc.Driver found in Thread context class loader jdk.internal.loader.ClassLoaders$AppClassLoader@568db2f2
2026-03-15 15:03:20 [JavaFX Application Thread] DEBUG application.java.manager.LogManager - [備品一覧画面] ： リスト表示処理
2026-03-15 15:03:20 [JavaFX Application Thread] DEBUG application.java.manager.LogManager - [SQL操作クラス] ： 非同期処理 SELECT句発行
2026-03-15 15:03:20 [Thread-3] DEBUG application.java.manager.LogManager - [SQL操作クラス] ： SELECT句発行
2026-03-15 15:03:20 [JavaFX Application Thread] INFO  application.java.manager.LogManager - 画面展開 [setPage] : 備品一覧画面
2026-03-15 15:03:20 [Thread-3] DEBUG o.a.i.t.jdbc.JdbcTransaction - Opening JDBC Connection
2026-03-15 15:03:20 [Thread-3] DEBUG com.zaxxer.hikari.HikariConfig - HikariPool-1 - configuration:
2026-03-15 15:03:20 [Thread-3] DEBUG com.zaxxer.hikari.HikariConfig - allowPoolSuspension.............false
2026-03-15 15:03:20 [Thread-3] DEBUG com.zaxxer.hikari.HikariConfig - autoCommit......................true
2026-03-15 15:03:20 [Thread-3] DEBUG com.zaxxer.hikari.HikariConfig - catalog.........................none
2026-03-15 15:03:20 [Thread-3] DEBUG com.zaxxer.hikari.HikariConfig - connectionInitSql...............none
2026-03-15 15:03:20 [Thread-3] DEBUG com.zaxxer.hikari.HikariConfig - connectionTestQuery.............none
2026-03-15 15:03:20 [Thread-3] DEBUG com.zaxxer.hikari.HikariConfig - connectionTimeout...............30000
2026-03-15 15:03:20 [Thread-3] DEBUG com.zaxxer.hikari.HikariConfig - credentials.....................com.zaxxer.hikari.util.Credentials@368c4328
2026-03-15 15:03:20 [Thread-3] DEBUG com.zaxxer.hikari.HikariConfig - credentialsProvider.............none
2026-03-15 15:03:20 [Thread-3] DEBUG com.zaxxer.hikari.HikariConfig - credentialsProviderClassName....none
2026-03-15 15:03:20 [Thread-3] DEBUG com.zaxxer.hikari.HikariConfig - dataSource......................none
2026-03-15 15:03:20 [Thread-3] DEBUG com.zaxxer.hikari.HikariConfig - dataSourceClassName.............none
2026-03-15 15:03:20 [Thread-3] DEBUG com.zaxxer.hikari.HikariConfig - dataSourceJNDI..................none
2026-03-15 15:03:20 [Thread-3] DEBUG com.zaxxer.hikari.HikariConfig - dataSourceProperties............{password=<masked>}
2026-03-15 15:03:20 [Thread-3] DEBUG com.zaxxer.hikari.HikariConfig - driverClassName................."com.mysql.cj.jdbc.Driver"
2026-03-15 15:03:20 [Thread-3] DEBUG com.zaxxer.hikari.HikariConfig - exceptionOverride...............none
2026-03-15 15:03:20 [Thread-3] DEBUG com.zaxxer.hikari.HikariConfig - exceptionOverrideClassName......none
2026-03-15 15:03:20 [Thread-3] DEBUG com.zaxxer.hikari.HikariConfig - healthCheckProperties...........{}
2026-03-15 15:03:20 [Thread-3] DEBUG com.zaxxer.hikari.HikariConfig - healthCheckRegistry.............none
2026-03-15 15:03:20 [Thread-3] DEBUG com.zaxxer.hikari.HikariConfig - idleTimeout.....................600000
2026-03-15 15:03:20 [Thread-3] DEBUG com.zaxxer.hikari.HikariConfig - initializationFailTimeout.......1
2026-03-15 15:03:20 [Thread-3] DEBUG com.zaxxer.hikari.HikariConfig - isolateInternalQueries..........false
2026-03-15 15:03:20 [Thread-3] DEBUG com.zaxxer.hikari.HikariConfig - jdbcUrl.........................jdbc:mysql://localhost:3306/java_learning?useUnicode=true&characterEncoding=UTF-8&serverTimezone=GMT%2B9&useSSL=false&allowPublicKeyRetrieval=true&useCursorFetch=true
2026-03-15 15:03:20 [Thread-3] DEBUG com.zaxxer.hikari.HikariConfig - keepaliveTime...................120000
2026-03-15 15:03:20 [Thread-3] DEBUG com.zaxxer.hikari.HikariConfig - leakDetectionThreshold..........0
2026-03-15 15:03:20 [Thread-3] DEBUG com.zaxxer.hikari.HikariConfig - maxLifetime.....................1800000
2026-03-15 15:03:20 [Thread-3] DEBUG com.zaxxer.hikari.HikariConfig - maximumPoolSize.................20
2026-03-15 15:03:20 [Thread-3] DEBUG com.zaxxer.hikari.HikariConfig - metricRegistry..................none
2026-03-15 15:03:20 [Thread-3] DEBUG com.zaxxer.hikari.HikariConfig - metricsTrackerFactory...........none
2026-03-15 15:03:20 [Thread-3] DEBUG com.zaxxer.hikari.HikariConfig - minimumIdle.....................20
2026-03-15 15:03:20 [Thread-3] DEBUG com.zaxxer.hikari.HikariConfig - password........................<masked>
2026-03-15 15:03:20 [Thread-3] DEBUG com.zaxxer.hikari.HikariConfig - poolName........................"HikariPool-1"
2026-03-15 15:03:20 [Thread-3] DEBUG com.zaxxer.hikari.HikariConfig - readOnly........................false
2026-03-15 15:03:20 [Thread-3] DEBUG com.zaxxer.hikari.HikariConfig - registerMbeans..................false
2026-03-15 15:03:20 [Thread-3] DEBUG com.zaxxer.hikari.HikariConfig - scheduledExecutor...............none
2026-03-15 15:03:20 [Thread-3] DEBUG com.zaxxer.hikari.HikariConfig - schema..........................none
2026-03-15 15:03:20 [Thread-3] DEBUG com.zaxxer.hikari.HikariConfig - threadFactory...................internal
2026-03-15 15:03:20 [Thread-3] DEBUG com.zaxxer.hikari.HikariConfig - transactionIsolation............default
2026-03-15 15:03:20 [Thread-3] DEBUG com.zaxxer.hikari.HikariConfig - username........................"user"
2026-03-15 15:03:20 [Thread-3] DEBUG com.zaxxer.hikari.HikariConfig - validationTimeout...............5000
2026-03-15 15:03:20 [Thread-3] INFO  com.zaxxer.hikari.HikariDataSource - HikariPool-1 - Starting...
2026-03-15 15:03:21 [Thread-3] DEBUG com.zaxxer.hikari.pool.PoolBase - HikariPool-1 - Attempting to create/setup new connection (31a69785-815b-4f35-a04d-68967e3082af)
2026-03-15 15:03:21 [Thread-3] DEBUG com.zaxxer.hikari.pool.PoolBase - HikariPool-1 - Established new connection (31a69785-815b-4f35-a04d-68967e3082af)
2026-03-15 15:03:21 [Thread-3] INFO  com.zaxxer.hikari.pool.HikariPool - HikariPool-1 - Added connection com.mysql.cj.jdbc.ConnectionImpl@6dd47945
2026-03-15 15:03:21 [Thread-3] INFO  com.zaxxer.hikari.HikariDataSource - HikariPool-1 - Start completed.
2026-03-15 15:03:21 [Thread-3] DEBUG o.a.i.t.jdbc.JdbcTransaction - Setting autocommit to false on JDBC Connection [HikariProxyConnection@658049197 wrapping com.mysql.cj.jdbc.ConnectionImpl@6dd47945]
2026-03-15 15:03:21 [Thread-3] DEBUG a.r.m.I.getTableRecords - ==>  Preparing: WITH SUB_TOTAL AS ( SELECT ST.stock_type , ST.stock_code , SUM(CASE WHEN SD.staff_no IS NOT NULL AND (DATEDIFF(CURRENT_DATE(), SD.confirmed_date) <= 365 ) THEN 1 ELSE 0 END) AS lending_count -- 貸出備品の数 , SUM(CASE /* 在庫 = [staff_no]：貸出先ユーザーの社員番号 が未設定(NULL) 且つ [return_date]：返却日が未設定(NULL) 且つ [confirmed_date]：最終所在確認日 が１年以内 */ WHEN SD.staff_no IS NULL AND (DATEDIFF(CURRENT_DATE(), SD.confirmed_date) <= 365 ) THEN 1 ELSE 0 END) AS stock_count -- 在庫備品の数 , SUM(CASE /* 不明 = [return_date]：返却日が未設定(NULL) 且つ [confirmed_date]：最終所在確認日 が１年前以前 ※ 貸出中・在庫を問わず１年前以前のデータを不明とする */ WHEN (DATEDIFF(CURRENT_DATE(), SD.confirmed_date) > 365 ) THEN 1 ELSE 0 END) AS unknown_count -- 不明備品の数 FROM (SELECT stock_type , stock_code FROM stock_type_master WHERE 1 = 1 AND del = FALSE) ST INNER JOIN stock_master SM ON ST.stock_type = SM.stock_type AND ST.stock_code = SM.stock_code AND SM.del = FALSE /* 未登録データを考慮しLEFT JOINとする */ LEFT JOIN stock_data SD ON SM.serial_no = SD.serial_no /* 返却済データの除去 */ AND SD.return_date IS NULL AND SD.del = FALSE WHERE 1 = 1 GROUP BY ST.stock_type , ST.stock_code ) SELECT ST.stock_type AS type, ST.stock_code AS code, ST.name AS itemName, IFNULL(S.lending_count, 0) AS loanCount, IFNULL(S.stock_count, 0) AS returnCount, IFNULL(S.unknown_count, 0) AS unknownCount, IFNULL(S.lending_count + S.stock_count, 0) AS totalCount /* 追加項目：遷移先画面サイズ */ , IFNULL( GCM.value_1, '1') AS windowSize FROM stock_type_master ST INNER JOIN SUB_TOTAL S ON ST.stock_type = S.stock_type AND ST.stock_code = S.stock_code /* 追加項目 遷移先画面サイズ */ LEFT JOIN generic_code_master GCM ON CAST(ST.stock_type AS CHAR) = GCM.type_key AND ST.stock_code = GCM.code AND GCM.generic_key = 'WINDOW_SIZE' WHERE 1 = 1 ORDER BY ST.stock_type , St.stock_code
2026-03-15 15:03:21 [Thread-3] DEBUG a.r.m.I.getTableRecords - ==> Parameters: 
2026-03-15 15:03:21 [Thread-3] DEBUG a.r.m.I.getTableRecords - <==      Total: 16
2026-03-15 15:03:21 [Thread-3] DEBUG o.a.i.t.jdbc.JdbcTransaction - Resetting autocommit to true on JDBC Connection [HikariProxyConnection@658049197 wrapping com.mysql.cj.jdbc.ConnectionImpl@6dd47945]
2026-03-15 15:03:21 [Thread-3] DEBUG o.a.i.t.jdbc.JdbcTransaction - Closing JDBC Connection [HikariProxyConnection@658049197 wrapping com.mysql.cj.jdbc.ConnectionImpl@6dd47945]
2026-03-15 15:03:21 [HikariPool-1:housekeeper] DEBUG com.zaxxer.hikari.pool.HikariPool - HikariPool-1 - Pool stats (total=1/20, idle=1/20, active=0, waiting=0)
2026-03-15 15:03:21 [HikariPool-1:connection-adder] DEBUG com.zaxxer.hikari.pool.PoolBase - HikariPool-1 - Attempting to create/setup new connection (cc21530a-3148-451f-a236-e8d30845534d)
2026-03-15 15:03:21 [HikariPool-1:connection-adder] DEBUG com.zaxxer.hikari.pool.PoolBase - HikariPool-1 - Established new connection (cc21530a-3148-451f-a236-e8d30845534d)
2026-03-15 15:03:21 [HikariPool-1:connection-adder] DEBUG com.zaxxer.hikari.pool.HikariPool - HikariPool-1 - Added connection com.mysql.cj.jdbc.ConnectionImpl@48a4ae48
2026-03-15 15:03:21 [HikariPool-1:connection-adder] DEBUG com.zaxxer.hikari.pool.HikariPool - HikariPool-1 - After adding stats (total=2/20, idle=2/20, active=0, waiting=0)
2026-03-15 15:03:21 [HikariPool-1:connection-adder] DEBUG com.zaxxer.hikari.pool.PoolBase - HikariPool-1 - Attempting to create/setup new connection (8fe1c9af-e8f7-4200-81dc-ff0ebfa4b35f)
2026-03-15 15:03:21 [HikariPool-1:connection-adder] DEBUG com.zaxxer.hikari.pool.PoolBase - HikariPool-1 - Established new connection (8fe1c9af-e8f7-4200-81dc-ff0ebfa4b35f)
2026-03-15 15:03:21 [HikariPool-1:connection-adder] DEBUG com.zaxxer.hikari.pool.HikariPool - HikariPool-1 - Added connection com.mysql.cj.jdbc.ConnectionImpl@5561695c
2026-03-15 15:03:21 [HikariPool-1:connection-adder] DEBUG com.zaxxer.hikari.pool.HikariPool - HikariPool-1 - After adding stats (total=3/20, idle=3/20, active=0, waiting=0)
2026-03-15 15:03:21 [HikariPool-1:connection-adder] DEBUG com.zaxxer.hikari.pool.PoolBase - HikariPool-1 - Attempting to create/setup new connection (ab8a57ec-4fc1-4c75-addf-c4397b2f21c1)
2026-03-15 15:03:21 [HikariPool-1:connection-adder] DEBUG com.zaxxer.hikari.pool.PoolBase - HikariPool-1 - Established new connection (ab8a57ec-4fc1-4c75-addf-c4397b2f21c1)
2026-03-15 15:03:21 [HikariPool-1:connection-adder] DEBUG com.zaxxer.hikari.pool.HikariPool - HikariPool-1 - Added connection com.mysql.cj.jdbc.ConnectionImpl@2dc8d8ca
2026-03-15 15:03:21 [HikariPool-1:connection-adder] DEBUG com.zaxxer.hikari.pool.HikariPool - HikariPool-1 - After adding stats (total=4/20, idle=4/20, active=0, waiting=0)
2026-03-15 15:03:21 [HikariPool-1:connection-adder] DEBUG com.zaxxer.hikari.pool.PoolBase - HikariPool-1 - Attempting to create/setup new connection (c38c6155-645b-4e49-801d-fed335886019)
2026-03-15 15:03:21 [HikariPool-1:connection-adder] DEBUG com.zaxxer.hikari.pool.PoolBase - HikariPool-1 - Established new connection (c38c6155-645b-4e49-801d-fed335886019)
2026-03-15 15:03:21 [HikariPool-1:connection-adder] DEBUG com.zaxxer.hikari.pool.HikariPool - HikariPool-1 - Added connection com.mysql.cj.jdbc.ConnectionImpl@3743e4df
2026-03-15 15:03:21 [HikariPool-1:connection-adder] DEBUG com.zaxxer.hikari.pool.HikariPool - HikariPool-1 - After adding stats (total=5/20, idle=5/20, active=0, waiting=0)
2026-03-15 15:03:21 [HikariPool-1:connection-adder] DEBUG com.zaxxer.hikari.pool.PoolBase - HikariPool-1 - Attempting to create/setup new connection (6d62d763-32bf-41c6-8949-624b15b5ac8c)
2026-03-15 15:03:21 [HikariPool-1:connection-adder] DEBUG com.zaxxer.hikari.pool.PoolBase - HikariPool-1 - Established new connection (6d62d763-32bf-41c6-8949-624b15b5ac8c)
2026-03-15 15:03:21 [HikariPool-1:connection-adder] DEBUG com.zaxxer.hikari.pool.HikariPool - HikariPool-1 - Added connection com.mysql.cj.jdbc.ConnectionImpl@36cc146d
2026-03-15 15:03:21 [HikariPool-1:connection-adder] DEBUG com.zaxxer.hikari.pool.HikariPool - HikariPool-1 - After adding stats (total=6/20, idle=6/20, active=0, waiting=0)
2026-03-15 15:03:21 [HikariPool-1:connection-adder] DEBUG com.zaxxer.hikari.pool.PoolBase - HikariPool-1 - Attempting to create/setup new connection (78c4a101-e14b-4c06-9929-637d2d30ea54)
2026-03-15 15:03:21 [HikariPool-1:connection-adder] DEBUG com.zaxxer.hikari.pool.PoolBase - HikariPool-1 - Established new connection (78c4a101-e14b-4c06-9929-637d2d30ea54)
2026-03-15 15:03:21 [HikariPool-1:connection-adder] DEBUG com.zaxxer.hikari.pool.HikariPool - HikariPool-1 - Added connection com.mysql.cj.jdbc.ConnectionImpl@45b5b24f
2026-03-15 15:03:21 [HikariPool-1:connection-adder] DEBUG com.zaxxer.hikari.pool.HikariPool - HikariPool-1 - After adding stats (total=7/20, idle=7/20, active=0, waiting=0)
2026-03-15 15:03:21 [HikariPool-1:connection-adder] DEBUG com.zaxxer.hikari.pool.PoolBase - HikariPool-1 - Attempting to create/setup new connection (29eab569-4c5e-4d79-9762-7d63066443f0)
2026-03-15 15:03:21 [HikariPool-1:connection-adder] DEBUG com.zaxxer.hikari.pool.PoolBase - HikariPool-1 - Established new connection (29eab569-4c5e-4d79-9762-7d63066443f0)
2026-03-15 15:03:21 [HikariPool-1:connection-adder] DEBUG com.zaxxer.hikari.pool.HikariPool - HikariPool-1 - Added connection com.mysql.cj.jdbc.ConnectionImpl@2f88fa3
2026-03-15 15:03:21 [HikariPool-1:connection-adder] DEBUG com.zaxxer.hikari.pool.HikariPool - HikariPool-1 - After adding stats (total=8/20, idle=8/20, active=0, waiting=0)
2026-03-15 15:03:21 [HikariPool-1:connection-adder] DEBUG com.zaxxer.hikari.pool.PoolBase - HikariPool-1 - Attempting to create/setup new connection (e8185e40-d8f5-49a6-97a8-3c37557f18e5)
2026-03-15 15:03:21 [HikariPool-1:connection-adder] DEBUG com.zaxxer.hikari.pool.PoolBase - HikariPool-1 - Established new connection (e8185e40-d8f5-49a6-97a8-3c37557f18e5)
2026-03-15 15:03:21 [HikariPool-1:connection-adder] DEBUG com.zaxxer.hikari.pool.HikariPool - HikariPool-1 - Added connection com.mysql.cj.jdbc.ConnectionImpl@4155e027
2026-03-15 15:03:21 [HikariPool-1:connection-adder] DEBUG com.zaxxer.hikari.pool.HikariPool - HikariPool-1 - After adding stats (total=9/20, idle=9/20, active=0, waiting=0)
2026-03-15 15:03:21 [HikariPool-1:connection-adder] DEBUG com.zaxxer.hikari.pool.PoolBase - HikariPool-1 - Attempting to create/setup new connection (b08bcda3-e99d-41a9-9ebf-8754d1434636)
2026-03-15 15:03:21 [HikariPool-1:connection-adder] DEBUG com.zaxxer.hikari.pool.PoolBase - HikariPool-1 - Established new connection (b08bcda3-e99d-41a9-9ebf-8754d1434636)
2026-03-15 15:03:21 [HikariPool-1:connection-adder] DEBUG com.zaxxer.hikari.pool.HikariPool - HikariPool-1 - Added connection com.mysql.cj.jdbc.ConnectionImpl@5f3e4ffa
2026-03-15 15:03:21 [HikariPool-1:connection-adder] DEBUG com.zaxxer.hikari.pool.HikariPool - HikariPool-1 - After adding stats (total=10/20, idle=10/20, active=0, waiting=0)
2026-03-15 15:03:21 [HikariPool-1:connection-adder] DEBUG com.zaxxer.hikari.pool.PoolBase - HikariPool-1 - Attempting to create/setup new connection (ea59dd40-2acc-4302-840f-d2f7e886490a)
2026-03-15 15:03:21 [HikariPool-1:connection-adder] DEBUG com.zaxxer.hikari.pool.PoolBase - HikariPool-1 - Established new connection (ea59dd40-2acc-4302-840f-d2f7e886490a)
2026-03-15 15:03:21 [HikariPool-1:connection-adder] DEBUG com.zaxxer.hikari.pool.HikariPool - HikariPool-1 - Added connection com.mysql.cj.jdbc.ConnectionImpl@48a30220
2026-03-15 15:03:21 [HikariPool-1:connection-adder] DEBUG com.zaxxer.hikari.pool.HikariPool - HikariPool-1 - After adding stats (total=11/20, idle=11/20, active=0, waiting=0)
2026-03-15 15:03:21 [HikariPool-1:connection-adder] DEBUG com.zaxxer.hikari.pool.PoolBase - HikariPool-1 - Attempting to create/setup new connection (7151121d-7366-4ab6-8ce1-aafae30cdf58)
2026-03-15 15:03:21 [HikariPool-1:connection-adder] DEBUG com.zaxxer.hikari.pool.PoolBase - HikariPool-1 - Established new connection (7151121d-7366-4ab6-8ce1-aafae30cdf58)
2026-03-15 15:03:21 [HikariPool-1:connection-adder] DEBUG com.zaxxer.hikari.pool.HikariPool - HikariPool-1 - Added connection com.mysql.cj.jdbc.ConnectionImpl@16b61e9d
2026-03-15 15:03:21 [HikariPool-1:connection-adder] DEBUG com.zaxxer.hikari.pool.HikariPool - HikariPool-1 - After adding stats (total=12/20, idle=12/20, active=0, waiting=0)
2026-03-15 15:03:21 [HikariPool-1:connection-adder] DEBUG com.zaxxer.hikari.pool.PoolBase - HikariPool-1 - Attempting to create/setup new connection (1a55d9b7-299e-4404-894c-794e6e3b2c0f)
2026-03-15 15:03:21 [HikariPool-1:connection-adder] DEBUG com.zaxxer.hikari.pool.PoolBase - HikariPool-1 - Established new connection (1a55d9b7-299e-4404-894c-794e6e3b2c0f)
2026-03-15 15:03:21 [HikariPool-1:connection-adder] DEBUG com.zaxxer.hikari.pool.HikariPool - HikariPool-1 - Added connection com.mysql.cj.jdbc.ConnectionImpl@2cf7108d
2026-03-15 15:03:21 [HikariPool-1:connection-adder] DEBUG com.zaxxer.hikari.pool.HikariPool - HikariPool-1 - After adding stats (total=13/20, idle=13/20, active=0, waiting=0)
2026-03-15 15:03:21 [HikariPool-1:connection-adder] DEBUG com.zaxxer.hikari.pool.PoolBase - HikariPool-1 - Attempting to create/setup new connection (052b179a-f2b8-4c9a-a4bf-9ca555d228ee)
2026-03-15 15:03:21 [HikariPool-1:connection-adder] DEBUG com.zaxxer.hikari.pool.PoolBase - HikariPool-1 - Established new connection (052b179a-f2b8-4c9a-a4bf-9ca555d228ee)
2026-03-15 15:03:21 [HikariPool-1:connection-adder] DEBUG com.zaxxer.hikari.pool.HikariPool - HikariPool-1 - Added connection com.mysql.cj.jdbc.ConnectionImpl@6798000b
2026-03-15 15:03:21 [HikariPool-1:connection-adder] DEBUG com.zaxxer.hikari.pool.HikariPool - HikariPool-1 - After adding stats (total=14/20, idle=14/20, active=0, waiting=0)
2026-03-15 15:03:21 [HikariPool-1:connection-adder] DEBUG com.zaxxer.hikari.pool.PoolBase - HikariPool-1 - Attempting to create/setup new connection (d3118332-e310-4809-880d-1f7944c5d24e)
2026-03-15 15:03:21 [HikariPool-1:connection-adder] DEBUG com.zaxxer.hikari.pool.PoolBase - HikariPool-1 - Established new connection (d3118332-e310-4809-880d-1f7944c5d24e)
2026-03-15 15:03:21 [HikariPool-1:connection-adder] DEBUG com.zaxxer.hikari.pool.HikariPool - HikariPool-1 - Added connection com.mysql.cj.jdbc.ConnectionImpl@22423a33
2026-03-15 15:03:21 [HikariPool-1:connection-adder] DEBUG com.zaxxer.hikari.pool.HikariPool - HikariPool-1 - After adding stats (total=15/20, idle=15/20, active=0, waiting=0)
2026-03-15 15:03:21 [HikariPool-1:connection-adder] DEBUG com.zaxxer.hikari.pool.PoolBase - HikariPool-1 - Attempting to create/setup new connection (f5e24a7b-2d90-4769-988f-1c298535bab1)
2026-03-15 15:03:21 [HikariPool-1:connection-adder] DEBUG com.zaxxer.hikari.pool.PoolBase - HikariPool-1 - Established new connection (f5e24a7b-2d90-4769-988f-1c298535bab1)
2026-03-15 15:03:21 [HikariPool-1:connection-adder] DEBUG com.zaxxer.hikari.pool.HikariPool - HikariPool-1 - Added connection com.mysql.cj.jdbc.ConnectionImpl@214734fc
2026-03-15 15:03:21 [HikariPool-1:connection-adder] DEBUG com.zaxxer.hikari.pool.HikariPool - HikariPool-1 - After adding stats (total=16/20, idle=16/20, active=0, waiting=0)
2026-03-15 15:03:21 [HikariPool-1:connection-adder] DEBUG com.zaxxer.hikari.pool.PoolBase - HikariPool-1 - Attempting to create/setup new connection (da0ba683-0ab2-4681-a8aa-f66db8142dab)
2026-03-15 15:03:21 [HikariPool-1:connection-adder] DEBUG com.zaxxer.hikari.pool.PoolBase - HikariPool-1 - Established new connection (da0ba683-0ab2-4681-a8aa-f66db8142dab)
2026-03-15 15:03:21 [HikariPool-1:connection-adder] DEBUG com.zaxxer.hikari.pool.HikariPool - HikariPool-1 - Added connection com.mysql.cj.jdbc.ConnectionImpl@de53ca8
2026-03-15 15:03:21 [HikariPool-1:connection-adder] DEBUG com.zaxxer.hikari.pool.HikariPool - HikariPool-1 - After adding stats (total=17/20, idle=17/20, active=0, waiting=0)
2026-03-15 15:03:21 [HikariPool-1:connection-adder] DEBUG com.zaxxer.hikari.pool.PoolBase - HikariPool-1 - Attempting to create/setup new connection (a9eed637-16c4-4fd4-862f-cde5fea690dd)
2026-03-15 15:03:21 [HikariPool-1:connection-adder] DEBUG com.zaxxer.hikari.pool.PoolBase - HikariPool-1 - Established new connection (a9eed637-16c4-4fd4-862f-cde5fea690dd)
2026-03-15 15:03:21 [HikariPool-1:connection-adder] DEBUG com.zaxxer.hikari.pool.HikariPool - HikariPool-1 - Added connection com.mysql.cj.jdbc.ConnectionImpl@5407bfa7
2026-03-15 15:03:21 [HikariPool-1:connection-adder] DEBUG com.zaxxer.hikari.pool.HikariPool - HikariPool-1 - After adding stats (total=18/20, idle=18/20, active=0, waiting=0)
2026-03-15 15:03:21 [HikariPool-1:connection-adder] DEBUG com.zaxxer.hikari.pool.PoolBase - HikariPool-1 - Attempting to create/setup new connection (90f03663-2748-45ab-a913-33e76f42b173)
2026-03-15 15:03:21 [HikariPool-1:connection-adder] DEBUG com.zaxxer.hikari.pool.PoolBase - HikariPool-1 - Established new connection (90f03663-2748-45ab-a913-33e76f42b173)
2026-03-15 15:03:21 [HikariPool-1:connection-adder] DEBUG com.zaxxer.hikari.pool.HikariPool - HikariPool-1 - Added connection com.mysql.cj.jdbc.ConnectionImpl@66275140
2026-03-15 15:03:21 [HikariPool-1:connection-adder] DEBUG com.zaxxer.hikari.pool.HikariPool - HikariPool-1 - After adding stats (total=19/20, idle=19/20, active=0, waiting=0)
2026-03-15 15:03:21 [HikariPool-1:connection-adder] DEBUG com.zaxxer.hikari.pool.PoolBase - HikariPool-1 - Attempting to create/setup new connection (6418c398-8a71-4b5a-91f2-97dc823baca0)
2026-03-15 15:03:21 [HikariPool-1:connection-adder] DEBUG com.zaxxer.hikari.pool.PoolBase - HikariPool-1 - Established new connection (6418c398-8a71-4b5a-91f2-97dc823baca0)
2026-03-15 15:03:21 [HikariPool-1:connection-adder] DEBUG com.zaxxer.hikari.pool.HikariPool - HikariPool-1 - Added connection com.mysql.cj.jdbc.ConnectionImpl@3f6b57e9
2026-03-15 15:03:21 [HikariPool-1:connection-adder] DEBUG com.zaxxer.hikari.pool.HikariPool - HikariPool-1 - After adding stats (total=20/20, idle=20/20, active=0, waiting=0)
2026-03-15 15:03:29 [JavaFX Application Thread] DEBUG application.java.manager.LogManager - [SQL操作クラス] ： 非同期処理 スレッドプール解放
2026-03-15 15:03:29 [JavaFX Application Thread] INFO  com.zaxxer.hikari.HikariDataSource - HikariPool-1 - Shutdown initiated...
2026-03-15 15:03:29 [JavaFX Application Thread] DEBUG com.zaxxer.hikari.pool.HikariPool - HikariPool-1 - Before shutdown stats (total=20/20, idle=20/20, active=0, waiting=0)
2026-03-15 15:03:29 [HikariPool-1:connection-closer] DEBUG com.zaxxer.hikari.pool.PoolBase - HikariPool-1 - Closing connection com.mysql.cj.jdbc.ConnectionImpl@6dd47945: (connection evicted)
2026-03-15 15:03:29 [HikariPool-1:connection-closer] DEBUG com.zaxxer.hikari.pool.PoolBase - HikariPool-1 - Closing connection com.mysql.cj.jdbc.ConnectionImpl@48a4ae48: (connection evicted)
2026-03-15 15:03:29 [HikariPool-1:connection-closer] DEBUG com.zaxxer.hikari.pool.PoolBase - HikariPool-1 - Closing connection com.mysql.cj.jdbc.ConnectionImpl@5561695c: (connection evicted)
2026-03-15 15:03:29 [HikariPool-1:connection-closer] DEBUG com.zaxxer.hikari.pool.PoolBase - HikariPool-1 - Closing connection com.mysql.cj.jdbc.ConnectionImpl@2dc8d8ca: (connection evicted)
2026-03-15 15:03:29 [HikariPool-1:connection-closer] DEBUG com.zaxxer.hikari.pool.PoolBase - HikariPool-1 - Closing connection com.mysql.cj.jdbc.ConnectionImpl@3743e4df: (connection evicted)
2026-03-15 15:03:29 [HikariPool-1:connection-closer] DEBUG com.zaxxer.hikari.pool.PoolBase - HikariPool-1 - Closing connection com.mysql.cj.jdbc.ConnectionImpl@36cc146d: (connection evicted)
2026-03-15 15:03:29 [HikariPool-1:connection-closer] DEBUG com.zaxxer.hikari.pool.PoolBase - HikariPool-1 - Closing connection com.mysql.cj.jdbc.ConnectionImpl@45b5b24f: (connection evicted)
2026-03-15 15:03:29 [HikariPool-1:connection-closer] DEBUG com.zaxxer.hikari.pool.PoolBase - HikariPool-1 - Closing connection com.mysql.cj.jdbc.ConnectionImpl@2f88fa3: (connection evicted)
2026-03-15 15:03:29 [HikariPool-1:connection-closer] DEBUG com.zaxxer.hikari.pool.PoolBase - HikariPool-1 - Closing connection com.mysql.cj.jdbc.ConnectionImpl@4155e027: (connection evicted)
2026-03-15 15:03:29 [HikariPool-1:connection-closer] DEBUG com.zaxxer.hikari.pool.PoolBase - HikariPool-1 - Closing connection com.mysql.cj.jdbc.ConnectionImpl@5f3e4ffa: (connection evicted)
2026-03-15 15:03:29 [HikariPool-1:connection-closer] DEBUG com.zaxxer.hikari.pool.PoolBase - HikariPool-1 - Closing connection com.mysql.cj.jdbc.ConnectionImpl@48a30220: (connection evicted)
2026-03-15 15:03:29 [HikariPool-1:connection-closer] DEBUG com.zaxxer.hikari.pool.PoolBase - HikariPool-1 - Closing connection com.mysql.cj.jdbc.ConnectionImpl@16b61e9d: (connection evicted)
2026-03-15 15:03:29 [HikariPool-1:connection-closer] DEBUG com.zaxxer.hikari.pool.PoolBase - HikariPool-1 - Closing connection com.mysql.cj.jdbc.ConnectionImpl@2cf7108d: (connection evicted)
2026-03-15 15:03:29 [HikariPool-1:connection-closer] DEBUG com.zaxxer.hikari.pool.PoolBase - HikariPool-1 - Closing connection com.mysql.cj.jdbc.ConnectionImpl@6798000b: (connection evicted)
2026-03-15 15:03:29 [HikariPool-1:connection-closer] DEBUG com.zaxxer.hikari.pool.PoolBase - HikariPool-1 - Closing connection com.mysql.cj.jdbc.ConnectionImpl@22423a33: (connection evicted)
2026-03-15 15:03:29 [HikariPool-1:connection-closer] DEBUG com.zaxxer.hikari.pool.PoolBase - HikariPool-1 - Closing connection com.mysql.cj.jdbc.ConnectionImpl@214734fc: (connection evicted)
2026-03-15 15:03:29 [HikariPool-1:connection-closer] DEBUG com.zaxxer.hikari.pool.PoolBase - HikariPool-1 - Closing connection com.mysql.cj.jdbc.ConnectionImpl@de53ca8: (connection evicted)
2026-03-15 15:03:29 [HikariPool-1:connection-closer] DEBUG com.zaxxer.hikari.pool.PoolBase - HikariPool-1 - Closing connection com.mysql.cj.jdbc.ConnectionImpl@5407bfa7: (connection evicted)
2026-03-15 15:03:29 [HikariPool-1:connection-closer] DEBUG com.zaxxer.hikari.pool.PoolBase - HikariPool-1 - Closing connection com.mysql.cj.jdbc.ConnectionImpl@66275140: (connection evicted)
2026-03-15 15:03:29 [HikariPool-1:connection-closer] DEBUG com.zaxxer.hikari.pool.PoolBase - HikariPool-1 - Closing connection com.mysql.cj.jdbc.ConnectionImpl@3f6b57e9: (connection evicted)
2026-03-15 15:03:29 [JavaFX Application Thread] DEBUG com.zaxxer.hikari.pool.HikariPool - HikariPool-1 - After  shutdown stats (total=0/20, idle=0/20, active=0, waiting=0)
2026-03-15 15:03:29 [JavaFX Application Thread] INFO  com.zaxxer.hikari.HikariDataSource - HikariPool-1 - Shutdown completed.
2026-03-15 15:03:29 [JavaFX Application Thread] DEBUG application.java.manager.LogManager - [SQL操作クラス] ： コネクションプール(HikariCP) Closeing
2026-03-15 15:03:29 [JavaFX Application Thread] INFO  application.java.manager.LogManager - 終了処理 : 完了
2026-03-15 15:03:44 [main] INFO  application.java.manager.LogManager - 備品管理システム : 起動
2026-03-15 15:03:44 [JavaFX Application Thread] INFO  application.java.manager.LogManager - 開始処理 : 画面ウィンドウ枠生成
2026-03-15 15:03:44 [JavaFX Application Thread] INFO  application.java.manager.LogManager - [メニュー画面] ： 初期化処理
2026-03-15 15:03:44 [JavaFX Application Thread] DEBUG application.java.manager.LogManager - Window切替 [setWindowFrame] : TRANSPARENT(透明枠・背景色透明)
2026-03-15 15:03:44 [JavaFX Application Thread] INFO  application.java.manager.LogManager - 画面展開 [setPage] : メニュー画面
2026-03-15 15:05:15 [JavaFX Application Thread] INFO  application.java.manager.LogManager - [メニュー画面] ： [貸出業務]ボタン押下
2026-03-15 15:05:15 [JavaFX Application Thread] INFO  application.java.manager.LogManager - [備品一覧画面] ： 初期化処理
2026-03-15 15:05:15 [JavaFX Application Thread] DEBUG application.java.manager.LogManager - Window切替 [setWindowFrame] : DECORATED(標準)
2026-03-15 15:05:15 [JavaFX Application Thread] INFO  application.java.manager.LogManager - [SQL操作クラス] ： 非同期処理 スレッドプール作成
2026-03-15 15:05:15 [JavaFX Application Thread] INFO  application.java.manager.LogManager - [SQL操作クラス] ： SQL Session生成
2026-03-15 15:05:15 [JavaFX Application Thread] DEBUG application.java.manager.LogManager - [SQL操作クラス] ： mybatis有効化
2026-03-15 15:05:15 [JavaFX Application Thread] DEBUG o.apache.ibatis.logging.LogFactory - Logging initialized using 'class org.apache.ibatis.logging.slf4j.Slf4jImpl' adapter.
2026-03-15 15:05:15 [JavaFX Application Thread] DEBUG o.apache.ibatis.logging.LogFactory - Logging initialized using 'class org.apache.ibatis.logging.slf4j.Slf4jImpl' adapter.
2026-03-15 15:05:15 [JavaFX Application Thread] DEBUG com.zaxxer.hikari.util.UtilityElf - Class com.mysql.cj.jdbc.Driver found in Thread context class loader jdk.internal.loader.ClassLoaders$AppClassLoader@568db2f2
2026-03-15 15:05:15 [JavaFX Application Thread] DEBUG application.java.manager.LogManager - [備品一覧画面] ： リスト表示処理
2026-03-15 15:05:15 [JavaFX Application Thread] DEBUG application.java.manager.LogManager - [SQL操作クラス] ： 非同期処理 SELECT句発行
2026-03-15 15:05:15 [Thread-3] DEBUG application.java.manager.LogManager - [SQL操作クラス] ： SELECT句発行
2026-03-15 15:05:15 [JavaFX Application Thread] INFO  application.java.manager.LogManager - 画面展開 [setPage] : 備品一覧画面
2026-03-15 15:05:15 [Thread-3] DEBUG o.a.i.t.jdbc.JdbcTransaction - Opening JDBC Connection
2026-03-15 15:05:15 [Thread-3] DEBUG com.zaxxer.hikari.HikariConfig - HikariPool-1 - configuration:
2026-03-15 15:05:15 [Thread-3] DEBUG com.zaxxer.hikari.HikariConfig - allowPoolSuspension.............false
2026-03-15 15:05:15 [Thread-3] DEBUG com.zaxxer.hikari.HikariConfig - autoCommit......................true
2026-03-15 15:05:15 [Thread-3] DEBUG com.zaxxer.hikari.HikariConfig - catalog.........................none
2026-03-15 15:05:15 [Thread-3] DEBUG com.zaxxer.hikari.HikariConfig - connectionInitSql...............none
2026-03-15 15:05:15 [Thread-3] DEBUG com.zaxxer.hikari.HikariConfig - connectionTestQuery.............none
2026-03-15 15:05:15 [Thread-3] DEBUG com.zaxxer.hikari.HikariConfig - connectionTimeout...............30000
2026-03-15 15:05:15 [Thread-3] DEBUG com.zaxxer.hikari.HikariConfig - credentials.....................com.zaxxer.hikari.util.Credentials@31d0d0a
2026-03-15 15:05:15 [Thread-3] DEBUG com.zaxxer.hikari.HikariConfig - credentialsProvider.............none
2026-03-15 15:05:15 [Thread-3] DEBUG com.zaxxer.hikari.HikariConfig - credentialsProviderClassName....none
2026-03-15 15:05:15 [Thread-3] DEBUG com.zaxxer.hikari.HikariConfig - dataSource......................none
2026-03-15 15:05:15 [Thread-3] DEBUG com.zaxxer.hikari.HikariConfig - dataSourceClassName.............none
2026-03-15 15:05:15 [Thread-3] DEBUG com.zaxxer.hikari.HikariConfig - dataSourceJNDI..................none
2026-03-15 15:05:15 [Thread-3] DEBUG com.zaxxer.hikari.HikariConfig - dataSourceProperties............{password=<masked>}
2026-03-15 15:05:15 [Thread-3] DEBUG com.zaxxer.hikari.HikariConfig - driverClassName................."com.mysql.cj.jdbc.Driver"
2026-03-15 15:05:15 [Thread-3] DEBUG com.zaxxer.hikari.HikariConfig - exceptionOverride...............none
2026-03-15 15:05:15 [Thread-3] DEBUG com.zaxxer.hikari.HikariConfig - exceptionOverrideClassName......none
2026-03-15 15:05:15 [Thread-3] DEBUG com.zaxxer.hikari.HikariConfig - healthCheckProperties...........{}
2026-03-15 15:05:15 [Thread-3] DEBUG com.zaxxer.hikari.HikariConfig - healthCheckRegistry.............none
2026-03-15 15:05:15 [Thread-3] DEBUG com.zaxxer.hikari.HikariConfig - idleTimeout.....................600000
2026-03-15 15:05:15 [Thread-3] DEBUG com.zaxxer.hikari.HikariConfig - initializationFailTimeout.......1
2026-03-15 15:05:15 [Thread-3] DEBUG com.zaxxer.hikari.HikariConfig - isolateInternalQueries..........false
2026-03-15 15:05:15 [Thread-3] DEBUG com.zaxxer.hikari.HikariConfig - jdbcUrl.........................jdbc:mysql://localhost:3306/java_learning?useUnicode=true&characterEncoding=UTF-8&serverTimezone=GMT%2B9&useSSL=false&allowPublicKeyRetrieval=true&useCursorFetch=true
2026-03-15 15:05:15 [Thread-3] DEBUG com.zaxxer.hikari.HikariConfig - keepaliveTime...................120000
2026-03-15 15:05:15 [Thread-3] DEBUG com.zaxxer.hikari.HikariConfig - leakDetectionThreshold..........0
2026-03-15 15:05:15 [Thread-3] DEBUG com.zaxxer.hikari.HikariConfig - maxLifetime.....................1800000
2026-03-15 15:05:15 [Thread-3] DEBUG com.zaxxer.hikari.HikariConfig - maximumPoolSize.................20
2026-03-15 15:05:15 [Thread-3] DEBUG com.zaxxer.hikari.HikariConfig - metricRegistry..................none
2026-03-15 15:05:15 [Thread-3] DEBUG com.zaxxer.hikari.HikariConfig - metricsTrackerFactory...........none
2026-03-15 15:05:15 [Thread-3] DEBUG com.zaxxer.hikari.HikariConfig - minimumIdle.....................20
2026-03-15 15:05:15 [Thread-3] DEBUG com.zaxxer.hikari.HikariConfig - password........................<masked>
2026-03-15 15:05:15 [Thread-3] DEBUG com.zaxxer.hikari.HikariConfig - poolName........................"HikariPool-1"
2026-03-15 15:05:15 [Thread-3] DEBUG com.zaxxer.hikari.HikariConfig - readOnly........................false
2026-03-15 15:05:15 [Thread-3] DEBUG com.zaxxer.hikari.HikariConfig - registerMbeans..................false
2026-03-15 15:05:15 [Thread-3] DEBUG com.zaxxer.hikari.HikariConfig - scheduledExecutor...............none
2026-03-15 15:05:15 [Thread-3] DEBUG com.zaxxer.hikari.HikariConfig - schema..........................none
2026-03-15 15:05:15 [Thread-3] DEBUG com.zaxxer.hikari.HikariConfig - threadFactory...................internal
2026-03-15 15:05:15 [Thread-3] DEBUG com.zaxxer.hikari.HikariConfig - transactionIsolation............default
2026-03-15 15:05:15 [Thread-3] DEBUG com.zaxxer.hikari.HikariConfig - username........................"user"
2026-03-15 15:05:15 [Thread-3] DEBUG com.zaxxer.hikari.HikariConfig - validationTimeout...............5000
2026-03-15 15:05:15 [Thread-3] INFO  com.zaxxer.hikari.HikariDataSource - HikariPool-1 - Starting...
2026-03-15 15:05:15 [Thread-3] DEBUG com.zaxxer.hikari.pool.PoolBase - HikariPool-1 - Attempting to create/setup new connection (b78322a9-faa3-4710-9350-4cae47e434ba)
2026-03-15 15:05:15 [Thread-3] DEBUG com.zaxxer.hikari.pool.PoolBase - HikariPool-1 - Established new connection (b78322a9-faa3-4710-9350-4cae47e434ba)
2026-03-15 15:05:15 [Thread-3] INFO  com.zaxxer.hikari.pool.HikariPool - HikariPool-1 - Added connection com.mysql.cj.jdbc.ConnectionImpl@21c19e9e
2026-03-15 15:05:15 [Thread-3] INFO  com.zaxxer.hikari.HikariDataSource - HikariPool-1 - Start completed.
2026-03-15 15:05:15 [Thread-3] DEBUG o.a.i.t.jdbc.JdbcTransaction - Setting autocommit to false on JDBC Connection [HikariProxyConnection@625439732 wrapping com.mysql.cj.jdbc.ConnectionImpl@21c19e9e]
2026-03-15 15:05:15 [Thread-3] DEBUG a.r.m.I.getTableRecords - ==>  Preparing: WITH SUB_TOTAL AS ( SELECT ST.stock_type , ST.stock_code , SUM(CASE WHEN SD.staff_no IS NOT NULL AND (DATEDIFF(CURRENT_DATE(), SD.confirmed_date) <= 365 ) THEN 1 ELSE 0 END) AS lending_count -- 貸出備品の数 , SUM(CASE /* 在庫 = [staff_no]：貸出先ユーザーの社員番号 が未設定(NULL) 且つ [return_date]：返却日が未設定(NULL) 且つ [confirmed_date]：最終所在確認日 が１年以内 */ WHEN SD.staff_no IS NULL AND (DATEDIFF(CURRENT_DATE(), SD.confirmed_date) <= 365 ) THEN 1 ELSE 0 END) AS stock_count -- 在庫備品の数 , SUM(CASE /* 不明 = [return_date]：返却日が未設定(NULL) 且つ [confirmed_date]：最終所在確認日 が１年前以前 ※ 貸出中・在庫を問わず１年前以前のデータを不明とする */ WHEN (DATEDIFF(CURRENT_DATE(), SD.confirmed_date) > 365 ) THEN 1 ELSE 0 END) AS unknown_count -- 不明備品の数 FROM (SELECT stock_type , stock_code FROM stock_type_master WHERE 1 = 1 AND del = FALSE) ST INNER JOIN stock_master SM ON ST.stock_type = SM.stock_type AND ST.stock_code = SM.stock_code AND SM.del = FALSE /* 未登録データを考慮しLEFT JOINとする */ LEFT JOIN stock_data SD ON SM.serial_no = SD.serial_no /* 返却済データの除去 */ AND SD.return_date IS NULL AND SD.del = FALSE WHERE 1 = 1 GROUP BY ST.stock_type , ST.stock_code ) SELECT ST.stock_type AS type, ST.stock_code AS code, ST.name AS itemName, IFNULL(S.lending_count, 0) AS loanCount, IFNULL(S.stock_count, 0) AS returnCount, IFNULL(S.unknown_count, 0) AS unknownCount, IFNULL(S.lending_count + S.stock_count, 0) AS totalCount /* 追加項目：遷移先画面サイズ */ , IFNULL( GCM.value_1, '1') AS windowSize FROM stock_type_master ST INNER JOIN SUB_TOTAL S ON ST.stock_type = S.stock_type AND ST.stock_code = S.stock_code /* 追加項目 遷移先画面サイズ */ LEFT JOIN generic_code_master GCM ON CAST(ST.stock_type AS CHAR) = GCM.type_key AND ST.stock_code = GCM.code AND GCM.generic_key = 'WINDOW_SIZE' WHERE 1 = 1 ORDER BY ST.stock_type , St.stock_code
2026-03-15 15:05:15 [Thread-3] DEBUG a.r.m.I.getTableRecords - ==> Parameters: 
2026-03-15 15:05:15 [HikariPool-1:housekeeper] DEBUG com.zaxxer.hikari.pool.HikariPool - HikariPool-1 - Pool stats (total=1/20, idle=0/20, active=1, waiting=0)
2026-03-15 15:05:15 [HikariPool-1:connection-adder] DEBUG com.zaxxer.hikari.pool.PoolBase - HikariPool-1 - Attempting to create/setup new connection (0fbdeedc-7d94-432b-8a08-5d36d1e5fd16)
2026-03-15 15:05:15 [HikariPool-1:connection-adder] DEBUG com.zaxxer.hikari.pool.PoolBase - HikariPool-1 - Established new connection (0fbdeedc-7d94-432b-8a08-5d36d1e5fd16)
2026-03-15 15:05:15 [HikariPool-1:connection-adder] DEBUG com.zaxxer.hikari.pool.HikariPool - HikariPool-1 - Added connection com.mysql.cj.jdbc.ConnectionImpl@481c4cc0
2026-03-15 15:05:15 [Thread-3] DEBUG a.r.m.I.getTableRecords - <==      Total: 16
2026-03-15 15:05:15 [Thread-3] DEBUG o.a.i.t.jdbc.JdbcTransaction - Resetting autocommit to true on JDBC Connection [HikariProxyConnection@625439732 wrapping com.mysql.cj.jdbc.ConnectionImpl@21c19e9e]
2026-03-15 15:05:15 [Thread-3] DEBUG o.a.i.t.jdbc.JdbcTransaction - Closing JDBC Connection [HikariProxyConnection@625439732 wrapping com.mysql.cj.jdbc.ConnectionImpl@21c19e9e]
2026-03-15 15:05:16 [HikariPool-1:connection-adder] DEBUG com.zaxxer.hikari.pool.HikariPool - HikariPool-1 - After adding stats (total=2/20, idle=2/20, active=0, waiting=0)
2026-03-15 15:05:16 [HikariPool-1:connection-adder] DEBUG com.zaxxer.hikari.pool.PoolBase - HikariPool-1 - Attempting to create/setup new connection (b753bfb5-1627-4aca-8d0a-e8ab9df84504)
2026-03-15 15:05:16 [HikariPool-1:connection-adder] DEBUG com.zaxxer.hikari.pool.PoolBase - HikariPool-1 - Established new connection (b753bfb5-1627-4aca-8d0a-e8ab9df84504)
2026-03-15 15:05:16 [HikariPool-1:connection-adder] DEBUG com.zaxxer.hikari.pool.HikariPool - HikariPool-1 - Added connection com.mysql.cj.jdbc.ConnectionImpl@12b23d46
2026-03-15 15:05:16 [HikariPool-1:connection-adder] DEBUG com.zaxxer.hikari.pool.HikariPool - HikariPool-1 - After adding stats (total=3/20, idle=3/20, active=0, waiting=0)
2026-03-15 15:05:16 [HikariPool-1:connection-adder] DEBUG com.zaxxer.hikari.pool.PoolBase - HikariPool-1 - Attempting to create/setup new connection (17651304-e232-435e-9cde-70e71e186d53)
2026-03-15 15:05:16 [HikariPool-1:connection-adder] DEBUG com.zaxxer.hikari.pool.PoolBase - HikariPool-1 - Established new connection (17651304-e232-435e-9cde-70e71e186d53)
2026-03-15 15:05:16 [HikariPool-1:connection-adder] DEBUG com.zaxxer.hikari.pool.HikariPool - HikariPool-1 - Added connection com.mysql.cj.jdbc.ConnectionImpl@6a1b2c92
2026-03-15 15:05:16 [HikariPool-1:connection-adder] DEBUG com.zaxxer.hikari.pool.HikariPool - HikariPool-1 - After adding stats (total=4/20, idle=4/20, active=0, waiting=0)
2026-03-15 15:05:16 [HikariPool-1:connection-adder] DEBUG com.zaxxer.hikari.pool.PoolBase - HikariPool-1 - Attempting to create/setup new connection (10b822f5-537d-4cb6-a11d-62d2d4106aaa)
2026-03-15 15:05:16 [HikariPool-1:connection-adder] DEBUG com.zaxxer.hikari.pool.PoolBase - HikariPool-1 - Established new connection (10b822f5-537d-4cb6-a11d-62d2d4106aaa)
2026-03-15 15:05:16 [HikariPool-1:connection-adder] DEBUG com.zaxxer.hikari.pool.HikariPool - HikariPool-1 - Added connection com.mysql.cj.jdbc.ConnectionImpl@6ad5f1de
2026-03-15 15:05:16 [HikariPool-1:connection-adder] DEBUG com.zaxxer.hikari.pool.HikariPool - HikariPool-1 - After adding stats (total=5/20, idle=5/20, active=0, waiting=0)
2026-03-15 15:05:16 [HikariPool-1:connection-adder] DEBUG com.zaxxer.hikari.pool.PoolBase - HikariPool-1 - Attempting to create/setup new connection (d7978893-964d-49e7-b66e-b882a79bb52c)
2026-03-15 15:05:16 [HikariPool-1:connection-adder] DEBUG com.zaxxer.hikari.pool.PoolBase - HikariPool-1 - Established new connection (d7978893-964d-49e7-b66e-b882a79bb52c)
2026-03-15 15:05:16 [HikariPool-1:connection-adder] DEBUG com.zaxxer.hikari.pool.HikariPool - HikariPool-1 - Added connection com.mysql.cj.jdbc.ConnectionImpl@711fe095
2026-03-15 15:05:16 [HikariPool-1:connection-adder] DEBUG com.zaxxer.hikari.pool.HikariPool - HikariPool-1 - After adding stats (total=6/20, idle=6/20, active=0, waiting=0)
2026-03-15 15:05:16 [HikariPool-1:connection-adder] DEBUG com.zaxxer.hikari.pool.PoolBase - HikariPool-1 - Attempting to create/setup new connection (b1516918-bafb-406f-bdb9-c26d5102e45b)
2026-03-15 15:05:16 [HikariPool-1:connection-adder] DEBUG com.zaxxer.hikari.pool.PoolBase - HikariPool-1 - Established new connection (b1516918-bafb-406f-bdb9-c26d5102e45b)
2026-03-15 15:05:16 [HikariPool-1:connection-adder] DEBUG com.zaxxer.hikari.pool.HikariPool - HikariPool-1 - Added connection com.mysql.cj.jdbc.ConnectionImpl@28de736c
2026-03-15 15:05:16 [HikariPool-1:connection-adder] DEBUG com.zaxxer.hikari.pool.HikariPool - HikariPool-1 - After adding stats (total=7/20, idle=7/20, active=0, waiting=0)
2026-03-15 15:05:16 [HikariPool-1:connection-adder] DEBUG com.zaxxer.hikari.pool.PoolBase - HikariPool-1 - Attempting to create/setup new connection (edf5dc45-5055-44a3-968f-79cc0b211737)
2026-03-15 15:05:16 [HikariPool-1:connection-adder] DEBUG com.zaxxer.hikari.pool.PoolBase - HikariPool-1 - Established new connection (edf5dc45-5055-44a3-968f-79cc0b211737)
2026-03-15 15:05:16 [HikariPool-1:connection-adder] DEBUG com.zaxxer.hikari.pool.HikariPool - HikariPool-1 - Added connection com.mysql.cj.jdbc.ConnectionImpl@7d1c1489
2026-03-15 15:05:16 [HikariPool-1:connection-adder] DEBUG com.zaxxer.hikari.pool.HikariPool - HikariPool-1 - After adding stats (total=8/20, idle=8/20, active=0, waiting=0)
2026-03-15 15:05:16 [HikariPool-1:connection-adder] DEBUG com.zaxxer.hikari.pool.PoolBase - HikariPool-1 - Attempting to create/setup new connection (913ba141-6d13-4a2d-a62e-22f22e56986e)
2026-03-15 15:05:16 [HikariPool-1:connection-adder] DEBUG com.zaxxer.hikari.pool.PoolBase - HikariPool-1 - Established new connection (913ba141-6d13-4a2d-a62e-22f22e56986e)
2026-03-15 15:05:16 [HikariPool-1:connection-adder] DEBUG com.zaxxer.hikari.pool.HikariPool - HikariPool-1 - Added connection com.mysql.cj.jdbc.ConnectionImpl@4a0ed390
2026-03-15 15:05:16 [HikariPool-1:connection-adder] DEBUG com.zaxxer.hikari.pool.HikariPool - HikariPool-1 - After adding stats (total=9/20, idle=9/20, active=0, waiting=0)
2026-03-15 15:05:16 [HikariPool-1:connection-adder] DEBUG com.zaxxer.hikari.pool.PoolBase - HikariPool-1 - Attempting to create/setup new connection (6ece4aa3-fd52-43de-a82a-507af7ffa31b)
2026-03-15 15:05:16 [HikariPool-1:connection-adder] DEBUG com.zaxxer.hikari.pool.PoolBase - HikariPool-1 - Established new connection (6ece4aa3-fd52-43de-a82a-507af7ffa31b)
2026-03-15 15:05:16 [HikariPool-1:connection-adder] DEBUG com.zaxxer.hikari.pool.HikariPool - HikariPool-1 - Added connection com.mysql.cj.jdbc.ConnectionImpl@6ed211ae
2026-03-15 15:05:16 [HikariPool-1:connection-adder] DEBUG com.zaxxer.hikari.pool.HikariPool - HikariPool-1 - After adding stats (total=10/20, idle=10/20, active=0, waiting=0)
2026-03-15 15:05:16 [HikariPool-1:connection-adder] DEBUG com.zaxxer.hikari.pool.PoolBase - HikariPool-1 - Attempting to create/setup new connection (6fd22d72-7a98-4cad-b35a-99e99bd2ab7b)
2026-03-15 15:05:16 [HikariPool-1:connection-adder] DEBUG com.zaxxer.hikari.pool.PoolBase - HikariPool-1 - Established new connection (6fd22d72-7a98-4cad-b35a-99e99bd2ab7b)
2026-03-15 15:05:16 [HikariPool-1:connection-adder] DEBUG com.zaxxer.hikari.pool.HikariPool - HikariPool-1 - Added connection com.mysql.cj.jdbc.ConnectionImpl@474783e8
2026-03-15 15:05:16 [HikariPool-1:connection-adder] DEBUG com.zaxxer.hikari.pool.HikariPool - HikariPool-1 - After adding stats (total=11/20, idle=11/20, active=0, waiting=0)
2026-03-15 15:05:16 [HikariPool-1:connection-adder] DEBUG com.zaxxer.hikari.pool.PoolBase - HikariPool-1 - Attempting to create/setup new connection (b4577c04-e2dc-4877-a23f-ef66b95e998a)
2026-03-15 15:05:16 [HikariPool-1:connection-adder] DEBUG com.zaxxer.hikari.pool.PoolBase - HikariPool-1 - Established new connection (b4577c04-e2dc-4877-a23f-ef66b95e998a)
2026-03-15 15:05:16 [HikariPool-1:connection-adder] DEBUG com.zaxxer.hikari.pool.HikariPool - HikariPool-1 - Added connection com.mysql.cj.jdbc.ConnectionImpl@758558ed
2026-03-15 15:05:16 [HikariPool-1:connection-adder] DEBUG com.zaxxer.hikari.pool.HikariPool - HikariPool-1 - After adding stats (total=12/20, idle=12/20, active=0, waiting=0)
2026-03-15 15:05:16 [HikariPool-1:connection-adder] DEBUG com.zaxxer.hikari.pool.PoolBase - HikariPool-1 - Attempting to create/setup new connection (6d86d09c-fec6-4cf1-9d94-6f6fd5284e6e)
2026-03-15 15:05:16 [HikariPool-1:connection-adder] DEBUG com.zaxxer.hikari.pool.PoolBase - HikariPool-1 - Established new connection (6d86d09c-fec6-4cf1-9d94-6f6fd5284e6e)
2026-03-15 15:05:16 [HikariPool-1:connection-adder] DEBUG com.zaxxer.hikari.pool.HikariPool - HikariPool-1 - Added connection com.mysql.cj.jdbc.ConnectionImpl@3f14bbdb
2026-03-15 15:05:16 [HikariPool-1:connection-adder] DEBUG com.zaxxer.hikari.pool.HikariPool - HikariPool-1 - After adding stats (total=13/20, idle=13/20, active=0, waiting=0)
2026-03-15 15:05:16 [HikariPool-1:connection-adder] DEBUG com.zaxxer.hikari.pool.PoolBase - HikariPool-1 - Attempting to create/setup new connection (20000681-64fb-489a-81a8-983af568171f)
2026-03-15 15:05:16 [HikariPool-1:connection-adder] DEBUG com.zaxxer.hikari.pool.PoolBase - HikariPool-1 - Established new connection (20000681-64fb-489a-81a8-983af568171f)
2026-03-15 15:05:16 [HikariPool-1:connection-adder] DEBUG com.zaxxer.hikari.pool.HikariPool - HikariPool-1 - Added connection com.mysql.cj.jdbc.ConnectionImpl@48bf8511
2026-03-15 15:05:16 [HikariPool-1:connection-adder] DEBUG com.zaxxer.hikari.pool.HikariPool - HikariPool-1 - After adding stats (total=14/20, idle=14/20, active=0, waiting=0)
2026-03-15 15:05:16 [HikariPool-1:connection-adder] DEBUG com.zaxxer.hikari.pool.PoolBase - HikariPool-1 - Attempting to create/setup new connection (84bd256f-9fed-48b2-8cc8-c9a25559dd63)
2026-03-15 15:05:16 [HikariPool-1:connection-adder] DEBUG com.zaxxer.hikari.pool.PoolBase - HikariPool-1 - Established new connection (84bd256f-9fed-48b2-8cc8-c9a25559dd63)
2026-03-15 15:05:16 [HikariPool-1:connection-adder] DEBUG com.zaxxer.hikari.pool.HikariPool - HikariPool-1 - Added connection com.mysql.cj.jdbc.ConnectionImpl@2fe65f66
2026-03-15 15:05:16 [HikariPool-1:connection-adder] DEBUG com.zaxxer.hikari.pool.HikariPool - HikariPool-1 - After adding stats (total=15/20, idle=15/20, active=0, waiting=0)
2026-03-15 15:05:16 [HikariPool-1:connection-adder] DEBUG com.zaxxer.hikari.pool.PoolBase - HikariPool-1 - Attempting to create/setup new connection (8e5ed1d0-d5c7-4baa-acbe-82cbdf1ad572)
2026-03-15 15:05:16 [HikariPool-1:connection-adder] DEBUG com.zaxxer.hikari.pool.PoolBase - HikariPool-1 - Established new connection (8e5ed1d0-d5c7-4baa-acbe-82cbdf1ad572)
2026-03-15 15:05:16 [HikariPool-1:connection-adder] DEBUG com.zaxxer.hikari.pool.HikariPool - HikariPool-1 - Added connection com.mysql.cj.jdbc.ConnectionImpl@1bcefbf6
2026-03-15 15:05:16 [HikariPool-1:connection-adder] DEBUG com.zaxxer.hikari.pool.HikariPool - HikariPool-1 - After adding stats (total=16/20, idle=16/20, active=0, waiting=0)
2026-03-15 15:05:16 [HikariPool-1:connection-adder] DEBUG com.zaxxer.hikari.pool.PoolBase - HikariPool-1 - Attempting to create/setup new connection (ea7ce39a-675f-4a58-8bce-d5cf58884094)
2026-03-15 15:05:16 [HikariPool-1:connection-adder] DEBUG com.zaxxer.hikari.pool.PoolBase - HikariPool-1 - Established new connection (ea7ce39a-675f-4a58-8bce-d5cf58884094)
2026-03-15 15:05:16 [HikariPool-1:connection-adder] DEBUG com.zaxxer.hikari.pool.HikariPool - HikariPool-1 - Added connection com.mysql.cj.jdbc.ConnectionImpl@4799c61
2026-03-15 15:05:16 [HikariPool-1:connection-adder] DEBUG com.zaxxer.hikari.pool.HikariPool - HikariPool-1 - After adding stats (total=17/20, idle=17/20, active=0, waiting=0)
2026-03-15 15:05:16 [HikariPool-1:connection-adder] DEBUG com.zaxxer.hikari.pool.PoolBase - HikariPool-1 - Attempting to create/setup new connection (cda5b73e-f4ed-4b9c-b2f6-fa81e6e78cce)
2026-03-15 15:05:16 [HikariPool-1:connection-adder] DEBUG com.zaxxer.hikari.pool.PoolBase - HikariPool-1 - Established new connection (cda5b73e-f4ed-4b9c-b2f6-fa81e6e78cce)
2026-03-15 15:05:16 [HikariPool-1:connection-adder] DEBUG com.zaxxer.hikari.pool.HikariPool - HikariPool-1 - Added connection com.mysql.cj.jdbc.ConnectionImpl@2c0ddf06
2026-03-15 15:05:16 [HikariPool-1:connection-adder] DEBUG com.zaxxer.hikari.pool.HikariPool - HikariPool-1 - After adding stats (total=18/20, idle=18/20, active=0, waiting=0)
2026-03-15 15:05:16 [HikariPool-1:connection-adder] DEBUG com.zaxxer.hikari.pool.PoolBase - HikariPool-1 - Attempting to create/setup new connection (2a0cf228-366b-464a-80b7-b956db266f5d)
2026-03-15 15:05:16 [HikariPool-1:connection-adder] DEBUG com.zaxxer.hikari.pool.PoolBase - HikariPool-1 - Established new connection (2a0cf228-366b-464a-80b7-b956db266f5d)
2026-03-15 15:05:16 [HikariPool-1:connection-adder] DEBUG com.zaxxer.hikari.pool.HikariPool - HikariPool-1 - Added connection com.mysql.cj.jdbc.ConnectionImpl@329a0db9
2026-03-15 15:05:16 [HikariPool-1:connection-adder] DEBUG com.zaxxer.hikari.pool.HikariPool - HikariPool-1 - After adding stats (total=19/20, idle=19/20, active=0, waiting=0)
2026-03-15 15:05:16 [HikariPool-1:connection-adder] DEBUG com.zaxxer.hikari.pool.PoolBase - HikariPool-1 - Attempting to create/setup new connection (bee819cc-326a-4c34-9935-bf4b32a3afd1)
2026-03-15 15:05:16 [HikariPool-1:connection-adder] DEBUG com.zaxxer.hikari.pool.PoolBase - HikariPool-1 - Established new connection (bee819cc-326a-4c34-9935-bf4b32a3afd1)
2026-03-15 15:05:16 [HikariPool-1:connection-adder] DEBUG com.zaxxer.hikari.pool.HikariPool - HikariPool-1 - Added connection com.mysql.cj.jdbc.ConnectionImpl@34f4375b
2026-03-15 15:05:16 [HikariPool-1:connection-adder] DEBUG com.zaxxer.hikari.pool.HikariPool - HikariPool-1 - After adding stats (total=20/20, idle=20/20, active=0, waiting=0)
2026-03-15 15:05:16 [HikariPool-1:connection-adder] DEBUG com.zaxxer.hikari.pool.HikariPool - HikariPool-1 - Connection not added, stats (total=20/20, idle=20/20, active=0, waiting=0)
2026-03-15 15:05:19 [JavaFX Application Thread] DEBUG application.java.manager.LogManager - [SQL操作クラス] ： 非同期処理 スレッドプール解放
2026-03-15 15:05:19 [JavaFX Application Thread] INFO  com.zaxxer.hikari.HikariDataSource - HikariPool-1 - Shutdown initiated...
2026-03-15 15:05:19 [JavaFX Application Thread] DEBUG com.zaxxer.hikari.pool.HikariPool - HikariPool-1 - Before shutdown stats (total=20/20, idle=20/20, active=0, waiting=0)
2026-03-15 15:05:19 [HikariPool-1:connection-closer] DEBUG com.zaxxer.hikari.pool.PoolBase - HikariPool-1 - Closing connection com.mysql.cj.jdbc.ConnectionImpl@21c19e9e: (connection evicted)
2026-03-15 15:05:19 [HikariPool-1:connection-closer] DEBUG com.zaxxer.hikari.pool.PoolBase - HikariPool-1 - Closing connection com.mysql.cj.jdbc.ConnectionImpl@481c4cc0: (connection evicted)
2026-03-15 15:05:19 [HikariPool-1:connection-closer] DEBUG com.zaxxer.hikari.pool.PoolBase - HikariPool-1 - Closing connection com.mysql.cj.jdbc.ConnectionImpl@12b23d46: (connection evicted)
2026-03-15 15:05:19 [HikariPool-1:connection-closer] DEBUG com.zaxxer.hikari.pool.PoolBase - HikariPool-1 - Closing connection com.mysql.cj.jdbc.ConnectionImpl@6a1b2c92: (connection evicted)
2026-03-15 15:05:19 [HikariPool-1:connection-closer] DEBUG com.zaxxer.hikari.pool.PoolBase - HikariPool-1 - Closing connection com.mysql.cj.jdbc.ConnectionImpl@6ad5f1de: (connection evicted)
2026-03-15 15:05:19 [HikariPool-1:connection-closer] DEBUG com.zaxxer.hikari.pool.PoolBase - HikariPool-1 - Closing connection com.mysql.cj.jdbc.ConnectionImpl@711fe095: (connection evicted)
2026-03-15 15:05:19 [HikariPool-1:connection-closer] DEBUG com.zaxxer.hikari.pool.PoolBase - HikariPool-1 - Closing connection com.mysql.cj.jdbc.ConnectionImpl@28de736c: (connection evicted)
2026-03-15 15:05:19 [HikariPool-1:connection-closer] DEBUG com.zaxxer.hikari.pool.PoolBase - HikariPool-1 - Closing connection com.mysql.cj.jdbc.ConnectionImpl@7d1c1489: (connection evicted)
2026-03-15 15:05:19 [HikariPool-1:connection-closer] DEBUG com.zaxxer.hikari.pool.PoolBase - HikariPool-1 - Closing connection com.mysql.cj.jdbc.ConnectionImpl@4a0ed390: (connection evicted)
2026-03-15 15:05:19 [HikariPool-1:connection-closer] DEBUG com.zaxxer.hikari.pool.PoolBase - HikariPool-1 - Closing connection com.mysql.cj.jdbc.ConnectionImpl@6ed211ae: (connection evicted)
2026-03-15 15:05:19 [HikariPool-1:connection-closer] DEBUG com.zaxxer.hikari.pool.PoolBase - HikariPool-1 - Closing connection com.mysql.cj.jdbc.ConnectionImpl@474783e8: (connection evicted)
2026-03-15 15:05:19 [HikariPool-1:connection-closer] DEBUG com.zaxxer.hikari.pool.PoolBase - HikariPool-1 - Closing connection com.mysql.cj.jdbc.ConnectionImpl@758558ed: (connection evicted)
2026-03-15 15:05:19 [HikariPool-1:connection-closer] DEBUG com.zaxxer.hikari.pool.PoolBase - HikariPool-1 - Closing connection com.mysql.cj.jdbc.ConnectionImpl@3f14bbdb: (connection evicted)
2026-03-15 15:05:19 [HikariPool-1:connection-closer] DEBUG com.zaxxer.hikari.pool.PoolBase - HikariPool-1 - Closing connection com.mysql.cj.jdbc.ConnectionImpl@48bf8511: (connection evicted)
2026-03-15 15:05:19 [HikariPool-1:connection-closer] DEBUG com.zaxxer.hikari.pool.PoolBase - HikariPool-1 - Closing connection com.mysql.cj.jdbc.ConnectionImpl@2fe65f66: (connection evicted)
2026-03-15 15:05:19 [HikariPool-1:connection-closer] DEBUG com.zaxxer.hikari.pool.PoolBase - HikariPool-1 - Closing connection com.mysql.cj.jdbc.ConnectionImpl@1bcefbf6: (connection evicted)
2026-03-15 15:05:19 [HikariPool-1:connection-closer] DEBUG com.zaxxer.hikari.pool.PoolBase - HikariPool-1 - Closing connection com.mysql.cj.jdbc.ConnectionImpl@4799c61: (connection evicted)
2026-03-15 15:05:19 [HikariPool-1:connection-closer] DEBUG com.zaxxer.hikari.pool.PoolBase - HikariPool-1 - Closing connection com.mysql.cj.jdbc.ConnectionImpl@2c0ddf06: (connection evicted)
2026-03-15 15:05:19 [HikariPool-1:connection-closer] DEBUG com.zaxxer.hikari.pool.PoolBase - HikariPool-1 - Closing connection com.mysql.cj.jdbc.ConnectionImpl@329a0db9: (connection evicted)
2026-03-15 15:05:19 [HikariPool-1:connection-closer] DEBUG com.zaxxer.hikari.pool.PoolBase - HikariPool-1 - Closing connection com.mysql.cj.jdbc.ConnectionImpl@34f4375b: (connection evicted)
2026-03-15 15:05:19 [JavaFX Application Thread] DEBUG com.zaxxer.hikari.pool.HikariPool - HikariPool-1 - After  shutdown stats (total=0/20, idle=0/20, active=0, waiting=0)
2026-03-15 15:05:19 [JavaFX Application Thread] INFO  com.zaxxer.hikari.HikariDataSource - HikariPool-1 - Shutdown completed.
2026-03-15 15:05:19 [JavaFX Application Thread] DEBUG application.java.manager.LogManager - [SQL操作クラス] ： コネクションプール(HikariCP) Closeing
2026-03-15 15:05:19 [JavaFX Application Thread] INFO  application.java.manager.LogManager - 終了処理 : 完了
2026-03-15 16:09:51 [main] INFO  application.java.manager.LogManager - 備品管理システム : 起動
2026-03-15 16:09:51 [JavaFX Application Thread] INFO  application.java.manager.LogManager - 開始処理 : 画面ウィンドウ枠生成
2026-03-15 16:09:51 [JavaFX Application Thread] INFO  application.java.manager.LogManager - [メニュー画面] ： 初期化処理
2026-03-15 16:09:51 [JavaFX Application Thread] DEBUG application.java.manager.LogManager - Window切替 [setWindowFrame] : TRANSPARENT(透明枠・背景色透明)
2026-03-15 16:09:52 [JavaFX Application Thread] INFO  application.java.manager.LogManager - 画面展開 [setPage] : メニュー画面
2026-03-15 16:09:59 [JavaFX Application Thread] INFO  application.java.manager.LogManager - [メニュー画面] ： [貸出業務]ボタン押下
2026-03-15 16:09:59 [JavaFX Application Thread] INFO  application.java.manager.LogManager - [備品一覧画面] ： 初期化処理
2026-03-15 16:09:59 [JavaFX Application Thread] DEBUG application.java.manager.LogManager - Window切替 [setWindowFrame] : DECORATED(標準)
2026-03-15 16:09:59 [JavaFX Application Thread] INFO  application.java.manager.LogManager - [SQL操作クラス] ： 非同期処理 スレッドプール作成
2026-03-15 16:09:59 [JavaFX Application Thread] INFO  application.java.manager.LogManager - [SQL操作クラス] ： SQL Session生成
2026-03-15 16:09:59 [JavaFX Application Thread] DEBUG application.java.manager.LogManager - [SQL操作クラス] ： mybatis有効化
2026-03-15 16:09:59 [JavaFX Application Thread] DEBUG o.apache.ibatis.logging.LogFactory - Logging initialized using 'class org.apache.ibatis.logging.slf4j.Slf4jImpl' adapter.
2026-03-15 16:09:59 [JavaFX Application Thread] DEBUG o.apache.ibatis.logging.LogFactory - Logging initialized using 'class org.apache.ibatis.logging.slf4j.Slf4jImpl' adapter.
2026-03-15 16:09:59 [JavaFX Application Thread] DEBUG com.zaxxer.hikari.util.UtilityElf - Class com.mysql.cj.jdbc.Driver found in Thread context class loader jdk.internal.loader.ClassLoaders$AppClassLoader@568db2f2
2026-03-15 16:10:00 [JavaFX Application Thread] DEBUG application.java.manager.LogManager - [備品一覧画面] ： リスト表示処理
2026-03-15 16:10:00 [JavaFX Application Thread] DEBUG application.java.manager.LogManager - [SQL操作クラス] ： 非同期処理 SELECT句発行
2026-03-15 16:10:00 [Thread-3] DEBUG application.java.manager.LogManager - [SQL操作クラス] ： SELECT句発行
2026-03-15 16:10:00 [JavaFX Application Thread] INFO  application.java.manager.LogManager - 画面展開 [setPage] : 備品一覧画面
2026-03-15 16:10:00 [Thread-3] DEBUG o.a.i.t.jdbc.JdbcTransaction - Opening JDBC Connection
2026-03-15 16:10:00 [Thread-3] DEBUG com.zaxxer.hikari.HikariConfig - HikariPool-1 - configuration:
2026-03-15 16:10:00 [Thread-3] DEBUG com.zaxxer.hikari.HikariConfig - allowPoolSuspension.............false
2026-03-15 16:10:00 [Thread-3] DEBUG com.zaxxer.hikari.HikariConfig - autoCommit......................true
2026-03-15 16:10:00 [Thread-3] DEBUG com.zaxxer.hikari.HikariConfig - catalog.........................none
2026-03-15 16:10:00 [Thread-3] DEBUG com.zaxxer.hikari.HikariConfig - connectionInitSql...............none
2026-03-15 16:10:00 [Thread-3] DEBUG com.zaxxer.hikari.HikariConfig - connectionTestQuery.............none
2026-03-15 16:10:00 [Thread-3] DEBUG com.zaxxer.hikari.HikariConfig - connectionTimeout...............30000
2026-03-15 16:10:00 [Thread-3] DEBUG com.zaxxer.hikari.HikariConfig - credentials.....................com.zaxxer.hikari.util.Credentials@1ca8a795
2026-03-15 16:10:00 [Thread-3] DEBUG com.zaxxer.hikari.HikariConfig - credentialsProvider.............none
2026-03-15 16:10:00 [Thread-3] DEBUG com.zaxxer.hikari.HikariConfig - credentialsProviderClassName....none
2026-03-15 16:10:00 [Thread-3] DEBUG com.zaxxer.hikari.HikariConfig - dataSource......................none
2026-03-15 16:10:00 [Thread-3] DEBUG com.zaxxer.hikari.HikariConfig - dataSourceClassName.............none
2026-03-15 16:10:00 [Thread-3] DEBUG com.zaxxer.hikari.HikariConfig - dataSourceJNDI..................none
2026-03-15 16:10:00 [Thread-3] DEBUG com.zaxxer.hikari.HikariConfig - dataSourceProperties............{password=<masked>}
2026-03-15 16:10:00 [Thread-3] DEBUG com.zaxxer.hikari.HikariConfig - driverClassName................."com.mysql.cj.jdbc.Driver"
2026-03-15 16:10:00 [Thread-3] DEBUG com.zaxxer.hikari.HikariConfig - exceptionOverride...............none
2026-03-15 16:10:00 [Thread-3] DEBUG com.zaxxer.hikari.HikariConfig - exceptionOverrideClassName......none
2026-03-15 16:10:00 [Thread-3] DEBUG com.zaxxer.hikari.HikariConfig - healthCheckProperties...........{}
2026-03-15 16:10:00 [Thread-3] DEBUG com.zaxxer.hikari.HikariConfig - healthCheckRegistry.............none
2026-03-15 16:10:00 [Thread-3] DEBUG com.zaxxer.hikari.HikariConfig - idleTimeout.....................600000
2026-03-15 16:10:00 [Thread-3] DEBUG com.zaxxer.hikari.HikariConfig - initializationFailTimeout.......1
2026-03-15 16:10:00 [Thread-3] DEBUG com.zaxxer.hikari.HikariConfig - isolateInternalQueries..........false
2026-03-15 16:10:00 [Thread-3] DEBUG com.zaxxer.hikari.HikariConfig - jdbcUrl.........................jdbc:mysql://localhost:3306/java_learning?useUnicode=true&characterEncoding=UTF-8&serverTimezone=GMT%2B9&useSSL=false&allowPublicKeyRetrieval=true&useCursorFetch=true
2026-03-15 16:10:00 [Thread-3] DEBUG com.zaxxer.hikari.HikariConfig - keepaliveTime...................120000
2026-03-15 16:10:00 [Thread-3] DEBUG com.zaxxer.hikari.HikariConfig - leakDetectionThreshold..........0
2026-03-15 16:10:00 [Thread-3] DEBUG com.zaxxer.hikari.HikariConfig - maxLifetime.....................1800000
2026-03-15 16:10:00 [Thread-3] DEBUG com.zaxxer.hikari.HikariConfig - maximumPoolSize.................20
2026-03-15 16:10:00 [Thread-3] DEBUG com.zaxxer.hikari.HikariConfig - metricRegistry..................none
2026-03-15 16:10:00 [Thread-3] DEBUG com.zaxxer.hikari.HikariConfig - metricsTrackerFactory...........none
2026-03-15 16:10:00 [Thread-3] DEBUG com.zaxxer.hikari.HikariConfig - minimumIdle.....................20
2026-03-15 16:10:00 [Thread-3] DEBUG com.zaxxer.hikari.HikariConfig - password........................<masked>
2026-03-15 16:10:00 [Thread-3] DEBUG com.zaxxer.hikari.HikariConfig - poolName........................"HikariPool-1"
2026-03-15 16:10:00 [Thread-3] DEBUG com.zaxxer.hikari.HikariConfig - readOnly........................false
2026-03-15 16:10:00 [Thread-3] DEBUG com.zaxxer.hikari.HikariConfig - registerMbeans..................false
2026-03-15 16:10:00 [Thread-3] DEBUG com.zaxxer.hikari.HikariConfig - scheduledExecutor...............none
2026-03-15 16:10:00 [Thread-3] DEBUG com.zaxxer.hikari.HikariConfig - schema..........................none
2026-03-15 16:10:00 [Thread-3] DEBUG com.zaxxer.hikari.HikariConfig - threadFactory...................internal
2026-03-15 16:10:00 [Thread-3] DEBUG com.zaxxer.hikari.HikariConfig - transactionIsolation............default
2026-03-15 16:10:00 [Thread-3] DEBUG com.zaxxer.hikari.HikariConfig - username........................"user"
2026-03-15 16:10:00 [Thread-3] DEBUG com.zaxxer.hikari.HikariConfig - validationTimeout...............5000
2026-03-15 16:10:00 [Thread-3] INFO  com.zaxxer.hikari.HikariDataSource - HikariPool-1 - Starting...
2026-03-15 16:10:00 [Thread-3] DEBUG com.zaxxer.hikari.pool.PoolBase - HikariPool-1 - Attempting to create/setup new connection (95fd1b4b-735c-4cb1-bbf1-e477e8eef9cf)
2026-03-15 16:10:00 [Thread-3] DEBUG com.zaxxer.hikari.pool.PoolBase - HikariPool-1 - Established new connection (95fd1b4b-735c-4cb1-bbf1-e477e8eef9cf)
2026-03-15 16:10:00 [Thread-3] INFO  com.zaxxer.hikari.pool.HikariPool - HikariPool-1 - Added connection com.mysql.cj.jdbc.ConnectionImpl@3f7739f
2026-03-15 16:10:00 [Thread-3] INFO  com.zaxxer.hikari.HikariDataSource - HikariPool-1 - Start completed.
2026-03-15 16:10:00 [Thread-3] DEBUG o.a.i.t.jdbc.JdbcTransaction - Setting autocommit to false on JDBC Connection [HikariProxyConnection@691289565 wrapping com.mysql.cj.jdbc.ConnectionImpl@3f7739f]
2026-03-15 16:10:00 [Thread-3] DEBUG a.r.m.I.getTableRecords - ==>  Preparing: WITH SUB_TOTAL AS ( SELECT ST.stock_type , ST.stock_code , SUM(CASE WHEN SD.staff_no IS NOT NULL AND (DATEDIFF(CURRENT_DATE(), SD.confirmed_date) <= 365 ) THEN 1 ELSE 0 END) AS lending_count -- 貸出備品の数 , SUM(CASE /* 在庫 = [staff_no]：貸出先ユーザーの社員番号 が未設定(NULL) 且つ [return_date]：返却日が未設定(NULL) 且つ [confirmed_date]：最終所在確認日 が１年以内 */ WHEN SD.staff_no IS NULL AND (DATEDIFF(CURRENT_DATE(), SD.confirmed_date) <= 365 ) THEN 1 ELSE 0 END) AS stock_count -- 在庫備品の数 , SUM(CASE /* 不明 = [return_date]：返却日が未設定(NULL) 且つ [confirmed_date]：最終所在確認日 が１年前以前 ※ 貸出中・在庫を問わず１年前以前のデータを不明とする */ WHEN (DATEDIFF(CURRENT_DATE(), SD.confirmed_date) > 365 ) THEN 1 ELSE 0 END) AS unknown_count -- 不明備品の数 FROM (SELECT stock_type , stock_code FROM stock_type_master WHERE 1 = 1 AND del = FALSE) ST INNER JOIN stock_master SM ON ST.stock_type = SM.stock_type AND ST.stock_code = SM.stock_code AND SM.del = FALSE /* 未登録データを考慮しLEFT JOINとする */ LEFT JOIN stock_data SD ON SM.serial_no = SD.serial_no /* 返却済データの除去 */ AND SD.return_date IS NULL AND SD.del = FALSE WHERE 1 = 1 GROUP BY ST.stock_type , ST.stock_code ) SELECT ST.stock_type AS type, ST.stock_code AS code, ST.name AS itemName, IFNULL(S.lending_count, 0) AS loanCount, IFNULL(S.stock_count, 0) AS returnCount, IFNULL(S.unknown_count, 0) AS unknownCount, IFNULL(S.lending_count + S.stock_count, 0) AS totalCount /* 追加項目：遷移先画面サイズ */ , IFNULL( GCM.value_1, '1') AS windowSize FROM stock_type_master ST INNER JOIN SUB_TOTAL S ON ST.stock_type = S.stock_type AND ST.stock_code = S.stock_code /* 追加項目 遷移先画面サイズ */ LEFT JOIN generic_code_master GCM ON CAST(ST.stock_type AS CHAR) = GCM.type_key AND ST.stock_code = GCM.code AND GCM.generic_key = 'WINDOW_SIZE' WHERE 1 = 1 ORDER BY ST.stock_type , St.stock_code
2026-03-15 16:10:00 [Thread-3] DEBUG a.r.m.I.getTableRecords - ==> Parameters: 
2026-03-15 16:10:00 [Thread-3] DEBUG a.r.m.I.getTableRecords - <==      Total: 16
2026-03-15 16:10:00 [Thread-3] DEBUG o.a.i.t.jdbc.JdbcTransaction - Resetting autocommit to true on JDBC Connection [HikariProxyConnection@691289565 wrapping com.mysql.cj.jdbc.ConnectionImpl@3f7739f]
2026-03-15 16:10:00 [Thread-3] DEBUG o.a.i.t.jdbc.JdbcTransaction - Closing JDBC Connection [HikariProxyConnection@691289565 wrapping com.mysql.cj.jdbc.ConnectionImpl@3f7739f]
2026-03-15 16:10:00 [HikariPool-1:housekeeper] DEBUG com.zaxxer.hikari.pool.HikariPool - HikariPool-1 - Pool stats (total=1/20, idle=1/20, active=0, waiting=0)
2026-03-15 16:10:00 [HikariPool-1:connection-adder] DEBUG com.zaxxer.hikari.pool.PoolBase - HikariPool-1 - Attempting to create/setup new connection (91e7512d-870e-4b7e-9c04-bfb9fc66757c)
2026-03-15 16:10:00 [HikariPool-1:connection-adder] DEBUG com.zaxxer.hikari.pool.PoolBase - HikariPool-1 - Established new connection (91e7512d-870e-4b7e-9c04-bfb9fc66757c)
2026-03-15 16:10:00 [HikariPool-1:connection-adder] DEBUG com.zaxxer.hikari.pool.HikariPool - HikariPool-1 - Added connection com.mysql.cj.jdbc.ConnectionImpl@48a4ae48
2026-03-15 16:10:00 [HikariPool-1:connection-adder] DEBUG com.zaxxer.hikari.pool.HikariPool - HikariPool-1 - After adding stats (total=2/20, idle=2/20, active=0, waiting=0)
2026-03-15 16:10:00 [HikariPool-1:connection-adder] DEBUG com.zaxxer.hikari.pool.PoolBase - HikariPool-1 - Attempting to create/setup new connection (cd947db2-d0e5-4edd-93bd-e63bdf6d0f8f)
2026-03-15 16:10:00 [HikariPool-1:connection-adder] DEBUG com.zaxxer.hikari.pool.PoolBase - HikariPool-1 - Established new connection (cd947db2-d0e5-4edd-93bd-e63bdf6d0f8f)
2026-03-15 16:10:00 [HikariPool-1:connection-adder] DEBUG com.zaxxer.hikari.pool.HikariPool - HikariPool-1 - Added connection com.mysql.cj.jdbc.ConnectionImpl@5561695c
2026-03-15 16:10:00 [HikariPool-1:connection-adder] DEBUG com.zaxxer.hikari.pool.HikariPool - HikariPool-1 - After adding stats (total=3/20, idle=3/20, active=0, waiting=0)
2026-03-15 16:10:00 [HikariPool-1:connection-adder] DEBUG com.zaxxer.hikari.pool.PoolBase - HikariPool-1 - Attempting to create/setup new connection (a96edb3c-010c-4de4-a078-df705d9321ef)
2026-03-15 16:10:00 [HikariPool-1:connection-adder] DEBUG com.zaxxer.hikari.pool.PoolBase - HikariPool-1 - Established new connection (a96edb3c-010c-4de4-a078-df705d9321ef)
2026-03-15 16:10:00 [HikariPool-1:connection-adder] DEBUG com.zaxxer.hikari.pool.HikariPool - HikariPool-1 - Added connection com.mysql.cj.jdbc.ConnectionImpl@2dc8d8ca
2026-03-15 16:10:00 [HikariPool-1:connection-adder] DEBUG com.zaxxer.hikari.pool.HikariPool - HikariPool-1 - After adding stats (total=4/20, idle=4/20, active=0, waiting=0)
2026-03-15 16:10:00 [HikariPool-1:connection-adder] DEBUG com.zaxxer.hikari.pool.PoolBase - HikariPool-1 - Attempting to create/setup new connection (b20da365-2cde-42d6-99f6-3b9dd4d32475)
2026-03-15 16:10:00 [HikariPool-1:connection-adder] DEBUG com.zaxxer.hikari.pool.PoolBase - HikariPool-1 - Established new connection (b20da365-2cde-42d6-99f6-3b9dd4d32475)
2026-03-15 16:10:00 [HikariPool-1:connection-adder] DEBUG com.zaxxer.hikari.pool.HikariPool - HikariPool-1 - Added connection com.mysql.cj.jdbc.ConnectionImpl@3743e4df
2026-03-15 16:10:00 [HikariPool-1:connection-adder] DEBUG com.zaxxer.hikari.pool.HikariPool - HikariPool-1 - After adding stats (total=5/20, idle=5/20, active=0, waiting=0)
2026-03-15 16:10:00 [HikariPool-1:connection-adder] DEBUG com.zaxxer.hikari.pool.PoolBase - HikariPool-1 - Attempting to create/setup new connection (41adf8d2-ed40-4bad-ba7d-caf88de54583)
2026-03-15 16:10:00 [HikariPool-1:connection-adder] DEBUG com.zaxxer.hikari.pool.PoolBase - HikariPool-1 - Established new connection (41adf8d2-ed40-4bad-ba7d-caf88de54583)
2026-03-15 16:10:00 [HikariPool-1:connection-adder] DEBUG com.zaxxer.hikari.pool.HikariPool - HikariPool-1 - Added connection com.mysql.cj.jdbc.ConnectionImpl@36cc146d
2026-03-15 16:10:00 [HikariPool-1:connection-adder] DEBUG com.zaxxer.hikari.pool.HikariPool - HikariPool-1 - After adding stats (total=6/20, idle=6/20, active=0, waiting=0)
2026-03-15 16:10:00 [HikariPool-1:connection-adder] DEBUG com.zaxxer.hikari.pool.PoolBase - HikariPool-1 - Attempting to create/setup new connection (6abd9b94-eb47-4ceb-8e5d-e60cf09ef3fc)
2026-03-15 16:10:00 [HikariPool-1:connection-adder] DEBUG com.zaxxer.hikari.pool.PoolBase - HikariPool-1 - Established new connection (6abd9b94-eb47-4ceb-8e5d-e60cf09ef3fc)
2026-03-15 16:10:00 [HikariPool-1:connection-adder] DEBUG com.zaxxer.hikari.pool.HikariPool - HikariPool-1 - Added connection com.mysql.cj.jdbc.ConnectionImpl@45b5b24f
2026-03-15 16:10:00 [HikariPool-1:connection-adder] DEBUG com.zaxxer.hikari.pool.HikariPool - HikariPool-1 - After adding stats (total=7/20, idle=7/20, active=0, waiting=0)
2026-03-15 16:10:00 [HikariPool-1:connection-adder] DEBUG com.zaxxer.hikari.pool.PoolBase - HikariPool-1 - Attempting to create/setup new connection (7efabb27-5dc1-4291-9e7e-dcc688092937)
2026-03-15 16:10:00 [HikariPool-1:connection-adder] DEBUG com.zaxxer.hikari.pool.PoolBase - HikariPool-1 - Established new connection (7efabb27-5dc1-4291-9e7e-dcc688092937)
2026-03-15 16:10:00 [HikariPool-1:connection-adder] DEBUG com.zaxxer.hikari.pool.HikariPool - HikariPool-1 - Added connection com.mysql.cj.jdbc.ConnectionImpl@2f88fa3
2026-03-15 16:10:00 [HikariPool-1:connection-adder] DEBUG com.zaxxer.hikari.pool.HikariPool - HikariPool-1 - After adding stats (total=8/20, idle=8/20, active=0, waiting=0)
2026-03-15 16:10:00 [HikariPool-1:connection-adder] DEBUG com.zaxxer.hikari.pool.PoolBase - HikariPool-1 - Attempting to create/setup new connection (de7520f8-026e-4a78-be6b-179be39dfe84)
2026-03-15 16:10:00 [HikariPool-1:connection-adder] DEBUG com.zaxxer.hikari.pool.PoolBase - HikariPool-1 - Established new connection (de7520f8-026e-4a78-be6b-179be39dfe84)
2026-03-15 16:10:00 [HikariPool-1:connection-adder] DEBUG com.zaxxer.hikari.pool.HikariPool - HikariPool-1 - Added connection com.mysql.cj.jdbc.ConnectionImpl@4155e027
2026-03-15 16:10:00 [HikariPool-1:connection-adder] DEBUG com.zaxxer.hikari.pool.HikariPool - HikariPool-1 - After adding stats (total=9/20, idle=9/20, active=0, waiting=0)
2026-03-15 16:10:00 [HikariPool-1:connection-adder] DEBUG com.zaxxer.hikari.pool.PoolBase - HikariPool-1 - Attempting to create/setup new connection (ea1ca713-8d63-463e-8ed6-38c13374d652)
2026-03-15 16:10:00 [HikariPool-1:connection-adder] DEBUG com.zaxxer.hikari.pool.PoolBase - HikariPool-1 - Established new connection (ea1ca713-8d63-463e-8ed6-38c13374d652)
2026-03-15 16:10:00 [HikariPool-1:connection-adder] DEBUG com.zaxxer.hikari.pool.HikariPool - HikariPool-1 - Added connection com.mysql.cj.jdbc.ConnectionImpl@5f3e4ffa
2026-03-15 16:10:00 [HikariPool-1:connection-adder] DEBUG com.zaxxer.hikari.pool.HikariPool - HikariPool-1 - After adding stats (total=10/20, idle=10/20, active=0, waiting=0)
2026-03-15 16:10:00 [HikariPool-1:connection-adder] DEBUG com.zaxxer.hikari.pool.PoolBase - HikariPool-1 - Attempting to create/setup new connection (6822b171-bd7b-4ede-9624-f498f694b160)
2026-03-15 16:10:00 [HikariPool-1:connection-adder] DEBUG com.zaxxer.hikari.pool.PoolBase - HikariPool-1 - Established new connection (6822b171-bd7b-4ede-9624-f498f694b160)
2026-03-15 16:10:00 [HikariPool-1:connection-adder] DEBUG com.zaxxer.hikari.pool.HikariPool - HikariPool-1 - Added connection com.mysql.cj.jdbc.ConnectionImpl@48a30220
2026-03-15 16:10:00 [HikariPool-1:connection-adder] DEBUG com.zaxxer.hikari.pool.HikariPool - HikariPool-1 - After adding stats (total=11/20, idle=11/20, active=0, waiting=0)
2026-03-15 16:10:00 [HikariPool-1:connection-adder] DEBUG com.zaxxer.hikari.pool.PoolBase - HikariPool-1 - Attempting to create/setup new connection (57a10f07-ce86-450a-9153-d71c19dae25c)
2026-03-15 16:10:00 [HikariPool-1:connection-adder] DEBUG com.zaxxer.hikari.pool.PoolBase - HikariPool-1 - Established new connection (57a10f07-ce86-450a-9153-d71c19dae25c)
2026-03-15 16:10:00 [HikariPool-1:connection-adder] DEBUG com.zaxxer.hikari.pool.HikariPool - HikariPool-1 - Added connection com.mysql.cj.jdbc.ConnectionImpl@16b61e9d
2026-03-15 16:10:00 [HikariPool-1:connection-adder] DEBUG com.zaxxer.hikari.pool.HikariPool - HikariPool-1 - After adding stats (total=12/20, idle=12/20, active=0, waiting=0)
2026-03-15 16:10:00 [HikariPool-1:connection-adder] DEBUG com.zaxxer.hikari.pool.PoolBase - HikariPool-1 - Attempting to create/setup new connection (c33d11c1-3d06-4297-8d7c-39aa51ee8b7e)
2026-03-15 16:10:00 [HikariPool-1:connection-adder] DEBUG com.zaxxer.hikari.pool.PoolBase - HikariPool-1 - Established new connection (c33d11c1-3d06-4297-8d7c-39aa51ee8b7e)
2026-03-15 16:10:00 [HikariPool-1:connection-adder] DEBUG com.zaxxer.hikari.pool.HikariPool - HikariPool-1 - Added connection com.mysql.cj.jdbc.ConnectionImpl@2cf7108d
2026-03-15 16:10:00 [HikariPool-1:connection-adder] DEBUG com.zaxxer.hikari.pool.HikariPool - HikariPool-1 - After adding stats (total=13/20, idle=13/20, active=0, waiting=0)
2026-03-15 16:10:00 [HikariPool-1:connection-adder] DEBUG com.zaxxer.hikari.pool.PoolBase - HikariPool-1 - Attempting to create/setup new connection (4c60b51b-a2ae-4ff2-b572-751167ea3de9)
2026-03-15 16:10:00 [HikariPool-1:connection-adder] DEBUG com.zaxxer.hikari.pool.PoolBase - HikariPool-1 - Established new connection (4c60b51b-a2ae-4ff2-b572-751167ea3de9)
2026-03-15 16:10:00 [HikariPool-1:connection-adder] DEBUG com.zaxxer.hikari.pool.HikariPool - HikariPool-1 - Added connection com.mysql.cj.jdbc.ConnectionImpl@6798000b
2026-03-15 16:10:00 [HikariPool-1:connection-adder] DEBUG com.zaxxer.hikari.pool.HikariPool - HikariPool-1 - After adding stats (total=14/20, idle=14/20, active=0, waiting=0)
2026-03-15 16:10:00 [HikariPool-1:connection-adder] DEBUG com.zaxxer.hikari.pool.PoolBase - HikariPool-1 - Attempting to create/setup new connection (31048a36-8ad7-4af4-ba0c-571e83adbfac)
2026-03-15 16:10:00 [HikariPool-1:connection-adder] DEBUG com.zaxxer.hikari.pool.PoolBase - HikariPool-1 - Established new connection (31048a36-8ad7-4af4-ba0c-571e83adbfac)
2026-03-15 16:10:00 [HikariPool-1:connection-adder] DEBUG com.zaxxer.hikari.pool.HikariPool - HikariPool-1 - Added connection com.mysql.cj.jdbc.ConnectionImpl@22423a33
2026-03-15 16:10:00 [HikariPool-1:connection-adder] DEBUG com.zaxxer.hikari.pool.HikariPool - HikariPool-1 - After adding stats (total=15/20, idle=15/20, active=0, waiting=0)
2026-03-15 16:10:00 [HikariPool-1:connection-adder] DEBUG com.zaxxer.hikari.pool.PoolBase - HikariPool-1 - Attempting to create/setup new connection (cbc1a061-9799-4246-a729-6591dad34fc0)
2026-03-15 16:10:00 [HikariPool-1:connection-adder] DEBUG com.zaxxer.hikari.pool.PoolBase - HikariPool-1 - Established new connection (cbc1a061-9799-4246-a729-6591dad34fc0)
2026-03-15 16:10:00 [HikariPool-1:connection-adder] DEBUG com.zaxxer.hikari.pool.HikariPool - HikariPool-1 - Added connection com.mysql.cj.jdbc.ConnectionImpl@214734fc
2026-03-15 16:10:00 [HikariPool-1:connection-adder] DEBUG com.zaxxer.hikari.pool.HikariPool - HikariPool-1 - After adding stats (total=16/20, idle=16/20, active=0, waiting=0)
2026-03-15 16:10:00 [HikariPool-1:connection-adder] DEBUG com.zaxxer.hikari.pool.PoolBase - HikariPool-1 - Attempting to create/setup new connection (afa9756d-1dd4-46b0-8a78-8b4b6f947a60)
2026-03-15 16:10:00 [HikariPool-1:connection-adder] DEBUG com.zaxxer.hikari.pool.PoolBase - HikariPool-1 - Established new connection (afa9756d-1dd4-46b0-8a78-8b4b6f947a60)
2026-03-15 16:10:00 [HikariPool-1:connection-adder] DEBUG com.zaxxer.hikari.pool.HikariPool - HikariPool-1 - Added connection com.mysql.cj.jdbc.ConnectionImpl@de53ca8
2026-03-15 16:10:00 [HikariPool-1:connection-adder] DEBUG com.zaxxer.hikari.pool.HikariPool - HikariPool-1 - After adding stats (total=17/20, idle=17/20, active=0, waiting=0)
2026-03-15 16:10:00 [HikariPool-1:connection-adder] DEBUG com.zaxxer.hikari.pool.PoolBase - HikariPool-1 - Attempting to create/setup new connection (a8f693f2-39c1-44bd-8156-d152018dd336)
2026-03-15 16:10:00 [HikariPool-1:connection-adder] DEBUG com.zaxxer.hikari.pool.PoolBase - HikariPool-1 - Established new connection (a8f693f2-39c1-44bd-8156-d152018dd336)
2026-03-15 16:10:00 [HikariPool-1:connection-adder] DEBUG com.zaxxer.hikari.pool.HikariPool - HikariPool-1 - Added connection com.mysql.cj.jdbc.ConnectionImpl@5407bfa7
2026-03-15 16:10:00 [HikariPool-1:connection-adder] DEBUG com.zaxxer.hikari.pool.HikariPool - HikariPool-1 - After adding stats (total=18/20, idle=18/20, active=0, waiting=0)
2026-03-15 16:10:00 [HikariPool-1:connection-adder] DEBUG com.zaxxer.hikari.pool.PoolBase - HikariPool-1 - Attempting to create/setup new connection (52f43487-1aac-4907-8d0a-7ab264257c83)
2026-03-15 16:10:00 [HikariPool-1:connection-adder] DEBUG com.zaxxer.hikari.pool.PoolBase - HikariPool-1 - Established new connection (52f43487-1aac-4907-8d0a-7ab264257c83)
2026-03-15 16:10:00 [HikariPool-1:connection-adder] DEBUG com.zaxxer.hikari.pool.HikariPool - HikariPool-1 - Added connection com.mysql.cj.jdbc.ConnectionImpl@66275140
2026-03-15 16:10:00 [HikariPool-1:connection-adder] DEBUG com.zaxxer.hikari.pool.HikariPool - HikariPool-1 - After adding stats (total=19/20, idle=19/20, active=0, waiting=0)
2026-03-15 16:10:00 [HikariPool-1:connection-adder] DEBUG com.zaxxer.hikari.pool.PoolBase - HikariPool-1 - Attempting to create/setup new connection (4f4bbb5b-727c-4bb3-9034-e641e66ef572)
2026-03-15 16:10:00 [HikariPool-1:connection-adder] DEBUG com.zaxxer.hikari.pool.PoolBase - HikariPool-1 - Established new connection (4f4bbb5b-727c-4bb3-9034-e641e66ef572)
2026-03-15 16:10:00 [HikariPool-1:connection-adder] DEBUG com.zaxxer.hikari.pool.HikariPool - HikariPool-1 - Added connection com.mysql.cj.jdbc.ConnectionImpl@3f6b57e9
2026-03-15 16:10:00 [HikariPool-1:connection-adder] DEBUG com.zaxxer.hikari.pool.HikariPool - HikariPool-1 - After adding stats (total=20/20, idle=20/20, active=0, waiting=0)
2026-03-15 16:10:05 [JavaFX Application Thread] DEBUG application.java.manager.LogManager - [SQL操作クラス] ： 非同期処理 スレッドプール解放
2026-03-15 16:10:05 [JavaFX Application Thread] INFO  com.zaxxer.hikari.HikariDataSource - HikariPool-1 - Shutdown initiated...
2026-03-15 16:10:05 [JavaFX Application Thread] DEBUG com.zaxxer.hikari.pool.HikariPool - HikariPool-1 - Before shutdown stats (total=20/20, idle=20/20, active=0, waiting=0)
2026-03-15 16:10:05 [HikariPool-1:connection-closer] DEBUG com.zaxxer.hikari.pool.PoolBase - HikariPool-1 - Closing connection com.mysql.cj.jdbc.ConnectionImpl@3f7739f: (connection evicted)
2026-03-15 16:10:05 [HikariPool-1:connection-closer] DEBUG com.zaxxer.hikari.pool.PoolBase - HikariPool-1 - Closing connection com.mysql.cj.jdbc.ConnectionImpl@48a4ae48: (connection evicted)
2026-03-15 16:10:05 [HikariPool-1:connection-closer] DEBUG com.zaxxer.hikari.pool.PoolBase - HikariPool-1 - Closing connection com.mysql.cj.jdbc.ConnectionImpl@5561695c: (connection evicted)
2026-03-15 16:10:05 [HikariPool-1:connection-closer] DEBUG com.zaxxer.hikari.pool.PoolBase - HikariPool-1 - Closing connection com.mysql.cj.jdbc.ConnectionImpl@2dc8d8ca: (connection evicted)
2026-03-15 16:10:05 [HikariPool-1:connection-closer] DEBUG com.zaxxer.hikari.pool.PoolBase - HikariPool-1 - Closing connection com.mysql.cj.jdbc.ConnectionImpl@3743e4df: (connection evicted)
2026-03-15 16:10:05 [HikariPool-1:connection-closer] DEBUG com.zaxxer.hikari.pool.PoolBase - HikariPool-1 - Closing connection com.mysql.cj.jdbc.ConnectionImpl@36cc146d: (connection evicted)
2026-03-15 16:10:05 [HikariPool-1:connection-closer] DEBUG com.zaxxer.hikari.pool.PoolBase - HikariPool-1 - Closing connection com.mysql.cj.jdbc.ConnectionImpl@45b5b24f: (connection evicted)
2026-03-15 16:10:05 [HikariPool-1:connection-closer] DEBUG com.zaxxer.hikari.pool.PoolBase - HikariPool-1 - Closing connection com.mysql.cj.jdbc.ConnectionImpl@2f88fa3: (connection evicted)
2026-03-15 16:10:05 [HikariPool-1:connection-closer] DEBUG com.zaxxer.hikari.pool.PoolBase - HikariPool-1 - Closing connection com.mysql.cj.jdbc.ConnectionImpl@4155e027: (connection evicted)
2026-03-15 16:10:05 [HikariPool-1:connection-closer] DEBUG com.zaxxer.hikari.pool.PoolBase - HikariPool-1 - Closing connection com.mysql.cj.jdbc.ConnectionImpl@5f3e4ffa: (connection evicted)
2026-03-15 16:10:05 [HikariPool-1:connection-closer] DEBUG com.zaxxer.hikari.pool.PoolBase - HikariPool-1 - Closing connection com.mysql.cj.jdbc.ConnectionImpl@48a30220: (connection evicted)
2026-03-15 16:10:05 [HikariPool-1:connection-closer] DEBUG com.zaxxer.hikari.pool.PoolBase - HikariPool-1 - Closing connection com.mysql.cj.jdbc.ConnectionImpl@16b61e9d: (connection evicted)
2026-03-15 16:10:05 [HikariPool-1:connection-closer] DEBUG com.zaxxer.hikari.pool.PoolBase - HikariPool-1 - Closing connection com.mysql.cj.jdbc.ConnectionImpl@2cf7108d: (connection evicted)
2026-03-15 16:10:05 [HikariPool-1:connection-closer] DEBUG com.zaxxer.hikari.pool.PoolBase - HikariPool-1 - Closing connection com.mysql.cj.jdbc.ConnectionImpl@6798000b: (connection evicted)
2026-03-15 16:10:05 [HikariPool-1:connection-closer] DEBUG com.zaxxer.hikari.pool.PoolBase - HikariPool-1 - Closing connection com.mysql.cj.jdbc.ConnectionImpl@22423a33: (connection evicted)
2026-03-15 16:10:05 [HikariPool-1:connection-closer] DEBUG com.zaxxer.hikari.pool.PoolBase - HikariPool-1 - Closing connection com.mysql.cj.jdbc.ConnectionImpl@214734fc: (connection evicted)
2026-03-15 16:10:05 [HikariPool-1:connection-closer] DEBUG com.zaxxer.hikari.pool.PoolBase - HikariPool-1 - Closing connection com.mysql.cj.jdbc.ConnectionImpl@de53ca8: (connection evicted)
2026-03-15 16:10:05 [HikariPool-1:connection-closer] DEBUG com.zaxxer.hikari.pool.PoolBase - HikariPool-1 - Closing connection com.mysql.cj.jdbc.ConnectionImpl@5407bfa7: (connection evicted)
2026-03-15 16:10:05 [HikariPool-1:connection-closer] DEBUG com.zaxxer.hikari.pool.PoolBase - HikariPool-1 - Closing connection com.mysql.cj.jdbc.ConnectionImpl@66275140: (connection evicted)
2026-03-15 16:10:05 [HikariPool-1:connection-closer] DEBUG com.zaxxer.hikari.pool.PoolBase - HikariPool-1 - Closing connection com.mysql.cj.jdbc.ConnectionImpl@3f6b57e9: (connection evicted)
2026-03-15 16:10:05 [JavaFX Application Thread] DEBUG com.zaxxer.hikari.pool.HikariPool - HikariPool-1 - After  shutdown stats (total=0/20, idle=0/20, active=0, waiting=0)
2026-03-15 16:10:05 [JavaFX Application Thread] INFO  com.zaxxer.hikari.HikariDataSource - HikariPool-1 - Shutdown completed.
2026-03-15 16:10:05 [JavaFX Application Thread] DEBUG application.java.manager.LogManager - [SQL操作クラス] ： コネクションプール(HikariCP) Closeing
2026-03-15 16:10:05 [JavaFX Application Thread] INFO  application.java.manager.LogManager - 終了処理 : 完了
